{
	"credit": "Made with Blockbench",
	"texture_size": [128, 128],
	"textures": {
		"0": "klenoty:item/mince_zlata",
		"particle": "klenoty:item/mince_zlata"
	},
	"elements": [
		{
			"from": [22, 20, 7],
			"to": [23, 23, 8],
			"rotation": {"angle": 0, "axis": "y", "origin": [8, 16, 8.5]},
			"faces": {
				"north": {"uv": [6.125, 7.125, 6.25, 7.5], "texture": "#0"},
				"east": {"uv": [6.25, 7.125, 6.375, 7.5], "texture": "#0"},
				"south": {"uv": [6.375, 7.125, 6.5, 7.5], "texture": "#0"},
				"west": {"uv": [7.125, 6.625, 7.25, 7], "texture": "#0"},
				"up": {"uv": [7.625, 8.125, 7.5, 8], "texture": "#0"},
				"down": {"uv": [0.625, 8.125, 0.5, 8.25], "texture": "#0"}
			}
		},
		{
			"from": [21, 23, 7],
			"to": [22, 24, 8],
			"rotation": {"angle": 0, "axis": "y", "origin": [8, 16, 8.5]},
			"faces": {
				"north": {"uv": [1.25, 8.125, 1.375, 8.25], "texture": "#0"},
				"east": {"uv": [1.375, 8.125, 1.5, 8.25], "texture": "#0"},
				"south": {"uv": [1.5, 8.125, 1.625, 8.25], "texture": "#0"},
				"west": {"uv": [1.625, 8.125, 1.75, 8.25], "texture": "#0"},
				"up": {"uv": [8.25, 1.875, 8.125, 1.75], "texture": "#0"},
				"down": {"uv": [8.25, 1.875, 8.125, 2], "texture": "#0"}
			}
		},
		{
			"from": [20, 24, 7],
			"to": [21, 26, 8],
			"rotation": {"angle": 0, "axis": "y", "origin": [8, 16, 8.5]},
			"faces": {
				"north": {"uv": [0.375, 7.75, 0.5, 8], "texture": "#0"},
				"east": {"uv": [0.5, 7.75, 0.625, 8], "texture": "#0"},
				"south": {"uv": [0.625, 7.75, 0.75, 8], "texture": "#0"},
				"west": {"uv": [0.75, 7.75, 0.875, 8], "texture": "#0"},
				"up": {"uv": [8.25, 2.125, 8.125, 2], "texture": "#0"},
				"down": {"uv": [8.25, 2.125, 8.125, 2.25], "texture": "#0"}
			}
		},
		{
			"from": [19, 26, 7],
			"to": [20, 27, 8],
			"rotation": {"angle": 0, "axis": "y", "origin": [8, 16, 8.5]},
			"faces": {
				"north": {"uv": [8.125, 2.25, 8.25, 2.375], "texture": "#0"},
				"east": {"uv": [2.375, 8.125, 2.5, 8.25], "texture": "#0"},
				"south": {"uv": [8.125, 2.375, 8.25, 2.5], "texture": "#0"},
				"west": {"uv": [2.5, 8.125, 2.625, 8.25], "texture": "#0"},
				"up": {"uv": [2.75, 8.25, 2.625, 8.125], "texture": "#0"},
				"down": {"uv": [2.875, 8.125, 2.75, 8.25], "texture": "#0"}
			}
		},
		{
			"from": [18, 27, 7],
			"to": [19, 28, 8],
			"rotation": {"angle": 0, "axis": "y", "origin": [8, 16, 8.5]},
			"faces": {
				"north": {"uv": [2.875, 8.125, 3, 8.25], "texture": "#0"},
				"east": {"uv": [3, 8.125, 3.125, 8.25], "texture": "#0"},
				"south": {"uv": [8.125, 3, 8.25, 3.125], "texture": "#0"},
				"west": {"uv": [3.125, 8.125, 3.25, 8.25], "texture": "#0"},
				"up": {"uv": [8.25, 3.25, 8.125, 3.125], "texture": "#0"},
				"down": {"uv": [3.375, 8.125, 3.25, 8.25], "texture": "#0"}
			}
		},
		{
			"from": [16, 28, 7],
			"to": [18, 29, 8],
			"rotation": {"angle": 0, "axis": "y", "origin": [8, 16, 8.5]},
			"faces": {
				"north": {"uv": [0.875, 7.75, 1.125, 7.875], "texture": "#0"},
				"east": {"uv": [3.375, 8.125, 3.5, 8.25], "texture": "#0"},
				"south": {"uv": [7.75, 1.5, 8, 1.625], "texture": "#0"},
				"west": {"uv": [8.125, 3.375, 8.25, 3.5], "texture": "#0"},
				"up": {"uv": [8, 1.75, 7.75, 1.625], "texture": "#0"},
				"down": {"uv": [8, 1.75, 7.75, 1.875], "texture": "#0"}
			}
		},
		{
			"from": [15, 29, 7],
			"to": [16, 30, 8],
			"rotation": {"angle": 0, "axis": "y", "origin": [8, 16, 8.5]},
			"faces": {
				"north": {"uv": [3.5, 8.125, 3.625, 8.25], "texture": "#0"},
				"east": {"uv": [8.125, 3.5, 8.25, 3.625], "texture": "#0"},
				"south": {"uv": [3.625, 8.125, 3.75, 8.25], "texture": "#0"},
				"west": {"uv": [8.125, 3.625, 8.25, 3.75], "texture": "#0"},
				"up": {"uv": [8.25, 3.875, 8.125, 3.75], "texture": "#0"},
				"down": {"uv": [8.25, 3.875, 8.125, 4], "texture": "#0"}
			}
		},
		{
			"from": [12, 30, 7],
			"to": [15, 31, 8],
			"rotation": {"angle": 0, "axis": "y", "origin": [8, 16, 8.5]},
			"faces": {
				"north": {"uv": [7.125, 0.75, 7.5, 0.875], "texture": "#0"},
				"east": {"uv": [8.125, 4, 8.25, 4.125], "texture": "#0"},
				"south": {"uv": [7.125, 3.375, 7.5, 3.5], "texture": "#0"},
				"west": {"uv": [8.125, 4.125, 8.25, 4.25], "texture": "#0"},
				"up": {"uv": [7.5, 7.125, 7.125, 7], "texture": "#0"},
				"down": {"uv": [7.5, 7.125, 7.125, 7.25], "texture": "#0"}
			}
		},
		{
			"from": [4, 31, 7],
			"to": [12, 32, 8],
			"rotation": {"angle": 0, "axis": "y", "origin": [8, 16, 8.5]},
			"faces": {
				"north": {"uv": [5.625, 6, 6.625, 6.125], "texture": "#0"},
				"east": {"uv": [8.125, 4.25, 8.25, 4.375], "texture": "#0"},
				"south": {"uv": [6.125, 0, 7.125, 0.125], "texture": "#0"},
				"west": {"uv": [8.125, 4.375, 8.25, 4.5], "texture": "#0"},
				"up": {"uv": [7.125, 0.25, 6.125, 0.125], "texture": "#0"},
				"down": {"uv": [7.125, 0.25, 6.125, 0.375], "texture": "#0"}
			}
		},
		{
			"from": [1, 30, 7],
			"to": [4, 31, 8],
			"rotation": {"angle": 0, "axis": "y", "origin": [8, 16, 8.5]},
			"faces": {
				"north": {"uv": [7.25, 0, 7.625, 0.125], "texture": "#0"},
				"east": {"uv": [4.5, 8.125, 4.625, 8.25], "texture": "#0"},
				"south": {"uv": [7.25, 0.125, 7.625, 0.25], "texture": "#0"},
				"west": {"uv": [4.625, 8.125, 4.75, 8.25], "texture": "#0"},
				"up": {"uv": [7.625, 0.375, 7.25, 0.25], "texture": "#0"},
				"down": {"uv": [7.625, 0.375, 7.25, 0.5], "texture": "#0"}
			}
		},
		{
			"from": [0, 29, 7],
			"to": [1, 30, 8],
			"rotation": {"angle": 0, "axis": "y", "origin": [8, 16, 8.5]},
			"faces": {
				"north": {"uv": [4.75, 8.125, 4.875, 8.25], "texture": "#0"},
				"east": {"uv": [4.875, 8.125, 5, 8.25], "texture": "#0"},
				"south": {"uv": [5, 8.125, 5.125, 8.25], "texture": "#0"},
				"west": {"uv": [5.125, 8.125, 5.25, 8.25], "texture": "#0"},
				"up": {"uv": [8.25, 5.25, 8.125, 5.125], "texture": "#0"},
				"down": {"uv": [8.25, 5.25, 8.125, 5.375], "texture": "#0"}
			}
		},
		{
			"from": [-2, 28, 7],
			"to": [0, 29, 8],
			"rotation": {"angle": 0, "axis": "y", "origin": [8, 16, 8.5]},
			"faces": {
				"north": {"uv": [2.375, 7.75, 2.625, 7.875], "texture": "#0"},
				"east": {"uv": [8.125, 5.375, 8.25, 5.5], "texture": "#0"},
				"south": {"uv": [2.625, 7.75, 2.875, 7.875], "texture": "#0"},
				"west": {"uv": [8.125, 5.5, 8.25, 5.625], "texture": "#0"},
				"up": {"uv": [3.125, 7.875, 2.875, 7.75], "texture": "#0"},
				"down": {"uv": [8, 2.875, 7.75, 3], "texture": "#0"}
			}
		},
		{
			"from": [-3, 27, 7],
			"to": [-2, 28, 8],
			"rotation": {"angle": 0, "axis": "y", "origin": [8, 16, 8.5]},
			"faces": {
				"north": {"uv": [5.625, 8.125, 5.75, 8.25], "texture": "#0"},
				"east": {"uv": [8.125, 5.625, 8.25, 5.75], "texture": "#0"},
				"south": {"uv": [5.75, 8.125, 5.875, 8.25], "texture": "#0"},
				"west": {"uv": [8.125, 5.75, 8.25, 5.875], "texture": "#0"},
				"up": {"uv": [8.25, 6, 8.125, 5.875], "texture": "#0"},
				"down": {"uv": [8.25, 6, 8.125, 6.125], "texture": "#0"}
			}
		},
		{
			"from": [-4, 26, 7],
			"to": [-3, 27, 8],
			"rotation": {"angle": 0, "axis": "y", "origin": [8, 16, 8.5]},
			"faces": {
				"north": {"uv": [6.125, 8.125, 6.25, 8.25], "texture": "#0"},
				"east": {"uv": [6.25, 8.125, 6.375, 8.25], "texture": "#0"},
				"south": {"uv": [6.375, 8.125, 6.5, 8.25], "texture": "#0"},
				"west": {"uv": [6.5, 8.125, 6.625, 8.25], "texture": "#0"},
				"up": {"uv": [8.25, 6.625, 8.125, 6.5], "texture": "#0"},
				"down": {"uv": [6.75, 8.125, 6.625, 8.25], "texture": "#0"}
			}
		},
		{
			"from": [-5, 24, 7],
			"to": [-4, 26, 9],
			"rotation": {"angle": 0, "axis": "y", "origin": [8, 16, 8.5]},
			"faces": {
				"north": {"uv": [7.75, 3, 7.875, 3.25], "texture": "#0"},
				"east": {"uv": [7.125, 2.875, 7.375, 3.125], "texture": "#0"},
				"south": {"uv": [3.125, 7.75, 3.25, 8], "texture": "#0"},
				"west": {"uv": [7.125, 3.125, 7.375, 3.375], "texture": "#0"},
				"up": {"uv": [3.375, 8, 3.25, 7.75], "texture": "#0"},
				"down": {"uv": [7.875, 3.5, 7.75, 3.75], "texture": "#0"}
			}
		},
		{
			"from": [-6, 23, 7],
			"to": [-5, 24, 8],
			"rotation": {"angle": 0, "axis": "y", "origin": [8, 16, 8.5]},
			"faces": {
				"north": {"uv": [8.125, 6.625, 8.25, 6.75], "texture": "#0"},
				"east": {"uv": [6.75, 8.125, 6.875, 8.25], "texture": "#0"},
				"south": {"uv": [8.125, 6.75, 8.25, 6.875], "texture": "#0"},
				"west": {"uv": [6.875, 8.125, 7, 8.25], "texture": "#0"},
				"up": {"uv": [8.25, 7, 8.125, 6.875], "texture": "#0"},
				"down": {"uv": [7.125, 8.125, 7, 8.25], "texture": "#0"}
			}
		},
		{
			"from": [-7, 20, 7],
			"to": [-6, 23, 8],
			"rotation": {"angle": 0, "axis": "y", "origin": [8, 16, 8.5]},
			"faces": {
				"north": {"uv": [1.125, 7.25, 1.25, 7.625], "texture": "#0"},
				"east": {"uv": [1.25, 7.25, 1.375, 7.625], "texture": "#0"},
				"south": {"uv": [1.375, 7.25, 1.5, 7.625], "texture": "#0"},
				"west": {"uv": [1.5, 7.25, 1.625, 7.625], "texture": "#0"},
				"up": {"uv": [7.25, 8.25, 7.125, 8.125], "texture": "#0"},
				"down": {"uv": [8.25, 7.125, 8.125, 7.25], "texture": "#0"}
			}
		},
		{
			"from": [-8, 12, 7],
			"to": [-7, 20, 8],
			"rotation": {"angle": 0, "axis": "y", "origin": [8, 16, 8.5]},
			"faces": {
				"north": {"uv": [4.625, 6, 4.75, 7], "texture": "#0"},
				"east": {"uv": [4.75, 6, 4.875, 7], "texture": "#0"},
				"south": {"uv": [4.875, 6, 5, 7], "texture": "#0"},
				"west": {"uv": [5, 6, 5.125, 7], "texture": "#0"},
				"up": {"uv": [8.25, 7.375, 8.125, 7.25], "texture": "#0"},
				"down": {"uv": [7.625, 8.125, 7.5, 8.25], "texture": "#0"}
			}
		},
		{
			"from": [-7, 9, 7],
			"to": [-6, 12, 8],
			"rotation": {"angle": 0, "axis": "y", "origin": [8, 16, 8.5]},
			"faces": {
				"north": {"uv": [7.25, 1.5, 7.375, 1.875], "texture": "#0"},
				"east": {"uv": [1.625, 7.25, 1.75, 7.625], "texture": "#0"},
				"south": {"uv": [1.75, 7.25, 1.875, 7.625], "texture": "#0"},
				"west": {"uv": [1.875, 7.25, 2, 7.625], "texture": "#0"},
				"up": {"uv": [7.75, 8.25, 7.625, 8.125], "texture": "#0"},
				"down": {"uv": [7.875, 8.125, 7.75, 8.25], "texture": "#0"}
			}
		},
		{
			"from": [-6, 8, 7],
			"to": [-5, 9, 8],
			"rotation": {"angle": 0, "axis": "y", "origin": [8, 16, 8.5]},
			"faces": {
				"north": {"uv": [7.875, 8.125, 8, 8.25], "texture": "#0"},
				"east": {"uv": [8, 8.125, 8.125, 8.25], "texture": "#0"},
				"south": {"uv": [8.125, 8.125, 8.25, 8.25], "texture": "#0"},
				"west": {"uv": [0, 8.25, 0.125, 8.375], "texture": "#0"},
				"up": {"uv": [8.375, 0.125, 8.25, 0], "texture": "#0"},
				"down": {"uv": [0.25, 8.25, 0.125, 8.375], "texture": "#0"}
			}
		},
		{
			"from": [-5, 6, 7],
			"to": [-4, 8, 9],
			"rotation": {"angle": 0, "axis": "y", "origin": [8, 16, 8.5]},
			"faces": {
				"north": {"uv": [7.75, 3.75, 7.875, 4], "texture": "#0"},
				"east": {"uv": [7.125, 5.75, 7.375, 6], "texture": "#0"},
				"south": {"uv": [7.75, 4.5, 7.875, 4.75], "texture": "#0"},
				"west": {"uv": [5.875, 7.125, 6.125, 7.375], "texture": "#0"},
				"up": {"uv": [7.875, 6, 7.75, 5.75], "texture": "#0"},
				"down": {"uv": [6, 7.75, 5.875, 8], "texture": "#0"}
			}
		},
		{
			"from": [-4, 5, 7],
			"to": [-3, 6, 8],
			"rotation": {"angle": 0, "axis": "y", "origin": [8, 16, 8.5]},
			"faces": {
				"north": {"uv": [8.25, 0.125, 8.375, 0.25], "texture": "#0"},
				"east": {"uv": [0.25, 8.25, 0.375, 8.375], "texture": "#0"},
				"south": {"uv": [8.25, 0.25, 8.375, 0.375], "texture": "#0"},
				"west": {"uv": [0.375, 8.25, 0.5, 8.375], "texture": "#0"},
				"up": {"uv": [8.375, 0.5, 8.25, 0.375], "texture": "#0"},
				"down": {"uv": [0.625, 8.25, 0.5, 8.375], "texture": "#0"}
			}
		},
		{
			"from": [-3, 4, 7],
			"to": [-2, 5, 8],
			"rotation": {"angle": 0, "axis": "y", "origin": [8, 16, 8.5]},
			"faces": {
				"north": {"uv": [8.25, 0.5, 8.375, 0.625], "texture": "#0"},
				"east": {"uv": [0.625, 8.25, 0.75, 8.375], "texture": "#0"},
				"south": {"uv": [8.25, 0.625, 8.375, 0.75], "texture": "#0"},
				"west": {"uv": [0.75, 8.25, 0.875, 8.375], "texture": "#0"},
				"up": {"uv": [1, 8.375, 0.875, 8.25], "texture": "#0"},
				"down": {"uv": [1.125, 8.25, 1, 8.375], "texture": "#0"}
			}
		},
		{
			"from": [-2, 3, 7],
			"to": [0, 4, 8],
			"rotation": {"angle": 0, "axis": "y", "origin": [8, 16, 8.5]},
			"faces": {
				"north": {"uv": [7.75, 3.25, 8, 3.375], "texture": "#0"},
				"east": {"uv": [1.125, 8.25, 1.25, 8.375], "texture": "#0"},
				"south": {"uv": [7.75, 5.5, 8, 5.625], "texture": "#0"},
				"west": {"uv": [8.25, 1.125, 8.375, 1.25], "texture": "#0"},
				"up": {"uv": [8, 6.125, 7.75, 6], "texture": "#0"},
				"down": {"uv": [8, 6.125, 7.75, 6.25], "texture": "#0"}
			}
		},
		{
			"from": [0, 2, 7],
			"to": [1, 3, 8],
			"rotation": {"angle": 0, "axis": "y", "origin": [8, 16, 8.5]},
			"faces": {
				"north": {"uv": [1.25, 8.25, 1.375, 8.375], "texture": "#0"},
				"east": {"uv": [8.25, 1.25, 8.375, 1.375], "texture": "#0"},
				"south": {"uv": [1.375, 8.25, 1.5, 8.375], "texture": "#0"},
				"west": {"uv": [8.25, 1.375, 8.375, 1.5], "texture": "#0"},
				"up": {"uv": [1.625, 8.375, 1.5, 8.25], "texture": "#0"},
				"down": {"uv": [8.375, 1.5, 8.25, 1.625], "texture": "#0"}
			}
		},
		{
			"from": [1, 1, 7],
			"to": [4, 2, 8],
			"rotation": {"angle": 0, "axis": "y", "origin": [8, 16, 8.5]},
			"faces": {
				"north": {"uv": [7.25, 0.5, 7.625, 0.625], "texture": "#0"},
				"east": {"uv": [1.625, 8.25, 1.75, 8.375], "texture": "#0"},
				"south": {"uv": [7.25, 0.625, 7.625, 0.75], "texture": "#0"},
				"west": {"uv": [8.25, 1.625, 8.375, 1.75], "texture": "#0"},
				"up": {"uv": [7.625, 2, 7.25, 1.875], "texture": "#0"},
				"down": {"uv": [7.625, 2, 7.25, 2.125], "texture": "#0"}
			}
		},
		{
			"from": [4, 0, 7],
			"to": [12, 1, 8],
			"rotation": {"angle": 0, "axis": "y", "origin": [8, 16, 8.5]},
			"faces": {
				"north": {"uv": [6.125, 0.375, 7.125, 0.5], "texture": "#0"},
				"east": {"uv": [1.75, 8.25, 1.875, 8.375], "texture": "#0"},
				"south": {"uv": [6.125, 0.5, 7.125, 0.625], "texture": "#0"},
				"west": {"uv": [8.25, 1.75, 8.375, 1.875], "texture": "#0"},
				"up": {"uv": [7.125, 0.75, 6.125, 0.625], "texture": "#0"},
				"down": {"uv": [7.125, 0.75, 6.125, 0.875], "texture": "#0"}
			}
		},
		{
			"from": [12, 1, 7],
			"to": [15, 2, 8],
			"rotation": {"angle": 0, "axis": "y", "origin": [8, 16, 8.5]},
			"faces": {
				"north": {"uv": [7.25, 2.125, 7.625, 2.25], "texture": "#0"},
				"east": {"uv": [1.875, 8.25, 2, 8.375], "texture": "#0"},
				"south": {"uv": [4, 7.25, 4.375, 7.375], "texture": "#0"},
				"west": {"uv": [8.25, 1.875, 8.375, 2], "texture": "#0"},
				"up": {"uv": [7.625, 4.375, 7.25, 4.25], "texture": "#0"},
				"down": {"uv": [7.625, 4.375, 7.25, 4.5], "texture": "#0"}
			}
		},
		{
			"from": [15, 2, 7],
			"to": [16, 3, 8],
			"rotation": {"angle": 0, "axis": "y", "origin": [8, 16, 8.5]},
			"faces": {
				"north": {"uv": [2, 8.25, 2.125, 8.375], "texture": "#0"},
				"east": {"uv": [8.25, 2, 8.375, 2.125], "texture": "#0"},
				"south": {"uv": [2.125, 8.25, 2.25, 8.375], "texture": "#0"},
				"west": {"uv": [8.25, 2.125, 8.375, 2.25], "texture": "#0"},
				"up": {"uv": [2.375, 8.375, 2.25, 8.25], "texture": "#0"},
				"down": {"uv": [8.375, 2.25, 8.25, 2.375], "texture": "#0"}
			}
		},
		{
			"from": [16, 3, 7],
			"to": [18, 4, 8],
			"rotation": {"angle": 0, "axis": "y", "origin": [8, 16, 8.5]},
			"faces": {
				"north": {"uv": [7.75, 6.25, 8, 6.375], "texture": "#0"},
				"east": {"uv": [2.375, 8.25, 2.5, 8.375], "texture": "#0"},
				"south": {"uv": [7.125, 7.75, 7.375, 7.875], "texture": "#0"},
				"west": {"uv": [8.25, 2.375, 8.375, 2.5], "texture": "#0"},
				"up": {"uv": [7.625, 7.875, 7.375, 7.75], "texture": "#0"},
				"down": {"uv": [8, 7.5, 7.75, 7.625], "texture": "#0"}
			}
		},
		{
			"from": [18, 4, 7],
			"to": [19, 5, 8],
			"rotation": {"angle": 0, "axis": "y", "origin": [8, 16, 8.5]},
			"faces": {
				"north": {"uv": [2.5, 8.25, 2.625, 8.375], "texture": "#0"},
				"east": {"uv": [8.25, 2.5, 8.375, 2.625], "texture": "#0"},
				"south": {"uv": [2.625, 8.25, 2.75, 8.375], "texture": "#0"},
				"west": {"uv": [8.25, 2.625, 8.375, 2.75], "texture": "#0"},
				"up": {"uv": [2.875, 8.375, 2.75, 8.25], "texture": "#0"},
				"down": {"uv": [8.375, 2.75, 8.25, 2.875], "texture": "#0"}
			}
		},
		{
			"from": [19, 5, 7],
			"to": [20, 6, 8],
			"rotation": {"angle": 0, "axis": "y", "origin": [8, 16, 8.5]},
			"faces": {
				"north": {"uv": [2.875, 8.25, 3, 8.375], "texture": "#0"},
				"east": {"uv": [8.25, 2.875, 8.375, 3], "texture": "#0"},
				"south": {"uv": [3, 8.25, 3.125, 8.375], "texture": "#0"},
				"west": {"uv": [8.25, 3, 8.375, 3.125], "texture": "#0"},
				"up": {"uv": [3.25, 8.375, 3.125, 8.25], "texture": "#0"},
				"down": {"uv": [8.375, 3.125, 8.25, 3.25], "texture": "#0"}
			}
		},
		{
			"from": [20, 6, 7],
			"to": [21, 8, 8],
			"rotation": {"angle": 0, "axis": "y", "origin": [8, 16, 8.5]},
			"faces": {
				"north": {"uv": [6, 7.75, 6.125, 8], "texture": "#0"},
				"east": {"uv": [7.75, 7.625, 7.875, 7.875], "texture": "#0"},
				"south": {"uv": [0.875, 7.875, 1, 8.125], "texture": "#0"},
				"west": {"uv": [1, 7.875, 1.125, 8.125], "texture": "#0"},
				"up": {"uv": [3.375, 8.375, 3.25, 8.25], "texture": "#0"},
				"down": {"uv": [8.375, 3.25, 8.25, 3.375], "texture": "#0"}
			}
		},
		{
			"from": [21, 8, 7],
			"to": [22, 9, 8],
			"rotation": {"angle": 0, "axis": "y", "origin": [8, 16, 8.5]},
			"faces": {
				"north": {"uv": [3.375, 8.25, 3.5, 8.375], "texture": "#0"},
				"east": {"uv": [8.25, 3.375, 8.375, 3.5], "texture": "#0"},
				"south": {"uv": [3.5, 8.25, 3.625, 8.375], "texture": "#0"},
				"west": {"uv": [8.25, 3.5, 8.375, 3.625], "texture": "#0"},
				"up": {"uv": [3.75, 8.375, 3.625, 8.25], "texture": "#0"},
				"down": {"uv": [8.375, 3.625, 8.25, 3.75], "texture": "#0"}
			}
		},
		{
			"from": [22, 9, 7],
			"to": [23, 12, 8],
			"rotation": {"angle": 0, "axis": "y", "origin": [8, 16, 8.5]},
			"faces": {
				"north": {"uv": [2, 7.25, 2.125, 7.625], "texture": "#0"},
				"east": {"uv": [7.25, 4.5, 7.375, 4.875], "texture": "#0"},
				"south": {"uv": [7.25, 4.875, 7.375, 5.25], "texture": "#0"},
				"west": {"uv": [7.25, 5.25, 7.375, 5.625], "texture": "#0"},
				"up": {"uv": [3.875, 8.375, 3.75, 8.25], "texture": "#0"},
				"down": {"uv": [8.375, 3.75, 8.25, 3.875], "texture": "#0"}
			}
		},
		{
			"from": [23, 12, 7],
			"to": [24, 20, 8],
			"rotation": {"angle": 0, "axis": "y", "origin": [8, 16, 8.5]},
			"faces": {
				"north": {"uv": [6.125, 0.875, 6.25, 1.875], "texture": "#0"},
				"east": {"uv": [6.125, 1.875, 6.25, 2.875], "texture": "#0"},
				"south": {"uv": [6.125, 4.25, 6.25, 5.25], "texture": "#0"},
				"west": {"uv": [5.625, 6.125, 5.75, 7.125], "texture": "#0"},
				"up": {"uv": [4, 8.375, 3.875, 8.25], "texture": "#0"},
				"down": {"uv": [8.375, 3.875, 8.25, 4], "texture": "#0"}
			}
		},
		{
			"from": [22, 20, 9],
			"to": [23, 23, 10],
			"rotation": {"angle": 0, "axis": "y", "origin": [8, 16, 8.5]},
			"faces": {
				"north": {"uv": [7.25, 6.625, 7.375, 7], "texture": "#0"},
				"east": {"uv": [7.125, 7.25, 7.25, 7.625], "texture": "#0"},
				"south": {"uv": [7.25, 7.25, 7.375, 7.625], "texture": "#0"},
				"west": {"uv": [7.375, 1.5, 7.5, 1.875], "texture": "#0"},
				"up": {"uv": [4.125, 8.375, 4, 8.25], "texture": "#0"},
				"down": {"uv": [8.375, 4, 8.25, 4.125], "texture": "#0"}
			}
		},
		{
			"from": [21, 23, 9],
			"to": [22, 24, 10],
			"rotation": {"angle": 0, "axis": "y", "origin": [8, 16, 8.5]},
			"faces": {
				"north": {"uv": [4.125, 8.25, 4.25, 8.375], "texture": "#0"},
				"east": {"uv": [8.25, 4.125, 8.375, 4.25], "texture": "#0"},
				"south": {"uv": [4.25, 8.25, 4.375, 8.375], "texture": "#0"},
				"west": {"uv": [8.25, 4.25, 8.375, 4.375], "texture": "#0"},
				"up": {"uv": [4.5, 8.375, 4.375, 8.25], "texture": "#0"},
				"down": {"uv": [8.375, 4.375, 8.25, 4.5], "texture": "#0"}
			}
		},
		{
			"from": [20, 24, 9],
			"to": [21, 26, 10],
			"rotation": {"angle": 0, "axis": "y", "origin": [8, 16, 8.5]},
			"faces": {
				"north": {"uv": [7.875, 1.25, 8, 1.5], "texture": "#0"},
				"east": {"uv": [2.375, 7.875, 2.5, 8.125], "texture": "#0"},
				"south": {"uv": [2.5, 7.875, 2.625, 8.125], "texture": "#0"},
				"west": {"uv": [2.625, 7.875, 2.75, 8.125], "texture": "#0"},
				"up": {"uv": [4.625, 8.375, 4.5, 8.25], "texture": "#0"},
				"down": {"uv": [8.375, 4.5, 8.25, 4.625], "texture": "#0"}
			}
		},
		{
			"from": [19, 26, 9],
			"to": [20, 27, 10],
			"rotation": {"angle": 0, "axis": "y", "origin": [8, 16, 8.5]},
			"faces": {
				"north": {"uv": [4.625, 8.25, 4.75, 8.375], "texture": "#0"},
				"east": {"uv": [8.25, 4.625, 8.375, 4.75], "texture": "#0"},
				"south": {"uv": [4.75, 8.25, 4.875, 8.375], "texture": "#0"},
				"west": {"uv": [8.25, 4.75, 8.375, 4.875], "texture": "#0"},
				"up": {"uv": [5, 8.375, 4.875, 8.25], "texture": "#0"},
				"down": {"uv": [8.375, 4.875, 8.25, 5], "texture": "#0"}
			}
		},
		{
			"from": [18, 27, 9],
			"to": [19, 28, 10],
			"rotation": {"angle": 0, "axis": "y", "origin": [8, 16, 8.5]},
			"faces": {
				"north": {"uv": [5, 8.25, 5.125, 8.375], "texture": "#0"},
				"east": {"uv": [8.25, 5, 8.375, 5.125], "texture": "#0"},
				"south": {"uv": [5.125, 8.25, 5.25, 8.375], "texture": "#0"},
				"west": {"uv": [8.25, 5.125, 8.375, 5.25], "texture": "#0"},
				"up": {"uv": [5.375, 8.375, 5.25, 8.25], "texture": "#0"},
				"down": {"uv": [8.375, 5.25, 8.25, 5.375], "texture": "#0"}
			}
		},
		{
			"from": [16, 28, 9],
			"to": [18, 29, 10],
			"rotation": {"angle": 0, "axis": "y", "origin": [8, 16, 8.5]},
			"faces": {
				"north": {"uv": [7.875, 0.75, 8.125, 0.875], "texture": "#0"},
				"east": {"uv": [5.375, 8.25, 5.5, 8.375], "texture": "#0"},
				"south": {"uv": [2.75, 7.875, 3, 8], "texture": "#0"},
				"west": {"uv": [8.25, 5.375, 8.375, 5.5], "texture": "#0"},
				"up": {"uv": [8.125, 3.125, 7.875, 3], "texture": "#0"},
				"down": {"uv": [8.125, 3.125, 7.875, 3.25], "texture": "#0"}
			}
		},
		{
			"from": [15, 29, 9],
			"to": [16, 30, 10],
			"rotation": {"angle": 0, "axis": "y", "origin": [8, 16, 8.5]},
			"faces": {
				"north": {"uv": [5.5, 8.25, 5.625, 8.375], "texture": "#0"},
				"east": {"uv": [8.25, 5.5, 8.375, 5.625], "texture": "#0"},
				"south": {"uv": [5.625, 8.25, 5.75, 8.375], "texture": "#0"},
				"west": {"uv": [8.25, 5.625, 8.375, 5.75], "texture": "#0"},
				"up": {"uv": [5.875, 8.375, 5.75, 8.25], "texture": "#0"},
				"down": {"uv": [8.375, 5.75, 8.25, 5.875], "texture": "#0"}
			}
		},
		{
			"from": [12, 30, 9],
			"to": [15, 31, 10],
			"rotation": {"angle": 0, "axis": "y", "origin": [8, 16, 8.5]},
			"faces": {
				"north": {"uv": [7.25, 5.625, 7.625, 5.75], "texture": "#0"},
				"east": {"uv": [5.875, 8.25, 6, 8.375], "texture": "#0"},
				"south": {"uv": [7.375, 2.875, 7.75, 3], "texture": "#0"},
				"west": {"uv": [8.25, 5.875, 8.375, 6], "texture": "#0"},
				"up": {"uv": [7.75, 3.125, 7.375, 3], "texture": "#0"},
				"down": {"uv": [7.75, 3.125, 7.375, 3.25], "texture": "#0"}
			}
		},
		{
			"from": [4, 31, 9],
			"to": [12, 32, 10],
			"rotation": {"angle": 0, "axis": "y", "origin": [8, 16, 8.5]},
			"faces": {
				"north": {"uv": [6.125, 2.875, 7.125, 3], "texture": "#0"},
				"east": {"uv": [6, 8.25, 6.125, 8.375], "texture": "#0"},
				"south": {"uv": [6.125, 3, 7.125, 3.125], "texture": "#0"},
				"west": {"uv": [8.25, 6, 8.375, 6.125], "texture": "#0"},
				"up": {"uv": [7.125, 3.25, 6.125, 3.125], "texture": "#0"},
				"down": {"uv": [7.125, 3.25, 6.125, 3.375], "texture": "#0"}
			}
		},
		{
			"from": [1, 30, 9],
			"to": [4, 31, 10],
			"rotation": {"angle": 0, "axis": "y", "origin": [8, 16, 8.5]},
			"faces": {
				"north": {"uv": [7.375, 3.25, 7.75, 3.375], "texture": "#0"},
				"east": {"uv": [6.125, 8.25, 6.25, 8.375], "texture": "#0"},
				"south": {"uv": [4, 7.375, 4.375, 7.5], "texture": "#0"},
				"west": {"uv": [8.25, 6.125, 8.375, 6.25], "texture": "#0"},
				"up": {"uv": [7.75, 4.625, 7.375, 4.5], "texture": "#0"},
				"down": {"uv": [7.75, 4.625, 7.375, 4.75], "texture": "#0"}
			}
		},
		{
			"from": [0, 29, 9],
			"to": [1, 30, 10],
			"rotation": {"angle": 0, "axis": "y", "origin": [8, 16, 8.5]},
			"faces": {
				"north": {"uv": [6.25, 8.25, 6.375, 8.375], "texture": "#0"},
				"east": {"uv": [8.25, 6.25, 8.375, 6.375], "texture": "#0"},
				"south": {"uv": [6.375, 8.25, 6.5, 8.375], "texture": "#0"},
				"west": {"uv": [8.25, 6.375, 8.375, 6.5], "texture": "#0"},
				"up": {"uv": [6.625, 8.375, 6.5, 8.25], "texture": "#0"},
				"down": {"uv": [8.375, 6.5, 8.25, 6.625], "texture": "#0"}
			}
		},
		{
			"from": [-2, 28, 9],
			"to": [0, 29, 10],
			"rotation": {"angle": 0, "axis": "y", "origin": [8, 16, 8.5]},
			"faces": {
				"north": {"uv": [7.875, 3.375, 8.125, 3.5], "texture": "#0"},
				"east": {"uv": [6.625, 8.25, 6.75, 8.375], "texture": "#0"},
				"south": {"uv": [7.875, 3.5, 8.125, 3.625], "texture": "#0"},
				"west": {"uv": [8.25, 6.625, 8.375, 6.75], "texture": "#0"},
				"up": {"uv": [8.125, 3.75, 7.875, 3.625], "texture": "#0"},
				"down": {"uv": [8.125, 3.75, 7.875, 3.875], "texture": "#0"}
			}
		},
		{
			"from": [-3, 27, 9],
			"to": [-2, 28, 10],
			"rotation": {"angle": 0, "axis": "y", "origin": [8, 16, 8.5]},
			"faces": {
				"north": {"uv": [6.75, 8.25, 6.875, 8.375], "texture": "#0"},
				"east": {"uv": [8.25, 6.75, 8.375, 6.875], "texture": "#0"},
				"south": {"uv": [6.875, 8.25, 7, 8.375], "texture": "#0"},
				"west": {"uv": [8.25, 6.875, 8.375, 7], "texture": "#0"},
				"up": {"uv": [7.125, 8.375, 7, 8.25], "texture": "#0"},
				"down": {"uv": [8.375, 7, 8.25, 7.125], "texture": "#0"}
			}
		},
		{
			"from": [-4, 26, 9],
			"to": [-3, 27, 10],
			"rotation": {"angle": 0, "axis": "y", "origin": [8, 16, 8.5]},
			"faces": {
				"north": {"uv": [7.125, 8.25, 7.25, 8.375], "texture": "#0"},
				"east": {"uv": [8.25, 7.125, 8.375, 7.25], "texture": "#0"},
				"south": {"uv": [7.25, 8.25, 7.375, 8.375], "texture": "#0"},
				"west": {"uv": [8.25, 7.25, 8.375, 7.375], "texture": "#0"},
				"up": {"uv": [7.5, 8.375, 7.375, 8.25], "texture": "#0"},
				"down": {"uv": [8.375, 7.375, 8.25, 7.5], "texture": "#0"}
			}
		},
		{
			"from": [-5, 24, 9],
			"to": [-4, 26, 10],
			"rotation": {"angle": 0, "axis": "y", "origin": [8, 16, 8.5]},
			"faces": {
				"north": {"uv": [3, 7.875, 3.125, 8.125], "texture": "#0"},
				"east": {"uv": [3.375, 7.875, 3.5, 8.125], "texture": "#0"},
				"south": {"uv": [7.875, 3.875, 8, 4.125], "texture": "#0"},
				"west": {"uv": [7.875, 4.5, 8, 4.75], "texture": "#0"},
				"up": {"uv": [7.625, 8.375, 7.5, 8.25], "texture": "#0"},
				"down": {"uv": [8.375, 7.5, 8.25, 7.625], "texture": "#0"}
			}
		},
		{
			"from": [-6, 23, 9],
			"to": [-5, 24, 10],
			"rotation": {"angle": 0, "axis": "y", "origin": [8, 16, 8.5]},
			"faces": {
				"north": {"uv": [7.625, 8.25, 7.75, 8.375], "texture": "#0"},
				"east": {"uv": [8.25, 7.625, 8.375, 7.75], "texture": "#0"},
				"south": {"uv": [7.75, 8.25, 7.875, 8.375], "texture": "#0"},
				"west": {"uv": [8.25, 7.75, 8.375, 7.875], "texture": "#0"},
				"up": {"uv": [8, 8.375, 7.875, 8.25], "texture": "#0"},
				"down": {"uv": [8.375, 7.875, 8.25, 8], "texture": "#0"}
			}
		},
		{
			"from": [-7, 20, 9],
			"to": [-6, 23, 10],
			"rotation": {"angle": 0, "axis": "y", "origin": [8, 16, 8.5]},
			"faces": {
				"north": {"uv": [7.375, 4.75, 7.5, 5.125], "texture": "#0"},
				"east": {"uv": [7.375, 5.125, 7.5, 5.5], "texture": "#0"},
				"south": {"uv": [5.875, 7.375, 6, 7.75], "texture": "#0"},
				"west": {"uv": [6, 7.375, 6.125, 7.75], "texture": "#0"},
				"up": {"uv": [8.125, 8.375, 8, 8.25], "texture": "#0"},
				"down": {"uv": [8.375, 8, 8.25, 8.125], "texture": "#0"}
			}
		},
		{
			"from": [-8, 12, 9],
			"to": [-7, 20, 10],
			"rotation": {"angle": 0, "axis": "y", "origin": [8, 16, 8.5]},
			"faces": {
				"north": {"uv": [5.75, 6.125, 5.875, 7.125], "texture": "#0"},
				"east": {"uv": [5.875, 6.125, 6, 7.125], "texture": "#0"},
				"south": {"uv": [6, 6.125, 6.125, 7.125], "texture": "#0"},
				"west": {"uv": [6.125, 6.125, 6.25, 7.125], "texture": "#0"},
				"up": {"uv": [8.25, 8.375, 8.125, 8.25], "texture": "#0"},
				"down": {"uv": [8.375, 8.125, 8.25, 8.25], "texture": "#0"}
			}
		},
		{
			"from": [-7, 9, 9],
			"to": [-6, 12, 10],
			"rotation": {"angle": 0, "axis": "y", "origin": [8, 16, 8.5]},
			"faces": {
				"north": {"uv": [7.375, 6.625, 7.5, 7], "texture": "#0"},
				"east": {"uv": [7.375, 7.25, 7.5, 7.625], "texture": "#0"},
				"south": {"uv": [7.5, 1.5, 7.625, 1.875], "texture": "#0"},
				"west": {"uv": [3.375, 7.5, 3.5, 7.875], "texture": "#0"},
				"up": {"uv": [8.375, 8.375, 8.25, 8.25], "texture": "#0"},
				"down": {"uv": [0.125, 8.375, 0, 8.5], "texture": "#0"}
			}
		},
		{
			"from": [-6, 8, 9],
			"to": [-5, 9, 10],
			"rotation": {"angle": 0, "axis": "y", "origin": [8, 16, 8.5]},
			"faces": {
				"north": {"uv": [8.375, 0, 8.5, 0.125], "texture": "#0"},
				"east": {"uv": [0.125, 8.375, 0.25, 8.5], "texture": "#0"},
				"south": {"uv": [8.375, 0.125, 8.5, 0.25], "texture": "#0"},
				"west": {"uv": [0.25, 8.375, 0.375, 8.5], "texture": "#0"},
				"up": {"uv": [8.5, 0.375, 8.375, 0.25], "texture": "#0"},
				"down": {"uv": [0.5, 8.375, 0.375, 8.5], "texture": "#0"}
			}
		},
		{
			"from": [-5, 6, 9],
			"to": [-4, 8, 10],
			"rotation": {"angle": 0, "axis": "y", "origin": [8, 16, 8.5]},
			"faces": {
				"north": {"uv": [5.625, 7.875, 5.75, 8.125], "texture": "#0"},
				"east": {"uv": [5.75, 7.875, 5.875, 8.125], "texture": "#0"},
				"south": {"uv": [7.875, 5.75, 8, 6], "texture": "#0"},
				"west": {"uv": [6.125, 7.875, 6.25, 8.125], "texture": "#0"},
				"up": {"uv": [8.5, 0.5, 8.375, 0.375], "texture": "#0"},
				"down": {"uv": [0.625, 8.375, 0.5, 8.5], "texture": "#0"}
			}
		},
		{
			"from": [-4, 5, 9],
			"to": [-3, 6, 10],
			"rotation": {"angle": 0, "axis": "y", "origin": [8, 16, 8.5]},
			"faces": {
				"north": {"uv": [8.375, 0.5, 8.5, 0.625], "texture": "#0"},
				"east": {"uv": [0.625, 8.375, 0.75, 8.5], "texture": "#0"},
				"south": {"uv": [8.375, 0.625, 8.5, 0.75], "texture": "#0"},
				"west": {"uv": [0.75, 8.375, 0.875, 8.5], "texture": "#0"},
				"up": {"uv": [8.5, 0.875, 8.375, 0.75], "texture": "#0"},
				"down": {"uv": [1, 8.375, 0.875, 8.5], "texture": "#0"}
			}
		},
		{
			"from": [-3, 4, 9],
			"to": [-2, 5, 10],
			"rotation": {"angle": 0, "axis": "y", "origin": [8, 16, 8.5]},
			"faces": {
				"north": {"uv": [8.375, 0.875, 8.5, 1], "texture": "#0"},
				"east": {"uv": [1, 8.375, 1.125, 8.5], "texture": "#0"},
				"south": {"uv": [8.375, 1, 8.5, 1.125], "texture": "#0"},
				"west": {"uv": [1.125, 8.375, 1.25, 8.5], "texture": "#0"},
				"up": {"uv": [8.5, 1.25, 8.375, 1.125], "texture": "#0"},
				"down": {"uv": [1.375, 8.375, 1.25, 8.5], "texture": "#0"}
			}
		},
		{
			"from": [-2, 3, 9],
			"to": [0, 4, 10],
			"rotation": {"angle": 0, "axis": "y", "origin": [8, 16, 8.5]},
			"faces": {
				"north": {"uv": [7.875, 4.125, 8.125, 4.25], "texture": "#0"},
				"east": {"uv": [8.375, 1.25, 8.5, 1.375], "texture": "#0"},
				"south": {"uv": [6.25, 7.875, 6.5, 8], "texture": "#0"},
				"west": {"uv": [1.375, 8.375, 1.5, 8.5], "texture": "#0"},
				"up": {"uv": [8.125, 6.625, 7.875, 6.5], "texture": "#0"},
				"down": {"uv": [8.125, 6.625, 7.875, 6.75], "texture": "#0"}
			}
		},
		{
			"from": [0, 2, 9],
			"to": [1, 3, 10],
			"rotation": {"angle": 0, "axis": "y", "origin": [8, 16, 8.5]},
			"faces": {
				"north": {"uv": [8.375, 1.375, 8.5, 1.5], "texture": "#0"},
				"east": {"uv": [1.5, 8.375, 1.625, 8.5], "texture": "#0"},
				"south": {"uv": [8.375, 1.5, 8.5, 1.625], "texture": "#0"},
				"west": {"uv": [1.625, 8.375, 1.75, 8.5], "texture": "#0"},
				"up": {"uv": [8.5, 1.75, 8.375, 1.625], "texture": "#0"},
				"down": {"uv": [1.875, 8.375, 1.75, 8.5], "texture": "#0"}
			}
		},
		{
			"from": [1, 1, 9],
			"to": [4, 2, 10],
			"rotation": {"angle": 0, "axis": "y", "origin": [8, 16, 8.5]},
			"faces": {
				"north": {"uv": [7.375, 5.5, 7.75, 5.625], "texture": "#0"},
				"east": {"uv": [8.375, 1.75, 8.5, 1.875], "texture": "#0"},
				"south": {"uv": [7.375, 5.75, 7.75, 5.875], "texture": "#0"},
				"west": {"uv": [1.875, 8.375, 2, 8.5], "texture": "#0"},
				"up": {"uv": [7.75, 6, 7.375, 5.875], "texture": "#0"},
				"down": {"uv": [7.875, 0.75, 7.5, 0.875], "texture": "#0"}
			}
		},
		{
			"from": [4, 0, 9],
			"to": [12, 1, 10],
			"rotation": {"angle": 0, "axis": "y", "origin": [8, 16, 8.5]},
			"faces": {
				"north": {"uv": [6.125, 3.375, 7.125, 3.5], "texture": "#0"},
				"east": {"uv": [8.375, 1.875, 8.5, 2], "texture": "#0"},
				"south": {"uv": [6.125, 5.25, 7.125, 5.375], "texture": "#0"},
				"west": {"uv": [2, 8.375, 2.125, 8.5], "texture": "#0"},
				"up": {"uv": [7.125, 5.5, 6.125, 5.375], "texture": "#0"},
				"down": {"uv": [7.125, 5.5, 6.125, 5.625], "texture": "#0"}
			}
		},
		{
			"from": [12, 1, 9],
			"to": [15, 2, 10],
			"rotation": {"angle": 0, "axis": "y", "origin": [8, 16, 8.5]},
			"faces": {
				"north": {"uv": [7.5, 3.375, 7.875, 3.5], "texture": "#0"},
				"east": {"uv": [8.375, 2, 8.5, 2.125], "texture": "#0"},
				"south": {"uv": [3.5, 7.5, 3.875, 7.625], "texture": "#0"},
				"west": {"uv": [2.125, 8.375, 2.25, 8.5], "texture": "#0"},
				"up": {"uv": [4.25, 7.625, 3.875, 7.5], "texture": "#0"},
				"down": {"uv": [4.625, 7.5, 4.25, 7.625], "texture": "#0"}
			}
		},
		{
			"from": [15, 2, 9],
			"to": [16, 3, 10],
			"rotation": {"angle": 0, "axis": "y", "origin": [8, 16, 8.5]},
			"faces": {
				"north": {"uv": [8.375, 2.125, 8.5, 2.25], "texture": "#0"},
				"east": {"uv": [2.25, 8.375, 2.375, 8.5], "texture": "#0"},
				"south": {"uv": [8.375, 2.25, 8.5, 2.375], "texture": "#0"},
				"west": {"uv": [2.375, 8.375, 2.5, 8.5], "texture": "#0"},
				"up": {"uv": [8.5, 2.5, 8.375, 2.375], "texture": "#0"},
				"down": {"uv": [2.625, 8.375, 2.5, 8.5], "texture": "#0"}
			}
		},
		{
			"from": [16, 3, 9],
			"to": [18, 4, 10],
			"rotation": {"angle": 0, "axis": "y", "origin": [8, 16, 8.5]},
			"faces": {
				"north": {"uv": [7.875, 6.75, 8.125, 6.875], "texture": "#0"},
				"east": {"uv": [8.375, 2.5, 8.5, 2.625], "texture": "#0"},
				"south": {"uv": [7.875, 6.875, 8.125, 7], "texture": "#0"},
				"west": {"uv": [2.625, 8.375, 2.75, 8.5], "texture": "#0"},
				"up": {"uv": [7.375, 8, 7.125, 7.875], "texture": "#0"},
				"down": {"uv": [7.625, 7.875, 7.375, 8], "texture": "#0"}
			}
		},
		{
			"from": [18, 4, 9],
			"to": [19, 5, 10],
			"rotation": {"angle": 0, "axis": "y", "origin": [8, 16, 8.5]},
			"faces": {
				"north": {"uv": [8.375, 2.625, 8.5, 2.75], "texture": "#0"},
				"east": {"uv": [2.75, 8.375, 2.875, 8.5], "texture": "#0"},
				"south": {"uv": [8.375, 2.75, 8.5, 2.875], "texture": "#0"},
				"west": {"uv": [2.875, 8.375, 3, 8.5], "texture": "#0"},
				"up": {"uv": [8.5, 3, 8.375, 2.875], "texture": "#0"},
				"down": {"uv": [3.125, 8.375, 3, 8.5], "texture": "#0"}
			}
		},
		{
			"from": [19, 5, 9],
			"to": [20, 6, 10],
			"rotation": {"angle": 0, "axis": "y", "origin": [8, 16, 8.5]},
			"faces": {
				"north": {"uv": [8.375, 3, 8.5, 3.125], "texture": "#0"},
				"east": {"uv": [3.125, 8.375, 3.25, 8.5], "texture": "#0"},
				"south": {"uv": [8.375, 3.125, 8.5, 3.25], "texture": "#0"},
				"west": {"uv": [3.25, 8.375, 3.375, 8.5], "texture": "#0"},
				"up": {"uv": [8.5, 3.375, 8.375, 3.25], "texture": "#0"},
				"down": {"uv": [3.5, 8.375, 3.375, 8.5], "texture": "#0"}
			}
		},
		{
			"from": [20, 6, 9],
			"to": [21, 8, 10],
			"rotation": {"angle": 0, "axis": "y", "origin": [8, 16, 8.5]},
			"faces": {
				"north": {"uv": [7.625, 7.875, 7.75, 8.125], "texture": "#0"},
				"east": {"uv": [7.875, 7.625, 8, 7.875], "texture": "#0"},
				"south": {"uv": [7.75, 7.875, 7.875, 8.125], "texture": "#0"},
				"west": {"uv": [7.875, 7.875, 8, 8.125], "texture": "#0"},
				"up": {"uv": [8.5, 3.5, 8.375, 3.375], "texture": "#0"},
				"down": {"uv": [3.625, 8.375, 3.5, 8.5], "texture": "#0"}
			}
		},
		{
			"from": [21, 8, 9],
			"to": [22, 9, 10],
			"rotation": {"angle": 0, "axis": "y", "origin": [8, 16, 8.5]},
			"faces": {
				"north": {"uv": [8.375, 3.5, 8.5, 3.625], "texture": "#0"},
				"east": {"uv": [3.625, 8.375, 3.75, 8.5], "texture": "#0"},
				"south": {"uv": [8.375, 3.625, 8.5, 3.75], "texture": "#0"},
				"west": {"uv": [3.75, 8.375, 3.875, 8.5], "texture": "#0"},
				"up": {"uv": [8.5, 3.875, 8.375, 3.75], "texture": "#0"},
				"down": {"uv": [4, 8.375, 3.875, 8.5], "texture": "#0"}
			}
		},
		{
			"from": [22, 9, 9],
			"to": [23, 12, 10],
			"rotation": {"angle": 0, "axis": "y", "origin": [8, 16, 8.5]},
			"faces": {
				"north": {"uv": [7.5, 4.75, 7.625, 5.125], "texture": "#0"},
				"east": {"uv": [7.5, 5.125, 7.625, 5.5], "texture": "#0"},
				"south": {"uv": [6.125, 7.5, 6.25, 7.875], "texture": "#0"},
				"west": {"uv": [7.5, 6.125, 7.625, 6.5], "texture": "#0"},
				"up": {"uv": [8.5, 4, 8.375, 3.875], "texture": "#0"},
				"down": {"uv": [4.125, 8.375, 4, 8.5], "texture": "#0"}
			}
		},
		{
			"from": [23, 12, 9],
			"to": [24, 20, 10],
			"rotation": {"angle": 0, "axis": "y", "origin": [8, 16, 8.5]},
			"faces": {
				"north": {"uv": [6.25, 0.875, 6.375, 1.875], "texture": "#0"},
				"east": {"uv": [6.25, 1.875, 6.375, 2.875], "texture": "#0"},
				"south": {"uv": [6.25, 4.25, 6.375, 5.25], "texture": "#0"},
				"west": {"uv": [6.25, 6.125, 6.375, 7.125], "texture": "#0"},
				"up": {"uv": [8.5, 4.125, 8.375, 4], "texture": "#0"},
				"down": {"uv": [4.25, 8.375, 4.125, 8.5], "texture": "#0"}
			}
		},
		{
			"from": [4, 0, 8],
			"to": [12, 32, 9],
			"rotation": {"angle": 0, "axis": "y", "origin": [8, 16, 8]},
			"faces": {
				"north": {"uv": [0, 0, 1, 4], "texture": "#0"},
				"east": {"uv": [2.125, 4, 2.25, 8], "texture": "#0"},
				"south": {"uv": [1, 0, 2, 4], "texture": "#0"},
				"west": {"uv": [2.25, 4, 2.375, 8], "texture": "#0"},
				"up": {"uv": [7.125, 5.75, 6.125, 5.625], "texture": "#0"},
				"down": {"uv": [7.125, 5.75, 6.125, 5.875], "texture": "#0"}
			}
		},
		{
			"from": [12, 1, 8],
			"to": [15, 31, 9],
			"faces": {
				"north": {"uv": [0, 4, 0.375, 7.75], "texture": "#0"},
				"east": {"uv": [2.875, 4, 3, 7.75], "texture": "#0"},
				"south": {"uv": [4, 0, 4.375, 3.75], "texture": "#0"},
				"west": {"uv": [3, 4, 3.125, 7.75], "texture": "#0"},
				"up": {"uv": [7.875, 6.625, 7.5, 6.5], "texture": "#0"},
				"down": {"uv": [7.875, 6.625, 7.5, 6.75], "texture": "#0"}
			}
		},
		{
			"from": [1, 1, 8],
			"to": [4, 31, 9],
			"faces": {
				"north": {"uv": [0.375, 4, 0.75, 7.75], "texture": "#0"},
				"east": {"uv": [3.125, 4, 3.25, 7.75], "texture": "#0"},
				"south": {"uv": [0.75, 4, 1.125, 7.75], "texture": "#0"},
				"west": {"uv": [3.25, 4, 3.375, 7.75], "texture": "#0"},
				"up": {"uv": [7.875, 6.875, 7.5, 6.75], "texture": "#0"},
				"down": {"uv": [7.875, 6.875, 7.5, 7], "texture": "#0"}
			}
		},
		{
			"from": [15, 2, 8],
			"to": [16, 30, 9],
			"faces": {
				"north": {"uv": [3.375, 4, 3.5, 7.5], "texture": "#0"},
				"east": {"uv": [3.5, 4, 3.625, 7.5], "texture": "#0"},
				"south": {"uv": [3.625, 4, 3.75, 7.5], "texture": "#0"},
				"west": {"uv": [3.75, 4, 3.875, 7.5], "texture": "#0"},
				"up": {"uv": [8.5, 4.25, 8.375, 4.125], "texture": "#0"},
				"down": {"uv": [4.375, 8.375, 4.25, 8.5], "texture": "#0"}
			}
		},
		{
			"from": [0, 2, 8],
			"to": [1, 30, 9],
			"faces": {
				"north": {"uv": [4, 3.75, 4.125, 7.25], "texture": "#0"},
				"east": {"uv": [3.875, 4, 4, 7.5], "texture": "#0"},
				"south": {"uv": [4.125, 3.75, 4.25, 7.25], "texture": "#0"},
				"west": {"uv": [4.25, 3.75, 4.375, 7.25], "texture": "#0"},
				"up": {"uv": [8.5, 4.375, 8.375, 4.25], "texture": "#0"},
				"down": {"uv": [4.5, 8.375, 4.375, 8.5], "texture": "#0"}
			}
		},
		{
			"from": [16, 3, 8],
			"to": [18, 29, 9],
			"faces": {
				"north": {"uv": [1.125, 4, 1.375, 7.25], "texture": "#0"},
				"east": {"uv": [4.375, 0, 4.5, 3.25], "texture": "#0"},
				"south": {"uv": [1.375, 4, 1.625, 7.25], "texture": "#0"},
				"west": {"uv": [4.375, 3.25, 4.5, 6.5], "texture": "#0"},
				"up": {"uv": [8.25, 0.125, 8, 0], "texture": "#0"},
				"down": {"uv": [8.25, 0.125, 8, 0.25], "texture": "#0"}
			}
		},
		{
			"from": [18, 4, 8],
			"to": [19, 28, 9],
			"faces": {
				"north": {"uv": [4.625, 0, 4.75, 3], "texture": "#0"},
				"east": {"uv": [4.625, 3, 4.75, 6], "texture": "#0"},
				"south": {"uv": [4.75, 0, 4.875, 3], "texture": "#0"},
				"west": {"uv": [4.75, 3, 4.875, 6], "texture": "#0"},
				"up": {"uv": [8.5, 4.5, 8.375, 4.375], "texture": "#0"},
				"down": {"uv": [4.625, 8.375, 4.5, 8.5], "texture": "#0"}
			}
		},
		{
			"from": [-3, 4, 8],
			"to": [-2, 28, 9],
			"faces": {
				"north": {"uv": [4.875, 0, 5, 3], "texture": "#0"},
				"east": {"uv": [4.875, 3, 5, 6], "texture": "#0"},
				"south": {"uv": [5, 0, 5.125, 3], "texture": "#0"},
				"west": {"uv": [5, 3, 5.125, 6], "texture": "#0"},
				"up": {"uv": [8.5, 4.625, 8.375, 4.5], "texture": "#0"},
				"down": {"uv": [4.75, 8.375, 4.625, 8.5], "texture": "#0"}
			}
		},
		{
			"from": [-2, 3, 8],
			"to": [0, 29, 9],
			"faces": {
				"north": {"uv": [1.625, 4, 1.875, 7.25], "texture": "#0"},
				"east": {"uv": [4.5, 0, 4.625, 3.25], "texture": "#0"},
				"south": {"uv": [1.875, 4, 2.125, 7.25], "texture": "#0"},
				"west": {"uv": [4.5, 3.25, 4.625, 6.5], "texture": "#0"},
				"up": {"uv": [8.25, 0.375, 8, 0.25], "texture": "#0"},
				"down": {"uv": [0.625, 8, 0.375, 8.125], "texture": "#0"}
			}
		},
		{
			"from": [19, 5, 8],
			"to": [20, 27, 9],
			"faces": {
				"north": {"uv": [5.125, 0, 5.25, 2.75], "texture": "#0"},
				"east": {"uv": [5.125, 2.75, 5.25, 5.5], "texture": "#0"},
				"south": {"uv": [5.25, 0, 5.375, 2.75], "texture": "#0"},
				"west": {"uv": [5.25, 2.75, 5.375, 5.5], "texture": "#0"},
				"up": {"uv": [8.5, 4.75, 8.375, 4.625], "texture": "#0"},
				"down": {"uv": [4.875, 8.375, 4.75, 8.5], "texture": "#0"}
			}
		},
		{
			"from": [-4, 5, 8],
			"to": [-3, 27, 9],
			"faces": {
				"north": {"uv": [5.375, 0, 5.5, 2.75], "texture": "#0"},
				"east": {"uv": [5.375, 2.75, 5.5, 5.5], "texture": "#0"},
				"south": {"uv": [5.5, 0, 5.625, 2.75], "texture": "#0"},
				"west": {"uv": [5.5, 2.75, 5.625, 5.5], "texture": "#0"},
				"up": {"uv": [8.5, 4.875, 8.375, 4.75], "texture": "#0"},
				"down": {"uv": [5, 8.375, 4.875, 8.5], "texture": "#0"}
			}
		},
		{
			"from": [20, 6, 8],
			"to": [21, 26, 9],
			"faces": {
				"north": {"uv": [5.125, 5.5, 5.25, 8], "texture": "#0"},
				"east": {"uv": [5.25, 5.5, 5.375, 8], "texture": "#0"},
				"south": {"uv": [5.375, 5.5, 5.5, 8], "texture": "#0"},
				"west": {"uv": [5.5, 5.5, 5.625, 8], "texture": "#0"},
				"up": {"uv": [8.5, 5, 8.375, 4.875], "texture": "#0"},
				"down": {"uv": [5.125, 8.375, 5, 8.5], "texture": "#0"}
			}
		},
		{
			"from": [-6, 8, 8],
			"to": [-4, 24, 9],
			"faces": {
				"north": {"uv": [2.375, 4, 2.625, 6], "texture": "#0"},
				"east": {"uv": [5.625, 0, 5.75, 2], "texture": "#0"},
				"south": {"uv": [2.625, 4, 2.875, 6], "texture": "#0"},
				"west": {"uv": [5.625, 2, 5.75, 4], "texture": "#0"},
				"up": {"uv": [8.25, 0.5, 8, 0.375], "texture": "#0"},
				"down": {"uv": [8.25, 0.5, 8, 0.625], "texture": "#0"}
			}
		},
		{
			"from": [21, 8, 8],
			"to": [22, 24, 9],
			"faces": {
				"north": {"uv": [5.625, 4, 5.75, 6], "texture": "#0"},
				"east": {"uv": [5.75, 0, 5.875, 2], "texture": "#0"},
				"south": {"uv": [5.75, 2, 5.875, 4], "texture": "#0"},
				"west": {"uv": [5.75, 4, 5.875, 6], "texture": "#0"},
				"up": {"uv": [8.5, 5.125, 8.375, 5], "texture": "#0"},
				"down": {"uv": [5.25, 8.375, 5.125, 8.5], "texture": "#0"}
			}
		},
		{
			"from": [22, 9, 8],
			"to": [23, 23, 9],
			"faces": {
				"north": {"uv": [5.875, 4.25, 6, 6], "texture": "#0"},
				"east": {"uv": [6, 0, 6.125, 1.75], "texture": "#0"},
				"south": {"uv": [6, 1.75, 6.125, 3.5], "texture": "#0"},
				"west": {"uv": [2.375, 6, 2.5, 7.75], "texture": "#0"},
				"up": {"uv": [8.5, 5.25, 8.375, 5.125], "texture": "#0"},
				"down": {"uv": [5.375, 8.375, 5.25, 8.5], "texture": "#0"}
			}
		},
		{
			"from": [23, 12, 8],
			"to": [24, 20, 9],
			"faces": {
				"north": {"uv": [6.375, 0.875, 6.5, 1.875], "texture": "#0"},
				"east": {"uv": [6.375, 1.875, 6.5, 2.875], "texture": "#0"},
				"south": {"uv": [6.375, 4.25, 6.5, 5.25], "texture": "#0"},
				"west": {"uv": [6.375, 6.125, 6.5, 7.125], "texture": "#0"},
				"up": {"uv": [8.5, 5.375, 8.375, 5.25], "texture": "#0"},
				"down": {"uv": [5.5, 8.375, 5.375, 8.5], "texture": "#0"}
			}
		},
		{
			"from": [-8, 12, 8],
			"to": [-7, 20, 9],
			"faces": {
				"north": {"uv": [6.5, 0.875, 6.625, 1.875], "texture": "#0"},
				"east": {"uv": [6.5, 1.875, 6.625, 2.875], "texture": "#0"},
				"south": {"uv": [6.5, 4.25, 6.625, 5.25], "texture": "#0"},
				"west": {"uv": [4.375, 6.5, 4.5, 7.5], "texture": "#0"},
				"up": {"uv": [8.5, 5.5, 8.375, 5.375], "texture": "#0"},
				"down": {"uv": [5.625, 8.375, 5.5, 8.5], "texture": "#0"}
			}
		},
		{
			"from": [-7, 9, 8],
			"to": [-6, 23, 9],
			"faces": {
				"north": {"uv": [2.5, 6, 2.625, 7.75], "texture": "#0"},
				"east": {"uv": [2.625, 6, 2.75, 7.75], "texture": "#0"},
				"south": {"uv": [2.75, 6, 2.875, 7.75], "texture": "#0"},
				"west": {"uv": [6, 4.25, 6.125, 6], "texture": "#0"},
				"up": {"uv": [8.5, 5.625, 8.375, 5.5], "texture": "#0"},
				"down": {"uv": [5.75, 8.375, 5.625, 8.5], "texture": "#0"}
			}
		},
		{
			"from": [-5, 23, 7],
			"to": [-4, 24, 8],
			"rotation": {"angle": 0, "axis": "y", "origin": [8, 16, 8.5]},
			"faces": {
				"north": {"uv": [8.375, 5.625, 8.5, 5.75], "texture": "#0"},
				"east": {"uv": [5.75, 8.375, 5.875, 8.5], "texture": "#0"},
				"south": {"uv": [8.375, 5.75, 8.5, 5.875], "texture": "#0"},
				"west": {"uv": [5.875, 8.375, 6, 8.5], "texture": "#0"},
				"up": {"uv": [8.5, 6, 8.375, 5.875], "texture": "#0"},
				"down": {"uv": [6.125, 8.375, 6, 8.5], "texture": "#0"}
			}
		},
		{
			"from": [-6, 20, 7],
			"to": [-5, 23, 8],
			"rotation": {"angle": 0, "axis": "y", "origin": [8, 16, 8.5]},
			"faces": {
				"north": {"uv": [6.25, 7.5, 6.375, 7.875], "texture": "#0"},
				"east": {"uv": [6.375, 7.5, 6.5, 7.875], "texture": "#0"},
				"south": {"uv": [7.5, 7, 7.625, 7.375], "texture": "#0"},
				"west": {"uv": [7.5, 7.375, 7.625, 7.75], "texture": "#0"},
				"up": {"uv": [8.5, 6.125, 8.375, 6], "texture": "#0"},
				"down": {"uv": [6.25, 8.375, 6.125, 8.5], "texture": "#0"}
			}
		},
		{
			"from": [-4, 24, 7],
			"to": [-3, 26, 8],
			"rotation": {"angle": 0, "axis": "y", "origin": [8, 16, 8.5]},
			"faces": {
				"north": {"uv": [0.625, 8, 0.75, 8.25], "texture": "#0"},
				"east": {"uv": [0.75, 8, 0.875, 8.25], "texture": "#0"},
				"south": {"uv": [8, 0.875, 8.125, 1.125], "texture": "#0"},
				"west": {"uv": [1.125, 8, 1.25, 8.25], "texture": "#0"},
				"up": {"uv": [8.5, 6.25, 8.375, 6.125], "texture": "#0"},
				"down": {"uv": [6.375, 8.375, 6.25, 8.5], "texture": "#0"}
			}
		},
		{
			"from": [-3, 26, 7],
			"to": [-2, 27, 8],
			"rotation": {"angle": 0, "axis": "y", "origin": [8, 16, 8.5]},
			"faces": {
				"north": {"uv": [8.375, 6.25, 8.5, 6.375], "texture": "#0"},
				"east": {"uv": [6.375, 8.375, 6.5, 8.5], "texture": "#0"},
				"south": {"uv": [8.375, 6.375, 8.5, 6.5], "texture": "#0"},
				"west": {"uv": [6.5, 8.375, 6.625, 8.5], "texture": "#0"},
				"up": {"uv": [8.5, 6.625, 8.375, 6.5], "texture": "#0"},
				"down": {"uv": [6.75, 8.375, 6.625, 8.5], "texture": "#0"}
			}
		},
		{
			"from": [-2, 27, 7],
			"to": [0, 28, 8],
			"rotation": {"angle": 0, "axis": "y", "origin": [8, 16, 8.5]},
			"faces": {
				"north": {"uv": [8, 0.625, 8.25, 0.75], "texture": "#0"},
				"east": {"uv": [8.375, 6.625, 8.5, 6.75], "texture": "#0"},
				"south": {"uv": [8, 1.125, 8.25, 1.25], "texture": "#0"},
				"west": {"uv": [6.75, 8.375, 6.875, 8.5], "texture": "#0"},
				"up": {"uv": [1.5, 8.125, 1.25, 8], "texture": "#0"},
				"down": {"uv": [8.25, 1.25, 8, 1.375], "texture": "#0"}
			}
		},
		{
			"from": [0, 28, 7],
			"to": [1, 29, 8],
			"rotation": {"angle": 0, "axis": "y", "origin": [8, 16, 8.5]},
			"faces": {
				"north": {"uv": [8.375, 6.75, 8.5, 6.875], "texture": "#0"},
				"east": {"uv": [6.875, 8.375, 7, 8.5], "texture": "#0"},
				"south": {"uv": [8.375, 6.875, 8.5, 7], "texture": "#0"},
				"west": {"uv": [7, 8.375, 7.125, 8.5], "texture": "#0"},
				"up": {"uv": [8.5, 7.125, 8.375, 7], "texture": "#0"},
				"down": {"uv": [7.25, 8.375, 7.125, 8.5], "texture": "#0"}
			}
		},
		{
			"from": [1, 29, 7],
			"to": [4, 30, 8],
			"rotation": {"angle": 0, "axis": "y", "origin": [8, 16, 8.5]},
			"faces": {
				"north": {"uv": [7.625, 0, 8, 0.125], "texture": "#0"},
				"east": {"uv": [8.375, 7.125, 8.5, 7.25], "texture": "#0"},
				"south": {"uv": [7.625, 0.125, 8, 0.25], "texture": "#0"},
				"west": {"uv": [7.25, 8.375, 7.375, 8.5], "texture": "#0"},
				"up": {"uv": [8, 0.375, 7.625, 0.25], "texture": "#0"},
				"down": {"uv": [8, 0.375, 7.625, 0.5], "texture": "#0"}
			}
		},
		{
			"from": [4, 30, 7],
			"to": [12, 31, 8],
			"rotation": {"angle": 0, "axis": "y", "origin": [8, 16, 8.5]},
			"faces": {
				"north": {"uv": [6.125, 5.875, 7.125, 6], "texture": "#0"},
				"east": {"uv": [8.375, 7.25, 8.5, 7.375], "texture": "#0"},
				"south": {"uv": [6.5, 6.125, 7.5, 6.25], "texture": "#0"},
				"west": {"uv": [7.375, 8.375, 7.5, 8.5], "texture": "#0"},
				"up": {"uv": [7.5, 6.375, 6.5, 6.25], "texture": "#0"},
				"down": {"uv": [7.5, 6.375, 6.5, 6.5], "texture": "#0"}
			}
		},
		{
			"from": [12, 29, 7],
			"to": [15, 30, 8],
			"rotation": {"angle": 0, "axis": "y", "origin": [8, 16, 8.5]},
			"faces": {
				"north": {"uv": [7.625, 0.5, 8, 0.625], "texture": "#0"},
				"east": {"uv": [8.375, 7.375, 8.5, 7.5], "texture": "#0"},
				"south": {"uv": [7.625, 0.625, 8, 0.75], "texture": "#0"},
				"west": {"uv": [7.5, 8.375, 7.625, 8.5], "texture": "#0"},
				"up": {"uv": [8, 1, 7.625, 0.875], "texture": "#0"},
				"down": {"uv": [8, 1, 7.625, 1.125], "texture": "#0"}
			}
		},
		{
			"from": [15, 28, 7],
			"to": [16, 29, 8],
			"rotation": {"angle": 0, "axis": "y", "origin": [8, 16, 8.5]},
			"faces": {
				"north": {"uv": [8.375, 7.5, 8.5, 7.625], "texture": "#0"},
				"east": {"uv": [7.625, 8.375, 7.75, 8.5], "texture": "#0"},
				"south": {"uv": [8.375, 7.625, 8.5, 7.75], "texture": "#0"},
				"west": {"uv": [7.75, 8.375, 7.875, 8.5], "texture": "#0"},
				"up": {"uv": [8.5, 7.875, 8.375, 7.75], "texture": "#0"},
				"down": {"uv": [8, 8.375, 7.875, 8.5], "texture": "#0"}
			}
		},
		{
			"from": [16, 27, 7],
			"to": [18, 28, 8],
			"rotation": {"angle": 0, "axis": "y", "origin": [8, 16, 8.5]},
			"faces": {
				"north": {"uv": [8, 1.375, 8.25, 1.5], "texture": "#0"},
				"east": {"uv": [8.375, 7.875, 8.5, 8], "texture": "#0"},
				"south": {"uv": [1.5, 8, 1.75, 8.125], "texture": "#0"},
				"west": {"uv": [8, 8.375, 8.125, 8.5], "texture": "#0"},
				"up": {"uv": [8.25, 1.625, 8, 1.5], "texture": "#0"},
				"down": {"uv": [8.25, 1.625, 8, 1.75], "texture": "#0"}
			}
		},
		{
			"from": [18, 26, 7],
			"to": [19, 27, 8],
			"rotation": {"angle": 0, "axis": "y", "origin": [8, 16, 8.5]},
			"faces": {
				"north": {"uv": [8.375, 8, 8.5, 8.125], "texture": "#0"},
				"east": {"uv": [8.125, 8.375, 8.25, 8.5], "texture": "#0"},
				"south": {"uv": [8.375, 8.125, 8.5, 8.25], "texture": "#0"},
				"west": {"uv": [8.25, 8.375, 8.375, 8.5], "texture": "#0"},
				"up": {"uv": [8.5, 8.375, 8.375, 8.25], "texture": "#0"},
				"down": {"uv": [8.5, 8.375, 8.375, 8.5], "texture": "#0"}
			}
		},
		{
			"from": [19, 24, 7],
			"to": [20, 26, 8],
			"rotation": {"angle": 0, "axis": "y", "origin": [8, 16, 8.5]},
			"faces": {
				"north": {"uv": [1.75, 8, 1.875, 8.25], "texture": "#0"},
				"east": {"uv": [8, 1.75, 8.125, 2], "texture": "#0"},
				"south": {"uv": [1.875, 8, 2, 8.25], "texture": "#0"},
				"west": {"uv": [2, 8, 2.125, 8.25], "texture": "#0"},
				"up": {"uv": [0.125, 8.625, 0, 8.5], "texture": "#0"},
				"down": {"uv": [8.625, 0, 8.5, 0.125], "texture": "#0"}
			}
		},
		{
			"from": [20, 23, 7],
			"to": [21, 24, 8],
			"rotation": {"angle": 0, "axis": "y", "origin": [8, 16, 8.5]},
			"faces": {
				"north": {"uv": [0.125, 8.5, 0.25, 8.625], "texture": "#0"},
				"east": {"uv": [8.5, 0.125, 8.625, 0.25], "texture": "#0"},
				"south": {"uv": [0.25, 8.5, 0.375, 8.625], "texture": "#0"},
				"west": {"uv": [8.5, 0.25, 8.625, 0.375], "texture": "#0"},
				"up": {"uv": [0.5, 8.625, 0.375, 8.5], "texture": "#0"},
				"down": {"uv": [8.625, 0.375, 8.5, 0.5], "texture": "#0"}
			}
		},
		{
			"from": [21, 20, 7],
			"to": [22, 23, 8],
			"rotation": {"angle": 0, "axis": "y", "origin": [8, 16, 8.5]},
			"faces": {
				"north": {"uv": [1.125, 7.625, 1.25, 8], "texture": "#0"},
				"east": {"uv": [1.25, 7.625, 1.375, 8], "texture": "#0"},
				"south": {"uv": [1.375, 7.625, 1.5, 8], "texture": "#0"},
				"west": {"uv": [1.5, 7.625, 1.625, 8], "texture": "#0"},
				"up": {"uv": [0.625, 8.625, 0.5, 8.5], "texture": "#0"},
				"down": {"uv": [8.625, 0.5, 8.5, 0.625], "texture": "#0"}
			}
		},
		{
			"from": [-6, 9, 7],
			"to": [-5, 12, 8],
			"rotation": {"angle": 0, "axis": "y", "origin": [8, 16, 8.5]},
			"faces": {
				"north": {"uv": [7.625, 1.5, 7.75, 1.875], "texture": "#0"},
				"east": {"uv": [1.625, 7.625, 1.75, 8], "texture": "#0"},
				"south": {"uv": [1.75, 7.625, 1.875, 8], "texture": "#0"},
				"west": {"uv": [1.875, 7.625, 2, 8], "texture": "#0"},
				"up": {"uv": [0.75, 8.625, 0.625, 8.5], "texture": "#0"},
				"down": {"uv": [8.625, 0.625, 8.5, 0.75], "texture": "#0"}
			}
		},
		{
			"from": [-5, 8, 7],
			"to": [-4, 9, 8],
			"rotation": {"angle": 0, "axis": "y", "origin": [8, 16, 8.5]},
			"faces": {
				"north": {"uv": [0.75, 8.5, 0.875, 8.625], "texture": "#0"},
				"east": {"uv": [8.5, 0.75, 8.625, 0.875], "texture": "#0"},
				"south": {"uv": [0.875, 8.5, 1, 8.625], "texture": "#0"},
				"west": {"uv": [8.5, 0.875, 8.625, 1], "texture": "#0"},
				"up": {"uv": [1.125, 8.625, 1, 8.5], "texture": "#0"},
				"down": {"uv": [8.625, 1, 8.5, 1.125], "texture": "#0"}
			}
		},
		{
			"from": [-4, 6, 7],
			"to": [-3, 8, 8],
			"rotation": {"angle": 0, "axis": "y", "origin": [8, 16, 8.5]},
			"faces": {
				"north": {"uv": [8, 2, 8.125, 2.25], "texture": "#0"},
				"east": {"uv": [2.125, 8, 2.25, 8.25], "texture": "#0"},
				"south": {"uv": [2.25, 8, 2.375, 8.25], "texture": "#0"},
				"west": {"uv": [8, 2.25, 8.125, 2.5], "texture": "#0"},
				"up": {"uv": [1.25, 8.625, 1.125, 8.5], "texture": "#0"},
				"down": {"uv": [8.625, 1.125, 8.5, 1.25], "texture": "#0"}
			}
		},
		{
			"from": [-3, 5, 7],
			"to": [-2, 6, 8],
			"rotation": {"angle": 0, "axis": "y", "origin": [8, 16, 8.5]},
			"faces": {
				"north": {"uv": [1.25, 8.5, 1.375, 8.625], "texture": "#0"},
				"east": {"uv": [8.5, 1.25, 8.625, 1.375], "texture": "#0"},
				"south": {"uv": [1.375, 8.5, 1.5, 8.625], "texture": "#0"},
				"west": {"uv": [8.5, 1.375, 8.625, 1.5], "texture": "#0"},
				"up": {"uv": [1.625, 8.625, 1.5, 8.5], "texture": "#0"},
				"down": {"uv": [8.625, 1.5, 8.5, 1.625], "texture": "#0"}
			}
		},
		{
			"from": [-2, 4, 7],
			"to": [0, 5, 8],
			"rotation": {"angle": 0, "axis": "y", "origin": [8, 16, 8.5]},
			"faces": {
				"north": {"uv": [8, 2.5, 8.25, 2.625], "texture": "#0"},
				"east": {"uv": [1.625, 8.5, 1.75, 8.625], "texture": "#0"},
				"south": {"uv": [8, 2.625, 8.25, 2.75], "texture": "#0"},
				"west": {"uv": [8.5, 1.625, 8.625, 1.75], "texture": "#0"},
				"up": {"uv": [3, 8.125, 2.75, 8], "texture": "#0"},
				"down": {"uv": [8.25, 2.75, 8, 2.875], "texture": "#0"}
			}
		},
		{
			"from": [0, 3, 7],
			"to": [1, 4, 8],
			"rotation": {"angle": 0, "axis": "y", "origin": [8, 16, 8.5]},
			"faces": {
				"north": {"uv": [1.75, 8.5, 1.875, 8.625], "texture": "#0"},
				"east": {"uv": [8.5, 1.75, 8.625, 1.875], "texture": "#0"},
				"south": {"uv": [1.875, 8.5, 2, 8.625], "texture": "#0"},
				"west": {"uv": [8.5, 1.875, 8.625, 2], "texture": "#0"},
				"up": {"uv": [2.125, 8.625, 2, 8.5], "texture": "#0"},
				"down": {"uv": [8.625, 2, 8.5, 2.125], "texture": "#0"}
			}
		},
		{
			"from": [1, 2, 7],
			"to": [4, 3, 8],
			"rotation": {"angle": 0, "axis": "y", "origin": [8, 16, 8.5]},
			"faces": {
				"north": {"uv": [7.625, 1.125, 8, 1.25], "texture": "#0"},
				"east": {"uv": [2.125, 8.5, 2.25, 8.625], "texture": "#0"},
				"south": {"uv": [7.625, 1.875, 8, 2], "texture": "#0"},
				"west": {"uv": [8.5, 2.125, 8.625, 2.25], "texture": "#0"},
				"up": {"uv": [8, 2.125, 7.625, 2], "texture": "#0"},
				"down": {"uv": [8, 2.125, 7.625, 2.25], "texture": "#0"}
			}
		},
		{
			"from": [4, 1, 7],
			"to": [12, 2, 8],
			"rotation": {"angle": 0, "axis": "y", "origin": [8, 16, 8.5]},
			"faces": {
				"north": {"uv": [6.5, 6.5, 7.5, 6.625], "texture": "#0"},
				"east": {"uv": [2.25, 8.5, 2.375, 8.625], "texture": "#0"},
				"south": {"uv": [6.625, 0.875, 7.625, 1], "texture": "#0"},
				"west": {"uv": [8.5, 2.25, 8.625, 2.375], "texture": "#0"},
				"up": {"uv": [7.625, 1.125, 6.625, 1], "texture": "#0"},
				"down": {"uv": [7.625, 1.125, 6.625, 1.25], "texture": "#0"}
			}
		},
		{
			"from": [12, 2, 7],
			"to": [15, 3, 8],
			"rotation": {"angle": 0, "axis": "y", "origin": [8, 16, 8.5]},
			"faces": {
				"north": {"uv": [7.625, 2.25, 8, 2.375], "texture": "#0"},
				"east": {"uv": [2.375, 8.5, 2.5, 8.625], "texture": "#0"},
				"south": {"uv": [7.625, 2.375, 8, 2.5], "texture": "#0"},
				"west": {"uv": [8.5, 2.375, 8.625, 2.5], "texture": "#0"},
				"up": {"uv": [8, 2.625, 7.625, 2.5], "texture": "#0"},
				"down": {"uv": [8, 2.625, 7.625, 2.75], "texture": "#0"}
			}
		},
		{
			"from": [15, 3, 7],
			"to": [16, 4, 8],
			"rotation": {"angle": 0, "axis": "y", "origin": [8, 16, 8.5]},
			"faces": {
				"north": {"uv": [2.5, 8.5, 2.625, 8.625], "texture": "#0"},
				"east": {"uv": [8.5, 2.5, 8.625, 2.625], "texture": "#0"},
				"south": {"uv": [2.625, 8.5, 2.75, 8.625], "texture": "#0"},
				"west": {"uv": [8.5, 2.625, 8.625, 2.75], "texture": "#0"},
				"up": {"uv": [2.875, 8.625, 2.75, 8.5], "texture": "#0"},
				"down": {"uv": [8.625, 2.75, 8.5, 2.875], "texture": "#0"}
			}
		},
		{
			"from": [16, 4, 7],
			"to": [18, 5, 8],
			"rotation": {"angle": 0, "axis": "y", "origin": [8, 16, 8.5]},
			"faces": {
				"north": {"uv": [8, 2.875, 8.25, 3], "texture": "#0"},
				"east": {"uv": [2.875, 8.5, 3, 8.625], "texture": "#0"},
				"south": {"uv": [3.125, 8, 3.375, 8.125], "texture": "#0"},
				"west": {"uv": [8.5, 2.875, 8.625, 3], "texture": "#0"},
				"up": {"uv": [8.25, 3.375, 8, 3.25], "texture": "#0"},
				"down": {"uv": [3.75, 8, 3.5, 8.125], "texture": "#0"}
			}
		},
		{
			"from": [18, 5, 7],
			"to": [19, 6, 8],
			"rotation": {"angle": 0, "axis": "y", "origin": [8, 16, 8.5]},
			"faces": {
				"north": {"uv": [3, 8.5, 3.125, 8.625], "texture": "#0"},
				"east": {"uv": [8.5, 3, 8.625, 3.125], "texture": "#0"},
				"south": {"uv": [3.125, 8.5, 3.25, 8.625], "texture": "#0"},
				"west": {"uv": [8.5, 3.125, 8.625, 3.25], "texture": "#0"},
				"up": {"uv": [3.375, 8.625, 3.25, 8.5], "texture": "#0"},
				"down": {"uv": [8.625, 3.25, 8.5, 3.375], "texture": "#0"}
			}
		},
		{
			"from": [19, 6, 7],
			"to": [20, 8, 8],
			"rotation": {"angle": 0, "axis": "y", "origin": [8, 16, 8.5]},
			"faces": {
				"north": {"uv": [3.75, 8, 3.875, 8.25], "texture": "#0"},
				"east": {"uv": [3.875, 8, 4, 8.25], "texture": "#0"},
				"south": {"uv": [8, 3.875, 8.125, 4.125], "texture": "#0"},
				"west": {"uv": [4, 8, 4.125, 8.25], "texture": "#0"},
				"up": {"uv": [3.5, 8.625, 3.375, 8.5], "texture": "#0"},
				"down": {"uv": [8.625, 3.375, 8.5, 3.5], "texture": "#0"}
			}
		},
		{
			"from": [20, 8, 7],
			"to": [21, 9, 8],
			"rotation": {"angle": 0, "axis": "y", "origin": [8, 16, 8.5]},
			"faces": {
				"north": {"uv": [3.5, 8.5, 3.625, 8.625], "texture": "#0"},
				"east": {"uv": [8.5, 3.5, 8.625, 3.625], "texture": "#0"},
				"south": {"uv": [3.625, 8.5, 3.75, 8.625], "texture": "#0"},
				"west": {"uv": [8.5, 3.625, 8.625, 3.75], "texture": "#0"},
				"up": {"uv": [3.875, 8.625, 3.75, 8.5], "texture": "#0"},
				"down": {"uv": [8.625, 3.75, 8.5, 3.875], "texture": "#0"}
			}
		},
		{
			"from": [21, 9, 7],
			"to": [22, 12, 8],
			"rotation": {"angle": 0, "axis": "y", "origin": [8, 16, 8.5]},
			"faces": {
				"north": {"uv": [2, 7.625, 2.125, 8], "texture": "#0"},
				"east": {"uv": [3.5, 7.625, 3.625, 8], "texture": "#0"},
				"south": {"uv": [3.625, 7.625, 3.75, 8], "texture": "#0"},
				"west": {"uv": [3.75, 7.625, 3.875, 8], "texture": "#0"},
				"up": {"uv": [4, 8.625, 3.875, 8.5], "texture": "#0"},
				"down": {"uv": [8.625, 3.875, 8.5, 4], "texture": "#0"}
			}
		},
		{
			"from": [22, 12, 7],
			"to": [23, 20, 8],
			"rotation": {"angle": 0, "axis": "y", "origin": [8, 16, 8.5]},
			"faces": {
				"north": {"uv": [4.5, 6.5, 4.625, 7.5], "texture": "#0"},
				"east": {"uv": [6.625, 1.25, 6.75, 2.25], "texture": "#0"},
				"south": {"uv": [6.625, 4.25, 6.75, 5.25], "texture": "#0"},
				"west": {"uv": [6.5, 6.625, 6.625, 7.625], "texture": "#0"},
				"up": {"uv": [4.125, 8.625, 4, 8.5], "texture": "#0"},
				"down": {"uv": [8.625, 4, 8.5, 4.125], "texture": "#0"}
			}
		},
		{
			"from": [-7, 12, 7],
			"to": [-6, 20, 8],
			"rotation": {"angle": 0, "axis": "y", "origin": [8, 16, 8.5]},
			"faces": {
				"north": {"uv": [6.625, 6.625, 6.75, 7.625], "texture": "#0"},
				"east": {"uv": [6.75, 1.25, 6.875, 2.25], "texture": "#0"},
				"south": {"uv": [6.75, 4.25, 6.875, 5.25], "texture": "#0"},
				"west": {"uv": [6.75, 6.625, 6.875, 7.625], "texture": "#0"},
				"up": {"uv": [4.25, 8.625, 4.125, 8.5], "texture": "#0"},
				"down": {"uv": [8.625, 4.125, 8.5, 4.25], "texture": "#0"}
			}
		},
		{
			"from": [-5, 23, 9],
			"to": [-4, 24, 10],
			"rotation": {"angle": 0, "axis": "y", "origin": [8, 16, 8.5]},
			"faces": {
				"north": {"uv": [4.25, 8.5, 4.375, 8.625], "texture": "#0"},
				"east": {"uv": [8.5, 4.25, 8.625, 4.375], "texture": "#0"},
				"south": {"uv": [4.375, 8.5, 4.5, 8.625], "texture": "#0"},
				"west": {"uv": [8.5, 4.375, 8.625, 4.5], "texture": "#0"},
				"up": {"uv": [4.625, 8.625, 4.5, 8.5], "texture": "#0"},
				"down": {"uv": [8.625, 4.5, 8.5, 4.625], "texture": "#0"}
			}
		},
		{
			"from": [-6, 20, 9],
			"to": [-5, 23, 10],
			"rotation": {"angle": 0, "axis": "y", "origin": [8, 16, 8.5]},
			"faces": {
				"north": {"uv": [3.875, 7.625, 4, 8], "texture": "#0"},
				"east": {"uv": [4, 7.625, 4.125, 8], "texture": "#0"},
				"south": {"uv": [4.125, 7.625, 4.25, 8], "texture": "#0"},
				"west": {"uv": [4.25, 7.625, 4.375, 8], "texture": "#0"},
				"up": {"uv": [4.75, 8.625, 4.625, 8.5], "texture": "#0"},
				"down": {"uv": [8.625, 4.625, 8.5, 4.75], "texture": "#0"}
			}
		},
		{
			"from": [-4, 24, 9],
			"to": [-3, 26, 10],
			"rotation": {"angle": 0, "axis": "y", "origin": [8, 16, 8.5]},
			"faces": {
				"north": {"uv": [4.125, 8, 4.25, 8.25], "texture": "#0"},
				"east": {"uv": [4.25, 8, 4.375, 8.25], "texture": "#0"},
				"south": {"uv": [8, 4.25, 8.125, 4.5], "texture": "#0"},
				"west": {"uv": [4.375, 8, 4.5, 8.25], "texture": "#0"},
				"up": {"uv": [4.875, 8.625, 4.75, 8.5], "texture": "#0"},
				"down": {"uv": [8.625, 4.75, 8.5, 4.875], "texture": "#0"}
			}
		},
		{
			"from": [-3, 26, 9],
			"to": [-2, 27, 10],
			"rotation": {"angle": 0, "axis": "y", "origin": [8, 16, 8.5]},
			"faces": {
				"north": {"uv": [4.875, 8.5, 5, 8.625], "texture": "#0"},
				"east": {"uv": [8.5, 4.875, 8.625, 5], "texture": "#0"},
				"south": {"uv": [5, 8.5, 5.125, 8.625], "texture": "#0"},
				"west": {"uv": [8.5, 5, 8.625, 5.125], "texture": "#0"},
				"up": {"uv": [5.25, 8.625, 5.125, 8.5], "texture": "#0"},
				"down": {"uv": [8.625, 5.125, 8.5, 5.25], "texture": "#0"}
			}
		},
		{
			"from": [-2, 27, 9],
			"to": [0, 28, 10],
			"rotation": {"angle": 0, "axis": "y", "origin": [8, 16, 8.5]},
			"faces": {
				"north": {"uv": [4.5, 8, 4.75, 8.125], "texture": "#0"},
				"east": {"uv": [5.25, 8.5, 5.375, 8.625], "texture": "#0"},
				"south": {"uv": [8, 4.5, 8.25, 4.625], "texture": "#0"},
				"west": {"uv": [8.5, 5.25, 8.625, 5.375], "texture": "#0"},
				"up": {"uv": [8.25, 4.75, 8, 4.625], "texture": "#0"},
				"down": {"uv": [5, 8, 4.75, 8.125], "texture": "#0"}
			}
		},
		{
			"from": [0, 28, 9],
			"to": [1, 29, 10],
			"rotation": {"angle": 0, "axis": "y", "origin": [8, 16, 8.5]},
			"faces": {
				"north": {"uv": [5.375, 8.5, 5.5, 8.625], "texture": "#0"},
				"east": {"uv": [8.5, 5.375, 8.625, 5.5], "texture": "#0"},
				"south": {"uv": [5.5, 8.5, 5.625, 8.625], "texture": "#0"},
				"west": {"uv": [8.5, 5.5, 8.625, 5.625], "texture": "#0"},
				"up": {"uv": [5.75, 8.625, 5.625, 8.5], "texture": "#0"},
				"down": {"uv": [8.625, 5.625, 8.5, 5.75], "texture": "#0"}
			}
		},
		{
			"from": [1, 29, 9],
			"to": [4, 30, 10],
			"rotation": {"angle": 0, "axis": "y", "origin": [8, 16, 8.5]},
			"faces": {
				"north": {"uv": [7.625, 2.75, 8, 2.875], "texture": "#0"},
				"east": {"uv": [5.75, 8.5, 5.875, 8.625], "texture": "#0"},
				"south": {"uv": [7.625, 4.25, 8, 4.375], "texture": "#0"},
				"west": {"uv": [8.5, 5.75, 8.625, 5.875], "texture": "#0"},
				"up": {"uv": [8, 4.5, 7.625, 4.375], "texture": "#0"},
				"down": {"uv": [8, 4.75, 7.625, 4.875], "texture": "#0"}
			}
		},
		{
			"from": [4, 30, 9],
			"to": [12, 31, 10],
			"rotation": {"angle": 0, "axis": "y", "origin": [8, 16, 8.5]},
			"faces": {
				"north": {"uv": [6.625, 2.25, 7.625, 2.375], "texture": "#0"},
				"east": {"uv": [5.875, 8.5, 6, 8.625], "texture": "#0"},
				"south": {"uv": [6.625, 2.375, 7.625, 2.5], "texture": "#0"},
				"west": {"uv": [8.5, 5.875, 8.625, 6], "texture": "#0"},
				"up": {"uv": [7.625, 2.625, 6.625, 2.5], "texture": "#0"},
				"down": {"uv": [7.625, 2.625, 6.625, 2.75], "texture": "#0"}
			}
		},
		{
			"from": [12, 29, 9],
			"to": [15, 30, 10],
			"rotation": {"angle": 0, "axis": "y", "origin": [8, 16, 8.5]},
			"faces": {
				"north": {"uv": [7.625, 4.875, 8, 5], "texture": "#0"},
				"east": {"uv": [6, 8.5, 6.125, 8.625], "texture": "#0"},
				"south": {"uv": [7.625, 5, 8, 5.125], "texture": "#0"},
				"west": {"uv": [8.5, 6, 8.625, 6.125], "texture": "#0"},
				"up": {"uv": [8, 5.25, 7.625, 5.125], "texture": "#0"},
				"down": {"uv": [8, 5.25, 7.625, 5.375], "texture": "#0"}
			}
		},
		{
			"from": [15, 28, 9],
			"to": [16, 29, 10],
			"rotation": {"angle": 0, "axis": "y", "origin": [8, 16, 8.5]},
			"faces": {
				"north": {"uv": [6.125, 8.5, 6.25, 8.625], "texture": "#0"},
				"east": {"uv": [8.5, 6.125, 8.625, 6.25], "texture": "#0"},
				"south": {"uv": [6.25, 8.5, 6.375, 8.625], "texture": "#0"},
				"west": {"uv": [8.5, 6.25, 8.625, 6.375], "texture": "#0"},
				"up": {"uv": [6.5, 8.625, 6.375, 8.5], "texture": "#0"},
				"down": {"uv": [8.625, 6.375, 8.5, 6.5], "texture": "#0"}
			}
		},
		{
			"from": [16, 27, 9],
			"to": [18, 28, 10],
			"rotation": {"angle": 0, "axis": "y", "origin": [8, 16, 8.5]},
			"faces": {
				"north": {"uv": [8, 4.75, 8.25, 4.875], "texture": "#0"},
				"east": {"uv": [6.5, 8.5, 6.625, 8.625], "texture": "#0"},
				"south": {"uv": [8, 4.875, 8.25, 5], "texture": "#0"},
				"west": {"uv": [8.5, 6.5, 8.625, 6.625], "texture": "#0"},
				"up": {"uv": [5.25, 8.125, 5, 8], "texture": "#0"},
				"down": {"uv": [8.25, 5, 8, 5.125], "texture": "#0"}
			}
		},
		{
			"from": [18, 26, 9],
			"to": [19, 27, 10],
			"rotation": {"angle": 0, "axis": "y", "origin": [8, 16, 8.5]},
			"faces": {
				"north": {"uv": [6.625, 8.5, 6.75, 8.625], "texture": "#0"},
				"east": {"uv": [8.5, 6.625, 8.625, 6.75], "texture": "#0"},
				"south": {"uv": [6.75, 8.5, 6.875, 8.625], "texture": "#0"},
				"west": {"uv": [8.5, 6.75, 8.625, 6.875], "texture": "#0"},
				"up": {"uv": [7, 8.625, 6.875, 8.5], "texture": "#0"},
				"down": {"uv": [8.625, 6.875, 8.5, 7], "texture": "#0"}
			}
		},
		{
			"from": [19, 24, 9],
			"to": [20, 26, 10],
			"rotation": {"angle": 0, "axis": "y", "origin": [8, 16, 8.5]},
			"faces": {
				"north": {"uv": [8, 5.125, 8.125, 5.375], "texture": "#0"},
				"east": {"uv": [5.25, 8, 5.375, 8.25], "texture": "#0"},
				"south": {"uv": [5.375, 8, 5.5, 8.25], "texture": "#0"},
				"west": {"uv": [8, 5.375, 8.125, 5.625], "texture": "#0"},
				"up": {"uv": [7.125, 8.625, 7, 8.5], "texture": "#0"},
				"down": {"uv": [8.625, 7, 8.5, 7.125], "texture": "#0"}
			}
		},
		{
			"from": [20, 23, 9],
			"to": [21, 24, 10],
			"rotation": {"angle": 0, "axis": "y", "origin": [8, 16, 8.5]},
			"faces": {
				"north": {"uv": [7.125, 8.5, 7.25, 8.625], "texture": "#0"},
				"east": {"uv": [8.5, 7.125, 8.625, 7.25], "texture": "#0"},
				"south": {"uv": [7.25, 8.5, 7.375, 8.625], "texture": "#0"},
				"west": {"uv": [8.5, 7.25, 8.625, 7.375], "texture": "#0"},
				"up": {"uv": [7.5, 8.625, 7.375, 8.5], "texture": "#0"},
				"down": {"uv": [8.625, 7.375, 8.5, 7.5], "texture": "#0"}
			}
		},
		{
			"from": [21, 20, 9],
			"to": [22, 23, 10],
			"rotation": {"angle": 0, "axis": "y", "origin": [8, 16, 8.5]},
			"faces": {
				"north": {"uv": [4.375, 7.625, 4.5, 8], "texture": "#0"},
				"east": {"uv": [4.5, 7.625, 4.625, 8], "texture": "#0"},
				"south": {"uv": [7.625, 6, 7.75, 6.375], "texture": "#0"},
				"west": {"uv": [6.5, 7.625, 6.625, 8], "texture": "#0"},
				"up": {"uv": [7.625, 8.625, 7.5, 8.5], "texture": "#0"},
				"down": {"uv": [8.625, 7.5, 8.5, 7.625], "texture": "#0"}
			}
		},
		{
			"from": [-6, 9, 9],
			"to": [-5, 12, 10],
			"rotation": {"angle": 0, "axis": "y", "origin": [8, 16, 8.5]},
			"faces": {
				"north": {"uv": [6.625, 7.625, 6.75, 8], "texture": "#0"},
				"east": {"uv": [6.75, 7.625, 6.875, 8], "texture": "#0"},
				"south": {"uv": [6.875, 7.625, 7, 8], "texture": "#0"},
				"west": {"uv": [7, 7.625, 7.125, 8], "texture": "#0"},
				"up": {"uv": [7.75, 8.625, 7.625, 8.5], "texture": "#0"},
				"down": {"uv": [8.625, 7.625, 8.5, 7.75], "texture": "#0"}
			}
		},
		{
			"from": [-5, 8, 9],
			"to": [-4, 9, 10],
			"rotation": {"angle": 0, "axis": "y", "origin": [8, 16, 8.5]},
			"faces": {
				"north": {"uv": [7.75, 8.5, 7.875, 8.625], "texture": "#0"},
				"east": {"uv": [8.5, 7.75, 8.625, 7.875], "texture": "#0"},
				"south": {"uv": [7.875, 8.5, 8, 8.625], "texture": "#0"},
				"west": {"uv": [8.5, 7.875, 8.625, 8], "texture": "#0"},
				"up": {"uv": [8.125, 8.625, 8, 8.5], "texture": "#0"},
				"down": {"uv": [8.625, 8, 8.5, 8.125], "texture": "#0"}
			}
		},
		{
			"from": [-4, 6, 9],
			"to": [-3, 8, 10],
			"rotation": {"angle": 0, "axis": "y", "origin": [8, 16, 8.5]},
			"faces": {
				"north": {"uv": [5.5, 8, 5.625, 8.25], "texture": "#0"},
				"east": {"uv": [8, 5.625, 8.125, 5.875], "texture": "#0"},
				"south": {"uv": [5.875, 8, 6, 8.25], "texture": "#0"},
				"west": {"uv": [8, 5.875, 8.125, 6.125], "texture": "#0"},
				"up": {"uv": [8.25, 8.625, 8.125, 8.5], "texture": "#0"},
				"down": {"uv": [8.625, 8.125, 8.5, 8.25], "texture": "#0"}
			}
		},
		{
			"from": [-3, 5, 9],
			"to": [-2, 6, 10],
			"rotation": {"angle": 0, "axis": "y", "origin": [8, 16, 8.5]},
			"faces": {
				"north": {"uv": [8.25, 8.5, 8.375, 8.625], "texture": "#0"},
				"east": {"uv": [8.5, 8.25, 8.625, 8.375], "texture": "#0"},
				"south": {"uv": [8.375, 8.5, 8.5, 8.625], "texture": "#0"},
				"west": {"uv": [8.5, 8.375, 8.625, 8.5], "texture": "#0"},
				"up": {"uv": [8.625, 8.625, 8.5, 8.5], "texture": "#0"},
				"down": {"uv": [0.125, 8.625, 0, 8.75], "texture": "#0"}
			}
		},
		{
			"from": [-2, 4, 9],
			"to": [0, 5, 10],
			"rotation": {"angle": 0, "axis": "y", "origin": [8, 16, 8.5]},
			"faces": {
				"north": {"uv": [8, 6.125, 8.25, 6.25], "texture": "#0"},
				"east": {"uv": [8.625, 0, 8.75, 0.125], "texture": "#0"},
				"south": {"uv": [6.25, 8, 6.5, 8.125], "texture": "#0"},
				"west": {"uv": [0.125, 8.625, 0.25, 8.75], "texture": "#0"},
				"up": {"uv": [8.25, 6.375, 8, 6.25], "texture": "#0"},
				"down": {"uv": [8.25, 6.375, 8, 6.5], "texture": "#0"}
			}
		},
		{
			"from": [0, 3, 9],
			"to": [1, 4, 10],
			"rotation": {"angle": 0, "axis": "y", "origin": [8, 16, 8.5]},
			"faces": {
				"north": {"uv": [8.625, 0.125, 8.75, 0.25], "texture": "#0"},
				"east": {"uv": [0.25, 8.625, 0.375, 8.75], "texture": "#0"},
				"south": {"uv": [8.625, 0.25, 8.75, 0.375], "texture": "#0"},
				"west": {"uv": [0.375, 8.625, 0.5, 8.75], "texture": "#0"},
				"up": {"uv": [8.75, 0.5, 8.625, 0.375], "texture": "#0"},
				"down": {"uv": [0.625, 8.625, 0.5, 8.75], "texture": "#0"}
			}
		},
		{
			"from": [1, 2, 9],
			"to": [4, 3, 10],
			"rotation": {"angle": 0, "axis": "y", "origin": [8, 16, 8.5]},
			"faces": {
				"north": {"uv": [7.625, 5.375, 8, 5.5], "texture": "#0"},
				"east": {"uv": [8.625, 0.5, 8.75, 0.625], "texture": "#0"},
				"south": {"uv": [7.625, 5.625, 8, 5.75], "texture": "#0"},
				"west": {"uv": [0.625, 8.625, 0.75, 8.75], "texture": "#0"},
				"up": {"uv": [8, 6.5, 7.625, 6.375], "texture": "#0"},
				"down": {"uv": [8, 7, 7.625, 7.125], "texture": "#0"}
			}
		},
		{
			"from": [4, 1, 9],
			"to": [12, 2, 10],
			"rotation": {"angle": 0, "axis": "y", "origin": [8, 16, 8.5]},
			"faces": {
				"north": {"uv": [6.625, 2.75, 7.625, 2.875], "texture": "#0"},
				"east": {"uv": [8.625, 0.625, 8.75, 0.75], "texture": "#0"},
				"south": {"uv": [6.625, 6, 7.625, 6.125], "texture": "#0"},
				"west": {"uv": [0.75, 8.625, 0.875, 8.75], "texture": "#0"},
				"up": {"uv": [7.875, 1.375, 6.875, 1.25], "texture": "#0"},
				"down": {"uv": [7.875, 1.375, 6.875, 1.5], "texture": "#0"}
			}
		},
		{
			"from": [12, 2, 9],
			"to": [15, 3, 10],
			"rotation": {"angle": 0, "axis": "y", "origin": [8, 16, 8.5]},
			"faces": {
				"north": {"uv": [7.125, 7.625, 7.5, 7.75], "texture": "#0"},
				"east": {"uv": [8.625, 0.75, 8.75, 0.875], "texture": "#0"},
				"south": {"uv": [7.625, 7.125, 8, 7.25], "texture": "#0"},
				"west": {"uv": [0.875, 8.625, 1, 8.75], "texture": "#0"},
				"up": {"uv": [8, 7.375, 7.625, 7.25], "texture": "#0"},
				"down": {"uv": [8, 7.375, 7.625, 7.5], "texture": "#0"}
			}
		},
		{
			"from": [15, 3, 9],
			"to": [16, 4, 10],
			"rotation": {"angle": 0, "axis": "y", "origin": [8, 16, 8.5]},
			"faces": {
				"north": {"uv": [8.625, 0.875, 8.75, 1], "texture": "#0"},
				"east": {"uv": [1, 8.625, 1.125, 8.75], "texture": "#0"},
				"south": {"uv": [8.625, 1, 8.75, 1.125], "texture": "#0"},
				"west": {"uv": [1.125, 8.625, 1.25, 8.75], "texture": "#0"},
				"up": {"uv": [8.75, 1.25, 8.625, 1.125], "texture": "#0"},
				"down": {"uv": [1.375, 8.625, 1.25, 8.75], "texture": "#0"}
			}
		},
		{
			"from": [16, 4, 9],
			"to": [18, 5, 10],
			"rotation": {"angle": 0, "axis": "y", "origin": [8, 16, 8.5]},
			"faces": {
				"north": {"uv": [6.5, 8, 6.75, 8.125], "texture": "#0"},
				"east": {"uv": [8.625, 1.25, 8.75, 1.375], "texture": "#0"},
				"south": {"uv": [6.75, 8, 7, 8.125], "texture": "#0"},
				"west": {"uv": [1.375, 8.625, 1.5, 8.75], "texture": "#0"},
				"up": {"uv": [7.25, 8.125, 7, 8], "texture": "#0"},
				"down": {"uv": [8.25, 7, 8, 7.125], "texture": "#0"}
			}
		},
		{
			"from": [18, 5, 9],
			"to": [19, 6, 10],
			"rotation": {"angle": 0, "axis": "y", "origin": [8, 16, 8.5]},
			"faces": {
				"north": {"uv": [8.625, 1.375, 8.75, 1.5], "texture": "#0"},
				"east": {"uv": [1.5, 8.625, 1.625, 8.75], "texture": "#0"},
				"south": {"uv": [8.625, 1.5, 8.75, 1.625], "texture": "#0"},
				"west": {"uv": [1.625, 8.625, 1.75, 8.75], "texture": "#0"},
				"up": {"uv": [8.75, 1.75, 8.625, 1.625], "texture": "#0"},
				"down": {"uv": [1.875, 8.625, 1.75, 8.75], "texture": "#0"}
			}
		},
		{
			"from": [19, 6, 9],
			"to": [20, 8, 10],
			"rotation": {"angle": 0, "axis": "y", "origin": [8, 16, 8.5]},
			"faces": {
				"north": {"uv": [6, 8, 6.125, 8.25], "texture": "#0"},
				"east": {"uv": [8, 7.125, 8.125, 7.375], "texture": "#0"},
				"south": {"uv": [7.25, 8, 7.375, 8.25], "texture": "#0"},
				"west": {"uv": [7.375, 8, 7.5, 8.25], "texture": "#0"},
				"up": {"uv": [8.75, 1.875, 8.625, 1.75], "texture": "#0"},
				"down": {"uv": [2, 8.625, 1.875, 8.75], "texture": "#0"}
			}
		},
		{
			"from": [20, 8, 9],
			"to": [21, 9, 10],
			"rotation": {"angle": 0, "axis": "y", "origin": [8, 16, 8.5]},
			"faces": {
				"north": {"uv": [8.625, 1.875, 8.75, 2], "texture": "#0"},
				"east": {"uv": [2, 8.625, 2.125, 8.75], "texture": "#0"},
				"south": {"uv": [8.625, 2, 8.75, 2.125], "texture": "#0"},
				"west": {"uv": [2.125, 8.625, 2.25, 8.75], "texture": "#0"},
				"up": {"uv": [8.75, 2.25, 8.625, 2.125], "texture": "#0"},
				"down": {"uv": [2.375, 8.625, 2.25, 8.75], "texture": "#0"}
			}
		},
		{
			"from": [21, 9, 9],
			"to": [22, 12, 10],
			"rotation": {"angle": 0, "axis": "y", "origin": [8, 16, 8.5]},
			"faces": {
				"north": {"uv": [7.625, 7.5, 7.75, 7.875], "texture": "#0"},
				"east": {"uv": [0, 7.75, 0.125, 8.125], "texture": "#0"},
				"south": {"uv": [0.125, 7.75, 0.25, 8.125], "texture": "#0"},
				"west": {"uv": [0.25, 7.75, 0.375, 8.125], "texture": "#0"},
				"up": {"uv": [8.75, 2.375, 8.625, 2.25], "texture": "#0"},
				"down": {"uv": [2.5, 8.625, 2.375, 8.75], "texture": "#0"}
			}
		},
		{
			"from": [22, 12, 9],
			"to": [23, 20, 10],
			"rotation": {"angle": 0, "axis": "y", "origin": [8, 16, 8.5]},
			"faces": {
				"north": {"uv": [6.875, 4.25, 7, 5.25], "texture": "#0"},
				"east": {"uv": [6.875, 6.625, 7, 7.625], "texture": "#0"},
				"south": {"uv": [7, 4.25, 7.125, 5.25], "texture": "#0"},
				"west": {"uv": [4.625, 7, 4.75, 8], "texture": "#0"},
				"up": {"uv": [8.75, 2.5, 8.625, 2.375], "texture": "#0"},
				"down": {"uv": [2.625, 8.625, 2.5, 8.75], "texture": "#0"}
			}
		},
		{
			"from": [-7, 12, 9],
			"to": [-6, 20, 10],
			"rotation": {"angle": 0, "axis": "y", "origin": [8, 16, 8.5]},
			"faces": {
				"north": {"uv": [4.75, 7, 4.875, 8], "texture": "#0"},
				"east": {"uv": [4.875, 7, 5, 8], "texture": "#0"},
				"south": {"uv": [5, 7, 5.125, 8], "texture": "#0"},
				"west": {"uv": [7, 6.625, 7.125, 7.625], "texture": "#0"},
				"up": {"uv": [8.75, 2.625, 8.625, 2.5], "texture": "#0"},
				"down": {"uv": [2.75, 8.625, 2.625, 8.75], "texture": "#0"}
			}
		},
		{
			"from": [0, 8, 7],
			"to": [16, 24, 8],
			"faces": {
				"north": {"uv": [2, 0, 4, 2], "texture": "#0"},
				"east": {"uv": [5.875, 0, 6, 2], "texture": "#0"},
				"south": {"uv": [2, 2, 4, 4], "texture": "#0"},
				"west": {"uv": [5.875, 2, 6, 4], "texture": "#0"},
				"up": {"uv": [7.875, 4.125, 5.875, 4], "texture": "#0"},
				"down": {"uv": [7.875, 4.125, 5.875, 4.25], "texture": "#0"}
			}
		},
		{
			"from": [1, 10, 9],
			"to": [15, 11, 10],
			"rotation": {"angle": 0, "axis": "y", "origin": [8, 15, 9.5]},
			"faces": {
				"north": {"uv": [6, 3.5, 7.75, 3.625], "texture": "#0"},
				"east": {"uv": [8.625, 2.625, 8.75, 2.75], "texture": "#0"},
				"south": {"uv": [6, 3.625, 7.75, 3.75], "texture": "#0"},
				"west": {"uv": [2.75, 8.625, 2.875, 8.75], "texture": "#0"},
				"up": {"uv": [7.75, 3.875, 6, 3.75], "texture": "#0"},
				"down": {"uv": [7.75, 3.875, 6, 4], "texture": "#0"}
			}
		},
		{
			"from": [1, 11, 9],
			"to": [2, 17, 10],
			"rotation": {"angle": 0, "axis": "y", "origin": [8, 15, 9.5]},
			"faces": {
				"north": {"uv": [6.875, 1.5, 7, 2.25], "texture": "#0"},
				"east": {"uv": [7, 1.5, 7.125, 2.25], "texture": "#0"},
				"south": {"uv": [7.125, 0, 7.25, 0.75], "texture": "#0"},
				"west": {"uv": [7.125, 1.5, 7.25, 2.25], "texture": "#0"},
				"up": {"uv": [8.75, 2.875, 8.625, 2.75], "texture": "#0"},
				"down": {"uv": [3, 8.625, 2.875, 8.75], "texture": "#0"}
			}
		},
		{
			"from": [2.5, 21, 9],
			"to": [3.5, 22, 10],
			"rotation": {"angle": 0, "axis": "y", "origin": [8, 15, 9.5]},
			"faces": {
				"north": {"uv": [8.625, 2.875, 8.75, 3], "texture": "#0"},
				"east": {"uv": [3, 8.625, 3.125, 8.75], "texture": "#0"},
				"south": {"uv": [8.625, 3, 8.75, 3.125], "texture": "#0"},
				"west": {"uv": [3.125, 8.625, 3.25, 8.75], "texture": "#0"},
				"up": {"uv": [8.75, 3.25, 8.625, 3.125], "texture": "#0"},
				"down": {"uv": [3.375, 8.625, 3.25, 8.75], "texture": "#0"}
			}
		},
		{
			"from": [10, 16, 9],
			"to": [11, 17, 10],
			"rotation": {"angle": 0, "axis": "y", "origin": [8, 15, 9.5]},
			"faces": {
				"north": {"uv": [8.625, 3.25, 8.75, 3.375], "texture": "#0"},
				"east": {"uv": [3.375, 8.625, 3.5, 8.75], "texture": "#0"},
				"south": {"uv": [8.625, 3.375, 8.75, 3.5], "texture": "#0"},
				"west": {"uv": [3.5, 8.625, 3.625, 8.75], "texture": "#0"},
				"up": {"uv": [8.75, 3.625, 8.625, 3.5], "texture": "#0"},
				"down": {"uv": [3.75, 8.625, 3.625, 8.75], "texture": "#0"}
			}
		},
		{
			"from": [12, 20, 9],
			"to": [14, 21, 10],
			"rotation": {"angle": 0, "axis": "y", "origin": [8, 15, 9.5]},
			"faces": {
				"north": {"uv": [8, 7.375, 8.25, 7.5], "texture": "#0"},
				"east": {"uv": [8.625, 3.625, 8.75, 3.75], "texture": "#0"},
				"south": {"uv": [8, 7.5, 8.25, 7.625], "texture": "#0"},
				"west": {"uv": [3.75, 8.625, 3.875, 8.75], "texture": "#0"},
				"up": {"uv": [8.25, 7.75, 8, 7.625], "texture": "#0"},
				"down": {"uv": [8.25, 7.75, 8, 7.875], "texture": "#0"}
			}
		},
		{
			"from": [2, 20, 9],
			"to": [4, 21, 10],
			"rotation": {"angle": 0, "axis": "y", "origin": [8, 15, 9.5]},
			"faces": {
				"north": {"uv": [8, 7.875, 8.25, 8], "texture": "#0"},
				"east": {"uv": [8.625, 3.75, 8.75, 3.875], "texture": "#0"},
				"south": {"uv": [8, 8, 8.25, 8.125], "texture": "#0"},
				"west": {"uv": [3.875, 8.625, 4, 8.75], "texture": "#0"},
				"up": {"uv": [0.25, 8.25, 0, 8.125], "texture": "#0"},
				"down": {"uv": [0.5, 8.125, 0.25, 8.25], "texture": "#0"}
			}
		},
		{
			"from": [14, 18, 9],
			"to": [15, 19, 10],
			"rotation": {"angle": 0, "axis": "y", "origin": [8, 15, 9.5]},
			"faces": {
				"north": {"uv": [8.625, 3.875, 8.75, 4], "texture": "#0"},
				"east": {"uv": [4, 8.625, 4.125, 8.75], "texture": "#0"},
				"south": {"uv": [8.625, 4, 8.75, 4.125], "texture": "#0"},
				"west": {"uv": [4.125, 8.625, 4.25, 8.75], "texture": "#0"},
				"up": {"uv": [8.75, 4.25, 8.625, 4.125], "texture": "#0"},
				"down": {"uv": [4.375, 8.625, 4.25, 8.75], "texture": "#0"}
			}
		},
		{
			"from": [1, 18, 9],
			"to": [2, 19, 10],
			"rotation": {"angle": 0, "axis": "y", "origin": [8, 15, 9.5]},
			"faces": {
				"north": {"uv": [8.625, 4.25, 8.75, 4.375], "texture": "#0"},
				"east": {"uv": [4.375, 8.625, 4.5, 8.75], "texture": "#0"},
				"south": {"uv": [8.625, 4.375, 8.75, 4.5], "texture": "#0"},
				"west": {"uv": [4.5, 8.625, 4.625, 8.75], "texture": "#0"},
				"up": {"uv": [8.75, 4.625, 8.625, 4.5], "texture": "#0"},
				"down": {"uv": [4.75, 8.625, 4.625, 8.75], "texture": "#0"}
			}
		},
		{
			"from": [14, 11, 9],
			"to": [15, 17, 10],
			"rotation": {"angle": 0, "axis": "y", "origin": [8, 15, 9.5]},
			"faces": {
				"north": {"uv": [7.125, 4.25, 7.25, 5], "texture": "#0"},
				"east": {"uv": [7.125, 5, 7.25, 5.75], "texture": "#0"},
				"south": {"uv": [5.625, 7.125, 5.75, 7.875], "texture": "#0"},
				"west": {"uv": [5.75, 7.125, 5.875, 7.875], "texture": "#0"},
				"up": {"uv": [8.75, 4.75, 8.625, 4.625], "texture": "#0"},
				"down": {"uv": [4.875, 8.625, 4.75, 8.75], "texture": "#0"}
			}
		},
		{
			"from": [5, 16, 9],
			"to": [6, 17, 10],
			"rotation": {"angle": 0, "axis": "y", "origin": [8, 15, 9.5]},
			"faces": {
				"north": {"uv": [8.625, 4.75, 8.75, 4.875], "texture": "#0"},
				"east": {"uv": [4.875, 8.625, 5, 8.75], "texture": "#0"},
				"south": {"uv": [8.625, 4.875, 8.75, 5], "texture": "#0"},
				"west": {"uv": [5, 8.625, 5.125, 8.75], "texture": "#0"},
				"up": {"uv": [8.75, 5.125, 8.625, 5], "texture": "#0"},
				"down": {"uv": [5.25, 8.625, 5.125, 8.75], "texture": "#0"}
			}
		},
		{
			"from": [1.5, 19, 9],
			"to": [2.5, 20, 10],
			"rotation": {"angle": 0, "axis": "y", "origin": [8, 15, 9.5]},
			"faces": {
				"north": {"uv": [8.625, 5.125, 8.75, 5.25], "texture": "#0"},
				"east": {"uv": [5.25, 8.625, 5.375, 8.75], "texture": "#0"},
				"south": {"uv": [8.625, 5.25, 8.75, 5.375], "texture": "#0"},
				"west": {"uv": [5.375, 8.625, 5.5, 8.75], "texture": "#0"},
				"up": {"uv": [8.75, 5.5, 8.625, 5.375], "texture": "#0"},
				"down": {"uv": [5.625, 8.625, 5.5, 8.75], "texture": "#0"}
			}
		},
		{
			"from": [3.5, 19, 9],
			"to": [4.5, 20, 10],
			"rotation": {"angle": 0, "axis": "y", "origin": [8, 15, 9.5]},
			"faces": {
				"north": {"uv": [8.625, 5.5, 8.75, 5.625], "texture": "#0"},
				"east": {"uv": [5.625, 8.625, 5.75, 8.75], "texture": "#0"},
				"south": {"uv": [8.625, 5.625, 8.75, 5.75], "texture": "#0"},
				"west": {"uv": [5.75, 8.625, 5.875, 8.75], "texture": "#0"},
				"up": {"uv": [8.75, 5.875, 8.625, 5.75], "texture": "#0"},
				"down": {"uv": [6, 8.625, 5.875, 8.75], "texture": "#0"}
			}
		},
		{
			"from": [13.5, 19, 9],
			"to": [14.5, 20, 10],
			"rotation": {"angle": 0, "axis": "y", "origin": [8, 15, 9.5]},
			"faces": {
				"north": {"uv": [8.625, 5.875, 8.75, 6], "texture": "#0"},
				"east": {"uv": [6, 8.625, 6.125, 8.75], "texture": "#0"},
				"south": {"uv": [8.625, 6, 8.75, 6.125], "texture": "#0"},
				"west": {"uv": [6.125, 8.625, 6.25, 8.75], "texture": "#0"},
				"up": {"uv": [8.75, 6.25, 8.625, 6.125], "texture": "#0"},
				"down": {"uv": [6.375, 8.625, 6.25, 8.75], "texture": "#0"}
			}
		},
		{
			"from": [12.5, 21, 9],
			"to": [13.5, 22, 10],
			"rotation": {"angle": 0, "axis": "y", "origin": [8, 15, 9.5]},
			"faces": {
				"north": {"uv": [8.625, 6.25, 8.75, 6.375], "texture": "#0"},
				"east": {"uv": [6.375, 8.625, 6.5, 8.75], "texture": "#0"},
				"south": {"uv": [8.625, 6.375, 8.75, 6.5], "texture": "#0"},
				"west": {"uv": [6.5, 8.625, 6.625, 8.75], "texture": "#0"},
				"up": {"uv": [8.75, 6.625, 8.625, 6.5], "texture": "#0"},
				"down": {"uv": [6.75, 8.625, 6.625, 8.75], "texture": "#0"}
			}
		},
		{
			"from": [11.5, 19, 9],
			"to": [12.5, 20, 10],
			"rotation": {"angle": 0, "axis": "y", "origin": [8, 15, 9.5]},
			"faces": {
				"north": {"uv": [8.625, 6.625, 8.75, 6.75], "texture": "#0"},
				"east": {"uv": [6.75, 8.625, 6.875, 8.75], "texture": "#0"},
				"south": {"uv": [8.625, 6.75, 8.75, 6.875], "texture": "#0"},
				"west": {"uv": [6.875, 8.625, 7, 8.75], "texture": "#0"},
				"up": {"uv": [8.75, 7, 8.625, 6.875], "texture": "#0"},
				"down": {"uv": [7.125, 8.625, 7, 8.75], "texture": "#0"}
			}
		},
		{
			"from": [6, 18, 9],
			"to": [7, 19, 10],
			"rotation": {"angle": 0, "axis": "y", "origin": [8, 15, 9.5]},
			"faces": {
				"north": {"uv": [8.625, 7, 8.75, 7.125], "texture": "#0"},
				"east": {"uv": [7.125, 8.625, 7.25, 8.75], "texture": "#0"},
				"south": {"uv": [8.625, 7.125, 8.75, 7.25], "texture": "#0"},
				"west": {"uv": [7.25, 8.625, 7.375, 8.75], "texture": "#0"},
				"up": {"uv": [8.75, 7.375, 8.625, 7.25], "texture": "#0"},
				"down": {"uv": [7.5, 8.625, 7.375, 8.75], "texture": "#0"}
			}
		},
		{
			"from": [11, 18, 9],
			"to": [12, 19, 10],
			"rotation": {"angle": 0, "axis": "y", "origin": [8, 15, 9.5]},
			"faces": {
				"north": {"uv": [8.625, 7.375, 8.75, 7.5], "texture": "#0"},
				"east": {"uv": [7.5, 8.625, 7.625, 8.75], "texture": "#0"},
				"south": {"uv": [8.625, 7.5, 8.75, 7.625], "texture": "#0"},
				"west": {"uv": [7.625, 8.625, 7.75, 8.75], "texture": "#0"},
				"up": {"uv": [8.75, 7.75, 8.625, 7.625], "texture": "#0"},
				"down": {"uv": [7.875, 8.625, 7.75, 8.75], "texture": "#0"}
			}
		},
		{
			"from": [6.5, 19, 9],
			"to": [7.5, 20, 10],
			"rotation": {"angle": 0, "axis": "y", "origin": [8, 15, 9.5]},
			"faces": {
				"north": {"uv": [8.625, 7.75, 8.75, 7.875], "texture": "#0"},
				"east": {"uv": [7.875, 8.625, 8, 8.75], "texture": "#0"},
				"south": {"uv": [8.625, 7.875, 8.75, 8], "texture": "#0"},
				"west": {"uv": [8, 8.625, 8.125, 8.75], "texture": "#0"},
				"up": {"uv": [8.75, 8.125, 8.625, 8], "texture": "#0"},
				"down": {"uv": [8.25, 8.625, 8.125, 8.75], "texture": "#0"}
			}
		},
		{
			"from": [7, 20, 9],
			"to": [9, 21, 10],
			"rotation": {"angle": 0, "axis": "y", "origin": [8, 15, 9.5]},
			"faces": {
				"north": {"uv": [8.125, 0.75, 8.375, 0.875], "texture": "#0"},
				"east": {"uv": [8.625, 8.125, 8.75, 8.25], "texture": "#0"},
				"south": {"uv": [0.875, 8.125, 1.125, 8.25], "texture": "#0"},
				"west": {"uv": [8.25, 8.625, 8.375, 8.75], "texture": "#0"},
				"up": {"uv": [8.375, 1, 8.125, 0.875], "texture": "#0"},
				"down": {"uv": [8.375, 1, 8.125, 1.125], "texture": "#0"}
			}
		},
		{
			"from": [7.5, 21, 9],
			"to": [8.5, 22, 10],
			"rotation": {"angle": 0, "axis": "y", "origin": [8, 15, 9.5]},
			"faces": {
				"north": {"uv": [8.625, 8.25, 8.75, 8.375], "texture": "#0"},
				"east": {"uv": [8.375, 8.625, 8.5, 8.75], "texture": "#0"},
				"south": {"uv": [8.625, 8.375, 8.75, 8.5], "texture": "#0"},
				"west": {"uv": [8.5, 8.625, 8.625, 8.75], "texture": "#0"},
				"up": {"uv": [8.75, 8.625, 8.625, 8.5], "texture": "#0"},
				"down": {"uv": [8.75, 8.625, 8.625, 8.75], "texture": "#0"}
			}
		},
		{
			"from": [9, 18, 9],
			"to": [10, 19, 10],
			"rotation": {"angle": 0, "axis": "y", "origin": [8, 15, 9.5]},
			"faces": {
				"north": {"uv": [0, 8.75, 0.125, 8.875], "texture": "#0"},
				"east": {"uv": [8.75, 0, 8.875, 0.125], "texture": "#0"},
				"south": {"uv": [0.125, 8.75, 0.25, 8.875], "texture": "#0"},
				"west": {"uv": [8.75, 0.125, 8.875, 0.25], "texture": "#0"},
				"up": {"uv": [0.375, 8.875, 0.25, 8.75], "texture": "#0"},
				"down": {"uv": [8.875, 0.25, 8.75, 0.375], "texture": "#0"}
			}
		},
		{
			"from": [8.5, 19, 9],
			"to": [9.5, 20, 10],
			"rotation": {"angle": 0, "axis": "y", "origin": [8, 15, 9.5]},
			"faces": {
				"north": {"uv": [0.375, 8.75, 0.5, 8.875], "texture": "#0"},
				"east": {"uv": [8.75, 0.375, 8.875, 0.5], "texture": "#0"},
				"south": {"uv": [0.5, 8.75, 0.625, 8.875], "texture": "#0"},
				"west": {"uv": [8.75, 0.5, 8.875, 0.625], "texture": "#0"},
				"up": {"uv": [0.75, 8.875, 0.625, 8.75], "texture": "#0"},
				"down": {"uv": [8.875, 0.625, 8.75, 0.75], "texture": "#0"}
			}
		},
		{
			"from": [4, 18, 9],
			"to": [5, 19, 10],
			"rotation": {"angle": 0, "axis": "y", "origin": [8, 15, 9.5]},
			"faces": {
				"north": {"uv": [0.75, 8.75, 0.875, 8.875], "texture": "#0"},
				"east": {"uv": [8.75, 0.75, 8.875, 0.875], "texture": "#0"},
				"south": {"uv": [0.875, 8.75, 1, 8.875], "texture": "#0"},
				"west": {"uv": [8.75, 0.875, 8.875, 1], "texture": "#0"},
				"up": {"uv": [1.125, 8.875, 1, 8.75], "texture": "#0"},
				"down": {"uv": [8.875, 1, 8.75, 1.125], "texture": "#0"}
			}
		},
		{
			"from": [9.5, 17, 9],
			"to": [10.5, 18, 10],
			"rotation": {"angle": 0, "axis": "y", "origin": [8, 15, 9.5]},
			"faces": {
				"north": {"uv": [1.125, 8.75, 1.25, 8.875], "texture": "#0"},
				"east": {"uv": [8.75, 1.125, 8.875, 1.25], "texture": "#0"},
				"south": {"uv": [1.25, 8.75, 1.375, 8.875], "texture": "#0"},
				"west": {"uv": [8.75, 1.25, 8.875, 1.375], "texture": "#0"},
				"up": {"uv": [1.5, 8.875, 1.375, 8.75], "texture": "#0"},
				"down": {"uv": [8.875, 1.375, 8.75, 1.5], "texture": "#0"}
			}
		},
		{
			"from": [10.5, 17, 9],
			"to": [11.5, 18, 10],
			"rotation": {"angle": 0, "axis": "y", "origin": [8, 15, 9.5]},
			"faces": {
				"north": {"uv": [1.5, 8.75, 1.625, 8.875], "texture": "#0"},
				"east": {"uv": [8.75, 1.5, 8.875, 1.625], "texture": "#0"},
				"south": {"uv": [1.625, 8.75, 1.75, 8.875], "texture": "#0"},
				"west": {"uv": [8.75, 1.625, 8.875, 1.75], "texture": "#0"},
				"up": {"uv": [1.875, 8.875, 1.75, 8.75], "texture": "#0"},
				"down": {"uv": [8.875, 1.75, 8.75, 1.875], "texture": "#0"}
			}
		},
		{
			"from": [5.5, 17, 9],
			"to": [6.5, 18, 10],
			"rotation": {"angle": 0, "axis": "y", "origin": [8, 15, 9.5]},
			"faces": {
				"north": {"uv": [1.875, 8.75, 2, 8.875], "texture": "#0"},
				"east": {"uv": [8.75, 1.875, 8.875, 2], "texture": "#0"},
				"south": {"uv": [2, 8.75, 2.125, 8.875], "texture": "#0"},
				"west": {"uv": [8.75, 2, 8.875, 2.125], "texture": "#0"},
				"up": {"uv": [2.25, 8.875, 2.125, 8.75], "texture": "#0"},
				"down": {"uv": [8.875, 2.125, 8.75, 2.25], "texture": "#0"}
			}
		},
		{
			"from": [4.5, 17, 9],
			"to": [5.5, 18, 10],
			"rotation": {"angle": 0, "axis": "y", "origin": [8, 15, 9.5]},
			"faces": {
				"north": {"uv": [2.25, 8.75, 2.375, 8.875], "texture": "#0"},
				"east": {"uv": [8.75, 2.25, 8.875, 2.375], "texture": "#0"},
				"south": {"uv": [2.375, 8.75, 2.5, 8.875], "texture": "#0"},
				"west": {"uv": [8.75, 2.375, 8.875, 2.5], "texture": "#0"},
				"up": {"uv": [2.625, 8.875, 2.5, 8.75], "texture": "#0"},
				"down": {"uv": [8.875, 2.5, 8.75, 2.625], "texture": "#0"}
			}
		},
		{
			"from": [1, 17, 9],
			"to": [2, 18, 10],
			"rotation": {"angle": 0, "axis": "y", "origin": [8, 15, 9.5]},
			"faces": {
				"north": {"uv": [2.625, 8.75, 2.75, 8.875], "texture": "#0"},
				"east": {"uv": [8.75, 2.625, 8.875, 2.75], "texture": "#0"},
				"south": {"uv": [2.75, 8.75, 2.875, 8.875], "texture": "#0"},
				"west": {"uv": [8.75, 2.75, 8.875, 2.875], "texture": "#0"},
				"up": {"uv": [3, 8.875, 2.875, 8.75], "texture": "#0"},
				"down": {"uv": [8.875, 2.875, 8.75, 3], "texture": "#0"}
			}
		},
		{
			"from": [14, 17, 9],
			"to": [15, 18, 10],
			"rotation": {"angle": 0, "axis": "y", "origin": [8, 15, 9.5]},
			"faces": {
				"north": {"uv": [3, 8.75, 3.125, 8.875], "texture": "#0"},
				"east": {"uv": [8.75, 3, 8.875, 3.125], "texture": "#0"},
				"south": {"uv": [3.125, 8.75, 3.25, 8.875], "texture": "#0"},
				"west": {"uv": [8.75, 3.125, 8.875, 3.25], "texture": "#0"},
				"up": {"uv": [3.375, 8.875, 3.25, 8.75], "texture": "#0"},
				"down": {"uv": [8.875, 3.25, 8.75, 3.375], "texture": "#0"}
			}
		}
	],
	"display": {
		"thirdperson_righthand": {
			"rotation": [-135, 180, 180],
			"translation": [0, 1.25, 0],
			"scale": [0.08, 0.08, 0.1]
		},
		"thirdperson_lefthand": {
			"rotation": [-135, 180, 180],
			"translation": [0, 1.25, 0],
			"scale": [0.08, 0.08, 0.1]
		},
		"firstperson_righthand": {
			"rotation": [180, 16, 180],
			"scale": [0.15, 0.15, 0.15]
		},
		"firstperson_lefthand": {
			"rotation": [180, 16, 180],
			"scale": [0.15, 0.15, 0.15]
		},
		"ground": {
			"rotation": [180, 5, 180],
			"scale": [0.1, 0.1, 0.1]
		},
		"gui": {
			"rotation": [180, 0, 180],
			"translation": [0, -2, -0.75],
			"scale": [0.26, 0.26, 0.26]
		},
		"head": {
			"rotation": [0, 180, 0],
			"translation": [0, 6, 0],
			"scale": [0.55, 0.21484, 0.15625]
		},
		"fixed": {
			"rotation": [180, 180, 180],
			"translation": [0, -1.75, -0.75],
			"scale": [0.26, 0.26, 0.26]
		}
	},
	"groups": [
		{
			"name": "mince",
			"origin": [8, 8, 8],
			"color": 0,
			"children": [
				{
					"name": "rámy",
					"origin": [0, 0, 0],
					"color": 0,
					"children": [
						{
							"name": "rám",
							"origin": [0, 0, 0],
							"color": 0,
							"children": [
								0,
								1,
								2,
								3,
								4,
								5,
								6,
								7,
								8,
								{
									"name": "group",
									"origin": [0, 0, 0],
									"color": 0,
									"children": [
										9,
										10,
										11,
										12,
										13,
										14,
										15,
										16,
										17,
										{
											"name": "group",
											"origin": [0, 0, 0],
											"color": 0,
											"children": [
												18,
												19,
												20,
												21,
												22,
												23,
												24,
												25,
												26,
												{
													"name": "group",
													"origin": [0, 0, 0],
													"color": 0,
													"children": [27, 28, 29, 30, 31, 32, 33, 34, 35]
												}
											]
										}
									]
								}
							]
						},
						{
							"name": "rám",
							"origin": [0, 0, 0],
							"color": 0,
							"children": [
								36,
								37,
								38,
								39,
								40,
								41,
								42,
								43,
								44,
								{
									"name": "group",
									"origin": [0, 0, 0],
									"color": 0,
									"children": [
										45,
										46,
										47,
										48,
										49,
										50,
										51,
										52,
										53,
										{
											"name": "group",
											"origin": [0, 0, 0],
											"color": 0,
											"children": [
												54,
												55,
												56,
												57,
												58,
												59,
												60,
												61,
												62,
												{
													"name": "group",
													"origin": [0, 0, 0],
													"color": 0,
													"children": [63, 64, 65, 66, 67, 68, 69, 70, 71]
												}
											]
										}
									]
								}
							]
						}
					]
				},
				{
					"name": "základ",
					"origin": [0, 0, 0],
					"color": 0,
					"children": [72, 73, 74, 75, 76, 77, 78, 79, 80, 81, 82, 83, 84, 85, 86, 87, 88, 89]
				},
				{
					"name": "vnitřní rámy",
					"origin": [8, 8, 8],
					"color": 0,
					"children": [
						{
							"name": "vnitřní rám 2",
							"origin": [8, 8, 8],
							"color": 0,
							"children": [90, 91, 92, 93, 94, 95, 96, 97, 98, 99, 100, 101, 102, 103, 104]
						},
						{
							"name": "vnitřní rám 1",
							"origin": [0, 0, 0],
							"color": 0,
							"children": [
								105,
								106,
								107,
								108,
								109,
								110,
								111,
								112,
								{
									"name": "group",
									"origin": [0, 0, 0],
									"color": 0,
									"children": [113, 114, 115, 116, 117, 118, 119, 120, 121]
								}
							]
						},
						{
							"name": "vnitřní rámy druhá strana",
							"origin": [8, 8, 8],
							"color": 0,
							"children": [
								{
									"name": "vnitřní rám 2",
									"origin": [8, 8, 8],
									"color": 0,
									"children": [122, 123, 124, 125, 126, 127, 128, 129, 130, 131, 132, 133, 134, 135, 136]
								},
								{
									"name": "vnitřní rám 1",
									"origin": [0, 0, 0],
									"color": 0,
									"children": [
										137,
										138,
										139,
										140,
										141,
										142,
										143,
										144,
										{
											"name": "group",
											"origin": [0, 0, 0],
											"color": 0,
											"children": [145, 146, 147, 148, 149, 150, 151, 152, 153]
										}
									]
								}
							]
						}
					]
				},
				{
					"name": "obrázky na minci",
					"origin": [0, 0, 0],
					"color": 0,
					"children": [
						{
							"name": "hlava",
							"origin": [0, 0, 0],
							"color": 0,
							"children": [154]
						},
						{
							"name": "koruna",
							"origin": [0, 0, 0],
							"color": 0,
							"children": [155, 156, 157, 158, 159, 160, 161, 162, 163, 164, 165, 166, 167, 168, 169, 170, 171, 172, 173, 174, 175, 176, 177, 178, 179, 180, 181, 182, 183]
						}
					]
				}
			]
		}
	]
}