{
	"credit": "Made with Blockbench",
	"texture_size": [128, 128],
	"textures": {
		"1": "klenoty:item/listek"
	},
	"elements": [
		{
			"from": [-16, -12, 1],
			"to": [32, 12, 2],
			"rotation": {"angle": 0, "axis": "z", "origin": [-4, 8, 1.5]},
			"faces": {
				"north": {"uv": [0, 0, 6, 3], "texture": "#1"},
				"east": {"uv": [6, 0.125, 6.125, 3.125], "texture": "#1"},
				"south": {"uv": [0, 3, 6, 6], "texture": "#1"},
				"west": {"uv": [6, 3.125, 6.125, 6.125], "texture": "#1"},
				"up": {"uv": [6, 6.125, 0, 6], "texture": "#1"},
				"down": {"uv": [12, 0, 6, 0.125], "texture": "#1"}
			}
		}
	],
	"display": {
		"thirdperson_righthand": {
			"rotation": [45, 90, 0],
			"translation": [1, 2, 0.25],
			"scale": [0.15, 0.15, 0.15]
		},
		"thirdperson_lefthand": {
			"rotation": [45, 90, 0],
			"translation": [1, 2, 0.25],
			"scale": [0.15, 0.15, 0.15]
		},
		"firstperson_righthand": {
			"rotation": [0, -60, 0],
			"translation": [0, 3.5, -0.5],
			"scale": [0.25, 0.25, 0.25]
		},
		"firstperson_lefthand": {
			"rotation": [0, 100, 0],
			"translation": [0.25, 5.25, 0.25],
			"scale": [0.25, 0.25, 0.25]
		},
		"ground": {
			"rotation": [45, 0, 0],
			"translation": [0, -1.5, 0],
			"scale": [0.2, 0.2, 0.2]
		},
		"gui": {
			"rotation": [0, 0, -45],
			"translation": [1.75, 1.75, 0],
			"scale": [0.3, 0.3, 0.3]
		},
		"head": {
			"translation": [0, 4.25, -4],
			"scale": [0.5, 0.5, 0.5]
		},
		"fixed": {
			"translation": [0, 0, 3.5],
			"scale": [0.4, 0.4, 0.4]
		}
	}
}