{
	"credit": "Made with Blockbench",
	"parent": "blaze_rod",
	"texture_size": [32, 32],
	"textures": {
		"0": "klenoty:item/zezlo_textura",
		"particle": "klenoty:item/zezlo_textura"
	},
	"elements": [
		{
			"from": [7, 20, 9],
			"to": [10, 21, 10],
			"faces": {
				"north": {"uv": [4, 10.5, 5.5, 11], "texture": "#0"},
				"east": {"uv": [13, 5, 13.5, 5.5], "texture": "#0"},
				"south": {"uv": [5.5, 10.5, 7, 11], "texture": "#0"},
				"west": {"uv": [13, 5.5, 13.5, 6], "texture": "#0"},
				"up": {"uv": [12, 7, 10.5, 6.5], "texture": "#0"},
				"down": {"uv": [8.5, 10.5, 7, 11], "texture": "#0"}
			}
		},
		{
			"from": [7, 24, 9],
			"to": [10, 25, 10],
			"faces": {
				"north": {"uv": [10.5, 1.5, 12, 2], "texture": "#0"},
				"east": {"uv": [13, 3, 13.5, 3.5], "texture": "#0"},
				"south": {"uv": [10.5, 2, 12, 2.5], "texture": "#0"},
				"west": {"uv": [4.5, 13, 5, 13.5], "texture": "#0"},
				"up": {"uv": [4, 11, 2.5, 10.5], "texture": "#0"},
				"down": {"uv": [12, 2.5, 10.5, 3], "texture": "#0"}
			}
		},
		{
			"from": [7, 21, 9],
			"to": [11, 24, 10],
			"faces": {
				"north": {"uv": [8, 3, 10, 4.5], "texture": "#0"},
				"east": {"uv": [10.5, 7, 11, 8.5], "texture": "#0"},
				"south": {"uv": [8, 4.5, 10, 6], "texture": "#0"},
				"west": {"uv": [8.5, 10.5, 9, 12], "texture": "#0"},
				"up": {"uv": [12.5, 0.5, 10.5, 0], "texture": "#0"},
				"down": {"uv": [2.5, 10.5, 0.5, 11], "texture": "#0"}
			}
		},
		{
			"from": [10, 20, 6],
			"to": [11, 21, 9],
			"faces": {
				"north": {"uv": [13, 11.5, 13.5, 12], "texture": "#0"},
				"east": {"uv": [2, 11.5, 3.5, 12], "texture": "#0"},
				"south": {"uv": [12, 13, 12.5, 13.5], "texture": "#0"},
				"west": {"uv": [11.5, 3, 13, 3.5], "texture": "#0"},
				"up": {"uv": [12, 5, 11.5, 3.5], "texture": "#0"},
				"down": {"uv": [5, 11.5, 4.5, 13], "texture": "#0"}
			}
		},
		{
			"from": [10, 24, 6],
			"to": [11, 25, 9],
			"faces": {
				"north": {"uv": [12.5, 13, 13, 13.5], "texture": "#0"},
				"east": {"uv": [5, 11.5, 6.5, 12], "texture": "#0"},
				"south": {"uv": [13, 13, 13.5, 13.5], "texture": "#0"},
				"west": {"uv": [11.5, 5, 13, 5.5], "texture": "#0"},
				"up": {"uv": [7, 13, 6.5, 11.5], "texture": "#0"},
				"down": {"uv": [7.5, 11.5, 7, 13], "texture": "#0"}
			}
		},
		{
			"from": [10, 21, 6],
			"to": [11, 24, 9],
			"faces": {
				"north": {"uv": [11.5, 7, 12, 8.5], "texture": "#0"},
				"east": {"uv": [0, 9, 1.5, 10.5], "texture": "#0"},
				"south": {"uv": [9, 11.5, 9.5, 13], "texture": "#0"},
				"west": {"uv": [1.5, 9, 3, 10.5], "texture": "#0"},
				"up": {"uv": [10, 13, 9.5, 11.5], "texture": "#0"},
				"down": {"uv": [10.5, 11.5, 10, 13], "texture": "#0"}
			}
		},
		{
			"from": [6, 20, 6],
			"to": [7, 21, 9],
			"faces": {
				"north": {"uv": [9.5, 13, 10, 13.5], "texture": "#0"},
				"east": {"uv": [4.5, 11, 6, 11.5], "texture": "#0"},
				"south": {"uv": [10, 13, 10.5, 13.5], "texture": "#0"},
				"west": {"uv": [6, 11, 7.5, 11.5], "texture": "#0"},
				"up": {"uv": [11.5, 8.5, 11, 7], "texture": "#0"},
				"down": {"uv": [8, 11, 7.5, 12.5], "texture": "#0"}
			}
		},
		{
			"from": [6, 24, 6],
			"to": [7, 25, 9],
			"faces": {
				"north": {"uv": [13, 10.5, 13.5, 11], "texture": "#0"},
				"east": {"uv": [9, 11, 10.5, 11.5], "texture": "#0"},
				"south": {"uv": [13, 11, 13.5, 11.5], "texture": "#0"},
				"west": {"uv": [10.5, 11, 12, 11.5], "texture": "#0"},
				"up": {"uv": [8.5, 12.5, 8, 11], "texture": "#0"},
				"down": {"uv": [1, 11.5, 0.5, 13], "texture": "#0"}
			}
		},
		{
			"from": [6, 21, 5],
			"to": [7, 24, 10],
			"faces": {
				"north": {"uv": [1, 11.5, 1.5, 13], "texture": "#0"},
				"east": {"uv": [8, 0, 10.5, 1.5], "texture": "#0"},
				"south": {"uv": [1.5, 11.5, 2, 13], "texture": "#0"},
				"west": {"uv": [8, 1.5, 10.5, 3], "texture": "#0"},
				"up": {"uv": [10.5, 9, 10, 6.5], "texture": "#0"},
				"down": {"uv": [0.5, 10.5, 0, 13], "texture": "#0"}
			}
		},
		{
			"from": [7, 24, 6],
			"to": [10, 25, 9],
			"faces": {
				"north": {"uv": [11.5, 5.5, 13, 6], "texture": "#0"},
				"east": {"uv": [11.5, 6, 13, 6.5], "texture": "#0"},
				"south": {"uv": [10.5, 11.5, 12, 12], "texture": "#0"},
				"west": {"uv": [12, 1.5, 13.5, 2], "texture": "#0"},
				"up": {"uv": [4.5, 10.5, 3, 9], "texture": "#0"},
				"down": {"uv": [6, 9, 4.5, 10.5], "texture": "#0"}
			}
		},
		{
			"from": [7, 20, 6],
			"to": [10, 21, 9],
			"faces": {
				"north": {"uv": [2, 12, 3.5, 12.5], "texture": "#0"},
				"east": {"uv": [12, 2, 13.5, 2.5], "texture": "#0"},
				"south": {"uv": [12, 2.5, 13.5, 3], "texture": "#0"},
				"west": {"uv": [12, 3.5, 13.5, 4], "texture": "#0"},
				"up": {"uv": [7.5, 10.5, 6, 9], "texture": "#0"},
				"down": {"uv": [9, 9, 7.5, 10.5], "texture": "#0"}
			}
		},
		{
			"from": [7, 21, 5],
			"to": [11, 24, 6],
			"faces": {
				"north": {"uv": [8, 6, 10, 7.5], "texture": "#0"},
				"east": {"uv": [3.5, 11, 4, 12.5], "texture": "#0"},
				"south": {"uv": [8, 7.5, 10, 9], "texture": "#0"},
				"west": {"uv": [4, 11, 4.5, 12.5], "texture": "#0"},
				"up": {"uv": [12.5, 1, 10.5, 0.5], "texture": "#0"},
				"down": {"uv": [12.5, 1, 10.5, 1.5], "texture": "#0"}
			}
		},
		{
			"from": [7, 24, 5],
			"to": [10, 25, 6],
			"faces": {
				"north": {"uv": [10.5, 10, 12, 10.5], "texture": "#0"},
				"east": {"uv": [7, 13, 7.5, 13.5], "texture": "#0"},
				"south": {"uv": [10.5, 10.5, 12, 11], "texture": "#0"},
				"west": {"uv": [9, 13, 9.5, 13.5], "texture": "#0"},
				"up": {"uv": [2, 11.5, 0.5, 11], "texture": "#0"},
				"down": {"uv": [3.5, 11, 2, 11.5], "texture": "#0"}
			}
		},
		{
			"from": [7, 20, 5],
			"to": [10, 21, 6],
			"faces": {
				"north": {"uv": [10.5, 8.5, 12, 9], "texture": "#0"},
				"east": {"uv": [13, 6, 13.5, 6.5], "texture": "#0"},
				"south": {"uv": [9, 10.5, 10.5, 11], "texture": "#0"},
				"west": {"uv": [6.5, 13, 7, 13.5], "texture": "#0"},
				"up": {"uv": [12, 9.5, 10.5, 9], "texture": "#0"},
				"down": {"uv": [12, 9.5, 10.5, 10], "texture": "#0"}
			}
		},
		{
			"from": [7, 26, 7],
			"to": [10, 28, 8],
			"faces": {
				"north": {"uv": [10, 4.5, 11.5, 5.5], "texture": "#0"},
				"east": {"uv": [13, 0.5, 13.5, 1.5], "texture": "#0"},
				"south": {"uv": [10, 5.5, 11.5, 6.5], "texture": "#0"},
				"west": {"uv": [1.5, 13, 2, 14], "texture": "#0"},
				"up": {"uv": [13.5, 4.5, 12, 4], "texture": "#0"},
				"down": {"uv": [13.5, 4.5, 12, 5], "texture": "#0"}
			}
		},
		{
			"from": [8, 28, 7],
			"to": [9, 29, 8],
			"faces": {
				"north": {"uv": [0, 13.5, 0.5, 14], "texture": "#0"},
				"east": {"uv": [0.5, 13.5, 1, 14], "texture": "#0"},
				"south": {"uv": [13.5, 0.5, 14, 1], "texture": "#0"},
				"west": {"uv": [1, 13.5, 1.5, 14], "texture": "#0"},
				"up": {"uv": [14, 1.5, 13.5, 1], "texture": "#0"},
				"down": {"uv": [14, 1.5, 13.5, 2], "texture": "#0"}
			}
		},
		{
			"from": [8, 25, 7],
			"to": [9, 26, 8],
			"faces": {
				"north": {"uv": [13.5, 2, 14, 2.5], "texture": "#0"},
				"east": {"uv": [13.5, 2.5, 14, 3], "texture": "#0"},
				"south": {"uv": [13.5, 3, 14, 3.5], "texture": "#0"},
				"west": {"uv": [13.5, 3.5, 14, 4], "texture": "#0"},
				"up": {"uv": [14, 4.5, 13.5, 4], "texture": "#0"},
				"down": {"uv": [5, 13.5, 4.5, 14], "texture": "#0"}
			}
		},
		{
			"from": [7, 1, 7],
			"to": [10, 2, 8],
			"faces": {
				"north": {"uv": [12, 12.5, 13.5, 13], "texture": "#0"},
				"east": {"uv": [14.5, 6, 15, 6.5], "texture": "#0"},
				"south": {"uv": [12.5, 12, 14, 12.5], "texture": "#0"},
				"west": {"uv": [6.5, 14.5, 7, 15], "texture": "#0"},
				"up": {"uv": [1.5, 13.5, 0, 13], "texture": "#0"},
				"down": {"uv": [14.5, 0, 13, 0.5], "texture": "#0"}
			}
		},
		{
			"from": [8, 1, 6],
			"to": [9, 2, 9],
			"faces": {
				"north": {"uv": [14.5, 5.5, 15, 6], "texture": "#0"},
				"east": {"uv": [12.5, 9.5, 14, 10], "texture": "#0"},
				"south": {"uv": [6, 14.5, 6.5, 15], "texture": "#0"},
				"west": {"uv": [12.5, 10, 14, 10.5], "texture": "#0"},
				"up": {"uv": [8.5, 14, 8, 12.5], "texture": "#0"},
				"down": {"uv": [13, 10.5, 12.5, 12], "texture": "#0"}
			}
		},
		{
			"from": [5, 21, 7],
			"to": [6, 24, 8],
			"faces": {
				"north": {"uv": [5, 12, 5.5, 13.5], "texture": "#0"},
				"east": {"uv": [5.5, 12, 6, 13.5], "texture": "#0"},
				"south": {"uv": [6, 12, 6.5, 13.5], "texture": "#0"},
				"west": {"uv": [12, 6.5, 12.5, 8], "texture": "#0"},
				"up": {"uv": [14, 5, 13.5, 4.5], "texture": "#0"},
				"down": {"uv": [5.5, 13.5, 5, 14], "texture": "#0"}
			}
		},
		{
			"from": [8, 21, 10],
			"to": [9, 24, 11],
			"faces": {
				"north": {"uv": [12, 8, 12.5, 9.5], "texture": "#0"},
				"east": {"uv": [8.5, 12, 9, 13.5], "texture": "#0"},
				"south": {"uv": [12, 9.5, 12.5, 11], "texture": "#0"},
				"west": {"uv": [10.5, 12, 11, 13.5], "texture": "#0"},
				"up": {"uv": [14, 5.5, 13.5, 5], "texture": "#0"},
				"down": {"uv": [6, 13.5, 5.5, 14], "texture": "#0"}
			}
		},
		{
			"from": [11, 21, 7],
			"to": [12, 24, 8],
			"faces": {
				"north": {"uv": [11, 12, 11.5, 13.5], "texture": "#0"},
				"east": {"uv": [12, 11, 12.5, 12.5], "texture": "#0"},
				"south": {"uv": [11.5, 12, 12, 13.5], "texture": "#0"},
				"west": {"uv": [12.5, 0, 13, 1.5], "texture": "#0"},
				"up": {"uv": [14, 6, 13.5, 5.5], "texture": "#0"},
				"down": {"uv": [6.5, 13.5, 6, 14], "texture": "#0"}
			}
		},
		{
			"from": [8, 21, 4],
			"to": [9, 24, 5],
			"faces": {
				"north": {"uv": [2, 12.5, 2.5, 14], "texture": "#0"},
				"east": {"uv": [2.5, 12.5, 3, 14], "texture": "#0"},
				"south": {"uv": [3, 12.5, 3.5, 14], "texture": "#0"},
				"west": {"uv": [3.5, 12.5, 4, 14], "texture": "#0"},
				"up": {"uv": [14, 6.5, 13.5, 6], "texture": "#0"},
				"down": {"uv": [7, 13.5, 6.5, 14], "texture": "#0"}
			}
		},
		{
			"from": [7, 2, 7],
			"to": [10, 19, 8],
			"faces": {
				"north": {"uv": [0, 0, 1.5, 9], "texture": "#0"},
				"east": {"uv": [6, 0, 6.5, 9], "texture": "#0"},
				"south": {"uv": [1.5, 0, 3, 9], "texture": "#0"},
				"west": {"uv": [6.5, 0, 7, 9], "texture": "#0"},
				"up": {"uv": [14, 7, 12.5, 6.5], "texture": "#0"},
				"down": {"uv": [14, 7, 12.5, 7.5], "texture": "#0"}
			}
		},
		{
			"from": [8, 2, 6],
			"to": [9, 19, 9],
			"faces": {
				"north": {"uv": [7, 0, 7.5, 9], "texture": "#0"},
				"east": {"uv": [3, 0, 4.5, 9], "texture": "#0"},
				"south": {"uv": [7.5, 0, 8, 9], "texture": "#0"},
				"west": {"uv": [4.5, 0, 6, 9], "texture": "#0"},
				"up": {"uv": [4.5, 14, 4, 12.5], "texture": "#0"},
				"down": {"uv": [8, 12.5, 7.5, 14], "texture": "#0"}
			}
		},
		{
			"from": [8, 2, 9],
			"to": [9, 3, 10],
			"faces": {
				"north": {"uv": [7, 13.5, 7.5, 14], "texture": "#0"},
				"east": {"uv": [8.5, 13.5, 9, 14], "texture": "#0"},
				"south": {"uv": [9, 13.5, 9.5, 14], "texture": "#0"},
				"west": {"uv": [9.5, 13.5, 10, 14], "texture": "#0"},
				"up": {"uv": [10.5, 14, 10, 13.5], "texture": "#0"},
				"down": {"uv": [11, 13.5, 10.5, 14], "texture": "#0"}
			}
		},
		{
			"from": [8, 7, 9],
			"to": [9, 8, 10],
			"faces": {
				"north": {"uv": [14.5, 2.5, 15, 3], "texture": "#0"},
				"east": {"uv": [3, 14.5, 3.5, 15], "texture": "#0"},
				"south": {"uv": [14.5, 3, 15, 3.5], "texture": "#0"},
				"west": {"uv": [3.5, 14.5, 4, 15], "texture": "#0"},
				"up": {"uv": [15, 4, 14.5, 3.5], "texture": "#0"},
				"down": {"uv": [4.5, 14.5, 4, 15], "texture": "#0"}
			}
		},
		{
			"from": [7, 2, 8],
			"to": [8, 3, 9],
			"faces": {
				"north": {"uv": [13.5, 10.5, 14, 11], "texture": "#0"},
				"east": {"uv": [11, 13.5, 11.5, 14], "texture": "#0"},
				"south": {"uv": [13.5, 11, 14, 11.5], "texture": "#0"},
				"west": {"uv": [11.5, 13.5, 12, 14], "texture": "#0"},
				"up": {"uv": [14, 12, 13.5, 11.5], "texture": "#0"},
				"down": {"uv": [12.5, 13.5, 12, 14], "texture": "#0"}
			}
		},
		{
			"from": [7, 7, 8],
			"to": [8, 8, 9],
			"faces": {
				"north": {"uv": [14.5, 1, 15, 1.5], "texture": "#0"},
				"east": {"uv": [1.5, 14.5, 2, 15], "texture": "#0"},
				"south": {"uv": [14.5, 1.5, 15, 2], "texture": "#0"},
				"west": {"uv": [2, 14.5, 2.5, 15], "texture": "#0"},
				"up": {"uv": [15, 2.5, 14.5, 2], "texture": "#0"},
				"down": {"uv": [3, 14.5, 2.5, 15], "texture": "#0"}
			}
		},
		{
			"from": [6, 2, 7],
			"to": [7, 3, 8],
			"faces": {
				"north": {"uv": [12.5, 13.5, 13, 14], "texture": "#0"},
				"east": {"uv": [13.5, 12.5, 14, 13], "texture": "#0"},
				"south": {"uv": [13, 13.5, 13.5, 14], "texture": "#0"},
				"west": {"uv": [13.5, 13, 14, 13.5], "texture": "#0"},
				"up": {"uv": [14, 14, 13.5, 13.5], "texture": "#0"},
				"down": {"uv": [0.5, 14, 0, 14.5], "texture": "#0"}
			}
		},
		{
			"from": [6, 7, 7],
			"to": [7, 8, 8],
			"faces": {
				"north": {"uv": [14, 14, 14.5, 14.5], "texture": "#0"},
				"east": {"uv": [0, 14.5, 0.5, 15], "texture": "#0"},
				"south": {"uv": [14.5, 0, 15, 0.5], "texture": "#0"},
				"west": {"uv": [0.5, 14.5, 1, 15], "texture": "#0"},
				"up": {"uv": [15, 1, 14.5, 0.5], "texture": "#0"},
				"down": {"uv": [1.5, 14.5, 1, 15], "texture": "#0"}
			}
		},
		{
			"from": [7, 2, 6],
			"to": [8, 3, 7],
			"faces": {
				"north": {"uv": [0.5, 14, 1, 14.5], "texture": "#0"},
				"east": {"uv": [14, 0.5, 14.5, 1], "texture": "#0"},
				"south": {"uv": [1, 14, 1.5, 14.5], "texture": "#0"},
				"west": {"uv": [14, 1, 14.5, 1.5], "texture": "#0"},
				"up": {"uv": [2, 14.5, 1.5, 14], "texture": "#0"},
				"down": {"uv": [14.5, 1.5, 14, 2], "texture": "#0"}
			}
		},
		{
			"from": [7, 7, 6],
			"to": [8, 8, 7],
			"faces": {
				"north": {"uv": [12.5, 14, 13, 14.5], "texture": "#0"},
				"east": {"uv": [14, 12.5, 14.5, 13], "texture": "#0"},
				"south": {"uv": [13, 14, 13.5, 14.5], "texture": "#0"},
				"west": {"uv": [14, 13, 14.5, 13.5], "texture": "#0"},
				"up": {"uv": [14, 14.5, 13.5, 14], "texture": "#0"},
				"down": {"uv": [14.5, 13.5, 14, 14], "texture": "#0"}
			}
		},
		{
			"from": [9, 2, 6],
			"to": [10, 3, 7],
			"faces": {
				"north": {"uv": [2, 14, 2.5, 14.5], "texture": "#0"},
				"east": {"uv": [14, 2, 14.5, 2.5], "texture": "#0"},
				"south": {"uv": [2.5, 14, 3, 14.5], "texture": "#0"},
				"west": {"uv": [14, 2.5, 14.5, 3], "texture": "#0"},
				"up": {"uv": [3.5, 14.5, 3, 14], "texture": "#0"},
				"down": {"uv": [14.5, 3, 14, 3.5], "texture": "#0"}
			}
		},
		{
			"from": [10, 2, 7],
			"to": [11, 3, 8],
			"faces": {
				"north": {"uv": [5, 14, 5.5, 14.5], "texture": "#0"},
				"east": {"uv": [14, 5, 14.5, 5.5], "texture": "#0"},
				"south": {"uv": [5.5, 14, 6, 14.5], "texture": "#0"},
				"west": {"uv": [14, 5.5, 14.5, 6], "texture": "#0"},
				"up": {"uv": [6.5, 14.5, 6, 14], "texture": "#0"},
				"down": {"uv": [14.5, 6, 14, 6.5], "texture": "#0"}
			}
		},
		{
			"from": [10, 7, 7],
			"to": [11, 8, 8],
			"faces": {
				"north": {"uv": [8, 14, 8.5, 14.5], "texture": "#0"},
				"east": {"uv": [14, 8, 14.5, 8.5], "texture": "#0"},
				"south": {"uv": [8.5, 14, 9, 14.5], "texture": "#0"},
				"west": {"uv": [14, 8.5, 14.5, 9], "texture": "#0"},
				"up": {"uv": [9.5, 14.5, 9, 14], "texture": "#0"},
				"down": {"uv": [14.5, 9, 14, 9.5], "texture": "#0"}
			}
		},
		{
			"from": [9, 7, 6],
			"to": [10, 8, 7],
			"faces": {
				"north": {"uv": [9.5, 14, 10, 14.5], "texture": "#0"},
				"east": {"uv": [14, 9.5, 14.5, 10], "texture": "#0"},
				"south": {"uv": [10, 14, 10.5, 14.5], "texture": "#0"},
				"west": {"uv": [14, 10, 14.5, 10.5], "texture": "#0"},
				"up": {"uv": [11, 14.5, 10.5, 14], "texture": "#0"},
				"down": {"uv": [14.5, 10.5, 14, 11], "texture": "#0"}
			}
		},
		{
			"from": [9, 2, 8],
			"to": [10, 3, 9],
			"faces": {
				"north": {"uv": [6.5, 14, 7, 14.5], "texture": "#0"},
				"east": {"uv": [14, 6.5, 14.5, 7], "texture": "#0"},
				"south": {"uv": [7, 14, 7.5, 14.5], "texture": "#0"},
				"west": {"uv": [14, 7, 14.5, 7.5], "texture": "#0"},
				"up": {"uv": [8, 14.5, 7.5, 14], "texture": "#0"},
				"down": {"uv": [14.5, 7.5, 14, 8], "texture": "#0"}
			}
		},
		{
			"from": [9, 7, 8],
			"to": [10, 8, 9],
			"faces": {
				"north": {"uv": [14.5, 4, 15, 4.5], "texture": "#0"},
				"east": {"uv": [4.5, 14.5, 5, 15], "texture": "#0"},
				"south": {"uv": [14.5, 4.5, 15, 5], "texture": "#0"},
				"west": {"uv": [5, 14.5, 5.5, 15], "texture": "#0"},
				"up": {"uv": [15, 5.5, 14.5, 5], "texture": "#0"},
				"down": {"uv": [6, 14.5, 5.5, 15], "texture": "#0"}
			}
		},
		{
			"from": [8, 2, 5],
			"to": [9, 3, 6],
			"faces": {
				"north": {"uv": [3.5, 14, 4, 14.5], "texture": "#0"},
				"east": {"uv": [14, 3.5, 14.5, 4], "texture": "#0"},
				"south": {"uv": [4, 14, 4.5, 14.5], "texture": "#0"},
				"west": {"uv": [14, 4, 14.5, 4.5], "texture": "#0"},
				"up": {"uv": [5, 14.5, 4.5, 14], "texture": "#0"},
				"down": {"uv": [14.5, 4.5, 14, 5], "texture": "#0"}
			}
		},
		{
			"from": [8, 7, 5],
			"to": [9, 8, 6],
			"faces": {
				"north": {"uv": [11, 14, 11.5, 14.5], "texture": "#0"},
				"east": {"uv": [14, 11, 14.5, 11.5], "texture": "#0"},
				"south": {"uv": [11.5, 14, 12, 14.5], "texture": "#0"},
				"west": {"uv": [14, 11.5, 14.5, 12], "texture": "#0"},
				"up": {"uv": [12.5, 14.5, 12, 14], "texture": "#0"},
				"down": {"uv": [14.5, 12, 14, 12.5], "texture": "#0"}
			}
		},
		{
			"from": [7, 19, 6],
			"to": [10, 20, 9],
			"faces": {
				"north": {"uv": [12.5, 7.5, 14, 8], "texture": "#0"},
				"east": {"uv": [12.5, 8, 14, 8.5], "texture": "#0"},
				"south": {"uv": [12.5, 8.5, 14, 9], "texture": "#0"},
				"west": {"uv": [12.5, 9, 14, 9.5], "texture": "#0"},
				"up": {"uv": [10.5, 10.5, 9, 9], "texture": "#0"},
				"down": {"uv": [11.5, 3, 10, 4.5], "texture": "#0"}
			}
		},
		{
			"from": [8, 0, 7],
			"to": [9, 1, 8],
			"faces": {
				"north": {"uv": [14.5, 6.5, 15, 7], "texture": "#0"},
				"east": {"uv": [7, 14.5, 7.5, 15], "texture": "#0"},
				"south": {"uv": [14.5, 7, 15, 7.5], "texture": "#0"},
				"west": {"uv": [7.5, 14.5, 8, 15], "texture": "#0"},
				"up": {"uv": [15, 8, 14.5, 7.5], "texture": "#0"},
				"down": {"uv": [8.5, 14.5, 8, 15], "texture": "#0"}
			}
		},
		{
			"from": [7, 22, 4],
			"to": [8, 23, 5],
			"faces": {
				"north": {"uv": [14.5, 8, 15, 8.5], "texture": "#0"},
				"east": {"uv": [8.5, 14.5, 9, 15], "texture": "#0"},
				"south": {"uv": [14.5, 8.5, 15, 9], "texture": "#0"},
				"west": {"uv": [9, 14.5, 9.5, 15], "texture": "#0"},
				"up": {"uv": [15, 9.5, 14.5, 9], "texture": "#0"},
				"down": {"uv": [10, 14.5, 9.5, 15], "texture": "#0"}
			}
		},
		{
			"from": [9, 22, 4],
			"to": [10, 23, 5],
			"faces": {
				"north": {"uv": [14.5, 9.5, 15, 10], "texture": "#0"},
				"east": {"uv": [10, 14.5, 10.5, 15], "texture": "#0"},
				"south": {"uv": [14.5, 10, 15, 10.5], "texture": "#0"},
				"west": {"uv": [10.5, 14.5, 11, 15], "texture": "#0"},
				"up": {"uv": [15, 11, 14.5, 10.5], "texture": "#0"},
				"down": {"uv": [11.5, 14.5, 11, 15], "texture": "#0"}
			}
		},
		{
			"from": [11, 22, 6],
			"to": [12, 23, 7],
			"faces": {
				"north": {"uv": [14.5, 11, 15, 11.5], "texture": "#0"},
				"east": {"uv": [11.5, 14.5, 12, 15], "texture": "#0"},
				"south": {"uv": [14.5, 11.5, 15, 12], "texture": "#0"},
				"west": {"uv": [12, 14.5, 12.5, 15], "texture": "#0"},
				"up": {"uv": [15, 12.5, 14.5, 12], "texture": "#0"},
				"down": {"uv": [13, 14.5, 12.5, 15], "texture": "#0"}
			}
		},
		{
			"from": [11, 22, 8],
			"to": [12, 23, 9],
			"faces": {
				"north": {"uv": [14.5, 12.5, 15, 13], "texture": "#0"},
				"east": {"uv": [13, 14.5, 13.5, 15], "texture": "#0"},
				"south": {"uv": [14.5, 13, 15, 13.5], "texture": "#0"},
				"west": {"uv": [13.5, 14.5, 14, 15], "texture": "#0"},
				"up": {"uv": [15, 14, 14.5, 13.5], "texture": "#0"},
				"down": {"uv": [14.5, 14.5, 14, 15], "texture": "#0"}
			}
		},
		{
			"from": [9, 22, 10],
			"to": [10, 23, 11],
			"faces": {
				"north": {"uv": [14.5, 14, 15, 14.5], "texture": "#0"},
				"east": {"uv": [14.5, 14.5, 15, 15], "texture": "#0"},
				"south": {"uv": [0, 15, 0.5, 15.5], "texture": "#0"},
				"west": {"uv": [15, 0, 15.5, 0.5], "texture": "#0"},
				"up": {"uv": [1, 15.5, 0.5, 15], "texture": "#0"},
				"down": {"uv": [15.5, 0.5, 15, 1], "texture": "#0"}
			}
		},
		{
			"from": [7, 22, 10],
			"to": [8, 23, 11],
			"faces": {
				"north": {"uv": [1, 15, 1.5, 15.5], "texture": "#0"},
				"east": {"uv": [15, 1, 15.5, 1.5], "texture": "#0"},
				"south": {"uv": [1.5, 15, 2, 15.5], "texture": "#0"},
				"west": {"uv": [15, 1.5, 15.5, 2], "texture": "#0"},
				"up": {"uv": [2.5, 15.5, 2, 15], "texture": "#0"},
				"down": {"uv": [15.5, 2, 15, 2.5], "texture": "#0"}
			}
		},
		{
			"from": [5, 22, 8],
			"to": [6, 23, 9],
			"faces": {
				"north": {"uv": [2.5, 15, 3, 15.5], "texture": "#0"},
				"east": {"uv": [15, 2.5, 15.5, 3], "texture": "#0"},
				"south": {"uv": [3, 15, 3.5, 15.5], "texture": "#0"},
				"west": {"uv": [15, 3, 15.5, 3.5], "texture": "#0"},
				"up": {"uv": [4, 15.5, 3.5, 15], "texture": "#0"},
				"down": {"uv": [15.5, 3.5, 15, 4], "texture": "#0"}
			}
		},
		{
			"from": [5, 22, 6],
			"to": [6, 23, 7],
			"faces": {
				"north": {"uv": [4, 15, 4.5, 15.5], "texture": "#0"},
				"east": {"uv": [15, 4, 15.5, 4.5], "texture": "#0"},
				"south": {"uv": [4.5, 15, 5, 15.5], "texture": "#0"},
				"west": {"uv": [15, 4.5, 15.5, 5], "texture": "#0"},
				"up": {"uv": [5.5, 15.5, 5, 15], "texture": "#0"},
				"down": {"uv": [15.5, 5, 15, 5.5], "texture": "#0"}
			}
		}
	],
	"display": {
		"thirdperson_righthand": {
			"rotation": [25, 45, 0],
			"translation": [0, 0.5, 1.75],
			"scale": [0.5, 0.5, 0.5]
		},
		"thirdperson_lefthand": {
			"rotation": [25, 45, 0],
			"translation": [0, 0.5, 1.75],
			"scale": [0.5, 0.5, 0.5]
		},
		"firstperson_righthand": {
			"translation": [-0.75, 2.25, 3],
			"scale": [0.5, 0.5, 0.5]
		},
		"firstperson_lefthand": {
			"translation": [-0.25, 2.25, 3],
			"scale": [0.5, 0.5, 0.5]
		},
		"ground": {
			"rotation": [45, 0, 0],
			"translation": [0, 1.5, -5],
			"scale": [0.5, 0.5, 0.5]
		},
		"gui": {
			"rotation": [0, -22, -45],
			"translation": [-3.25, -3, 0],
			"scale": [0.7, 0.7, 0.7]
		},
		"head": {
			"rotation": [-74, 0, 0],
			"translation": [-0.75, 3, -2.75],
			"scale": [0.5, 0.5, 0.5]
		},
		"fixed": {
			"translation": [0, -4.5, 0],
			"scale": [0.65, 0.65, 0.65]
		}
	},
	"groups": [
		{
			"name": "main",
			"origin": [0, 0, 0],
			"color": 0,
			"children": [
				{
					"name": "Jablko",
					"origin": [0, 0, 0],
					"color": 0,
					"children": []
				},
				{
					"name": "kříž",
					"origin": [8, 8, 8],
					"color": 0,
					"children": []
				}
			]
		},
		{
			"name": "group",
			"origin": [0, 0, 0],
			"color": 0,
			"children": [
				0,
				1,
				2,
				3,
				4,
				5,
				6,
				7,
				8,
				9,
				10,
				11,
				12,
				13,
				14,
				15,
				16,
				17,
				18,
				19,
				20,
				21,
				22,
				23,
				24,
				25,
				26,
				27,
				28,
				29,
				30,
				31,
				32,
				33,
				34,
				35,
				36,
				37,
				38,
				39,
				40,
				41,
				42,
				43,
				44,
				45,
				46,
				47,
				48,
				49,
				50
			]
		}
	]
}