{
  "parent": "minecraft:item/handheld",
  "textures": {
    "layer0": "minecraft:item/raw_copper"
  },
	"overrides": [
	{"predicate": {"custom_model_data": 540000}, "model": "siscu_se:item/bee_counter"},
	{"predicate": {"custom_model_data": 540100}, "model": "siscu_se:item/light_sensor"},
	{"predicate": {"custom_model_data": 540101}, "model": "siscu_se:item/light_sensor_1"},
	{"predicate": {"custom_model_data": 540102}, "model": "siscu_se:item/light_sensor_2"},
	{"predicate": {"custom_model_data": 540103}, "model": "siscu_se:item/light_sensor_3"},
	{"predicate": {"custom_model_data": 540104}, "model": "siscu_se:item/light_sensor_4"},
	{"predicate": {"custom_model_data": 540105}, "model": "siscu_se:item/light_sensor_5"},
	{"predicate": {"custom_model_data": 540106}, "model": "siscu_se:item/light_sensor_6"},
	{"predicate": {"custom_model_data": 540107}, "model": "siscu_se:item/light_sensor_7"},
	{"predicate": {"custom_model_data": 540108}, "model": "siscu_se:item/light_sensor_8"},
	{"predicate": {"custom_model_data": 540109}, "model": "siscu_se:item/light_sensor_9"},
	{"predicate": {"custom_model_data": 540110}, "model": "siscu_se:item/light_sensor_10"},
	{"predicate": {"custom_model_data": 540111}, "model": "siscu_se:item/light_sensor_11"},
	{"predicate": {"custom_model_data": 540112}, "model": "siscu_se:item/light_sensor_12"},
	{"predicate": {"custom_model_data": 540113}, "model": "siscu_se:item/light_sensor_13"},
	{"predicate": {"custom_model_data": 540114}, "model": "siscu_se:item/light_sensor_14"},
	{"predicate": {"custom_model_data": 540115}, "model": "siscu_se:item/light_sensor_15"},
	{"predicate": {"custom_model_data": 540116}, "model": "siscu_se:item/light_sensor_night"},
	{"predicate": {"custom_model_data": 540117}, "model": "siscu_se:item/light_sensor_night_1"},
	{"predicate": {"custom_model_data": 540118}, "model": "siscu_se:item/light_sensor_night_2"},
	{"predicate": {"custom_model_data": 540119}, "model": "siscu_se:item/light_sensor_night_3"},
	{"predicate": {"custom_model_data": 540120}, "model": "siscu_se:item/light_sensor_night_4"},
	{"predicate": {"custom_model_data": 540121}, "model": "siscu_se:item/light_sensor_night_5"},
	{"predicate": {"custom_model_data": 540122}, "model": "siscu_se:item/light_sensor_night_6"},
	{"predicate": {"custom_model_data": 540123}, "model": "siscu_se:item/light_sensor_night_7"},
	{"predicate": {"custom_model_data": 540124}, "model": "siscu_se:item/light_sensor_night_8"},
	{"predicate": {"custom_model_data": 540125}, "model": "siscu_se:item/light_sensor_night_9"},
	{"predicate": {"custom_model_data": 540126}, "model": "siscu_se:item/light_sensor_night_10"},
	{"predicate": {"custom_model_data": 540127}, "model": "siscu_se:item/light_sensor_night_11"},
	{"predicate": {"custom_model_data": 540128}, "model": "siscu_se:item/light_sensor_night_12"},
	{"predicate": {"custom_model_data": 540129}, "model": "siscu_se:item/light_sensor_night_13"},
	{"predicate": {"custom_model_data": 540130}, "model": "siscu_se:item/light_sensor_night_14"},
	{"predicate": {"custom_model_data": 540131}, "model": "siscu_se:item/light_sensor_night_15"}
	]
}