{
	"credit": "Made by CiscuLog with Blockbench",
	"texture_size": [64, 32],
	"textures": {
		"particle": "siscu_se:item/amethyst_shield/amethyst_0",
		"amethyst": "siscu_se:item/amethyst_shield/amethyst_0",
		"base": "siscu_se:item/amethyst_shield/shield_base"
	},
	"elements": [
		{
			"name": "Cube",
			"from": [-1, -3, -5],
			"to": [1, 3, 1],
			"shade": false,
			"rotation": {"angle": 0, "axis": "y", "origin": [0, -3, -2]},
			"faces": {
				"north": {"uv": [8.5, 3, 8, 6], "texture": "#base"},
				"east": {"uv": [10, 3, 8.5, 6], "texture": "#base"},
				"south": {"uv": [10.5, 3, 10, 6], "texture": "#base"},
				"west": {"uv": [8, 3, 6.5, 6], "texture": "#base"},
				"up": {"uv": [8, 3, 8.5, 0], "texture": "#base"},
				"down": {"uv": [8.5, 0, 9, 3], "texture": "#base"}
			}
		},
		{
			"name": "Cube",
			"from": [-6, -11, 1],
			"to": [6, 11, 2],
			"rotation": {"angle": 0, "axis": "y", "origin": [0, 0, 1.5]},
			"faces": {
				"north": {"uv": [3.5, 0.5, 6.5, 11.5], "texture": "#base"},
				"east": {"uv": [3.25, 0.5, 3.5, 11.5], "texture": "#base"},
				"south": {"uv": [0.25, 0.5, 3.25, 11.5], "texture": "#base"},
				"west": {"uv": [0, 0.5, 0.25, 11.5], "texture": "#base"},
				"up": {"uv": [3.25, 0.5, 0.25, 0], "rotation": 180, "texture": "#base"},
				"down": {"uv": [6.25, 0, 3.25, 0.5], "rotation": 180, "texture": "#base"}
			}
		},
		{
			"from": [0, -8, 4.5],
			"to": [6, 7, 4.5],
			"rotation": {"angle": 22.5, "axis": "y", "origin": [0, 0, 4.5]},
			"faces": {
				"north": {"uv": [14, 0, 8, 15], "texture": "#amethyst"},
				"south": {"uv": [8, 0, 14, 15], "texture": "#amethyst"}
			}
		},
		{
			"from": [-6, -8, 4.4],
			"to": [0, 7, 4.4],
			"rotation": {"angle": -22.5, "axis": "y", "origin": [0, 0, 4.5]},
			"faces": {
				"north": {"uv": [8, 0, 2, 15], "texture": "#amethyst"},
				"south": {"uv": [2, 0, 8, 15], "texture": "#amethyst"}
			}
		},
		{
			"from": [-5, -5, 1],
			"to": [5, 5, 2.25],
			"faces": {
				"east": {"uv": [11, 7.5, 13.5, 5.5], "rotation": 90, "texture": "#base"},
				"south": {"uv": [11, 0, 13.5, 5], "texture": "#base"},
				"west": {"uv": [11, 5.5, 13.5, 7.5], "rotation": 90, "texture": "#base"},
				"up": {"uv": [11, 7.5, 13.5, 5.5], "texture": "#base"},
				"down": {"uv": [11, 5.5, 13.5, 7.5], "texture": "#base"}
			}
		},
		{
			"from": [-5, 5, 1],
			"to": [5, -5, 2.25],
			"faces": {
				"east": {"uv": [11, 7.5, 13.5, 5.5], "rotation": 90, "texture": "#base"},
				"south": {"uv": [11, 0, 13.5, 5], "texture": "#base"},
				"west": {"uv": [11, 5.5, 13.5, 7.5], "rotation": 90, "texture": "#base"},
				"up": {"uv": [11, 7.5, 13.5, 5.5], "texture": "#base"},
				"down": {"uv": [11, 5.5, 13.5, 7.5], "texture": "#base"}
			}
		},
		{
			"name": "Cube",
			"from": [-3, -9, -3],
			"to": [3, -5, 1],
			"shade": false,
			"rotation": {"angle": 0, "axis": "y", "origin": [0, -3, -2]},
			"faces": {
				"north": {"uv": [8.25, 10, 9.75, 12], "texture": "#base"},
				"east": {"uv": [7, 10, 8, 12], "texture": "#base"},
				"south": {"uv": [9.75, 10, 8.25, 12], "texture": "#base"},
				"west": {"uv": [8, 10, 7, 12], "texture": "#base"},
				"up": {"uv": [9.75, 10, 8.25, 12], "texture": "#base"},
				"down": {"uv": [9.75, 10, 8.25, 12], "texture": "#base"}
			}
		},
		{
			"from": [-2.05, 7.9, 1.01],
			"to": [2.05, 9.1, 1.01],
			"faces": {
				"north": {"uv": [6, 15, 10, 16], "texture": "#amethyst"}
			}
		}
	],
	"gui_light": "front",
	"display": {
		"thirdperson_righthand": {
			"rotation": [0, 90, 0],
			"translation": [10, 6, -4]
		},
		"thirdperson_lefthand": {
			"rotation": [0, 90, 0],
			"translation": [10, 6, 12]
		},
		"firstperson_righthand": {
			"rotation": [0, 180, 5],
			"translation": [-10, 2, -10],
			"scale": [1.25, 1.25, 1.25]
		},
		"firstperson_lefthand": {
			"rotation": [0, 180, 5],
			"translation": [10, 0, -10],
			"scale": [1.25, 1.25, 1.25]
		},
		"ground": {
			"translation": [4, 4, 2],
			"scale": [0.25, 0.25, 0.25]
		},
		"gui": {
			"rotation": [15, -25, -5],
			"translation": [2, 3, 0],
			"scale": [0.65, 0.65, 0.65]
		},
		"fixed": {
			"rotation": [0, 180, 0],
			"translation": [-10, 10, -9.75],
			"scale": [1.25, 1.25, 1.25]
		}
	}
}