{
	"credit": "Made with Blockbench",
	"texture_size": [64, 64],
	"textures": {
		"1": "deskovky:item/bila-figurka",
		"particle": "deskovky:item/bila-figurka"
	},
	"elements": [
		{
			"from": [3, -7, 3],
			"to": [13, -4, 13],
			"faces": {
				"north": {"uv": [5.5, 5.75, 8, 6.5], "texture": "#1"},
				"east": {"uv": [5.5, 6.5, 8, 7.25], "texture": "#1"},
				"south": {"uv": [0, 6.75, 2.5, 7.5], "texture": "#1"},
				"west": {"uv": [7.25, 0, 9.75, 0.75], "texture": "#1"},
				"up": {"uv": [2.5, 2.5, 0, 0], "texture": "#1"},
				"down": {"uv": [2.5, 2.5, 0, 5], "texture": "#1"}
			}
		},
		{
			"from": [4, -4, 4],
			"to": [12, 0, 12],
			"faces": {
				"north": {"uv": [5.5, 1.75, 7.5, 2.75], "texture": "#1"},
				"east": {"uv": [5.5, 2.75, 7.5, 3.75], "texture": "#1"},
				"south": {"uv": [5.5, 3.75, 7.5, 4.75], "texture": "#1"},
				"west": {"uv": [5.5, 4.75, 7.5, 5.75], "texture": "#1"},
				"up": {"uv": [4.5, 2, 2.5, 0], "texture": "#1"},
				"down": {"uv": [4.5, 2, 2.5, 4], "texture": "#1"}
			}
		},
		{
			"from": [6, 0, 6],
			"to": [10, 16, 10],
			"faces": {
				"north": {"uv": [2.5, 4, 3.5, 8], "texture": "#1"},
				"east": {"uv": [3.5, 4, 4.5, 8], "texture": "#1"},
				"south": {"uv": [4.5, 0, 5.5, 4], "texture": "#1"},
				"west": {"uv": [4.5, 4, 5.5, 8], "texture": "#1"},
				"up": {"uv": [8.25, 1.75, 7.25, 0.75], "texture": "#1"},
				"down": {"uv": [1, 7.5, 0, 8.5], "texture": "#1"}
			}
		},
		{
			"from": [4.5, 16, 4.5],
			"to": [11.5, 18, 11.5],
			"faces": {
				"north": {"uv": [7.5, 4, 9.25, 4.5], "texture": "#1"},
				"east": {"uv": [7.5, 4.5, 9.25, 5], "texture": "#1"},
				"south": {"uv": [7.5, 5, 9.25, 5.5], "texture": "#1"},
				"west": {"uv": [2.25, 8, 4, 8.5], "texture": "#1"},
				"up": {"uv": [1.75, 6.75, 0, 5], "texture": "#1"},
				"down": {"uv": [7.25, 0, 5.5, 1.75], "texture": "#1"}
			}
		},
		{
			"from": [5.5, 18, 5.5],
			"to": [10.5, 21, 10.5],
			"faces": {
				"north": {"uv": [1, 7.5, 2.25, 8.25], "texture": "#1"},
				"east": {"uv": [7.5, 1.75, 8.75, 2.5], "texture": "#1"},
				"south": {"uv": [7.5, 2.5, 8.75, 3.25], "texture": "#1"},
				"west": {"uv": [7.5, 3.25, 8.75, 4], "texture": "#1"},
				"up": {"uv": [6.75, 8.5, 5.5, 7.25], "texture": "#1"},
				"down": {"uv": [8, 7.25, 6.75, 8.5], "texture": "#1"}
			}
		},
		{
			"from": [5.5, 21, 5.5],
			"to": [5.9, 22, 7.5],
			"rotation": {"angle": 22.5, "axis": "z", "origin": [5.7, 21, 8]},
			"faces": {
				"north": {"uv": [2.25, 6.5, 2.5, 6.75], "texture": "#1"},
				"east": {"uv": [1.75, 5, 2.25, 5.25], "texture": "#1"},
				"south": {"uv": [8.25, 1.5, 8.5, 1.75], "texture": "#1"},
				"west": {"uv": [1.75, 5.25, 2.25, 5.5], "texture": "#1"},
				"up": {"uv": [2.5, 5.5, 2.25, 5], "texture": "#1"},
				"down": {"uv": [2, 5.5, 1.75, 6], "texture": "#1"}
			}
		},
		{
			"from": [5.5, 22, 5.5],
			"to": [5.9, 23, 6.5],
			"rotation": {"angle": 22.5, "axis": "z", "origin": [5.7, 21, 8]},
			"faces": {
				"north": {"uv": [2, 8.25, 2.25, 8.5], "texture": "#1"},
				"east": {"uv": [4, 8.25, 4.25, 8.5], "texture": "#1"},
				"south": {"uv": [4.25, 8.25, 4.5, 8.5], "texture": "#1"},
				"west": {"uv": [4.5, 8.25, 4.75, 8.5], "texture": "#1"},
				"up": {"uv": [5, 8.5, 4.75, 8.25], "texture": "#1"},
				"down": {"uv": [8.25, 8.25, 8, 8.5], "texture": "#1"}
			}
		},
		{
			"from": [5.5, 21, 8.5],
			"to": [5.9, 22, 10.5],
			"rotation": {"angle": 22.5, "axis": "z", "origin": [5.7, 21, 8]},
			"faces": {
				"north": {"uv": [8.25, 8.25, 8.5, 8.5], "texture": "#1"},
				"east": {"uv": [2, 5.5, 2.5, 5.75], "texture": "#1"},
				"south": {"uv": [0, 8.5, 0.25, 8.75], "texture": "#1"},
				"west": {"uv": [2, 5.75, 2.5, 6], "texture": "#1"},
				"up": {"uv": [2, 6.5, 1.75, 6], "texture": "#1"},
				"down": {"uv": [2.25, 6, 2, 6.5], "texture": "#1"}
			}
		},
		{
			"from": [5.5, 22, 9.5],
			"to": [5.9, 23, 10.5],
			"rotation": {"angle": 22.5, "axis": "z", "origin": [5.7, 21, 8]},
			"faces": {
				"north": {"uv": [0.25, 8.5, 0.5, 8.75], "texture": "#1"},
				"east": {"uv": [0.5, 8.5, 0.75, 8.75], "texture": "#1"},
				"south": {"uv": [0.75, 8.5, 1, 8.75], "texture": "#1"},
				"west": {"uv": [1, 8.5, 1.25, 8.75], "texture": "#1"},
				"up": {"uv": [1.5, 8.75, 1.25, 8.5], "texture": "#1"},
				"down": {"uv": [1.75, 8.5, 1.5, 8.75], "texture": "#1"}
			}
		},
		{
			"from": [10.1, 21, 5.5],
			"to": [10.5, 22, 7.5],
			"rotation": {"angle": -22.5, "axis": "z", "origin": [10.3, 21, 8]},
			"faces": {
				"north": {"uv": [8.5, 1.5, 8.75, 1.75], "texture": "#1"},
				"east": {"uv": [1.75, 6.5, 2.25, 6.75], "texture": "#1"},
				"south": {"uv": [1.75, 8.5, 2, 8.75], "texture": "#1"},
				"west": {"uv": [7.5, 5.5, 8, 5.75], "texture": "#1"},
				"up": {"uv": [2.5, 6.5, 2.25, 6], "texture": "#1"},
				"down": {"uv": [2.5, 7.5, 2.25, 8], "texture": "#1"}
			}
		},
		{
			"from": [10.1, 22, 5.5],
			"to": [10.5, 23, 6.5],
			"rotation": {"angle": -22.5, "axis": "z", "origin": [10.3, 21, 8]},
			"faces": {
				"north": {"uv": [2, 8.5, 2.25, 8.75], "texture": "#1"},
				"east": {"uv": [2.25, 8.5, 2.5, 8.75], "texture": "#1"},
				"south": {"uv": [2.5, 8.5, 2.75, 8.75], "texture": "#1"},
				"west": {"uv": [2.75, 8.5, 3, 8.75], "texture": "#1"},
				"up": {"uv": [3.25, 8.75, 3, 8.5], "texture": "#1"},
				"down": {"uv": [3.5, 8.5, 3.25, 8.75], "texture": "#1"}
			}
		},
		{
			"from": [10.1, 21, 8.5],
			"to": [10.5, 22, 10.5],
			"rotation": {"angle": -22.5, "axis": "z", "origin": [10.3, 21, 8]},
			"faces": {
				"north": {"uv": [3.5, 8.5, 3.75, 8.75], "texture": "#1"},
				"east": {"uv": [4, 8, 4.5, 8.25], "texture": "#1"},
				"south": {"uv": [3.75, 8.5, 4, 8.75], "texture": "#1"},
				"west": {"uv": [4.5, 8, 5, 8.25], "texture": "#1"},
				"up": {"uv": [5.25, 8.5, 5, 8], "texture": "#1"},
				"down": {"uv": [5.5, 8, 5.25, 8.5], "texture": "#1"}
			}
		},
		{
			"from": [10.1, 22, 9.5],
			"to": [10.5, 23, 10.5],
			"rotation": {"angle": -22.5, "axis": "z", "origin": [10.3, 21, 8]},
			"faces": {
				"north": {"uv": [4, 8.5, 4.25, 8.75], "texture": "#1"},
				"east": {"uv": [4.25, 8.5, 4.5, 8.75], "texture": "#1"},
				"south": {"uv": [4.5, 8.5, 4.75, 8.75], "texture": "#1"},
				"west": {"uv": [4.75, 8.5, 5, 8.75], "texture": "#1"},
				"up": {"uv": [5.25, 8.75, 5, 8.5], "texture": "#1"},
				"down": {"uv": [5.5, 8.5, 5.25, 8.75], "texture": "#1"}
			}
		},
		{
			"from": [5.5, 21, 10],
			"to": [7.5, 22, 10.5],
			"rotation": {"angle": 22.5, "axis": "x", "origin": [8, 21, 10.25]},
			"faces": {
				"north": {"uv": [8, 5.5, 8.5, 5.75], "texture": "#1"},
				"east": {"uv": [5.5, 8.5, 5.75, 8.75], "texture": "#1"},
				"south": {"uv": [8, 5.75, 8.5, 6], "texture": "#1"},
				"west": {"uv": [8.5, 5.5, 8.75, 5.75], "texture": "#1"},
				"up": {"uv": [8.5, 6.25, 8, 6], "texture": "#1"},
				"down": {"uv": [8.5, 6.25, 8, 6.5], "texture": "#1"}
			}
		},
		{
			"from": [8.5, 21, 10],
			"to": [10.5, 22, 10.5],
			"rotation": {"angle": 22.5, "axis": "x", "origin": [8, 21, 10.25]},
			"faces": {
				"north": {"uv": [8, 6.5, 8.5, 6.75], "texture": "#1"},
				"east": {"uv": [5.75, 8.5, 6, 8.75], "texture": "#1"},
				"south": {"uv": [8, 6.75, 8.5, 7], "texture": "#1"},
				"west": {"uv": [8.5, 5.75, 8.75, 6], "texture": "#1"},
				"up": {"uv": [8.5, 7.25, 8, 7], "texture": "#1"},
				"down": {"uv": [8.5, 7.25, 8, 7.5], "texture": "#1"}
			}
		},
		{
			"from": [5.5, 22, 10],
			"to": [6.5, 23, 10.5],
			"rotation": {"angle": 22.5, "axis": "x", "origin": [8, 21, 10.25]},
			"faces": {
				"north": {"uv": [6, 8.5, 6.25, 8.75], "texture": "#1"},
				"east": {"uv": [8.5, 6, 8.75, 6.25], "texture": "#1"},
				"south": {"uv": [6.25, 8.5, 6.5, 8.75], "texture": "#1"},
				"west": {"uv": [8.5, 6.25, 8.75, 6.5], "texture": "#1"},
				"up": {"uv": [6.75, 8.75, 6.5, 8.5], "texture": "#1"},
				"down": {"uv": [8.75, 6.5, 8.5, 6.75], "texture": "#1"}
			}
		},
		{
			"from": [9.5, 22, 10],
			"to": [10.5, 23, 10.5],
			"rotation": {"angle": 22.5, "axis": "x", "origin": [8, 21, 10.25]},
			"faces": {
				"north": {"uv": [6.75, 8.5, 7, 8.75], "texture": "#1"},
				"east": {"uv": [8.5, 6.75, 8.75, 7], "texture": "#1"},
				"south": {"uv": [7, 8.5, 7.25, 8.75], "texture": "#1"},
				"west": {"uv": [8.5, 7, 8.75, 7.25], "texture": "#1"},
				"up": {"uv": [7.5, 8.75, 7.25, 8.5], "texture": "#1"},
				"down": {"uv": [8.75, 7.25, 8.5, 7.5], "texture": "#1"}
			}
		},
		{
			"from": [8.5, 21, 5.5],
			"to": [10.5, 22, 6],
			"rotation": {"angle": -22.5, "axis": "x", "origin": [8, 21, 5.75]},
			"faces": {
				"north": {"uv": [8, 7.5, 8.5, 7.75], "texture": "#1"},
				"east": {"uv": [7.5, 8.5, 7.75, 8.75], "texture": "#1"},
				"south": {"uv": [8, 7.75, 8.5, 8], "texture": "#1"},
				"west": {"uv": [8.5, 7.5, 8.75, 7.75], "texture": "#1"},
				"up": {"uv": [8.5, 8.25, 8, 8], "texture": "#1"},
				"down": {"uv": [8.75, 0.75, 8.25, 1], "texture": "#1"}
			}
		},
		{
			"from": [5.5, 21, 5.5],
			"to": [7.5, 22, 6],
			"rotation": {"angle": -22.5, "axis": "x", "origin": [8, 21, 5.75]},
			"faces": {
				"north": {"uv": [1, 8.25, 1.5, 8.5], "texture": "#1"},
				"east": {"uv": [7.75, 8.5, 8, 8.75], "texture": "#1"},
				"south": {"uv": [8.25, 1, 8.75, 1.25], "texture": "#1"},
				"west": {"uv": [8.5, 7.75, 8.75, 8], "texture": "#1"},
				"up": {"uv": [8.75, 1.5, 8.25, 1.25], "texture": "#1"},
				"down": {"uv": [2, 8.25, 1.5, 8.5], "texture": "#1"}
			}
		},
		{
			"from": [5.5, 22, 5.5],
			"to": [6.5, 23, 6],
			"rotation": {"angle": -22.5, "axis": "x", "origin": [8, 21, 5.75]},
			"faces": {
				"north": {"uv": [8, 8.5, 8.25, 8.75], "texture": "#1"},
				"east": {"uv": [8.5, 8, 8.75, 8.25], "texture": "#1"},
				"south": {"uv": [8.25, 8.5, 8.5, 8.75], "texture": "#1"},
				"west": {"uv": [8.5, 8.25, 8.75, 8.5], "texture": "#1"},
				"up": {"uv": [8.75, 8.75, 8.5, 8.5], "texture": "#1"},
				"down": {"uv": [0.25, 8.75, 0, 9], "texture": "#1"}
			}
		},
		{
			"from": [9.5, 22, 5.5],
			"to": [10.5, 23, 6],
			"rotation": {"angle": -22.5, "axis": "x", "origin": [8, 21, 5.75]},
			"faces": {
				"north": {"uv": [0.25, 8.75, 0.5, 9], "texture": "#1"},
				"east": {"uv": [0.5, 8.75, 0.75, 9], "texture": "#1"},
				"south": {"uv": [0.75, 8.75, 1, 9], "texture": "#1"},
				"west": {"uv": [8.75, 0.75, 9, 1], "texture": "#1"},
				"up": {"uv": [1.25, 9, 1, 8.75], "texture": "#1"},
				"down": {"uv": [9, 1, 8.75, 1.25], "texture": "#1"}
			}
		}
	],
	"display": {
		"thirdperson_righthand": {
			"rotation": [45, 90, 0],
			"translation": [0, 2.75, 3.25],
			"scale": [0.3, 0.3, 0.3]
		},
		"thirdperson_lefthand": {
			"rotation": [45, 90, 0],
			"translation": [0, 2.75, 3.25],
			"scale": [0.3, 0.3, 0.3]
		},
		"firstperson_righthand": {
			"rotation": [-12, 90, 0],
			"translation": [1, 5.5, 2],
			"scale": [0.3, 0.3, 0.3]
		},
		"firstperson_lefthand": {
			"rotation": [-12, 90, 0],
			"translation": [1, 5.5, 2],
			"scale": [0.3, 0.3, 0.3]
		},
		"ground": {
			"translation": [0, 1, 0],
			"scale": [0.3, 0.3, 0.3]
		},
		"gui": {
			"rotation": [20, -45, 0],
			"translation": [0, 0.25, 0],
			"scale": [0.4, 0.4, 0.4]
		},
		"head": {
			"rotation": [0, 90, 0],
			"translation": [0, 22, 0]
		},
		"fixed": {
			"rotation": [-90, 0, 0],
			"translation": [0, 0, -15]
		}
	}
}