{
	"credit": "Made by CiscuLog with Blockbench",
	"textures": {
		"particle": "siscu_se:item/light_sensor",
		"base": "siscu_se:item/light_sensor",
		"num": "siscu_se:item/light_sensor_numbers/day_0"
	},
	"elements": [
		{
			"from": [6, 0, 8.5],
			"to": [11, 13, 9.5],
			"faces": {
				"north": {"uv": [11, 3, 6, 16], "texture": "#base"},
				"east": {"uv": [10, 3, 11, 16], "texture": "#base"},
				"south": {"uv": [6, 3, 11, 16], "texture": "#base"},
				"west": {"uv": [6, 3, 7, 16], "texture": "#base"},
				"up": {"uv": [6, 3, 11, 4], "texture": "#base"},
				"down": {"uv": [6, 15, 11, 16], "texture": "#base"}
			}
		},
		{
			"from": [9, 3, 8.5],
			"to": [15, 12, 9.5],
			"faces": {
				"north": {"uv": [15, 4, 9, 13], "texture": "#base"},
				"east": {"uv": [14, 4, 15, 13], "texture": "#base"},
				"south": {"uv": [9, 4, 15, 13], "texture": "#base"},
				"west": {"uv": [9, 4, 10, 13], "texture": "#base"},
				"up": {"uv": [9, 4, 15, 5], "texture": "#base"},
				"down": {"uv": [9, 12, 15, 13], "texture": "#base"}
			}
		},
		{
			"from": [2, 3, 8.5],
			"to": [15, 10, 9.5],
			"faces": {
				"north": {"uv": [15, 6, 2, 13], "texture": "#base"},
				"east": {"uv": [14, 6, 15, 13], "texture": "#base"},
				"south": {"uv": [2, 6, 15, 13], "texture": "#base"},
				"west": {"uv": [2, 6, 3, 13], "texture": "#base"},
				"up": {"uv": [2, 6, 15, 7], "texture": "#base"},
				"down": {"uv": [2, 12, 15, 13], "texture": "#base"}
			}
		},
		{
			"from": [1, 5, 8.5],
			"to": [16, 8, 9.5],
			"faces": {
				"north": {"uv": [16, 8, 1, 11], "texture": "#base"},
				"east": {"uv": [15, 8, 16, 11], "texture": "#base"},
				"south": {"uv": [1, 8, 16, 11], "texture": "#base"},
				"west": {"uv": [1, 8, 2, 11], "texture": "#base"},
				"up": {"uv": [1, 8, 16, 9], "texture": "#base"},
				"down": {"uv": [1, 10, 16, 11], "texture": "#base"}
			}
		},
		{
			"from": [3, 2, 8.5],
			"to": [14, 11, 9.5],
			"faces": {
				"north": {"uv": [14, 5, 3, 14], "texture": "#base"},
				"east": {"uv": [13, 5, 14, 14], "texture": "#base"},
				"south": {"uv": [3, 5, 14, 14], "texture": "#base"},
				"west": {"uv": [3, 5, 4, 14], "texture": "#base"},
				"up": {"uv": [3, 5, 14, 6], "texture": "#base"},
				"down": {"uv": [3, 13, 14, 14], "texture": "#base"}
			}
		},
		{
			"from": [5, 1, 8.5],
			"to": [12, 2, 9.5],
			"faces": {
				"north": {"uv": [12, 14, 5, 15], "texture": "#base"},
				"east": {"uv": [11, 14, 12, 15], "texture": "#base"},
				"south": {"uv": [5, 14, 12, 15], "texture": "#base"},
				"west": {"uv": [5, 14, 6, 15], "texture": "#base"},
				"up": {"uv": [5, 14, 12, 15], "texture": "#base"},
				"down": {"uv": [5, 14, 12, 15], "texture": "#base"}
			}
		},
		{
			"from": [4, 11, 8.5],
			"to": [6, 12, 9.5],
			"faces": {
				"north": {"uv": [6, 4, 4, 5], "texture": "#base"},
				"east": {"uv": [5, 4, 6, 5], "texture": "#base"},
				"south": {"uv": [4, 4, 6, 5], "texture": "#base"},
				"west": {"uv": [4, 4, 5, 5], "texture": "#base"},
				"up": {"uv": [4, 4, 6, 5], "texture": "#base"},
				"down": {"uv": [4, 4, 6, 5], "texture": "#base"}
			}
		},
		{
			"from": [10, 12, 8.5],
			"to": [14, 14, 9.5],
			"faces": {
				"north": {"uv": [14, 2, 10, 4], "texture": "#base"},
				"east": {"uv": [13, 2, 14, 4], "texture": "#base"},
				"south": {"uv": [10, 2, 14, 4], "texture": "#base"},
				"west": {"uv": [10, 2, 11, 4], "texture": "#base"},
				"up": {"uv": [10, 2, 14, 3], "texture": "#base"},
				"down": {"uv": [10, 3, 14, 4], "texture": "#base"}
			}
		},
		{
			"from": [12, 14, 8.5],
			"to": [14, 15, 9.5],
			"faces": {
				"north": {"uv": [14, 1, 12, 2], "texture": "#base"},
				"east": {"uv": [13, 1, 14, 2], "texture": "#base"},
				"south": {"uv": [12, 1, 14, 2], "texture": "#base"},
				"west": {"uv": [12, 1, 13, 2], "texture": "#base"},
				"up": {"uv": [12, 1, 14, 2], "texture": "#base"},
				"down": {"uv": [12, 1, 14, 2], "texture": "#base"}
			}
		},
		{
			"from": [5, 4, 8.4],
			"to": [12, 9, 9.6],
			"faces": {
				"north": {"uv": [2, 2, 16, 12], "texture": "#num"},
				"south": {"uv": [2, 2, 16, 12], "texture": "#num"}
			}
		}
	],
	"gui_light": "front",
	"display": {
		"thirdperson_righthand": {
			"translation": [0, 3, 1],
			"scale": [0.55, 0.55, 0.55]
		},
		"thirdperson_lefthand": {
			"translation": [0, 3, 1],
			"scale": [0.55, 0.55, 0.55]
		},
		"firstperson_righthand": {
			"rotation": [0, -90, 25],
			"translation": [1.13, 3.2, 1.13],
			"scale": [0.68, 0.68, 0.68]
		},
		"firstperson_lefthand": {
			"rotation": [0, -90, 25],
			"translation": [1.13, 3.2, 1.13],
			"scale": [0.68, 0.68, 0.68]
		},
		"ground": {
			"translation": [0, 2, 0],
			"scale": [0.5, 0.5, 0.5]
		},
		"head": {
			"rotation": [0, 180, 0],
			"translation": [0, 13, 7]
		},
		"fixed": {
			"rotation": [0, 180, 0]
		}
	}
}