{
	"credit": "Made with Blockbench",
	"texture_size": [64, 64],
	"textures": {
		"3": "deskovky:item/bilej-kun"
	},
	"elements": [
		{
			"from": [6, 7, 6],
			"to": [10, 9, 10],
			"faces": {
				"north": {"uv": [8.5, 6.25, 9.5, 6.75], "texture": "#3"},
				"east": {"uv": [8.5, 6.75, 9.5, 7.25], "texture": "#3"},
				"south": {"uv": [8.75, 2.25, 9.75, 2.75], "texture": "#3"},
				"west": {"uv": [8.75, 2.75, 9.75, 3.25], "texture": "#3"},
				"up": {"uv": [2.5, 6, 1.5, 5], "texture": "#3"},
				"down": {"uv": [2.5, 6, 1.5, 7], "texture": "#3"}
			}
		},
		{
			"from": [3, 0, 3],
			"to": [13, 3, 13],
			"faces": {
				"north": {"uv": [6.5, 7.5, 9, 8.25], "texture": "#3"},
				"east": {"uv": [7.75, 3.5, 10.25, 4.25], "texture": "#3"},
				"south": {"uv": [7.75, 4.25, 10.25, 5], "texture": "#3"},
				"west": {"uv": [7.75, 5, 10.25, 5.75], "texture": "#3"},
				"up": {"uv": [2.5, 2.5, 0, 0], "texture": "#3"},
				"down": {"uv": [2.5, 2.5, 0, 5], "texture": "#3"}
			}
		},
		{
			"from": [4, 3, 4],
			"to": [12, 7, 12],
			"faces": {
				"north": {"uv": [6, 2.5, 8, 3.5], "texture": "#3"},
				"east": {"uv": [6.5, 6.5, 8.5, 7.5], "texture": "#3"},
				"south": {"uv": [0, 7, 2, 8], "texture": "#3"},
				"west": {"uv": [2, 7, 4, 8], "texture": "#3"},
				"up": {"uv": [6, 2, 4, 0], "texture": "#3"},
				"down": {"uv": [6, 2, 4, 4], "texture": "#3"}
			}
		},
		{
			"from": [5, 9, 5.5],
			"to": [11, 17, 10.5],
			"faces": {
				"north": {"uv": [4, 4, 5.5, 6], "texture": "#3"},
				"east": {"uv": [4, 6, 5.25, 8], "texture": "#3"},
				"south": {"uv": [0, 5, 1.5, 7], "texture": "#3"},
				"west": {"uv": [5.25, 6.5, 6.5, 8.5], "texture": "#3"},
				"up": {"uv": [1.5, 9.25, 0, 8], "texture": "#3"},
				"down": {"uv": [3, 8, 1.5, 9.25], "texture": "#3"}
			}
		},
		{
			"from": [3, 11, 7],
			"to": [9, 25, 9],
			"faces": {
				"north": {"uv": [2.5, 0, 4, 3.5], "texture": "#3"},
				"east": {"uv": [3, 8, 3.5, 11.5], "texture": "#3"},
				"south": {"uv": [4, 0, 2.5, 3.5], "texture": "#3"},
				"west": {"uv": [3.5, 8, 4, 11.5], "texture": "#3"},
				"up": {"uv": [7.5, 4, 6, 3.5], "texture": "#3"},
				"down": {"uv": [9.25, 5.75, 7.75, 6.25], "texture": "#3"}
			}
		},
		{
			"from": [5, 18.1, 5.5],
			"to": [14, 23.1, 10.5],
			"rotation": {"angle": -22.5, "axis": "z", "origin": [8.5, 20.5, 8]},
			"faces": {
				"north": {"uv": [5.5, 4, 7.75, 5.25], "texture": "#3"},
				"east": {"uv": [4, 8, 5.25, 9.25], "texture": "#3"},
				"south": {"uv": [5.5, 5.25, 7.75, 6.5], "texture": "#3"},
				"west": {"uv": [8.25, 0, 9.5, 1.25], "texture": "#3"},
				"up": {"uv": [8.25, 1.25, 6, 0], "texture": "#3"},
				"down": {"uv": [8.25, 1.25, 6, 2.5], "texture": "#3"}
			}
		},
		{
			"from": [6.5, 23.1, 9.5],
			"to": [8.5, 25.1, 10.5],
			"rotation": {"angle": -22.5, "axis": "z", "origin": [8.5, 20.5, 8]},
			"faces": {
				"north": {"uv": [6, 8.5, 6.5, 9], "texture": "#3"},
				"east": {"uv": [5.25, 6, 5.5, 6.5], "texture": "#3"},
				"south": {"uv": [8.75, 8.25, 9.25, 8.75], "texture": "#3"},
				"west": {"uv": [7.5, 3.5, 7.75, 4], "texture": "#3"},
				"up": {"uv": [8.25, 6.5, 7.75, 6.25], "texture": "#3"},
				"down": {"uv": [8.75, 2.25, 8.25, 2.5], "texture": "#3"}
			}
		},
		{
			"from": [6.5, 23.1, 5.5],
			"to": [8.5, 25.1, 6.5],
			"rotation": {"angle": -22.5, "axis": "z", "origin": [8.5, 20.5, 8]},
			"faces": {
				"north": {"uv": [8.75, 8.75, 9.25, 9.25], "texture": "#3"},
				"east": {"uv": [9, 1.75, 9.25, 2.25], "texture": "#3"},
				"south": {"uv": [9, 1.25, 9.5, 1.75], "texture": "#3"},
				"west": {"uv": [6, 9, 6.25, 9.5], "texture": "#3"},
				"up": {"uv": [9, 7.5, 8.5, 7.25], "texture": "#3"},
				"down": {"uv": [9.25, 3.25, 8.75, 3.5], "texture": "#3"}
			}
		},
		{
			"from": [6.3, 15, 6.7],
			"to": [9.3, 19, 9.7],
			"faces": {
				"north": {"uv": [8, 2.5, 8.75, 3.5], "texture": "#3"},
				"east": {"uv": [8.25, 1.25, 9, 2.25], "texture": "#3"},
				"south": {"uv": [6.5, 8.25, 7.25, 9.25], "texture": "#3"},
				"west": {"uv": [7.25, 8.25, 8, 9.25], "texture": "#3"},
				"up": {"uv": [8.75, 9, 8, 8.25], "texture": "#3"},
				"down": {"uv": [6, 8.5, 5.25, 9.25], "texture": "#3"}
			}
		}
	],
	"display": {
		"thirdperson_righthand": {
			"rotation": [45, 90, 0],
			"translation": [0, 1, 1.75],
			"scale": [0.3, 0.3, 0.3]
		},
		"thirdperson_lefthand": {
			"rotation": [45, -90, 0],
			"translation": [0, 1, 1.75],
			"scale": [0.3, 0.3, 0.3]
		},
		"firstperson_righthand": {
			"rotation": [-12, 90, 0],
			"translation": [1, 3, 2],
			"scale": [0.3, 0.3, 0.3]
		},
		"firstperson_lefthand": {
			"rotation": [-12, -90, 0],
			"translation": [1, 3, 2],
			"scale": [0.3, 0.3, 0.3]
		},
		"ground": {
			"translation": [0, -1.5, 0],
			"scale": [0.3, 0.3, 0.3]
		},
		"gui": {
			"rotation": [20, -45, 0],
			"translation": [0, -1.5, 0],
			"scale": [0.5, 0.5, 0.5]
		},
		"head": {
			"rotation": [0, 90, 0],
			"translation": [0, 15, 0]
		},
		"fixed": {
			"rotation": [-90, 0, 0],
			"translation": [0, 0, -8]
		}
	}
}