{
	"credit": "Made with Blockbench",
	"texture_size": [64, 64],
	"textures": {
		"main": "postavicky:item/zaba2"
	},
	"elements": [
		{
			"name": "head",
			"from": [4.5, 5, 5],
			"to": [11.5, 5, 14],
			"faces": {
				"north": {"uv": [2, 1.375, 2.4375, 1.375], "texture": "#main"},
				"east": {"uv": [1.4375, 1.375, 2, 1.375], "texture": "#main"},
				"south": {"uv": [3, 1.375, 3.4375, 1.375], "texture": "#main"},
				"west": {"uv": [2.4375, 1.375, 3, 1.375], "texture": "#main"},
				"up": {"uv": [2.4375, 1.375, 2, 0.8125], "texture": "#main"},
				"down": {"uv": [2.875, 0.8125, 2.4375, 1.375], "texture": "#main"}
			}
		},
		{
			"name": "head",
			"from": [4.5, 3, 5],
			"to": [11.5, 6, 14],
			"faces": {
				"north": {"uv": [0.5625, 1.375, 1, 1.5625], "texture": "#main"},
				"east": {"uv": [0, 1.375, 0.5625, 1.5625], "texture": "#main"},
				"south": {"uv": [1.5625, 1.375, 2, 1.5625], "texture": "#main"},
				"west": {"uv": [1, 1.375, 1.5625, 1.5625], "texture": "#main"},
				"up": {"uv": [1, 1.375, 0.5625, 0.8125], "texture": "#main"},
				"down": {"uv": [1.4375, 0.8125, 1, 1.375], "texture": "#main"}
			}
		},
		{
			"name": "eyes",
			"from": [8.5, 6, 6],
			"to": [11.5, 8, 9],
			"faces": {
				"north": {"uv": [0.1875, 0.1875, 0.375, 0.3125], "texture": "#main"},
				"east": {"uv": [0, 0.1875, 0.1875, 0.3125], "texture": "#main"},
				"south": {"uv": [0.5625, 0.1875, 0.75, 0.3125], "texture": "#main"},
				"west": {"uv": [0.375, 0.1875, 0.5625, 0.3125], "texture": "#main"},
				"up": {"uv": [0.375, 0.1875, 0.1875, 0], "texture": "#main"},
				"down": {"uv": [0.5625, 0, 0.375, 0.1875], "texture": "#main"}
			}
		},
		{
			"name": "eyes",
			"from": [4.5, 6, 6],
			"to": [7.5, 8, 9],
			"faces": {
				"north": {"uv": [0.1875, 0.5, 0.375, 0.625], "texture": "#main"},
				"east": {"uv": [0, 0.5, 0.1875, 0.625], "texture": "#main"},
				"south": {"uv": [0.5625, 0.5, 0.75, 0.625], "texture": "#main"},
				"west": {"uv": [0.375, 0.5, 0.5625, 0.625], "texture": "#main"},
				"up": {"uv": [0.375, 0.5, 0.1875, 0.3125], "texture": "#main"},
				"down": {"uv": [0.5625, 0.3125, 0.375, 0.5], "texture": "#main"}
			}
		},
		{
			"name": "tongue",
			"from": [6, 3.1, 6.9],
			"to": [10, 3.1, 13.9],
			"faces": {
				"north": {"uv": [1.5, 1.25, 1.75, 1.25], "texture": "#main"},
				"east": {"uv": [1.0625, 1.25, 1.5, 1.25], "texture": "#main"},
				"south": {"uv": [2.1875, 1.25, 2.4375, 1.25], "texture": "#main"},
				"west": {"uv": [1.75, 1.25, 2.1875, 1.25], "texture": "#main"},
				"up": {"uv": [1.75, 1.25, 1.5, 0.8125], "texture": "#main"},
				"down": {"uv": [2, 0.8125, 1.75, 1.25], "texture": "#main"}
			}
		},
		{
			"name": "body",
			"from": [4.5, 1, 5],
			"to": [11.5, 4, 14],
			"faces": {
				"north": {"uv": [0.75, 0.625, 1.1875, 0.8125], "texture": "#main"},
				"east": {"uv": [0.1875, 0.625, 0.75, 0.8125], "texture": "#main"},
				"south": {"uv": [1.75, 0.625, 2.1875, 0.8125], "texture": "#main"},
				"west": {"uv": [1.1875, 0.625, 1.75, 0.8125], "texture": "#main"},
				"up": {"uv": [1.1875, 0.625, 0.75, 0.0625], "texture": "#main"},
				"down": {"uv": [1.625, 0.0625, 1.1875, 0.625], "texture": "#main"}
			}
		},
		{
			"name": "body",
			"from": [4.5, 3, 5],
			"to": [11.5, 3, 14],
			"faces": {
				"north": {"uv": [2, 1.9375, 2.4375, 1.9375], "texture": "#main"},
				"east": {"uv": [1.4375, 1.9375, 2, 1.9375], "texture": "#main"},
				"south": {"uv": [3, 1.9375, 3.4375, 1.9375], "texture": "#main"},
				"west": {"uv": [2.4375, 1.9375, 3, 1.9375], "texture": "#main"},
				"up": {"uv": [2.4375, 1.9375, 2, 1.375], "texture": "#main"},
				"down": {"uv": [2.875, 1.375, 2.4375, 1.9375], "texture": "#main"}
			}
		},
		{
			"name": "croaking_body",
			"from": [4.55, 2, 5.1],
			"to": [11.45, 4, 6.8],
			"faces": {
				"north": {"uv": [1.6875, 0.0625, 2.125, 0.1875], "texture": "#main"},
				"east": {"uv": [1.625, 0.0625, 1.6875, 0.1875], "texture": "#main"},
				"south": {"uv": [2.1875, 0.0625, 2.625, 0.1875], "texture": "#main"},
				"west": {"uv": [2.125, 0.0625, 2.1875, 0.1875], "texture": "#main"},
				"up": {"uv": [2.125, 0.0625, 1.6875, 0], "texture": "#main"},
				"down": {"uv": [2.5625, 0, 2.125, 0.0625], "texture": "#main"}
			}
		},
		{
			"name": "left_arm",
			"from": [3, 0, 5.5],
			"to": [5, 3, 8.5],
			"faces": {
				"north": {"uv": [0.1875, 2.1875, 0.3125, 2.375], "texture": "#main"},
				"east": {"uv": [0, 2.1875, 0.1875, 2.375], "texture": "#main"},
				"south": {"uv": [0.5, 2.1875, 0.625, 2.375], "texture": "#main"},
				"west": {"uv": [0.3125, 2.1875, 0.5, 2.375], "texture": "#main"},
				"up": {"uv": [0.3125, 2.1875, 0.1875, 2], "texture": "#main"},
				"down": {"uv": [0.4375, 2, 0.3125, 2.1875], "texture": "#main"}
			}
		},
		{
			"name": "left_arm",
			"from": [0, -0.01, 1.5],
			"to": [8, -0.01, 9.5],
			"faces": {
				"north": {"uv": [1.625, 3, 2.125, 3], "texture": "#main"},
				"east": {"uv": [1.125, 3, 1.625, 3], "texture": "#main"},
				"south": {"uv": [2.625, 3, 3.125, 3], "texture": "#main"},
				"west": {"uv": [2.125, 3, 2.625, 3], "texture": "#main"},
				"up": {"uv": [2.125, 3, 1.625, 2.5], "texture": "#main"},
				"down": {"uv": [2.625, 2.5, 2.125, 3], "texture": "#main"}
			}
		},
		{
			"name": "right_arm",
			"from": [11, 0, 5.5],
			"to": [13, 3, 8.5],
			"faces": {
				"north": {"uv": [0.1875, 2.5625, 0.3125, 2.75], "texture": "#main"},
				"east": {"uv": [0, 2.5625, 0.1875, 2.75], "texture": "#main"},
				"south": {"uv": [0.5, 2.5625, 0.625, 2.75], "texture": "#main"},
				"west": {"uv": [0.3125, 2.5625, 0.5, 2.75], "texture": "#main"},
				"up": {"uv": [0.3125, 2.5625, 0.1875, 2.375], "texture": "#main"},
				"down": {"uv": [0.4375, 2.375, 0.3125, 2.5625], "texture": "#main"}
			}
		},
		{
			"name": "right_arm",
			"from": [8, -0.01, 1.5],
			"to": [16, -0.01, 9.5],
			"faces": {
				"north": {"uv": [0.625, 3, 1.125, 3], "texture": "#main"},
				"east": {"uv": [0.125, 3, 0.625, 3], "texture": "#main"},
				"south": {"uv": [1.625, 3, 2.125, 3], "texture": "#main"},
				"west": {"uv": [1.125, 3, 1.625, 3], "texture": "#main"},
				"up": {"uv": [1.125, 3, 0.625, 2.5], "texture": "#main"},
				"down": {"uv": [1.625, 2.5, 1.125, 3], "texture": "#main"}
			}
		},
		{
			"name": "left_leg",
			"from": [2.5, 0, 11],
			"to": [5.5, 3, 15],
			"faces": {
				"north": {"uv": [1.125, 1.8125, 1.3125, 2], "texture": "#main"},
				"east": {"uv": [0.875, 1.8125, 1.125, 2], "texture": "#main"},
				"south": {"uv": [1.5625, 1.8125, 1.75, 2], "texture": "#main"},
				"west": {"uv": [1.3125, 1.8125, 1.5625, 2], "texture": "#main"},
				"up": {"uv": [1.3125, 1.8125, 1.125, 1.5625], "texture": "#main"},
				"down": {"uv": [1.5, 1.5625, 1.3125, 1.8125], "texture": "#main"}
			}
		},
		{
			"name": "left_leg",
			"from": [-1.5, -0.01, 9],
			"to": [6.5, -0.01, 17],
			"faces": {
				"north": {"uv": [0.625, 2.5, 1.125, 2.5], "texture": "#main"},
				"east": {"uv": [0.125, 2.5, 0.625, 2.5], "texture": "#main"},
				"south": {"uv": [1.625, 2.5, 2.125, 2.5], "texture": "#main"},
				"west": {"uv": [1.125, 2.5, 1.625, 2.5], "texture": "#main"},
				"up": {"uv": [1.125, 2.5, 0.625, 2], "texture": "#main"},
				"down": {"uv": [1.625, 2, 1.125, 2.5], "texture": "#main"}
			}
		},
		{
			"name": "right_leg",
			"from": [10.5, 0, 11],
			"to": [13.5, 3, 15],
			"faces": {
				"north": {"uv": [0.25, 1.8125, 0.4375, 2], "texture": "#main"},
				"east": {"uv": [0, 1.8125, 0.25, 2], "texture": "#main"},
				"south": {"uv": [0.6875, 1.8125, 0.875, 2], "texture": "#main"},
				"west": {"uv": [0.4375, 1.8125, 0.6875, 2], "texture": "#main"},
				"up": {"uv": [0.4375, 1.8125, 0.25, 1.5625], "texture": "#main"},
				"down": {"uv": [0.625, 1.5625, 0.4375, 1.8125], "texture": "#main"}
			}
		},
		{
			"name": "right_leg",
			"from": [9.5, -0.01, 9],
			"to": [17.5, -0.01, 17],
			"faces": {
				"north": {"uv": [1.625, 2.5, 2.125, 2.5], "texture": "#main"},
				"east": {"uv": [1.125, 2.5, 1.625, 2.5], "texture": "#main"},
				"south": {"uv": [2.625, 2.5, 3.125, 2.5], "texture": "#main"},
				"west": {"uv": [2.125, 2.5, 2.625, 2.5], "texture": "#main"},
				"up": {"uv": [2.125, 2.5, 1.625, 2], "texture": "#main"},
				"down": {"uv": [2.625, 2, 2.125, 2.5], "texture": "#main"}
			}
		},
		{
			"name": "head",
			"from": [4.5, 5, 5],
			"to": [11.5, 5, 14],
			"faces": {
				"north": {"uv": [6, 1.375, 6.4375, 1.375], "texture": "#main"},
				"east": {"uv": [5.4375, 1.375, 6, 1.375], "texture": "#main"},
				"south": {"uv": [7, 1.375, 7.4375, 1.375], "texture": "#main"},
				"west": {"uv": [6.4375, 1.375, 7, 1.375], "texture": "#main"},
				"up": {"uv": [6.4375, 1.375, 6, 0.8125], "texture": "#main"},
				"down": {"uv": [6.875, 0.8125, 6.4375, 1.375], "texture": "#main"}
			}
		},
		{
			"name": "head",
			"from": [4.5, 3, 5],
			"to": [11.5, 6, 14],
			"faces": {
				"north": {"uv": [4.5625, 1.375, 5, 1.5625], "texture": "#main"},
				"east": {"uv": [4, 1.375, 4.5625, 1.5625], "texture": "#main"},
				"south": {"uv": [5.5625, 1.375, 6, 1.5625], "texture": "#main"},
				"west": {"uv": [5, 1.375, 5.5625, 1.5625], "texture": "#main"},
				"up": {"uv": [5, 1.375, 4.5625, 0.8125], "texture": "#main"},
				"down": {"uv": [5.4375, 0.8125, 5, 1.375], "texture": "#main"}
			}
		},
		{
			"name": "eyes",
			"from": [8.5, 6, 6],
			"to": [11.5, 8, 9],
			"faces": {
				"north": {"uv": [4.1875, 0.1875, 4.375, 0.3125], "texture": "#main"},
				"east": {"uv": [4, 0.1875, 4.1875, 0.3125], "texture": "#main"},
				"south": {"uv": [4.5625, 0.1875, 4.75, 0.3125], "texture": "#main"},
				"west": {"uv": [4.375, 0.1875, 4.5625, 0.3125], "texture": "#main"},
				"up": {"uv": [4.375, 0.1875, 4.1875, 0], "texture": "#main"},
				"down": {"uv": [4.5625, 0, 4.375, 0.1875], "texture": "#main"}
			}
		},
		{
			"name": "eyes",
			"from": [4.5, 6, 6],
			"to": [7.5, 8, 9],
			"faces": {
				"north": {"uv": [4.1875, 0.5, 4.375, 0.625], "texture": "#main"},
				"east": {"uv": [4, 0.5, 4.1875, 0.625], "texture": "#main"},
				"south": {"uv": [4.5625, 0.5, 4.75, 0.625], "texture": "#main"},
				"west": {"uv": [4.375, 0.5, 4.5625, 0.625], "texture": "#main"},
				"up": {"uv": [4.375, 0.5, 4.1875, 0.3125], "texture": "#main"},
				"down": {"uv": [4.5625, 0.3125, 4.375, 0.5], "texture": "#main"}
			}
		},
		{
			"name": "tongue",
			"from": [6, 3.1, 6.9],
			"to": [10, 3.1, 13.9],
			"faces": {
				"north": {"uv": [5.5, 1.25, 5.75, 1.25], "texture": "#main"},
				"east": {"uv": [5.0625, 1.25, 5.5, 1.25], "texture": "#main"},
				"south": {"uv": [6.1875, 1.25, 6.4375, 1.25], "texture": "#main"},
				"west": {"uv": [5.75, 1.25, 6.1875, 1.25], "texture": "#main"},
				"up": {"uv": [5.75, 1.25, 5.5, 0.8125], "texture": "#main"},
				"down": {"uv": [6, 0.8125, 5.75, 1.25], "texture": "#main"}
			}
		},
		{
			"name": "body",
			"from": [4.5, 1, 5],
			"to": [11.5, 4, 14],
			"faces": {
				"north": {"uv": [4.75, 0.625, 5.1875, 0.8125], "texture": "#main"},
				"east": {"uv": [4.1875, 0.625, 4.75, 0.8125], "texture": "#main"},
				"south": {"uv": [5.75, 0.625, 6.1875, 0.8125], "texture": "#main"},
				"west": {"uv": [5.1875, 0.625, 5.75, 0.8125], "texture": "#main"},
				"up": {"uv": [5.1875, 0.625, 4.75, 0.0625], "texture": "#main"},
				"down": {"uv": [5.625, 0.0625, 5.1875, 0.625], "texture": "#main"}
			}
		},
		{
			"name": "body",
			"from": [4.5, 3, 5],
			"to": [11.5, 3, 14],
			"faces": {
				"north": {"uv": [6, 1.9375, 6.4375, 1.9375], "texture": "#main"},
				"east": {"uv": [5.4375, 1.9375, 6, 1.9375], "texture": "#main"},
				"south": {"uv": [7, 1.9375, 7.4375, 1.9375], "texture": "#main"},
				"west": {"uv": [6.4375, 1.9375, 7, 1.9375], "texture": "#main"},
				"up": {"uv": [6.4375, 1.9375, 6, 1.375], "texture": "#main"},
				"down": {"uv": [6.875, 1.375, 6.4375, 1.9375], "texture": "#main"}
			}
		},
		{
			"name": "croaking_body",
			"from": [4.1, 2, 4.6],
			"to": [11.9, 4, 6.8],
			"faces": {
				"north": {"uv": [5.75, 0.125, 6.25, 0.25], "texture": "#main"},
				"east": {"uv": [5.625, 0.125, 5.75, 0.25], "texture": "#main"},
				"south": {"uv": [6.375, 0.125, 6.875, 0.25], "texture": "#main"},
				"west": {"uv": [6.25, 0.125, 6.375, 0.25], "texture": "#main"},
				"up": {"uv": [6.25, 0.125, 5.75, 0], "texture": "#main"},
				"down": {"uv": [6.75, 0, 6.25, 0.125], "texture": "#main"}
			}
		},
		{
			"name": "left_arm",
			"from": [3, 0, 5.5],
			"to": [5, 3, 8.5],
			"faces": {
				"north": {"uv": [4.1875, 2.1875, 4.3125, 2.375], "texture": "#main"},
				"east": {"uv": [4, 2.1875, 4.1875, 2.375], "texture": "#main"},
				"south": {"uv": [4.5, 2.1875, 4.625, 2.375], "texture": "#main"},
				"west": {"uv": [4.3125, 2.1875, 4.5, 2.375], "texture": "#main"},
				"up": {"uv": [4.3125, 2.1875, 4.1875, 2], "texture": "#main"},
				"down": {"uv": [4.4375, 2, 4.3125, 2.1875], "texture": "#main"}
			}
		},
		{
			"name": "left_arm",
			"from": [0, -0.01, 1.5],
			"to": [8, -0.01, 9.5],
			"faces": {
				"north": {"uv": [5.625, 3, 6.125, 3], "texture": "#main"},
				"east": {"uv": [5.125, 3, 5.625, 3], "texture": "#main"},
				"south": {"uv": [6.625, 3, 7.125, 3], "texture": "#main"},
				"west": {"uv": [6.125, 3, 6.625, 3], "texture": "#main"},
				"up": {"uv": [6.125, 3, 5.625, 2.5], "texture": "#main"},
				"down": {"uv": [6.625, 2.5, 6.125, 3], "texture": "#main"}
			}
		},
		{
			"name": "right_arm",
			"from": [11, 0, 5.5],
			"to": [13, 3, 8.5],
			"faces": {
				"north": {"uv": [4.1875, 2.5625, 4.3125, 2.75], "texture": "#main"},
				"east": {"uv": [4, 2.5625, 4.1875, 2.75], "texture": "#main"},
				"south": {"uv": [4.5, 2.5625, 4.625, 2.75], "texture": "#main"},
				"west": {"uv": [4.3125, 2.5625, 4.5, 2.75], "texture": "#main"},
				"up": {"uv": [4.3125, 2.5625, 4.1875, 2.375], "texture": "#main"},
				"down": {"uv": [4.4375, 2.375, 4.3125, 2.5625], "texture": "#main"}
			}
		},
		{
			"name": "right_arm",
			"from": [8, -0.01, 1.5],
			"to": [16, -0.01, 9.5],
			"faces": {
				"north": {"uv": [4.625, 3, 5.125, 3], "texture": "#main"},
				"east": {"uv": [4.125, 3, 4.625, 3], "texture": "#main"},
				"south": {"uv": [5.625, 3, 6.125, 3], "texture": "#main"},
				"west": {"uv": [5.125, 3, 5.625, 3], "texture": "#main"},
				"up": {"uv": [5.125, 3, 4.625, 2.5], "texture": "#main"},
				"down": {"uv": [5.625, 2.5, 5.125, 3], "texture": "#main"}
			}
		},
		{
			"name": "left_leg",
			"from": [2.5, 0, 11],
			"to": [5.5, 3, 15],
			"faces": {
				"north": {"uv": [5.125, 1.8125, 5.3125, 2], "texture": "#main"},
				"east": {"uv": [4.875, 1.8125, 5.125, 2], "texture": "#main"},
				"south": {"uv": [5.5625, 1.8125, 5.75, 2], "texture": "#main"},
				"west": {"uv": [5.3125, 1.8125, 5.5625, 2], "texture": "#main"},
				"up": {"uv": [5.3125, 1.8125, 5.125, 1.5625], "texture": "#main"},
				"down": {"uv": [5.5, 1.5625, 5.3125, 1.8125], "texture": "#main"}
			}
		},
		{
			"name": "left_leg",
			"from": [-1.5, -0.01, 9],
			"to": [6.5, -0.01, 17],
			"faces": {
				"north": {"uv": [4.625, 2.5, 5.125, 2.5], "texture": "#main"},
				"east": {"uv": [4.125, 2.5, 4.625, 2.5], "texture": "#main"},
				"south": {"uv": [5.625, 2.5, 6.125, 2.5], "texture": "#main"},
				"west": {"uv": [5.125, 2.5, 5.625, 2.5], "texture": "#main"},
				"up": {"uv": [5.125, 2.5, 4.625, 2], "texture": "#main"},
				"down": {"uv": [5.625, 2, 5.125, 2.5], "texture": "#main"}
			}
		},
		{
			"name": "right_leg",
			"from": [10.5, 0, 11],
			"to": [13.5, 3, 15],
			"faces": {
				"north": {"uv": [4.25, 1.8125, 4.4375, 2], "texture": "#main"},
				"east": {"uv": [4, 1.8125, 4.25, 2], "texture": "#main"},
				"south": {"uv": [4.6875, 1.8125, 4.875, 2], "texture": "#main"},
				"west": {"uv": [4.4375, 1.8125, 4.6875, 2], "texture": "#main"},
				"up": {"uv": [4.4375, 1.8125, 4.25, 1.5625], "texture": "#main"},
				"down": {"uv": [4.625, 1.5625, 4.4375, 1.8125], "texture": "#main"}
			}
		},
		{
			"name": "right_leg",
			"from": [9.5, -0.01, 9],
			"to": [17.5, -0.01, 17],
			"faces": {
				"north": {"uv": [5.625, 2.5, 6.125, 2.5], "texture": "#main"},
				"east": {"uv": [5.125, 2.5, 5.625, 2.5], "texture": "#main"},
				"south": {"uv": [6.625, 2.5, 7.125, 2.5], "texture": "#main"},
				"west": {"uv": [6.125, 2.5, 6.625, 2.5], "texture": "#main"},
				"up": {"uv": [6.125, 2.5, 5.625, 2], "texture": "#main"},
				"down": {"uv": [6.625, 2, 6.125, 2.5], "texture": "#main"}
			}
		},
		{
			"name": "head",
			"from": [4.5, 5, 5],
			"to": [11.5, 5, 14],
			"faces": {
				"north": {"uv": [10, 1.375, 10.4375, 1.375], "texture": "#main"},
				"east": {"uv": [9.4375, 1.375, 10, 1.375], "texture": "#main"},
				"south": {"uv": [11, 1.375, 11.4375, 1.375], "texture": "#main"},
				"west": {"uv": [10.4375, 1.375, 11, 1.375], "texture": "#main"},
				"up": {"uv": [10.4375, 1.375, 10, 0.8125], "texture": "#main"},
				"down": {"uv": [10.875, 0.8125, 10.4375, 1.375], "texture": "#main"}
			}
		},
		{
			"name": "head",
			"from": [4.5, 3, 5],
			"to": [11.5, 6, 14],
			"faces": {
				"north": {"uv": [8.5625, 1.375, 9, 1.5625], "texture": "#main"},
				"east": {"uv": [8, 1.375, 8.5625, 1.5625], "texture": "#main"},
				"south": {"uv": [9.5625, 1.375, 10, 1.5625], "texture": "#main"},
				"west": {"uv": [9, 1.375, 9.5625, 1.5625], "texture": "#main"},
				"up": {"uv": [9, 1.375, 8.5625, 0.8125], "texture": "#main"},
				"down": {"uv": [9.4375, 0.8125, 9, 1.375], "texture": "#main"}
			}
		},
		{
			"name": "eyes",
			"from": [8.5, 6, 6],
			"to": [11.5, 8, 9],
			"faces": {
				"north": {"uv": [8.1875, 0.1875, 8.375, 0.3125], "texture": "#main"},
				"east": {"uv": [8, 0.1875, 8.1875, 0.3125], "texture": "#main"},
				"south": {"uv": [8.5625, 0.1875, 8.75, 0.3125], "texture": "#main"},
				"west": {"uv": [8.375, 0.1875, 8.5625, 0.3125], "texture": "#main"},
				"up": {"uv": [8.375, 0.1875, 8.1875, 0], "texture": "#main"},
				"down": {"uv": [8.5625, 0, 8.375, 0.1875], "texture": "#main"}
			}
		},
		{
			"name": "eyes",
			"from": [4.5, 6, 6],
			"to": [7.5, 8, 9],
			"faces": {
				"north": {"uv": [8.1875, 0.5, 8.375, 0.625], "texture": "#main"},
				"east": {"uv": [8, 0.5, 8.1875, 0.625], "texture": "#main"},
				"south": {"uv": [8.5625, 0.5, 8.75, 0.625], "texture": "#main"},
				"west": {"uv": [8.375, 0.5, 8.5625, 0.625], "texture": "#main"},
				"up": {"uv": [8.375, 0.5, 8.1875, 0.3125], "texture": "#main"},
				"down": {"uv": [8.5625, 0.3125, 8.375, 0.5], "texture": "#main"}
			}
		},
		{
			"name": "tongue",
			"from": [6, 3.1, 6.9],
			"to": [10, 3.1, 13.9],
			"faces": {
				"north": {"uv": [9.5, 1.25, 9.75, 1.25], "texture": "#main"},
				"east": {"uv": [9.0625, 1.25, 9.5, 1.25], "texture": "#main"},
				"south": {"uv": [10.1875, 1.25, 10.4375, 1.25], "texture": "#main"},
				"west": {"uv": [9.75, 1.25, 10.1875, 1.25], "texture": "#main"},
				"up": {"uv": [9.75, 1.25, 9.5, 0.8125], "texture": "#main"},
				"down": {"uv": [10, 0.8125, 9.75, 1.25], "texture": "#main"}
			}
		},
		{
			"name": "body",
			"from": [4.5, 1, 5],
			"to": [11.5, 4, 14],
			"faces": {
				"north": {"uv": [8.75, 0.625, 9.1875, 0.8125], "texture": "#main"},
				"east": {"uv": [8.1875, 0.625, 8.75, 0.8125], "texture": "#main"},
				"south": {"uv": [9.75, 0.625, 10.1875, 0.8125], "texture": "#main"},
				"west": {"uv": [9.1875, 0.625, 9.75, 0.8125], "texture": "#main"},
				"up": {"uv": [9.1875, 0.625, 8.75, 0.0625], "texture": "#main"},
				"down": {"uv": [9.625, 0.0625, 9.1875, 0.625], "texture": "#main"}
			}
		},
		{
			"name": "body",
			"from": [4.5, 3, 5],
			"to": [11.5, 3, 14],
			"faces": {
				"north": {"uv": [10, 1.9375, 10.4375, 1.9375], "texture": "#main"},
				"east": {"uv": [9.4375, 1.9375, 10, 1.9375], "texture": "#main"},
				"south": {"uv": [11, 1.9375, 11.4375, 1.9375], "texture": "#main"},
				"west": {"uv": [10.4375, 1.9375, 11, 1.9375], "texture": "#main"},
				"up": {"uv": [10.4375, 1.9375, 10, 1.375], "texture": "#main"},
				"down": {"uv": [10.875, 1.375, 10.4375, 1.9375], "texture": "#main"}
			}
		},
		{
			"name": "croaking_body",
			"from": [3.85, 1.8, 4.35],
			"to": [12.15, 4, 6.8],
			"faces": {
				"north": {"uv": [9.75, 0.125, 10.25, 0.25], "texture": "#main"},
				"east": {"uv": [9.625, 0.125, 9.75, 0.25], "texture": "#main"},
				"south": {"uv": [10.375, 0.125, 10.875, 0.25], "texture": "#main"},
				"west": {"uv": [10.25, 0.125, 10.375, 0.25], "texture": "#main"},
				"up": {"uv": [10.25, 0.125, 9.75, 0], "texture": "#main"},
				"down": {"uv": [10.75, 0, 10.25, 0.125], "texture": "#main"}
			}
		},
		{
			"name": "left_arm",
			"from": [3, 0, 5.5],
			"to": [5, 3, 8.5],
			"faces": {
				"north": {"uv": [8.1875, 2.1875, 8.3125, 2.375], "texture": "#main"},
				"east": {"uv": [8, 2.1875, 8.1875, 2.375], "texture": "#main"},
				"south": {"uv": [8.5, 2.1875, 8.625, 2.375], "texture": "#main"},
				"west": {"uv": [8.3125, 2.1875, 8.5, 2.375], "texture": "#main"},
				"up": {"uv": [8.3125, 2.1875, 8.1875, 2], "texture": "#main"},
				"down": {"uv": [8.4375, 2, 8.3125, 2.1875], "texture": "#main"}
			}
		},
		{
			"name": "left_arm",
			"from": [0, -0.01, 1.5],
			"to": [8, -0.01, 9.5],
			"faces": {
				"north": {"uv": [9.625, 3, 10.125, 3], "texture": "#main"},
				"east": {"uv": [9.125, 3, 9.625, 3], "texture": "#main"},
				"south": {"uv": [10.625, 3, 11.125, 3], "texture": "#main"},
				"west": {"uv": [10.125, 3, 10.625, 3], "texture": "#main"},
				"up": {"uv": [10.125, 3, 9.625, 2.5], "texture": "#main"},
				"down": {"uv": [10.625, 2.5, 10.125, 3], "texture": "#main"}
			}
		},
		{
			"name": "right_arm",
			"from": [11, 0, 5.5],
			"to": [13, 3, 8.5],
			"faces": {
				"north": {"uv": [8.1875, 2.5625, 8.3125, 2.75], "texture": "#main"},
				"east": {"uv": [8, 2.5625, 8.1875, 2.75], "texture": "#main"},
				"south": {"uv": [8.5, 2.5625, 8.625, 2.75], "texture": "#main"},
				"west": {"uv": [8.3125, 2.5625, 8.5, 2.75], "texture": "#main"},
				"up": {"uv": [8.3125, 2.5625, 8.1875, 2.375], "texture": "#main"},
				"down": {"uv": [8.4375, 2.375, 8.3125, 2.5625], "texture": "#main"}
			}
		},
		{
			"name": "right_arm",
			"from": [8, -0.01, 1.5],
			"to": [16, -0.01, 9.5],
			"faces": {
				"north": {"uv": [8.625, 3, 9.125, 3], "texture": "#main"},
				"east": {"uv": [8.125, 3, 8.625, 3], "texture": "#main"},
				"south": {"uv": [9.625, 3, 10.125, 3], "texture": "#main"},
				"west": {"uv": [9.125, 3, 9.625, 3], "texture": "#main"},
				"up": {"uv": [9.125, 3, 8.625, 2.5], "texture": "#main"},
				"down": {"uv": [9.625, 2.5, 9.125, 3], "texture": "#main"}
			}
		},
		{
			"name": "left_leg",
			"from": [2.5, 0, 11],
			"to": [5.5, 3, 15],
			"faces": {
				"north": {"uv": [9.125, 1.8125, 9.3125, 2], "texture": "#main"},
				"east": {"uv": [8.875, 1.8125, 9.125, 2], "texture": "#main"},
				"south": {"uv": [9.5625, 1.8125, 9.75, 2], "texture": "#main"},
				"west": {"uv": [9.3125, 1.8125, 9.5625, 2], "texture": "#main"},
				"up": {"uv": [9.3125, 1.8125, 9.125, 1.5625], "texture": "#main"},
				"down": {"uv": [9.5, 1.5625, 9.3125, 1.8125], "texture": "#main"}
			}
		},
		{
			"name": "left_leg",
			"from": [-1.5, -0.01, 9],
			"to": [6.5, -0.01, 17],
			"faces": {
				"north": {"uv": [8.625, 2.5, 9.125, 2.5], "texture": "#main"},
				"east": {"uv": [8.125, 2.5, 8.625, 2.5], "texture": "#main"},
				"south": {"uv": [9.625, 2.5, 10.125, 2.5], "texture": "#main"},
				"west": {"uv": [9.125, 2.5, 9.625, 2.5], "texture": "#main"},
				"up": {"uv": [9.125, 2.5, 8.625, 2], "texture": "#main"},
				"down": {"uv": [9.625, 2, 9.125, 2.5], "texture": "#main"}
			}
		},
		{
			"name": "right_leg",
			"from": [10.5, 0, 11],
			"to": [13.5, 3, 15],
			"faces": {
				"north": {"uv": [8.25, 1.8125, 8.4375, 2], "texture": "#main"},
				"east": {"uv": [8, 1.8125, 8.25, 2], "texture": "#main"},
				"south": {"uv": [8.6875, 1.8125, 8.875, 2], "texture": "#main"},
				"west": {"uv": [8.4375, 1.8125, 8.6875, 2], "texture": "#main"},
				"up": {"uv": [8.4375, 1.8125, 8.25, 1.5625], "texture": "#main"},
				"down": {"uv": [8.625, 1.5625, 8.4375, 1.8125], "texture": "#main"}
			}
		},
		{
			"name": "right_leg",
			"from": [9.5, -0.01, 9],
			"to": [17.5, -0.01, 17],
			"faces": {
				"north": {"uv": [9.625, 2.5, 10.125, 2.5], "texture": "#main"},
				"east": {"uv": [9.125, 2.5, 9.625, 2.5], "texture": "#main"},
				"south": {"uv": [10.625, 2.5, 11.125, 2.5], "texture": "#main"},
				"west": {"uv": [10.125, 2.5, 10.625, 2.5], "texture": "#main"},
				"up": {"uv": [10.125, 2.5, 9.625, 2], "texture": "#main"},
				"down": {"uv": [10.625, 2, 10.125, 2.5], "texture": "#main"}
			}
		},
		{
			"name": "head",
			"from": [4.5, 5, 5],
			"to": [11.5, 5, 14],
			"faces": {
				"north": {"uv": [14, 1.375, 14.4375, 1.375], "texture": "#main"},
				"east": {"uv": [13.4375, 1.375, 14, 1.375], "texture": "#main"},
				"south": {"uv": [15, 1.375, 15.4375, 1.375], "texture": "#main"},
				"west": {"uv": [14.4375, 1.375, 15, 1.375], "texture": "#main"},
				"up": {"uv": [14.4375, 1.375, 14, 0.8125], "texture": "#main"},
				"down": {"uv": [14.875, 0.8125, 14.4375, 1.375], "texture": "#main"}
			}
		},
		{
			"name": "head",
			"from": [4.5, 3, 5],
			"to": [11.5, 6, 14],
			"faces": {
				"north": {"uv": [12.5625, 1.375, 13, 1.5625], "texture": "#main"},
				"east": {"uv": [12, 1.375, 12.5625, 1.5625], "texture": "#main"},
				"south": {"uv": [13.5625, 1.375, 14, 1.5625], "texture": "#main"},
				"west": {"uv": [13, 1.375, 13.5625, 1.5625], "texture": "#main"},
				"up": {"uv": [13, 1.375, 12.5625, 0.8125], "texture": "#main"},
				"down": {"uv": [13.4375, 0.8125, 13, 1.375], "texture": "#main"}
			}
		},
		{
			"name": "eyes",
			"from": [8.5, 6, 6],
			"to": [11.5, 8, 9],
			"faces": {
				"north": {"uv": [12.1875, 0.1875, 12.375, 0.3125], "texture": "#main"},
				"east": {"uv": [12, 0.1875, 12.1875, 0.3125], "texture": "#main"},
				"south": {"uv": [12.5625, 0.1875, 12.75, 0.3125], "texture": "#main"},
				"west": {"uv": [12.375, 0.1875, 12.5625, 0.3125], "texture": "#main"},
				"up": {"uv": [12.375, 0.1875, 12.1875, 0], "texture": "#main"},
				"down": {"uv": [12.5625, 0, 12.375, 0.1875], "texture": "#main"}
			}
		},
		{
			"name": "eyes",
			"from": [4.5, 6, 6],
			"to": [7.5, 8, 9],
			"faces": {
				"north": {"uv": [12.1875, 0.5, 12.375, 0.625], "texture": "#main"},
				"east": {"uv": [12, 0.5, 12.1875, 0.625], "texture": "#main"},
				"south": {"uv": [12.5625, 0.5, 12.75, 0.625], "texture": "#main"},
				"west": {"uv": [12.375, 0.5, 12.5625, 0.625], "texture": "#main"},
				"up": {"uv": [12.375, 0.5, 12.1875, 0.3125], "texture": "#main"},
				"down": {"uv": [12.5625, 0.3125, 12.375, 0.5], "texture": "#main"}
			}
		},
		{
			"name": "tongue",
			"from": [6, 3.1, 6.9],
			"to": [10, 3.1, 13.9],
			"faces": {
				"north": {"uv": [13.5, 1.25, 13.75, 1.25], "texture": "#main"},
				"east": {"uv": [13.0625, 1.25, 13.5, 1.25], "texture": "#main"},
				"south": {"uv": [14.1875, 1.25, 14.4375, 1.25], "texture": "#main"},
				"west": {"uv": [13.75, 1.25, 14.1875, 1.25], "texture": "#main"},
				"up": {"uv": [13.75, 1.25, 13.5, 0.8125], "texture": "#main"},
				"down": {"uv": [14, 0.8125, 13.75, 1.25], "texture": "#main"}
			}
		},
		{
			"name": "body",
			"from": [4.5, 1, 5],
			"to": [11.5, 4, 14],
			"faces": {
				"north": {"uv": [12.75, 0.625, 13.1875, 0.8125], "texture": "#main"},
				"east": {"uv": [12.1875, 0.625, 12.75, 0.8125], "texture": "#main"},
				"south": {"uv": [13.75, 0.625, 14.1875, 0.8125], "texture": "#main"},
				"west": {"uv": [13.1875, 0.625, 13.75, 0.8125], "texture": "#main"},
				"up": {"uv": [13.1875, 0.625, 12.75, 0.0625], "texture": "#main"},
				"down": {"uv": [13.625, 0.0625, 13.1875, 0.625], "texture": "#main"}
			}
		},
		{
			"name": "body",
			"from": [4.5, 3, 5],
			"to": [11.5, 3, 14],
			"faces": {
				"north": {"uv": [14, 1.9375, 14.4375, 1.9375], "texture": "#main"},
				"east": {"uv": [13.4375, 1.9375, 14, 1.9375], "texture": "#main"},
				"south": {"uv": [15, 1.9375, 15.4375, 1.9375], "texture": "#main"},
				"west": {"uv": [14.4375, 1.9375, 15, 1.9375], "texture": "#main"},
				"up": {"uv": [14.4375, 1.9375, 14, 1.375], "texture": "#main"},
				"down": {"uv": [14.875, 1.375, 14.4375, 1.9375], "texture": "#main"}
			}
		},
		{
			"name": "croaking_body",
			"from": [3.6, 1.6, 4.1],
			"to": [12.4, 4, 6.8],
			"faces": {
				"north": {"uv": [13.75, 0.125, 14.3125, 0.25], "texture": "#main"},
				"east": {"uv": [13.625, 0.125, 13.75, 0.25], "texture": "#main"},
				"south": {"uv": [14.4375, 0.125, 15, 0.25], "texture": "#main"},
				"west": {"uv": [14.3125, 0.125, 14.4375, 0.25], "texture": "#main"},
				"up": {"uv": [14.3125, 0.125, 13.75, 0], "texture": "#main"},
				"down": {"uv": [14.875, 0, 14.3125, 0.125], "texture": "#main"}
			}
		},
		{
			"name": "left_arm",
			"from": [3, 0, 5.5],
			"to": [5, 3, 8.5],
			"faces": {
				"north": {"uv": [12.1875, 2.1875, 12.3125, 2.375], "texture": "#main"},
				"east": {"uv": [12, 2.1875, 12.1875, 2.375], "texture": "#main"},
				"south": {"uv": [12.5, 2.1875, 12.625, 2.375], "texture": "#main"},
				"west": {"uv": [12.3125, 2.1875, 12.5, 2.375], "texture": "#main"},
				"up": {"uv": [12.3125, 2.1875, 12.1875, 2], "texture": "#main"},
				"down": {"uv": [12.4375, 2, 12.3125, 2.1875], "texture": "#main"}
			}
		},
		{
			"name": "left_arm",
			"from": [0, -0.01, 1.5],
			"to": [8, -0.01, 9.5],
			"faces": {
				"north": {"uv": [13.625, 3, 14.125, 3], "texture": "#main"},
				"east": {"uv": [13.125, 3, 13.625, 3], "texture": "#main"},
				"south": {"uv": [14.625, 3, 15.125, 3], "texture": "#main"},
				"west": {"uv": [14.125, 3, 14.625, 3], "texture": "#main"},
				"up": {"uv": [14.125, 3, 13.625, 2.5], "texture": "#main"},
				"down": {"uv": [14.625, 2.5, 14.125, 3], "texture": "#main"}
			}
		},
		{
			"name": "right_arm",
			"from": [11, 0, 5.5],
			"to": [13, 3, 8.5],
			"faces": {
				"north": {"uv": [12.1875, 2.5625, 12.3125, 2.75], "texture": "#main"},
				"east": {"uv": [12, 2.5625, 12.1875, 2.75], "texture": "#main"},
				"south": {"uv": [12.5, 2.5625, 12.625, 2.75], "texture": "#main"},
				"west": {"uv": [12.3125, 2.5625, 12.5, 2.75], "texture": "#main"},
				"up": {"uv": [12.3125, 2.5625, 12.1875, 2.375], "texture": "#main"},
				"down": {"uv": [12.4375, 2.375, 12.3125, 2.5625], "texture": "#main"}
			}
		},
		{
			"name": "right_arm",
			"from": [8, -0.01, 1.5],
			"to": [16, -0.01, 9.5],
			"faces": {
				"north": {"uv": [12.625, 3, 13.125, 3], "texture": "#main"},
				"east": {"uv": [12.125, 3, 12.625, 3], "texture": "#main"},
				"south": {"uv": [13.625, 3, 14.125, 3], "texture": "#main"},
				"west": {"uv": [13.125, 3, 13.625, 3], "texture": "#main"},
				"up": {"uv": [13.125, 3, 12.625, 2.5], "texture": "#main"},
				"down": {"uv": [13.625, 2.5, 13.125, 3], "texture": "#main"}
			}
		},
		{
			"name": "left_leg",
			"from": [2.5, 0, 11],
			"to": [5.5, 3, 15],
			"faces": {
				"north": {"uv": [13.125, 1.8125, 13.3125, 2], "texture": "#main"},
				"east": {"uv": [12.875, 1.8125, 13.125, 2], "texture": "#main"},
				"south": {"uv": [13.5625, 1.8125, 13.75, 2], "texture": "#main"},
				"west": {"uv": [13.3125, 1.8125, 13.5625, 2], "texture": "#main"},
				"up": {"uv": [13.3125, 1.8125, 13.125, 1.5625], "texture": "#main"},
				"down": {"uv": [13.5, 1.5625, 13.3125, 1.8125], "texture": "#main"}
			}
		},
		{
			"name": "left_leg",
			"from": [-1.5, -0.01, 9],
			"to": [6.5, -0.01, 17],
			"faces": {
				"north": {"uv": [12.625, 2.5, 13.125, 2.5], "texture": "#main"},
				"east": {"uv": [12.125, 2.5, 12.625, 2.5], "texture": "#main"},
				"south": {"uv": [13.625, 2.5, 14.125, 2.5], "texture": "#main"},
				"west": {"uv": [13.125, 2.5, 13.625, 2.5], "texture": "#main"},
				"up": {"uv": [13.125, 2.5, 12.625, 2], "texture": "#main"},
				"down": {"uv": [13.625, 2, 13.125, 2.5], "texture": "#main"}
			}
		},
		{
			"name": "right_leg",
			"from": [10.5, 0, 11],
			"to": [13.5, 3, 15],
			"faces": {
				"north": {"uv": [12.25, 1.8125, 12.4375, 2], "texture": "#main"},
				"east": {"uv": [12, 1.8125, 12.25, 2], "texture": "#main"},
				"south": {"uv": [12.6875, 1.8125, 12.875, 2], "texture": "#main"},
				"west": {"uv": [12.4375, 1.8125, 12.6875, 2], "texture": "#main"},
				"up": {"uv": [12.4375, 1.8125, 12.25, 1.5625], "texture": "#main"},
				"down": {"uv": [12.625, 1.5625, 12.4375, 1.8125], "texture": "#main"}
			}
		},
		{
			"name": "right_leg",
			"from": [9.5, -0.01, 9],
			"to": [17.5, -0.01, 17],
			"faces": {
				"north": {"uv": [13.625, 2.5, 14.125, 2.5], "texture": "#main"},
				"east": {"uv": [13.125, 2.5, 13.625, 2.5], "texture": "#main"},
				"south": {"uv": [14.625, 2.5, 15.125, 2.5], "texture": "#main"},
				"west": {"uv": [14.125, 2.5, 14.625, 2.5], "texture": "#main"},
				"up": {"uv": [14.125, 2.5, 13.625, 2], "texture": "#main"},
				"down": {"uv": [14.625, 2, 14.125, 2.5], "texture": "#main"}
			}
		},
		{
			"name": "head",
			"from": [4.5, 5, 5],
			"to": [11.5, 5, 14],
			"faces": {
				"north": {"uv": [2, 5.375, 2.4375, 5.375], "texture": "#main"},
				"east": {"uv": [1.4375, 5.375, 2, 5.375], "texture": "#main"},
				"south": {"uv": [3, 5.375, 3.4375, 5.375], "texture": "#main"},
				"west": {"uv": [2.4375, 5.375, 3, 5.375], "texture": "#main"},
				"up": {"uv": [2.4375, 5.375, 2, 4.8125], "texture": "#main"},
				"down": {"uv": [2.875, 4.8125, 2.4375, 5.375], "texture": "#main"}
			}
		},
		{
			"name": "head",
			"from": [4.5, 3, 5],
			"to": [11.5, 6, 14],
			"faces": {
				"north": {"uv": [0.5625, 5.375, 1, 5.5625], "texture": "#main"},
				"east": {"uv": [0, 5.375, 0.5625, 5.5625], "texture": "#main"},
				"south": {"uv": [1.5625, 5.375, 2, 5.5625], "texture": "#main"},
				"west": {"uv": [1, 5.375, 1.5625, 5.5625], "texture": "#main"},
				"up": {"uv": [1, 5.375, 0.5625, 4.8125], "texture": "#main"},
				"down": {"uv": [1.4375, 4.8125, 1, 5.375], "texture": "#main"}
			}
		},
		{
			"name": "eyes",
			"from": [8.5, 6, 6],
			"to": [11.5, 8, 9],
			"faces": {
				"north": {"uv": [0.1875, 4.1875, 0.375, 4.3125], "texture": "#main"},
				"east": {"uv": [0, 4.1875, 0.1875, 4.3125], "texture": "#main"},
				"south": {"uv": [0.5625, 4.1875, 0.75, 4.3125], "texture": "#main"},
				"west": {"uv": [0.375, 4.1875, 0.5625, 4.3125], "texture": "#main"},
				"up": {"uv": [0.375, 4.1875, 0.1875, 4], "texture": "#main"},
				"down": {"uv": [0.5625, 4, 0.375, 4.1875], "texture": "#main"}
			}
		},
		{
			"name": "eyes",
			"from": [4.5, 6, 6],
			"to": [7.5, 8, 9],
			"faces": {
				"north": {"uv": [0.1875, 4.5, 0.375, 4.625], "texture": "#main"},
				"east": {"uv": [0, 4.5, 0.1875, 4.625], "texture": "#main"},
				"south": {"uv": [0.5625, 4.5, 0.75, 4.625], "texture": "#main"},
				"west": {"uv": [0.375, 4.5, 0.5625, 4.625], "texture": "#main"},
				"up": {"uv": [0.375, 4.5, 0.1875, 4.3125], "texture": "#main"},
				"down": {"uv": [0.5625, 4.3125, 0.375, 4.5], "texture": "#main"}
			}
		},
		{
			"name": "tongue",
			"from": [6, 3.1, 6.9],
			"to": [10, 3.1, 13.9],
			"faces": {
				"north": {"uv": [1.5, 5.25, 1.75, 5.25], "texture": "#main"},
				"east": {"uv": [1.0625, 5.25, 1.5, 5.25], "texture": "#main"},
				"south": {"uv": [2.1875, 5.25, 2.4375, 5.25], "texture": "#main"},
				"west": {"uv": [1.75, 5.25, 2.1875, 5.25], "texture": "#main"},
				"up": {"uv": [1.75, 5.25, 1.5, 4.8125], "texture": "#main"},
				"down": {"uv": [2, 4.8125, 1.75, 5.25], "texture": "#main"}
			}
		},
		{
			"name": "body",
			"from": [4.5, 1, 5],
			"to": [11.5, 4, 14],
			"faces": {
				"north": {"uv": [0.75, 4.625, 1.1875, 4.8125], "texture": "#main"},
				"east": {"uv": [0.1875, 4.625, 0.75, 4.8125], "texture": "#main"},
				"south": {"uv": [1.75, 4.625, 2.1875, 4.8125], "texture": "#main"},
				"west": {"uv": [1.1875, 4.625, 1.75, 4.8125], "texture": "#main"},
				"up": {"uv": [1.1875, 4.625, 0.75, 4.0625], "texture": "#main"},
				"down": {"uv": [1.625, 4.0625, 1.1875, 4.625], "texture": "#main"}
			}
		},
		{
			"name": "body",
			"from": [4.5, 3, 5],
			"to": [11.5, 3, 14],
			"faces": {
				"north": {"uv": [2, 5.9375, 2.4375, 5.9375], "texture": "#main"},
				"east": {"uv": [1.4375, 5.9375, 2, 5.9375], "texture": "#main"},
				"south": {"uv": [3, 5.9375, 3.4375, 5.9375], "texture": "#main"},
				"west": {"uv": [2.4375, 5.9375, 3, 5.9375], "texture": "#main"},
				"up": {"uv": [2.4375, 5.9375, 2, 5.375], "texture": "#main"},
				"down": {"uv": [2.875, 5.375, 2.4375, 5.9375], "texture": "#main"}
			}
		},
		{
			"name": "croaking_body",
			"from": [3.5, 1.5, 3.85],
			"to": [12.5, 4, 6.8],
			"faces": {
				"north": {"uv": [1.8125, 4.1875, 2.375, 4.3125], "texture": "#main"},
				"east": {"uv": [1.625, 4.1875, 1.8125, 4.3125], "texture": "#main"},
				"south": {"uv": [2.5625, 4.1875, 3.125, 4.3125], "texture": "#main"},
				"west": {"uv": [2.375, 4.1875, 2.5625, 4.3125], "texture": "#main"},
				"up": {"uv": [2.375, 4.1875, 1.8125, 4], "texture": "#main"},
				"down": {"uv": [2.9375, 4, 2.375, 4.1875], "texture": "#main"}
			}
		},
		{
			"name": "left_arm",
			"from": [3, 0, 5.5],
			"to": [5, 3, 8.5],
			"faces": {
				"north": {"uv": [0.1875, 6.1875, 0.3125, 6.375], "texture": "#main"},
				"east": {"uv": [0, 6.1875, 0.1875, 6.375], "texture": "#main"},
				"south": {"uv": [0.5, 6.1875, 0.625, 6.375], "texture": "#main"},
				"west": {"uv": [0.3125, 6.1875, 0.5, 6.375], "texture": "#main"},
				"up": {"uv": [0.3125, 6.1875, 0.1875, 6], "texture": "#main"},
				"down": {"uv": [0.4375, 6, 0.3125, 6.1875], "texture": "#main"}
			}
		},
		{
			"name": "left_arm",
			"from": [0, -0.01, 1.5],
			"to": [8, -0.01, 9.5],
			"faces": {
				"north": {"uv": [1.625, 7, 2.125, 7], "texture": "#main"},
				"east": {"uv": [1.125, 7, 1.625, 7], "texture": "#main"},
				"south": {"uv": [2.625, 7, 3.125, 7], "texture": "#main"},
				"west": {"uv": [2.125, 7, 2.625, 7], "texture": "#main"},
				"up": {"uv": [2.125, 7, 1.625, 6.5], "texture": "#main"},
				"down": {"uv": [2.625, 6.5, 2.125, 7], "texture": "#main"}
			}
		},
		{
			"name": "right_arm",
			"from": [11, 0, 5.5],
			"to": [13, 3, 8.5],
			"faces": {
				"north": {"uv": [0.1875, 6.5625, 0.3125, 6.75], "texture": "#main"},
				"east": {"uv": [0, 6.5625, 0.1875, 6.75], "texture": "#main"},
				"south": {"uv": [0.5, 6.5625, 0.625, 6.75], "texture": "#main"},
				"west": {"uv": [0.3125, 6.5625, 0.5, 6.75], "texture": "#main"},
				"up": {"uv": [0.3125, 6.5625, 0.1875, 6.375], "texture": "#main"},
				"down": {"uv": [0.4375, 6.375, 0.3125, 6.5625], "texture": "#main"}
			}
		},
		{
			"name": "right_arm",
			"from": [8, -0.01, 1.5],
			"to": [16, -0.01, 9.5],
			"faces": {
				"north": {"uv": [0.625, 7, 1.125, 7], "texture": "#main"},
				"east": {"uv": [0.125, 7, 0.625, 7], "texture": "#main"},
				"south": {"uv": [1.625, 7, 2.125, 7], "texture": "#main"},
				"west": {"uv": [1.125, 7, 1.625, 7], "texture": "#main"},
				"up": {"uv": [1.125, 7, 0.625, 6.5], "texture": "#main"},
				"down": {"uv": [1.625, 6.5, 1.125, 7], "texture": "#main"}
			}
		},
		{
			"name": "left_leg",
			"from": [2.5, 0, 11],
			"to": [5.5, 3, 15],
			"faces": {
				"north": {"uv": [1.125, 5.8125, 1.3125, 6], "texture": "#main"},
				"east": {"uv": [0.875, 5.8125, 1.125, 6], "texture": "#main"},
				"south": {"uv": [1.5625, 5.8125, 1.75, 6], "texture": "#main"},
				"west": {"uv": [1.3125, 5.8125, 1.5625, 6], "texture": "#main"},
				"up": {"uv": [1.3125, 5.8125, 1.125, 5.5625], "texture": "#main"},
				"down": {"uv": [1.5, 5.5625, 1.3125, 5.8125], "texture": "#main"}
			}
		},
		{
			"name": "left_leg",
			"from": [-1.5, -0.01, 9],
			"to": [6.5, -0.01, 17],
			"faces": {
				"north": {"uv": [0.625, 6.5, 1.125, 6.5], "texture": "#main"},
				"east": {"uv": [0.125, 6.5, 0.625, 6.5], "texture": "#main"},
				"south": {"uv": [1.625, 6.5, 2.125, 6.5], "texture": "#main"},
				"west": {"uv": [1.125, 6.5, 1.625, 6.5], "texture": "#main"},
				"up": {"uv": [1.125, 6.5, 0.625, 6], "texture": "#main"},
				"down": {"uv": [1.625, 6, 1.125, 6.5], "texture": "#main"}
			}
		},
		{
			"name": "right_leg",
			"from": [10.5, 0, 11],
			"to": [13.5, 3, 15],
			"faces": {
				"north": {"uv": [0.25, 5.8125, 0.4375, 6], "texture": "#main"},
				"east": {"uv": [0, 5.8125, 0.25, 6], "texture": "#main"},
				"south": {"uv": [0.6875, 5.8125, 0.875, 6], "texture": "#main"},
				"west": {"uv": [0.4375, 5.8125, 0.6875, 6], "texture": "#main"},
				"up": {"uv": [0.4375, 5.8125, 0.25, 5.5625], "texture": "#main"},
				"down": {"uv": [0.625, 5.5625, 0.4375, 5.8125], "texture": "#main"}
			}
		},
		{
			"name": "right_leg",
			"from": [9.5, -0.01, 9],
			"to": [17.5, -0.01, 17],
			"faces": {
				"north": {"uv": [1.625, 6.5, 2.125, 6.5], "texture": "#main"},
				"east": {"uv": [1.125, 6.5, 1.625, 6.5], "texture": "#main"},
				"south": {"uv": [2.625, 6.5, 3.125, 6.5], "texture": "#main"},
				"west": {"uv": [2.125, 6.5, 2.625, 6.5], "texture": "#main"},
				"up": {"uv": [2.125, 6.5, 1.625, 6], "texture": "#main"},
				"down": {"uv": [2.625, 6, 2.125, 6.5], "texture": "#main"}
			}
		},
		{
			"name": "head",
			"from": [4.5, 5, 5],
			"to": [11.5, 5, 14],
			"faces": {
				"north": {"uv": [6, 5.375, 6.4375, 5.375], "texture": "#main"},
				"east": {"uv": [5.4375, 5.375, 6, 5.375], "texture": "#main"},
				"south": {"uv": [7, 5.375, 7.4375, 5.375], "texture": "#main"},
				"west": {"uv": [6.4375, 5.375, 7, 5.375], "texture": "#main"},
				"up": {"uv": [6.4375, 5.375, 6, 4.8125], "texture": "#main"},
				"down": {"uv": [6.875, 4.8125, 6.4375, 5.375], "texture": "#main"}
			}
		},
		{
			"name": "head",
			"from": [4.5, 3, 5],
			"to": [11.5, 6, 14],
			"faces": {
				"north": {"uv": [4.5625, 5.375, 5, 5.5625], "texture": "#main"},
				"east": {"uv": [4, 5.375, 4.5625, 5.5625], "texture": "#main"},
				"south": {"uv": [5.5625, 5.375, 6, 5.5625], "texture": "#main"},
				"west": {"uv": [5, 5.375, 5.5625, 5.5625], "texture": "#main"},
				"up": {"uv": [5, 5.375, 4.5625, 4.8125], "texture": "#main"},
				"down": {"uv": [5.4375, 4.8125, 5, 5.375], "texture": "#main"}
			}
		},
		{
			"name": "eyes",
			"from": [8.5, 6, 6],
			"to": [11.5, 8, 9],
			"faces": {
				"north": {"uv": [4.1875, 4.1875, 4.375, 4.3125], "texture": "#main"},
				"east": {"uv": [4, 4.1875, 4.1875, 4.3125], "texture": "#main"},
				"south": {"uv": [4.5625, 4.1875, 4.75, 4.3125], "texture": "#main"},
				"west": {"uv": [4.375, 4.1875, 4.5625, 4.3125], "texture": "#main"},
				"up": {"uv": [4.375, 4.1875, 4.1875, 4], "texture": "#main"},
				"down": {"uv": [4.5625, 4, 4.375, 4.1875], "texture": "#main"}
			}
		},
		{
			"name": "eyes",
			"from": [4.5, 6, 6],
			"to": [7.5, 8, 9],
			"faces": {
				"north": {"uv": [4.1875, 4.5, 4.375, 4.625], "texture": "#main"},
				"east": {"uv": [4, 4.5, 4.1875, 4.625], "texture": "#main"},
				"south": {"uv": [4.5625, 4.5, 4.75, 4.625], "texture": "#main"},
				"west": {"uv": [4.375, 4.5, 4.5625, 4.625], "texture": "#main"},
				"up": {"uv": [4.375, 4.5, 4.1875, 4.3125], "texture": "#main"},
				"down": {"uv": [4.5625, 4.3125, 4.375, 4.5], "texture": "#main"}
			}
		},
		{
			"name": "tongue",
			"from": [6, 3.1, 6.9],
			"to": [10, 3.1, 13.9],
			"faces": {
				"north": {"uv": [5.5, 5.25, 5.75, 5.25], "texture": "#main"},
				"east": {"uv": [5.0625, 5.25, 5.5, 5.25], "texture": "#main"},
				"south": {"uv": [6.1875, 5.25, 6.4375, 5.25], "texture": "#main"},
				"west": {"uv": [5.75, 5.25, 6.1875, 5.25], "texture": "#main"},
				"up": {"uv": [5.75, 5.25, 5.5, 4.8125], "texture": "#main"},
				"down": {"uv": [6, 4.8125, 5.75, 5.25], "texture": "#main"}
			}
		},
		{
			"name": "body",
			"from": [4.5, 1, 5],
			"to": [11.5, 4, 14],
			"faces": {
				"north": {"uv": [4.75, 4.625, 5.1875, 4.8125], "texture": "#main"},
				"east": {"uv": [4.1875, 4.625, 4.75, 4.8125], "texture": "#main"},
				"south": {"uv": [5.75, 4.625, 6.1875, 4.8125], "texture": "#main"},
				"west": {"uv": [5.1875, 4.625, 5.75, 4.8125], "texture": "#main"},
				"up": {"uv": [5.1875, 4.625, 4.75, 4.0625], "texture": "#main"},
				"down": {"uv": [5.625, 4.0625, 5.1875, 4.625], "texture": "#main"}
			}
		},
		{
			"name": "body",
			"from": [4.5, 3, 5],
			"to": [11.5, 3, 14],
			"faces": {
				"north": {"uv": [6, 5.9375, 6.4375, 5.9375], "texture": "#main"},
				"east": {"uv": [5.4375, 5.9375, 6, 5.9375], "texture": "#main"},
				"south": {"uv": [7, 5.9375, 7.4375, 5.9375], "texture": "#main"},
				"west": {"uv": [6.4375, 5.9375, 7, 5.9375], "texture": "#main"},
				"up": {"uv": [6.4375, 5.9375, 6, 5.375], "texture": "#main"},
				"down": {"uv": [6.875, 5.375, 6.4375, 5.9375], "texture": "#main"}
			}
		},
		{
			"name": "croaking_body",
			"from": [3.4, 1.4, 3.6],
			"to": [12.6, 4, 6.8],
			"faces": {
				"north": {"uv": [5.8125, 4.1875, 6.375, 4.3125], "texture": "#main"},
				"east": {"uv": [5.625, 4.1875, 5.8125, 4.3125], "texture": "#main"},
				"south": {"uv": [6.5625, 4.1875, 7.125, 4.3125], "texture": "#main"},
				"west": {"uv": [6.375, 4.1875, 6.5625, 4.3125], "texture": "#main"},
				"up": {"uv": [6.375, 4.1875, 5.8125, 4], "texture": "#main"},
				"down": {"uv": [6.9375, 4, 6.375, 4.1875], "texture": "#main"}
			}
		},
		{
			"name": "left_arm",
			"from": [3, 0, 5.5],
			"to": [5, 3, 8.5],
			"faces": {
				"north": {"uv": [4.1875, 6.1875, 4.3125, 6.375], "texture": "#main"},
				"east": {"uv": [4, 6.1875, 4.1875, 6.375], "texture": "#main"},
				"south": {"uv": [4.5, 6.1875, 4.625, 6.375], "texture": "#main"},
				"west": {"uv": [4.3125, 6.1875, 4.5, 6.375], "texture": "#main"},
				"up": {"uv": [4.3125, 6.1875, 4.1875, 6], "texture": "#main"},
				"down": {"uv": [4.4375, 6, 4.3125, 6.1875], "texture": "#main"}
			}
		},
		{
			"name": "left_arm",
			"from": [0, -0.01, 1.5],
			"to": [8, -0.01, 9.5],
			"faces": {
				"north": {"uv": [5.625, 7, 6.125, 7], "texture": "#main"},
				"east": {"uv": [5.125, 7, 5.625, 7], "texture": "#main"},
				"south": {"uv": [6.625, 7, 7.125, 7], "texture": "#main"},
				"west": {"uv": [6.125, 7, 6.625, 7], "texture": "#main"},
				"up": {"uv": [6.125, 7, 5.625, 6.5], "texture": "#main"},
				"down": {"uv": [6.625, 6.5, 6.125, 7], "texture": "#main"}
			}
		},
		{
			"name": "right_arm",
			"from": [11, 0, 5.5],
			"to": [13, 3, 8.5],
			"faces": {
				"north": {"uv": [4.1875, 6.5625, 4.3125, 6.75], "texture": "#main"},
				"east": {"uv": [4, 6.5625, 4.1875, 6.75], "texture": "#main"},
				"south": {"uv": [4.5, 6.5625, 4.625, 6.75], "texture": "#main"},
				"west": {"uv": [4.3125, 6.5625, 4.5, 6.75], "texture": "#main"},
				"up": {"uv": [4.3125, 6.5625, 4.1875, 6.375], "texture": "#main"},
				"down": {"uv": [4.4375, 6.375, 4.3125, 6.5625], "texture": "#main"}
			}
		},
		{
			"name": "right_arm",
			"from": [8, -0.01, 1.5],
			"to": [16, -0.01, 9.5],
			"faces": {
				"north": {"uv": [4.625, 7, 5.125, 7], "texture": "#main"},
				"east": {"uv": [4.125, 7, 4.625, 7], "texture": "#main"},
				"south": {"uv": [5.625, 7, 6.125, 7], "texture": "#main"},
				"west": {"uv": [5.125, 7, 5.625, 7], "texture": "#main"},
				"up": {"uv": [5.125, 7, 4.625, 6.5], "texture": "#main"},
				"down": {"uv": [5.625, 6.5, 5.125, 7], "texture": "#main"}
			}
		},
		{
			"name": "left_leg",
			"from": [2.5, 0, 11],
			"to": [5.5, 3, 15],
			"faces": {
				"north": {"uv": [5.125, 5.8125, 5.3125, 6], "texture": "#main"},
				"east": {"uv": [4.875, 5.8125, 5.125, 6], "texture": "#main"},
				"south": {"uv": [5.5625, 5.8125, 5.75, 6], "texture": "#main"},
				"west": {"uv": [5.3125, 5.8125, 5.5625, 6], "texture": "#main"},
				"up": {"uv": [5.3125, 5.8125, 5.125, 5.5625], "texture": "#main"},
				"down": {"uv": [5.5, 5.5625, 5.3125, 5.8125], "texture": "#main"}
			}
		},
		{
			"name": "left_leg",
			"from": [-1.5, -0.01, 9],
			"to": [6.5, -0.01, 17],
			"faces": {
				"north": {"uv": [4.625, 6.5, 5.125, 6.5], "texture": "#main"},
				"east": {"uv": [4.125, 6.5, 4.625, 6.5], "texture": "#main"},
				"south": {"uv": [5.625, 6.5, 6.125, 6.5], "texture": "#main"},
				"west": {"uv": [5.125, 6.5, 5.625, 6.5], "texture": "#main"},
				"up": {"uv": [5.125, 6.5, 4.625, 6], "texture": "#main"},
				"down": {"uv": [5.625, 6, 5.125, 6.5], "texture": "#main"}
			}
		},
		{
			"name": "right_leg",
			"from": [10.5, 0, 11],
			"to": [13.5, 3, 15],
			"faces": {
				"north": {"uv": [4.25, 5.8125, 4.4375, 6], "texture": "#main"},
				"east": {"uv": [4, 5.8125, 4.25, 6], "texture": "#main"},
				"south": {"uv": [4.6875, 5.8125, 4.875, 6], "texture": "#main"},
				"west": {"uv": [4.4375, 5.8125, 4.6875, 6], "texture": "#main"},
				"up": {"uv": [4.4375, 5.8125, 4.25, 5.5625], "texture": "#main"},
				"down": {"uv": [4.625, 5.5625, 4.4375, 5.8125], "texture": "#main"}
			}
		},
		{
			"name": "right_leg",
			"from": [9.5, -0.01, 9],
			"to": [17.5, -0.01, 17],
			"faces": {
				"north": {"uv": [5.625, 6.5, 6.125, 6.5], "texture": "#main"},
				"east": {"uv": [5.125, 6.5, 5.625, 6.5], "texture": "#main"},
				"south": {"uv": [6.625, 6.5, 7.125, 6.5], "texture": "#main"},
				"west": {"uv": [6.125, 6.5, 6.625, 6.5], "texture": "#main"},
				"up": {"uv": [6.125, 6.5, 5.625, 6], "texture": "#main"},
				"down": {"uv": [6.625, 6, 6.125, 6.5], "texture": "#main"}
			}
		},
		{
			"name": "head",
			"from": [4.5, 5, 5],
			"to": [11.5, 5, 14],
			"faces": {
				"north": {"uv": [10, 5.375, 10.4375, 5.375], "texture": "#main"},
				"east": {"uv": [9.4375, 5.375, 10, 5.375], "texture": "#main"},
				"south": {"uv": [11, 5.375, 11.4375, 5.375], "texture": "#main"},
				"west": {"uv": [10.4375, 5.375, 11, 5.375], "texture": "#main"},
				"up": {"uv": [10.4375, 5.375, 10, 4.8125], "texture": "#main"},
				"down": {"uv": [10.875, 4.8125, 10.4375, 5.375], "texture": "#main"}
			}
		},
		{
			"name": "head",
			"from": [4.5, 3, 5],
			"to": [11.5, 6, 14],
			"faces": {
				"north": {"uv": [8.5625, 5.375, 9, 5.5625], "texture": "#main"},
				"east": {"uv": [8, 5.375, 8.5625, 5.5625], "texture": "#main"},
				"south": {"uv": [9.5625, 5.375, 10, 5.5625], "texture": "#main"},
				"west": {"uv": [9, 5.375, 9.5625, 5.5625], "texture": "#main"},
				"up": {"uv": [9, 5.375, 8.5625, 4.8125], "texture": "#main"},
				"down": {"uv": [9.4375, 4.8125, 9, 5.375], "texture": "#main"}
			}
		},
		{
			"name": "eyes",
			"from": [8.5, 6, 6],
			"to": [11.5, 8, 9],
			"faces": {
				"north": {"uv": [8.1875, 4.1875, 8.375, 4.3125], "texture": "#main"},
				"east": {"uv": [8, 4.1875, 8.1875, 4.3125], "texture": "#main"},
				"south": {"uv": [8.5625, 4.1875, 8.75, 4.3125], "texture": "#main"},
				"west": {"uv": [8.375, 4.1875, 8.5625, 4.3125], "texture": "#main"},
				"up": {"uv": [8.375, 4.1875, 8.1875, 4], "texture": "#main"},
				"down": {"uv": [8.5625, 4, 8.375, 4.1875], "texture": "#main"}
			}
		},
		{
			"name": "eyes",
			"from": [4.5, 6, 6],
			"to": [7.5, 8, 9],
			"faces": {
				"north": {"uv": [8.1875, 4.5, 8.375, 4.625], "texture": "#main"},
				"east": {"uv": [8, 4.5, 8.1875, 4.625], "texture": "#main"},
				"south": {"uv": [8.5625, 4.5, 8.75, 4.625], "texture": "#main"},
				"west": {"uv": [8.375, 4.5, 8.5625, 4.625], "texture": "#main"},
				"up": {"uv": [8.375, 4.5, 8.1875, 4.3125], "texture": "#main"},
				"down": {"uv": [8.5625, 4.3125, 8.375, 4.5], "texture": "#main"}
			}
		},
		{
			"name": "tongue",
			"from": [6, 3.1, 6.9],
			"to": [10, 3.1, 13.9],
			"faces": {
				"north": {"uv": [9.5, 5.25, 9.75, 5.25], "texture": "#main"},
				"east": {"uv": [9.0625, 5.25, 9.5, 5.25], "texture": "#main"},
				"south": {"uv": [10.1875, 5.25, 10.4375, 5.25], "texture": "#main"},
				"west": {"uv": [9.75, 5.25, 10.1875, 5.25], "texture": "#main"},
				"up": {"uv": [9.75, 5.25, 9.5, 4.8125], "texture": "#main"},
				"down": {"uv": [10, 4.8125, 9.75, 5.25], "texture": "#main"}
			}
		},
		{
			"name": "body",
			"from": [4.5, 1, 5],
			"to": [11.5, 4, 14],
			"faces": {
				"north": {"uv": [8.75, 4.625, 9.1875, 4.8125], "texture": "#main"},
				"east": {"uv": [8.1875, 4.625, 8.75, 4.8125], "texture": "#main"},
				"south": {"uv": [9.75, 4.625, 10.1875, 4.8125], "texture": "#main"},
				"west": {"uv": [9.1875, 4.625, 9.75, 4.8125], "texture": "#main"},
				"up": {"uv": [9.1875, 4.625, 8.75, 4.0625], "texture": "#main"},
				"down": {"uv": [9.625, 4.0625, 9.1875, 4.625], "texture": "#main"}
			}
		},
		{
			"name": "body",
			"from": [4.5, 3, 5],
			"to": [11.5, 3, 14],
			"faces": {
				"north": {"uv": [10, 5.9375, 10.4375, 5.9375], "texture": "#main"},
				"east": {"uv": [9.4375, 5.9375, 10, 5.9375], "texture": "#main"},
				"south": {"uv": [11, 5.9375, 11.4375, 5.9375], "texture": "#main"},
				"west": {"uv": [10.4375, 5.9375, 11, 5.9375], "texture": "#main"},
				"up": {"uv": [10.4375, 5.9375, 10, 5.375], "texture": "#main"},
				"down": {"uv": [10.875, 5.375, 10.4375, 5.9375], "texture": "#main"}
			}
		},
		{
			"name": "croaking_body",
			"from": [3.3, 1.3, 3.35],
			"to": [12.7, 4, 6.8],
			"faces": {
				"north": {"uv": [9.8125, 4.1875, 10.375, 4.3125], "texture": "#main"},
				"east": {"uv": [9.625, 4.1875, 9.8125, 4.3125], "texture": "#main"},
				"south": {"uv": [10.5625, 4.1875, 11.125, 4.3125], "texture": "#main"},
				"west": {"uv": [10.375, 4.1875, 10.5625, 4.3125], "texture": "#main"},
				"up": {"uv": [10.375, 4.1875, 9.8125, 4], "texture": "#main"},
				"down": {"uv": [10.9375, 4, 10.375, 4.1875], "texture": "#main"}
			}
		},
		{
			"name": "left_arm",
			"from": [3, 0, 5.5],
			"to": [5, 3, 8.5],
			"faces": {
				"north": {"uv": [8.1875, 6.1875, 8.3125, 6.375], "texture": "#main"},
				"east": {"uv": [8, 6.1875, 8.1875, 6.375], "texture": "#main"},
				"south": {"uv": [8.5, 6.1875, 8.625, 6.375], "texture": "#main"},
				"west": {"uv": [8.3125, 6.1875, 8.5, 6.375], "texture": "#main"},
				"up": {"uv": [8.3125, 6.1875, 8.1875, 6], "texture": "#main"},
				"down": {"uv": [8.4375, 6, 8.3125, 6.1875], "texture": "#main"}
			}
		},
		{
			"name": "left_arm",
			"from": [0, -0.01, 1.5],
			"to": [8, -0.01, 9.5],
			"faces": {
				"north": {"uv": [9.625, 7, 10.125, 7], "texture": "#main"},
				"east": {"uv": [9.125, 7, 9.625, 7], "texture": "#main"},
				"south": {"uv": [10.625, 7, 11.125, 7], "texture": "#main"},
				"west": {"uv": [10.125, 7, 10.625, 7], "texture": "#main"},
				"up": {"uv": [10.125, 7, 9.625, 6.5], "texture": "#main"},
				"down": {"uv": [10.625, 6.5, 10.125, 7], "texture": "#main"}
			}
		},
		{
			"name": "right_arm",
			"from": [11, 0, 5.5],
			"to": [13, 3, 8.5],
			"faces": {
				"north": {"uv": [8.1875, 6.5625, 8.3125, 6.75], "texture": "#main"},
				"east": {"uv": [8, 6.5625, 8.1875, 6.75], "texture": "#main"},
				"south": {"uv": [8.5, 6.5625, 8.625, 6.75], "texture": "#main"},
				"west": {"uv": [8.3125, 6.5625, 8.5, 6.75], "texture": "#main"},
				"up": {"uv": [8.3125, 6.5625, 8.1875, 6.375], "texture": "#main"},
				"down": {"uv": [8.4375, 6.375, 8.3125, 6.5625], "texture": "#main"}
			}
		},
		{
			"name": "right_arm",
			"from": [8, -0.01, 1.5],
			"to": [16, -0.01, 9.5],
			"faces": {
				"north": {"uv": [8.625, 7, 9.125, 7], "texture": "#main"},
				"east": {"uv": [8.125, 7, 8.625, 7], "texture": "#main"},
				"south": {"uv": [9.625, 7, 10.125, 7], "texture": "#main"},
				"west": {"uv": [9.125, 7, 9.625, 7], "texture": "#main"},
				"up": {"uv": [9.125, 7, 8.625, 6.5], "texture": "#main"},
				"down": {"uv": [9.625, 6.5, 9.125, 7], "texture": "#main"}
			}
		},
		{
			"name": "left_leg",
			"from": [2.5, 0, 11],
			"to": [5.5, 3, 15],
			"faces": {
				"north": {"uv": [9.125, 5.8125, 9.3125, 6], "texture": "#main"},
				"east": {"uv": [8.875, 5.8125, 9.125, 6], "texture": "#main"},
				"south": {"uv": [9.5625, 5.8125, 9.75, 6], "texture": "#main"},
				"west": {"uv": [9.3125, 5.8125, 9.5625, 6], "texture": "#main"},
				"up": {"uv": [9.3125, 5.8125, 9.125, 5.5625], "texture": "#main"},
				"down": {"uv": [9.5, 5.5625, 9.3125, 5.8125], "texture": "#main"}
			}
		},
		{
			"name": "left_leg",
			"from": [-1.5, -0.01, 9],
			"to": [6.5, -0.01, 17],
			"faces": {
				"north": {"uv": [8.625, 6.5, 9.125, 6.5], "texture": "#main"},
				"east": {"uv": [8.125, 6.5, 8.625, 6.5], "texture": "#main"},
				"south": {"uv": [9.625, 6.5, 10.125, 6.5], "texture": "#main"},
				"west": {"uv": [9.125, 6.5, 9.625, 6.5], "texture": "#main"},
				"up": {"uv": [9.125, 6.5, 8.625, 6], "texture": "#main"},
				"down": {"uv": [9.625, 6, 9.125, 6.5], "texture": "#main"}
			}
		},
		{
			"name": "right_leg",
			"from": [10.5, 0, 11],
			"to": [13.5, 3, 15],
			"faces": {
				"north": {"uv": [8.25, 5.8125, 8.4375, 6], "texture": "#main"},
				"east": {"uv": [8, 5.8125, 8.25, 6], "texture": "#main"},
				"south": {"uv": [8.6875, 5.8125, 8.875, 6], "texture": "#main"},
				"west": {"uv": [8.4375, 5.8125, 8.6875, 6], "texture": "#main"},
				"up": {"uv": [8.4375, 5.8125, 8.25, 5.5625], "texture": "#main"},
				"down": {"uv": [8.625, 5.5625, 8.4375, 5.8125], "texture": "#main"}
			}
		},
		{
			"name": "right_leg",
			"from": [9.5, -0.01, 9],
			"to": [17.5, -0.01, 17],
			"faces": {
				"north": {"uv": [9.625, 6.5, 10.125, 6.5], "texture": "#main"},
				"east": {"uv": [9.125, 6.5, 9.625, 6.5], "texture": "#main"},
				"south": {"uv": [10.625, 6.5, 11.125, 6.5], "texture": "#main"},
				"west": {"uv": [10.125, 6.5, 10.625, 6.5], "texture": "#main"},
				"up": {"uv": [10.125, 6.5, 9.625, 6], "texture": "#main"},
				"down": {"uv": [10.625, 6, 10.125, 6.5], "texture": "#main"}
			}
		}
	],
	"display": {
		"thirdperson_righthand": {
			"rotation": [68, 0, 0],
			"translation": [0.5, 1, 14.75],
			"scale": [0.5, 0.5, 0.5]
		},
		"thirdperson_lefthand": {
			"rotation": [68, 0, 0],
			"translation": [0.5, 1, 14.75],
			"scale": [0.5, 0.5, 0.5]
		},
		"firstperson_righthand": {
			"rotation": [-11, 132, 0],
			"translation": [1.5, 5, 0],
			"scale": [0.6, 0.6, 0.6]
		},
		"firstperson_lefthand": {
			"rotation": [-11, 132, 0],
			"translation": [1.5, 5, 0],
			"scale": [0.6, 0.6, 0.6]
		},
		"ground": {
			"translation": [0, 4, 0]
		},
		"gui": {
			"rotation": [26, 149, 0],
			"translation": [-0.75, 4.25, 0]
		},
		"head": {
			"translation": [0, 15.25, -0.25]
		},
		"fixed": {
			"rotation": [-90, 0, 0],
			"translation": [0, 0, -8.75]
		}
	}
}