{
	"credit": "Made with Blockbench",
	"texture_size": [64, 64],
	"textures": {
		"main": "postavicky:item/guardian"
	},
	"elements": [
		{
			"name": "body",
			"from": [1, 2, -10],
			"to": [13, 14, 6],
			"rotation": {"angle": 0, "axis": "y", "origin": [7, 0, -2]},
			"faces": {
				"north": {"uv": [1, 1, 1.75, 1.75], "texture": "#main"},
				"east": {"uv": [0, 1, 1, 1.75], "texture": "#main"},
				"south": {"uv": [2.75, 1, 3.5, 1.75], "texture": "#main"},
				"west": {"uv": [1.75, 1, 2.75, 1.75], "texture": "#main"},
				"up": {"uv": [1.75, 1, 1, 0], "texture": "#main"},
				"down": {"uv": [2.5, 0, 1.75, 1], "texture": "#main"}
			}
		},
		{
			"name": "body",
			"from": [1, 14, -8],
			"to": [13, 16, 4],
			"rotation": {"angle": 0, "axis": "y", "origin": [7, 0, -2]},
			"faces": {
				"north": {"uv": [1.75, 3.25, 2.5, 3.375], "texture": "#main"},
				"east": {"uv": [1, 3.25, 1.75, 3.375], "texture": "#main"},
				"south": {"uv": [3.25, 3.25, 4, 3.375], "texture": "#main"},
				"west": {"uv": [2.5, 3.25, 3.25, 3.375], "texture": "#main"},
				"up": {"uv": [2.5, 3.25, 1.75, 2.5], "texture": "#main"},
				"down": {"uv": [3.25, 2.5, 2.5, 3.25], "texture": "#main"}
			}
		},
		{
			"name": "body",
			"from": [1, 0, -8],
			"to": [13, 2, 4],
			"rotation": {"angle": 0, "axis": "y", "origin": [7, 0, -2]},
			"faces": {
				"north": {"uv": [1.75, 3.25, 2.5, 3.375], "texture": "#main"},
				"east": {"uv": [1, 3.25, 1.75, 3.375], "texture": "#main"},
				"south": {"uv": [3.25, 3.25, 4, 3.375], "texture": "#main"},
				"west": {"uv": [2.5, 3.25, 3.25, 3.375], "texture": "#main"},
				"up": {"uv": [2.5, 3.25, 1.75, 2.5], "texture": "#main"},
				"down": {"uv": [3.25, 2.5, 2.5, 3.25], "texture": "#main"}
			}
		},
		{
			"name": "body",
			"from": [13, 2, -8],
			"to": [15, 14, 4],
			"rotation": {"angle": 0, "axis": "y", "origin": [7, 0, -2]},
			"faces": {
				"north": {"uv": [0.75, 2.5, 0.875, 3.25], "texture": "#main"},
				"east": {"uv": [0, 2.5, 0.75, 3.25], "texture": "#main"},
				"south": {"uv": [1.625, 2.5, 1.75, 3.25], "texture": "#main"},
				"west": {"uv": [0.875, 2.5, 1.625, 3.25], "texture": "#main"},
				"up": {"uv": [0.875, 2.5, 0.75, 1.75], "texture": "#main"},
				"down": {"uv": [1, 1.75, 0.875, 2.5], "texture": "#main"}
			}
		},
		{
			"name": "body_sub_1",
			"from": [-1, 2, -8],
			"to": [1, 14, 4],
			"rotation": {"angle": 0, "axis": "y", "origin": [7, 0, -2]},
			"faces": {
				"north": {"uv": [0.875, 2.5, 0.75, 3.25], "texture": "#main"},
				"east": {"uv": [1.625, 2.5, 0.875, 3.25], "texture": "#main"},
				"south": {"uv": [1.75, 2.5, 1.625, 3.25], "texture": "#main"},
				"west": {"uv": [0.75, 2.5, 0, 3.25], "texture": "#main"},
				"up": {"uv": [0.75, 2.5, 0.875, 1.75], "texture": "#main"},
				"down": {"uv": [0.875, 1.75, 1, 2.5], "texture": "#main"}
			}
		},
		{
			"name": "eye",
			"from": [6, 6.5, -10.25],
			"to": [8, 8.5, -9.25],
			"rotation": {"angle": 0, "axis": "y", "origin": [7, 0, -2]},
			"faces": {
				"north": {"uv": [0.5625, 0.0625, 0.6875, 0.1875], "texture": "#main"},
				"east": {"uv": [0.5, 0.0625, 0.5625, 0.1875], "texture": "#main"},
				"south": {"uv": [0.75, 0.0625, 0.875, 0.1875], "texture": "#main"},
				"west": {"uv": [0.6875, 0.0625, 0.75, 0.1875], "texture": "#main"},
				"up": {"uv": [0.6875, 0.0625, 0.5625, 0], "texture": "#main"},
				"down": {"uv": [0.8125, 0, 0.6875, 0.0625], "texture": "#main"}
			}
		},
		{
			"name": "tail1",
			"from": [5, 6, 5],
			"to": [9, 10, 13],
			"rotation": {"angle": 0, "axis": "y", "origin": [7, 8, 8.25]},
			"faces": {
				"north": {"uv": [3, 0.5, 3.25, 0.75], "texture": "#main"},
				"east": {"uv": [2.5, 0.5, 3, 0.75], "texture": "#main"},
				"south": {"uv": [3.75, 0.5, 4, 0.75], "texture": "#main"},
				"west": {"uv": [3.25, 0.5, 3.75, 0.75], "texture": "#main"},
				"up": {"uv": [3.25, 0.5, 3, 0], "texture": "#main"},
				"down": {"uv": [3.5, 0, 3.25, 0.5], "texture": "#main"}
			}
		},
		{
			"name": "tail2",
			"from": [5.5, 6.5, 12],
			"to": [8.5, 9.5, 19],
			"rotation": {"angle": 22.5, "axis": "y", "origin": [7, 8, 13.5]},
			"faces": {
				"north": {"uv": [0.4375, 3.8125, 0.625, 4], "texture": "#main"},
				"east": {"uv": [0, 3.8125, 0.4375, 4], "texture": "#main"},
				"south": {"uv": [1.0625, 3.8125, 1.25, 4], "texture": "#main"},
				"west": {"uv": [0.625, 3.8125, 1.0625, 4], "texture": "#main"},
				"up": {"uv": [0.625, 3.8125, 0.4375, 3.375], "texture": "#main"},
				"down": {"uv": [0.8125, 3.375, 0.625, 3.8125], "texture": "#main"}
			}
		},
		{
			"name": "tail3",
			"from": [9.73116, 7, 17.25783],
			"to": [11.73116, 9, 23.25783],
			"rotation": {"angle": 45, "axis": "y", "origin": [10.73116, 8, 19.50783]},
			"faces": {
				"north": {"uv": [2.9375, 2.375, 3.0625, 2.5], "texture": "#main"},
				"east": {"uv": [2.5625, 2.375, 2.9375, 2.5], "texture": "#main"},
				"south": {"uv": [3.4375, 2.375, 3.5625, 2.5], "texture": "#main"},
				"west": {"uv": [3.0625, 2.375, 3.4375, 2.5], "texture": "#main"},
				"up": {"uv": [3.0625, 2.375, 2.9375, 2], "texture": "#main"},
				"down": {"uv": [3.1875, 2, 3.0625, 2.375], "texture": "#main"}
			}
		},
		{
			"name": "tail3",
			"from": [11.94347, 3.5, 22.22014],
			"to": [20.94347, 12.5, 22.22014],
			"rotation": {"angle": -22.5, "axis": "y", "origin": [14.44347, 8, 21.22014]},
			"faces": {
				"north": {"uv": [1.5625, 1.75, 2.125, 2.3125], "texture": "#main"},
				"east": {"uv": [2.75, 1.75, 2.8125, 2.3125], "texture": "#main"},
				"south": {"uv": [1.5625, 1.75, 2.125, 2.3125], "rotation": 180, "texture": "#main"},
				"west": {"uv": [2.125, 1.75, 2.1875, 2.3125], "texture": "#main"},
				"up": {"uv": [2.1875, 1.75, 2.125, 1.1875], "rotation": 270, "texture": "#main"},
				"down": {"uv": [2.25, 1.1875, 2.1875, 1.75], "rotation": 90, "texture": "#main"}
			}
		},
		{
			"name": "spine1_rotation",
			"from": [6, 5.4, 2.3],
			"to": [8, 14.4, 4.3],
			"rotation": {"angle": 45, "axis": "x", "origin": [7, 12.5, 5]},
			"faces": {
				"north": {"uv": [0.125, 0.125, 0.25, 0.6875], "texture": "#main"},
				"east": {"uv": [0, 0.125, 0.125, 0.6875], "texture": "#main"},
				"south": {"uv": [0.375, 0.125, 0.5, 0.6875], "texture": "#main"},
				"west": {"uv": [0.25, 0.125, 0.375, 0.6875], "texture": "#main"},
				"up": {"uv": [0.25, 0.125, 0.125, 0], "texture": "#main"},
				"down": {"uv": [0.375, 0, 0.25, 0.125], "texture": "#main"}
			}
		},
		{
			"name": "spine2_rotation",
			"from": [6, 5.4, -8.3],
			"to": [8, 14.4, -6.3],
			"rotation": {"angle": -45, "axis": "x", "origin": [7, 12.5, -9]},
			"faces": {
				"north": {"uv": [0.125, 0.125, 0.25, 0.6875], "texture": "#main"},
				"east": {"uv": [0, 0.125, 0.125, 0.6875], "texture": "#main"},
				"south": {"uv": [0.375, 0.125, 0.5, 0.6875], "texture": "#main"},
				"west": {"uv": [0.25, 0.125, 0.375, 0.6875], "texture": "#main"},
				"up": {"uv": [0.25, 0.125, 0.125, 0], "texture": "#main"},
				"down": {"uv": [0.375, 0, 0.25, 0.125], "texture": "#main"}
			}
		},
		{
			"name": "spine3_rotation",
			"from": [1.5, 5, -3],
			"to": [3.5, 14, -1],
			"rotation": {"angle": 45, "axis": "z", "origin": [0, 11.5, -2]},
			"faces": {
				"north": {"uv": [0.125, 0.125, 0.25, 0.6875], "texture": "#main"},
				"east": {"uv": [0, 0.125, 0.125, 0.6875], "texture": "#main"},
				"south": {"uv": [0.375, 0.125, 0.5, 0.6875], "texture": "#main"},
				"west": {"uv": [0.25, 0.125, 0.375, 0.6875], "texture": "#main"},
				"up": {"uv": [0.25, 0.125, 0.125, 0], "texture": "#main"},
				"down": {"uv": [0.375, 0, 0.25, 0.125], "texture": "#main"}
			}
		},
		{
			"name": "spine4_rotation",
			"from": [11.3, 5, -3],
			"to": [13.3, 14, -1],
			"rotation": {"angle": -45, "axis": "z", "origin": [14, 12.5, -2]},
			"faces": {
				"north": {"uv": [0.125, 0.125, 0.25, 0.6875], "texture": "#main"},
				"east": {"uv": [0, 0.125, 0.125, 0.6875], "texture": "#main"},
				"south": {"uv": [0.375, 0.125, 0.5, 0.6875], "texture": "#main"},
				"west": {"uv": [0.25, 0.125, 0.375, 0.6875], "texture": "#main"},
				"up": {"uv": [0.25, 0.125, 0.125, 0], "texture": "#main"},
				"down": {"uv": [0.375, 0, 0.25, 0.125], "texture": "#main"}
			}
		},
		{
			"name": "spine5_rotation",
			"from": [5.5, 6.5, -10],
			"to": [14.5, 8.5, -8],
			"rotation": {"angle": 45, "axis": "y", "origin": [14, 5.5, -9]},
			"faces": {
				"north": {"uv": [0.125, 0.125, 0.25, 0.6875], "rotation": 90, "texture": "#main"},
				"east": {"uv": [0.125, 0, 0.25, 0.125], "texture": "#main"},
				"south": {"uv": [0.375, 0.125, 0.5, 0.6875], "rotation": 90, "texture": "#main"},
				"west": {"uv": [0.25, 0.125, 0.375, 0.6875], "texture": "#main"},
				"up": {"uv": [0.125, 0.6875, 0, 0.125], "rotation": 90, "texture": "#main"},
				"down": {"uv": [0.375, 0, 0.25, 0.125], "texture": "#main"}
			}
		},
		{
			"name": "spine6_rotation",
			"from": [-0.5, 6.5, -10],
			"to": [8.5, 8.5, -8],
			"rotation": {"angle": -45, "axis": "y", "origin": [0, 5.5, -9]},
			"faces": {
				"north": {"uv": [0.25, 0.125, 0.375, 0.6875], "rotation": 90, "texture": "#main"},
				"east": {"uv": [0, 0.125, 0.125, 0.6875], "texture": "#main"},
				"south": {"uv": [0.375, 0.125, 0.5, 0.6875], "rotation": 90, "texture": "#main"},
				"west": {"uv": [0.125, 0, 0.25, 0.125], "texture": "#main"},
				"up": {"uv": [0.25, 0.6875, 0.125, 0.125], "rotation": 90, "texture": "#main"},
				"down": {"uv": [0.375, 0, 0.25, 0.125], "texture": "#main"}
			}
		},
		{
			"name": "spine7_rotation",
			"from": [-1, 6.5, -3.5],
			"to": [1, 8.5, 5.5],
			"rotation": {"angle": -45, "axis": "y", "origin": [0, 5.5, 5]},
			"faces": {
				"north": {"uv": [0.125, 0.125, 0.25, 0.6875], "texture": "#main"},
				"east": {"uv": [0.25, 0, 0.375, 0.125], "texture": "#main"},
				"south": {"uv": [0.125, 0, 0.25, 0.125], "texture": "#main"},
				"west": {"uv": [0.25, 0.125, 0.375, 0.6875], "rotation": 90, "texture": "#main"},
				"up": {"uv": [0.125, 0.6875, 0, 0.125], "texture": "#main"},
				"down": {"uv": [0.5, 0.125, 0.375, 0.6875], "texture": "#main"}
			}
		},
		{
			"name": "spine8_rotation",
			"from": [5.5, 6.5, 4],
			"to": [14.5, 8.5, 6],
			"rotation": {"angle": -45, "axis": "y", "origin": [14, 5.5, 5]},
			"faces": {
				"north": {"uv": [0.125, 0.125, 0.25, 0.6875], "rotation": 90, "texture": "#main"},
				"east": {"uv": [0.125, 0, 0.25, 0.125], "texture": "#main"},
				"south": {"uv": [0.375, 0.125, 0.5, 0.6875], "rotation": 90, "texture": "#main"},
				"west": {"uv": [0.25, 0, 0.375, 0.125], "texture": "#main"},
				"up": {"uv": [0.125, 0.6875, 0, 0.125], "rotation": 90, "texture": "#main"},
				"down": {"uv": [0.375, 0.125, 0.25, 0.6875], "rotation": 90, "texture": "#main"}
			}
		},
		{
			"name": "spine9_rotation",
			"from": [6, -0.5, -5.5],
			"to": [8, 1.5, 3.5],
			"rotation": {"angle": 45, "axis": "x", "origin": [7, -1.5, 5]},
			"faces": {
				"north": {"uv": [0.125, 0.125, 0.25, 0.6875], "texture": "#main"},
				"east": {"uv": [0, 0.125, 0.125, 0.6875], "rotation": 90, "texture": "#main"},
				"south": {"uv": [0.125, 0, 0.25, 0.125], "texture": "#main"},
				"west": {"uv": [0.25, 0.125, 0.375, 0.6875], "rotation": 90, "texture": "#main"},
				"up": {"uv": [0.5, 0.6875, 0.375, 0.125], "texture": "#main"},
				"down": {"uv": [0.375, 0, 0.25, 0.125], "texture": "#main"}
			}
		},
		{
			"name": "spine10_rotation",
			"from": [6, 0, -12],
			"to": [8, 9, -10],
			"rotation": {"angle": 45, "axis": "x", "origin": [7, -1.5, -9]},
			"faces": {
				"north": {"uv": [0.125, 0.125, 0.25, 0.6875], "texture": "#main"},
				"east": {"uv": [0, 0.125, 0.125, 0.6875], "texture": "#main"},
				"south": {"uv": [0.375, 0.125, 0.5, 0.6875], "texture": "#main"},
				"west": {"uv": [0.25, 0.125, 0.375, 0.6875], "texture": "#main"},
				"up": {"uv": [0.25, 0.125, 0.125, 0], "texture": "#main"},
				"down": {"uv": [0.375, 0, 0.25, 0.125], "texture": "#main"}
			}
		},
		{
			"name": "spine11_rotation",
			"from": [-3, 0, -3],
			"to": [-1, 9, -1],
			"rotation": {"angle": -45, "axis": "z", "origin": [0, -1.5, -2]},
			"faces": {
				"north": {"uv": [0.125, 0.125, 0.25, 0.6875], "texture": "#main"},
				"east": {"uv": [0, 0.125, 0.125, 0.6875], "texture": "#main"},
				"south": {"uv": [0.375, 0.125, 0.5, 0.6875], "texture": "#main"},
				"west": {"uv": [0.25, 0.125, 0.375, 0.6875], "texture": "#main"},
				"up": {"uv": [0.25, 0.125, 0.125, 0], "texture": "#main"},
				"down": {"uv": [0.375, 0, 0.25, 0.125], "texture": "#main"}
			}
		},
		{
			"name": "spine12_rotation",
			"from": [15, 0, -3],
			"to": [17, 9, -1],
			"rotation": {"angle": 45, "axis": "z", "origin": [14, -1.5, -2]},
			"faces": {
				"north": {"uv": [0.125, 0.125, 0.25, 0.6875], "texture": "#main"},
				"east": {"uv": [0, 0.125, 0.125, 0.6875], "texture": "#main"},
				"south": {"uv": [0.375, 0.125, 0.5, 0.6875], "texture": "#main"},
				"west": {"uv": [0.25, 0.125, 0.375, 0.6875], "texture": "#main"},
				"up": {"uv": [0.25, 0.125, 0.125, 0], "texture": "#main"},
				"down": {"uv": [0.375, 0, 0.25, 0.125], "texture": "#main"}
			}
		},
		{
			"name": "body",
			"from": [1, 2, -10],
			"to": [13, 14, 6],
			"rotation": {"angle": 0, "axis": "y", "origin": [7, 0, -2]},
			"faces": {
				"north": {"uv": [5, 1, 5.75, 1.75], "texture": "#main"},
				"east": {"uv": [4, 1, 5, 1.75], "texture": "#main"},
				"south": {"uv": [6.75, 1, 7.5, 1.75], "texture": "#main"},
				"west": {"uv": [5.75, 1, 6.75, 1.75], "texture": "#main"},
				"up": {"uv": [5.75, 1, 5, 0], "texture": "#main"},
				"down": {"uv": [6.5, 0, 5.75, 1], "texture": "#main"}
			}
		},
		{
			"name": "body",
			"from": [1, 14, -8],
			"to": [13, 16, 4],
			"rotation": {"angle": 0, "axis": "y", "origin": [7, 0, -2]},
			"faces": {
				"north": {"uv": [5.75, 3.25, 6.5, 3.375], "texture": "#main"},
				"east": {"uv": [5, 3.25, 5.75, 3.375], "texture": "#main"},
				"south": {"uv": [7.25, 3.25, 8, 3.375], "texture": "#main"},
				"west": {"uv": [6.5, 3.25, 7.25, 3.375], "texture": "#main"},
				"up": {"uv": [6.5, 3.25, 5.75, 2.5], "texture": "#main"},
				"down": {"uv": [7.25, 2.5, 6.5, 3.25], "texture": "#main"}
			}
		},
		{
			"name": "body",
			"from": [1, 0, -8],
			"to": [13, 2, 4],
			"rotation": {"angle": 0, "axis": "y", "origin": [7, 0, -2]},
			"faces": {
				"north": {"uv": [5.75, 3.25, 6.5, 3.375], "texture": "#main"},
				"east": {"uv": [5, 3.25, 5.75, 3.375], "texture": "#main"},
				"south": {"uv": [7.25, 3.25, 8, 3.375], "texture": "#main"},
				"west": {"uv": [6.5, 3.25, 7.25, 3.375], "texture": "#main"},
				"up": {"uv": [6.5, 3.25, 5.75, 2.5], "texture": "#main"},
				"down": {"uv": [7.25, 2.5, 6.5, 3.25], "texture": "#main"}
			}
		},
		{
			"name": "body",
			"from": [13, 2, -8],
			"to": [15, 14, 4],
			"rotation": {"angle": 0, "axis": "y", "origin": [7, 0, -2]},
			"faces": {
				"north": {"uv": [4.75, 2.5, 4.875, 3.25], "texture": "#main"},
				"east": {"uv": [4, 2.5, 4.75, 3.25], "texture": "#main"},
				"south": {"uv": [5.625, 2.5, 5.75, 3.25], "texture": "#main"},
				"west": {"uv": [4.875, 2.5, 5.625, 3.25], "texture": "#main"},
				"up": {"uv": [4.875, 2.5, 4.75, 1.75], "texture": "#main"},
				"down": {"uv": [5, 1.75, 4.875, 2.5], "texture": "#main"}
			}
		},
		{
			"name": "body_sub_1",
			"from": [-1, 2, -8],
			"to": [1, 14, 4],
			"rotation": {"angle": 0, "axis": "y", "origin": [7, 0, -2]},
			"faces": {
				"north": {"uv": [4.875, 2.5, 4.75, 3.25], "texture": "#main"},
				"east": {"uv": [5.625, 2.5, 4.875, 3.25], "texture": "#main"},
				"south": {"uv": [5.75, 2.5, 5.625, 3.25], "texture": "#main"},
				"west": {"uv": [4.75, 2.5, 4, 3.25], "texture": "#main"},
				"up": {"uv": [4.75, 2.5, 4.875, 1.75], "texture": "#main"},
				"down": {"uv": [4.875, 1.75, 5, 2.5], "texture": "#main"}
			}
		},
		{
			"name": "eye",
			"from": [6, 6.5, -10.25],
			"to": [8, 8.5, -9.25],
			"rotation": {"angle": 0, "axis": "y", "origin": [7, 0, -2]},
			"faces": {
				"north": {"uv": [4.5625, 0.0625, 4.6875, 0.1875], "texture": "#main"},
				"east": {"uv": [4.5, 0.0625, 4.5625, 0.1875], "texture": "#main"},
				"south": {"uv": [4.75, 0.0625, 4.875, 0.1875], "texture": "#main"},
				"west": {"uv": [4.6875, 0.0625, 4.75, 0.1875], "texture": "#main"},
				"up": {"uv": [4.6875, 0.0625, 4.5625, 0], "texture": "#main"},
				"down": {"uv": [4.8125, 0, 4.6875, 0.0625], "texture": "#main"}
			}
		},
		{
			"name": "tail1",
			"from": [5, 6, 5],
			"to": [9, 10, 13],
			"rotation": {"angle": 0, "axis": "y", "origin": [7, 8, 8.25]},
			"faces": {
				"north": {"uv": [7, 0.5, 7.25, 0.75], "texture": "#main"},
				"east": {"uv": [6.5, 0.5, 7, 0.75], "texture": "#main"},
				"south": {"uv": [7.75, 0.5, 8, 0.75], "texture": "#main"},
				"west": {"uv": [7.25, 0.5, 7.75, 0.75], "texture": "#main"},
				"up": {"uv": [7.25, 0.5, 7, 0], "texture": "#main"},
				"down": {"uv": [7.5, 0, 7.25, 0.5], "texture": "#main"}
			}
		},
		{
			"name": "tail2",
			"from": [5.5, 6.5, 12],
			"to": [8.5, 9.5, 19],
			"rotation": {"angle": 0, "axis": "y", "origin": [7, 8, 13.5]},
			"faces": {
				"north": {"uv": [4.4375, 3.8125, 4.625, 4], "texture": "#main"},
				"east": {"uv": [4, 3.8125, 4.4375, 4], "texture": "#main"},
				"south": {"uv": [5.0625, 3.8125, 5.25, 4], "texture": "#main"},
				"west": {"uv": [4.625, 3.8125, 5.0625, 4], "texture": "#main"},
				"up": {"uv": [4.625, 3.8125, 4.4375, 3.375], "texture": "#main"},
				"down": {"uv": [4.8125, 3.375, 4.625, 3.8125], "texture": "#main"}
			}
		},
		{
			"name": "tail3",
			"from": [6.73116, 7, 17.25783],
			"to": [8.73116, 9, 23.25783],
			"rotation": {"angle": 22.5, "axis": "y", "origin": [10.73116, 8, 19.50783]},
			"faces": {
				"north": {"uv": [6.9375, 2.375, 7.0625, 2.5], "texture": "#main"},
				"east": {"uv": [6.5625, 2.375, 6.9375, 2.5], "texture": "#main"},
				"south": {"uv": [7.4375, 2.375, 7.5625, 2.5], "texture": "#main"},
				"west": {"uv": [7.0625, 2.375, 7.4375, 2.5], "texture": "#main"},
				"up": {"uv": [7.0625, 2.375, 6.9375, 2], "texture": "#main"},
				"down": {"uv": [7.1875, 2, 7.0625, 2.375], "texture": "#main"}
			}
		},
		{
			"name": "tail3",
			"from": [11.94347, 3.5, 26.82014],
			"to": [20.94347, 12.5, 26.82014],
			"rotation": {"angle": -45, "axis": "y", "origin": [14.44347, 8, 21.22014]},
			"faces": {
				"north": {"uv": [5.5625, 1.75, 6.125, 2.3125], "texture": "#main"},
				"east": {"uv": [6.75, 1.75, 6.8125, 2.3125], "texture": "#main"},
				"south": {"uv": [5.5625, 1.75, 6.125, 2.3125], "rotation": 180, "texture": "#main"},
				"west": {"uv": [6.125, 1.75, 6.1875, 2.3125], "texture": "#main"},
				"up": {"uv": [6.1875, 1.75, 6.125, 1.1875], "rotation": 270, "texture": "#main"},
				"down": {"uv": [6.25, 1.1875, 6.1875, 1.75], "rotation": 90, "texture": "#main"}
			}
		},
		{
			"name": "spine1_rotation",
			"from": [6, 7.4, 2.3],
			"to": [8, 16.4, 4.3],
			"rotation": {"angle": 45, "axis": "x", "origin": [7, 12.5, 5]},
			"faces": {
				"north": {"uv": [4.125, 0.125, 4.25, 0.6875], "texture": "#main"},
				"east": {"uv": [4, 0.125, 4.125, 0.6875], "texture": "#main"},
				"south": {"uv": [4.375, 0.125, 4.5, 0.6875], "texture": "#main"},
				"west": {"uv": [4.25, 0.125, 4.375, 0.6875], "texture": "#main"},
				"up": {"uv": [4.25, 0.125, 4.125, 0], "texture": "#main"},
				"down": {"uv": [4.375, 0, 4.25, 0.125], "texture": "#main"}
			}
		},
		{
			"name": "spine2_rotation",
			"from": [6, 7.4, -8.3],
			"to": [8, 16.4, -6.3],
			"rotation": {"angle": -45, "axis": "x", "origin": [7, 12.5, -9]},
			"faces": {
				"north": {"uv": [4.125, 0.125, 4.25, 0.6875], "texture": "#main"},
				"east": {"uv": [4, 0.125, 4.125, 0.6875], "texture": "#main"},
				"south": {"uv": [4.375, 0.125, 4.5, 0.6875], "texture": "#main"},
				"west": {"uv": [4.25, 0.125, 4.375, 0.6875], "texture": "#main"},
				"up": {"uv": [4.25, 0.125, 4.125, 0], "texture": "#main"},
				"down": {"uv": [4.375, 0, 4.25, 0.125], "texture": "#main"}
			}
		},
		{
			"name": "spine3_rotation",
			"from": [1.5, 7, -3],
			"to": [3.5, 16, -1],
			"rotation": {"angle": 45, "axis": "z", "origin": [0, 11.5, -2]},
			"faces": {
				"north": {"uv": [4.125, 0.125, 4.25, 0.6875], "texture": "#main"},
				"east": {"uv": [4, 0.125, 4.125, 0.6875], "texture": "#main"},
				"south": {"uv": [4.375, 0.125, 4.5, 0.6875], "texture": "#main"},
				"west": {"uv": [4.25, 0.125, 4.375, 0.6875], "texture": "#main"},
				"up": {"uv": [4.25, 0.125, 4.125, 0], "texture": "#main"},
				"down": {"uv": [4.375, 0, 4.25, 0.125], "texture": "#main"}
			}
		},
		{
			"name": "spine4_rotation",
			"from": [11.3, 7, -3],
			"to": [13.3, 16, -1],
			"rotation": {"angle": -45, "axis": "z", "origin": [14, 12.5, -2]},
			"faces": {
				"north": {"uv": [4.125, 0.125, 4.25, 0.6875], "texture": "#main"},
				"east": {"uv": [4, 0.125, 4.125, 0.6875], "texture": "#main"},
				"south": {"uv": [4.375, 0.125, 4.5, 0.6875], "texture": "#main"},
				"west": {"uv": [4.25, 0.125, 4.375, 0.6875], "texture": "#main"},
				"up": {"uv": [4.25, 0.125, 4.125, 0], "texture": "#main"},
				"down": {"uv": [4.375, 0, 4.25, 0.125], "texture": "#main"}
			}
		},
		{
			"name": "spine5_rotation",
			"from": [6.5, 6.5, -10],
			"to": [15.5, 8.5, -8],
			"rotation": {"angle": 45, "axis": "y", "origin": [14, 5.5, -9]},
			"faces": {
				"north": {"uv": [4.125, 0.125, 4.25, 0.6875], "rotation": 90, "texture": "#main"},
				"east": {"uv": [4.125, 0, 4.25, 0.125], "texture": "#main"},
				"south": {"uv": [4.375, 0.125, 4.5, 0.6875], "rotation": 90, "texture": "#main"},
				"west": {"uv": [4.25, 0.125, 4.375, 0.6875], "texture": "#main"},
				"up": {"uv": [4.125, 0.6875, 4, 0.125], "rotation": 90, "texture": "#main"},
				"down": {"uv": [4.375, 0, 4.25, 0.125], "texture": "#main"}
			}
		},
		{
			"name": "spine6_rotation",
			"from": [-1.5, 6.5, -10],
			"to": [7.5, 8.5, -8],
			"rotation": {"angle": -45, "axis": "y", "origin": [0, 5.5, -9]},
			"faces": {
				"north": {"uv": [4.25, 0.125, 4.375, 0.6875], "rotation": 90, "texture": "#main"},
				"east": {"uv": [4, 0.125, 4.125, 0.6875], "texture": "#main"},
				"south": {"uv": [4.375, 0.125, 4.5, 0.6875], "rotation": 90, "texture": "#main"},
				"west": {"uv": [4.125, 0, 4.25, 0.125], "texture": "#main"},
				"up": {"uv": [4.25, 0.6875, 4.125, 0.125], "rotation": 90, "texture": "#main"},
				"down": {"uv": [4.375, 0, 4.25, 0.125], "texture": "#main"}
			}
		},
		{
			"name": "spine7_rotation",
			"from": [-1, 6.5, -2.5],
			"to": [1, 8.5, 6.5],
			"rotation": {"angle": -45, "axis": "y", "origin": [0, 5.5, 5]},
			"faces": {
				"north": {"uv": [4.125, 0.125, 4.25, 0.6875], "texture": "#main"},
				"east": {"uv": [4.25, 0, 4.375, 0.125], "texture": "#main"},
				"south": {"uv": [4.125, 0, 4.25, 0.125], "texture": "#main"},
				"west": {"uv": [4.25, 0.125, 4.375, 0.6875], "rotation": 90, "texture": "#main"},
				"up": {"uv": [4.125, 0.6875, 4, 0.125], "texture": "#main"},
				"down": {"uv": [4.5, 0.125, 4.375, 0.6875], "texture": "#main"}
			}
		},
		{
			"name": "spine8_rotation",
			"from": [6.5, 6.5, 4],
			"to": [15.5, 8.5, 6],
			"rotation": {"angle": -45, "axis": "y", "origin": [14, 5.5, 5]},
			"faces": {
				"north": {"uv": [4.125, 0.125, 4.25, 0.6875], "rotation": 90, "texture": "#main"},
				"east": {"uv": [4.125, 0, 4.25, 0.125], "texture": "#main"},
				"south": {"uv": [4.375, 0.125, 4.5, 0.6875], "rotation": 90, "texture": "#main"},
				"west": {"uv": [4.25, 0, 4.375, 0.125], "texture": "#main"},
				"up": {"uv": [4.125, 0.6875, 4, 0.125], "rotation": 90, "texture": "#main"},
				"down": {"uv": [4.375, 0.125, 4.25, 0.6875], "rotation": 90, "texture": "#main"}
			}
		},
		{
			"name": "spine9_rotation",
			"from": [6, -0.5, -3.5],
			"to": [8, 1.5, 5.5],
			"rotation": {"angle": 45, "axis": "x", "origin": [7, -1.5, 5]},
			"faces": {
				"north": {"uv": [4.125, 0.125, 4.25, 0.6875], "texture": "#main"},
				"east": {"uv": [4, 0.125, 4.125, 0.6875], "rotation": 90, "texture": "#main"},
				"south": {"uv": [4.125, 0, 4.25, 0.125], "texture": "#main"},
				"west": {"uv": [4.25, 0.125, 4.375, 0.6875], "rotation": 90, "texture": "#main"},
				"up": {"uv": [4.5, 0.6875, 4.375, 0.125], "texture": "#main"},
				"down": {"uv": [4.375, 0, 4.25, 0.125], "texture": "#main"}
			}
		},
		{
			"name": "spine10_rotation",
			"from": [6, -2, -12],
			"to": [8, 7, -10],
			"rotation": {"angle": 45, "axis": "x", "origin": [7, -1.5, -9]},
			"faces": {
				"north": {"uv": [4.125, 0.125, 4.25, 0.6875], "texture": "#main"},
				"east": {"uv": [4, 0.125, 4.125, 0.6875], "texture": "#main"},
				"south": {"uv": [4.375, 0.125, 4.5, 0.6875], "texture": "#main"},
				"west": {"uv": [4.25, 0.125, 4.375, 0.6875], "texture": "#main"},
				"up": {"uv": [4.25, 0.125, 4.125, 0], "texture": "#main"},
				"down": {"uv": [4.375, 0, 4.25, 0.125], "texture": "#main"}
			}
		},
		{
			"name": "spine11_rotation",
			"from": [-3, -2, -3],
			"to": [-1, 7, -1],
			"rotation": {"angle": -45, "axis": "z", "origin": [0, -1.5, -2]},
			"faces": {
				"north": {"uv": [4.125, 0.125, 4.25, 0.6875], "texture": "#main"},
				"east": {"uv": [4, 0.125, 4.125, 0.6875], "texture": "#main"},
				"south": {"uv": [4.375, 0.125, 4.5, 0.6875], "texture": "#main"},
				"west": {"uv": [4.25, 0.125, 4.375, 0.6875], "texture": "#main"},
				"up": {"uv": [4.25, 0.125, 4.125, 0], "texture": "#main"},
				"down": {"uv": [4.375, 0, 4.25, 0.125], "texture": "#main"}
			}
		},
		{
			"name": "spine12_rotation",
			"from": [15, -2, -3],
			"to": [17, 7, -1],
			"rotation": {"angle": 45, "axis": "z", "origin": [14, -1.5, -2]},
			"faces": {
				"north": {"uv": [4.125, 0.125, 4.25, 0.6875], "texture": "#main"},
				"east": {"uv": [4, 0.125, 4.125, 0.6875], "texture": "#main"},
				"south": {"uv": [4.375, 0.125, 4.5, 0.6875], "texture": "#main"},
				"west": {"uv": [4.25, 0.125, 4.375, 0.6875], "texture": "#main"},
				"up": {"uv": [4.25, 0.125, 4.125, 0], "texture": "#main"},
				"down": {"uv": [4.375, 0, 4.25, 0.125], "texture": "#main"}
			}
		},
		{
			"name": "body",
			"from": [1, 2, -10],
			"to": [13, 14, 6],
			"rotation": {"angle": 0, "axis": "y", "origin": [7, 0, -2]},
			"faces": {
				"north": {"uv": [9, 1, 9.75, 1.75], "texture": "#main"},
				"east": {"uv": [8, 1, 9, 1.75], "texture": "#main"},
				"south": {"uv": [10.75, 1, 11.5, 1.75], "texture": "#main"},
				"west": {"uv": [9.75, 1, 10.75, 1.75], "texture": "#main"},
				"up": {"uv": [9.75, 1, 9, 0], "texture": "#main"},
				"down": {"uv": [10.5, 0, 9.75, 1], "texture": "#main"}
			}
		},
		{
			"name": "body",
			"from": [1, 14, -8],
			"to": [13, 16, 4],
			"rotation": {"angle": 0, "axis": "y", "origin": [7, 0, -2]},
			"faces": {
				"north": {"uv": [9.75, 3.25, 10.5, 3.375], "texture": "#main"},
				"east": {"uv": [9, 3.25, 9.75, 3.375], "texture": "#main"},
				"south": {"uv": [11.25, 3.25, 12, 3.375], "texture": "#main"},
				"west": {"uv": [10.5, 3.25, 11.25, 3.375], "texture": "#main"},
				"up": {"uv": [10.5, 3.25, 9.75, 2.5], "texture": "#main"},
				"down": {"uv": [11.25, 2.5, 10.5, 3.25], "texture": "#main"}
			}
		},
		{
			"name": "body",
			"from": [1, 0, -8],
			"to": [13, 2, 4],
			"rotation": {"angle": 0, "axis": "y", "origin": [7, 0, -2]},
			"faces": {
				"north": {"uv": [9.75, 3.25, 10.5, 3.375], "texture": "#main"},
				"east": {"uv": [9, 3.25, 9.75, 3.375], "texture": "#main"},
				"south": {"uv": [11.25, 3.25, 12, 3.375], "texture": "#main"},
				"west": {"uv": [10.5, 3.25, 11.25, 3.375], "texture": "#main"},
				"up": {"uv": [10.5, 3.25, 9.75, 2.5], "texture": "#main"},
				"down": {"uv": [11.25, 2.5, 10.5, 3.25], "texture": "#main"}
			}
		},
		{
			"name": "body",
			"from": [13, 2, -8],
			"to": [15, 14, 4],
			"rotation": {"angle": 0, "axis": "y", "origin": [7, 0, -2]},
			"faces": {
				"north": {"uv": [8.75, 2.5, 8.875, 3.25], "texture": "#main"},
				"east": {"uv": [8, 2.5, 8.75, 3.25], "texture": "#main"},
				"south": {"uv": [9.625, 2.5, 9.75, 3.25], "texture": "#main"},
				"west": {"uv": [8.875, 2.5, 9.625, 3.25], "texture": "#main"},
				"up": {"uv": [8.875, 2.5, 8.75, 1.75], "texture": "#main"},
				"down": {"uv": [9, 1.75, 8.875, 2.5], "texture": "#main"}
			}
		},
		{
			"name": "body_sub_1",
			"from": [-1, 2, -8],
			"to": [1, 14, 4],
			"rotation": {"angle": 0, "axis": "y", "origin": [7, 0, -2]},
			"faces": {
				"north": {"uv": [8.875, 2.5, 8.75, 3.25], "texture": "#main"},
				"east": {"uv": [9.625, 2.5, 8.875, 3.25], "texture": "#main"},
				"south": {"uv": [9.75, 2.5, 9.625, 3.25], "texture": "#main"},
				"west": {"uv": [8.75, 2.5, 8, 3.25], "texture": "#main"},
				"up": {"uv": [8.75, 2.5, 8.875, 1.75], "texture": "#main"},
				"down": {"uv": [8.875, 1.75, 9, 2.5], "texture": "#main"}
			}
		},
		{
			"name": "eye",
			"from": [6, 6.5, -10.25],
			"to": [8, 8.5, -9.25],
			"rotation": {"angle": 0, "axis": "y", "origin": [7, 0, -2]},
			"faces": {
				"north": {"uv": [8.5625, 0.0625, 8.6875, 0.1875], "texture": "#main"},
				"east": {"uv": [8.5, 0.0625, 8.5625, 0.1875], "texture": "#main"},
				"south": {"uv": [8.75, 0.0625, 8.875, 0.1875], "texture": "#main"},
				"west": {"uv": [8.6875, 0.0625, 8.75, 0.1875], "texture": "#main"},
				"up": {"uv": [8.6875, 0.0625, 8.5625, 0], "texture": "#main"},
				"down": {"uv": [8.8125, 0, 8.6875, 0.0625], "texture": "#main"}
			}
		},
		{
			"name": "tail1",
			"from": [5, 6, 5],
			"to": [9, 10, 13],
			"rotation": {"angle": 0, "axis": "y", "origin": [7, 8, 8.25]},
			"faces": {
				"north": {"uv": [11, 0.5, 11.25, 0.75], "texture": "#main"},
				"east": {"uv": [10.5, 0.5, 11, 0.75], "texture": "#main"},
				"south": {"uv": [11.75, 0.5, 12, 0.75], "texture": "#main"},
				"west": {"uv": [11.25, 0.5, 11.75, 0.75], "texture": "#main"},
				"up": {"uv": [11.25, 0.5, 11, 0], "texture": "#main"},
				"down": {"uv": [11.5, 0, 11.25, 0.5], "texture": "#main"}
			}
		},
		{
			"name": "tail2",
			"from": [5.5, 6.5, 12],
			"to": [8.5, 9.5, 19],
			"rotation": {"angle": 0, "axis": "y", "origin": [7, 8, 13.5]},
			"faces": {
				"north": {"uv": [8.4375, 3.8125, 8.625, 4], "texture": "#main"},
				"east": {"uv": [8, 3.8125, 8.4375, 4], "texture": "#main"},
				"south": {"uv": [9.0625, 3.8125, 9.25, 4], "texture": "#main"},
				"west": {"uv": [8.625, 3.8125, 9.0625, 4], "texture": "#main"},
				"up": {"uv": [8.625, 3.8125, 8.4375, 3.375], "texture": "#main"},
				"down": {"uv": [8.8125, 3.375, 8.625, 3.8125], "texture": "#main"}
			}
		},
		{
			"name": "tail3",
			"from": [6.03116, 7, 17.25783],
			"to": [8.03116, 9, 23.25783],
			"rotation": {"angle": 0, "axis": "y", "origin": [10.73116, 8, 19.50783]},
			"faces": {
				"north": {"uv": [10.9375, 2.375, 11.0625, 2.5], "texture": "#main"},
				"east": {"uv": [10.5625, 2.375, 10.9375, 2.5], "texture": "#main"},
				"south": {"uv": [11.4375, 2.375, 11.5625, 2.5], "texture": "#main"},
				"west": {"uv": [11.0625, 2.375, 11.4375, 2.5], "texture": "#main"},
				"up": {"uv": [11.0625, 2.375, 10.9375, 2], "texture": "#main"},
				"down": {"uv": [11.1875, 2, 11.0625, 2.375], "texture": "#main"}
			}
		},
		{
			"name": "tail3",
			"from": [6.84347, 3.5, 21.72014],
			"to": [6.84347, 12.5, 30.72014],
			"rotation": {"angle": 0, "axis": "y", "origin": [14.44347, 8, 21.22014]},
			"faces": {
				"north": {"uv": [10.125, 1.75, 10.1875, 2.3125], "texture": "#main"},
				"east": {"uv": [9.5625, 1.75, 10.125, 2.3125], "texture": "#main"},
				"south": {"uv": [10.75, 1.75, 10.8125, 2.3125], "texture": "#main"},
				"west": {"uv": [9.5625, 1.75, 10.125, 2.3125], "rotation": 180, "texture": "#main"},
				"up": {"uv": [10.1875, 1.75, 10.125, 1.1875], "texture": "#main"},
				"down": {"uv": [10.25, 1.1875, 10.1875, 1.75], "texture": "#main"}
			}
		},
		{
			"name": "spine1_rotation",
			"from": [6, 8.4, 2.3],
			"to": [8, 17.4, 4.3],
			"rotation": {"angle": 45, "axis": "x", "origin": [7, 12.5, 5]},
			"faces": {
				"north": {"uv": [8.125, 0.125, 8.25, 0.6875], "texture": "#main"},
				"east": {"uv": [8, 0.125, 8.125, 0.6875], "texture": "#main"},
				"south": {"uv": [8.375, 0.125, 8.5, 0.6875], "texture": "#main"},
				"west": {"uv": [8.25, 0.125, 8.375, 0.6875], "texture": "#main"},
				"up": {"uv": [8.25, 0.125, 8.125, 0], "texture": "#main"},
				"down": {"uv": [8.375, 0, 8.25, 0.125], "texture": "#main"}
			}
		},
		{
			"name": "spine2_rotation",
			"from": [6, 8.4, -8.3],
			"to": [8, 17.4, -6.3],
			"rotation": {"angle": -45, "axis": "x", "origin": [7, 12.5, -9]},
			"faces": {
				"north": {"uv": [8.125, 0.125, 8.25, 0.6875], "texture": "#main"},
				"east": {"uv": [8, 0.125, 8.125, 0.6875], "texture": "#main"},
				"south": {"uv": [8.375, 0.125, 8.5, 0.6875], "texture": "#main"},
				"west": {"uv": [8.25, 0.125, 8.375, 0.6875], "texture": "#main"},
				"up": {"uv": [8.25, 0.125, 8.125, 0], "texture": "#main"},
				"down": {"uv": [8.375, 0, 8.25, 0.125], "texture": "#main"}
			}
		},
		{
			"name": "spine3_rotation",
			"from": [1.5, 8, -3],
			"to": [3.5, 17, -1],
			"rotation": {"angle": 45, "axis": "z", "origin": [0, 11.5, -2]},
			"faces": {
				"north": {"uv": [8.125, 0.125, 8.25, 0.6875], "texture": "#main"},
				"east": {"uv": [8, 0.125, 8.125, 0.6875], "texture": "#main"},
				"south": {"uv": [8.375, 0.125, 8.5, 0.6875], "texture": "#main"},
				"west": {"uv": [8.25, 0.125, 8.375, 0.6875], "texture": "#main"},
				"up": {"uv": [8.25, 0.125, 8.125, 0], "texture": "#main"},
				"down": {"uv": [8.375, 0, 8.25, 0.125], "texture": "#main"}
			}
		},
		{
			"name": "spine4_rotation",
			"from": [11.3, 8, -3],
			"to": [13.3, 17, -1],
			"rotation": {"angle": -45, "axis": "z", "origin": [14, 12.5, -2]},
			"faces": {
				"north": {"uv": [8.125, 0.125, 8.25, 0.6875], "texture": "#main"},
				"east": {"uv": [8, 0.125, 8.125, 0.6875], "texture": "#main"},
				"south": {"uv": [8.375, 0.125, 8.5, 0.6875], "texture": "#main"},
				"west": {"uv": [8.25, 0.125, 8.375, 0.6875], "texture": "#main"},
				"up": {"uv": [8.25, 0.125, 8.125, 0], "texture": "#main"},
				"down": {"uv": [8.375, 0, 8.25, 0.125], "texture": "#main"}
			}
		},
		{
			"name": "spine5_rotation",
			"from": [7.5, 6.5, -10],
			"to": [16.5, 8.5, -8],
			"rotation": {"angle": 45, "axis": "y", "origin": [14, 5.5, -9]},
			"faces": {
				"north": {"uv": [8.125, 0.125, 8.25, 0.6875], "rotation": 90, "texture": "#main"},
				"east": {"uv": [8.125, 0, 8.25, 0.125], "texture": "#main"},
				"south": {"uv": [8.375, 0.125, 8.5, 0.6875], "rotation": 90, "texture": "#main"},
				"west": {"uv": [8.25, 0.125, 8.375, 0.6875], "texture": "#main"},
				"up": {"uv": [8.125, 0.6875, 8, 0.125], "rotation": 90, "texture": "#main"},
				"down": {"uv": [8.375, 0, 8.25, 0.125], "texture": "#main"}
			}
		},
		{
			"name": "spine6_rotation",
			"from": [-2.5, 6.5, -10],
			"to": [6.5, 8.5, -8],
			"rotation": {"angle": -45, "axis": "y", "origin": [0, 5.5, -9]},
			"faces": {
				"north": {"uv": [8.25, 0.125, 8.375, 0.6875], "rotation": 90, "texture": "#main"},
				"east": {"uv": [8, 0.125, 8.125, 0.6875], "texture": "#main"},
				"south": {"uv": [8.375, 0.125, 8.5, 0.6875], "rotation": 90, "texture": "#main"},
				"west": {"uv": [8.125, 0, 8.25, 0.125], "texture": "#main"},
				"up": {"uv": [8.25, 0.6875, 8.125, 0.125], "rotation": 90, "texture": "#main"},
				"down": {"uv": [8.375, 0, 8.25, 0.125], "texture": "#main"}
			}
		},
		{
			"name": "spine7_rotation",
			"from": [-1, 6.5, -1.5],
			"to": [1, 8.5, 7.5],
			"rotation": {"angle": -45, "axis": "y", "origin": [0, 5.5, 5]},
			"faces": {
				"north": {"uv": [8.125, 0.125, 8.25, 0.6875], "texture": "#main"},
				"east": {"uv": [8.25, 0, 8.375, 0.125], "texture": "#main"},
				"south": {"uv": [8.125, 0, 8.25, 0.125], "texture": "#main"},
				"west": {"uv": [8.25, 0.125, 8.375, 0.6875], "rotation": 90, "texture": "#main"},
				"up": {"uv": [8.125, 0.6875, 8, 0.125], "texture": "#main"},
				"down": {"uv": [8.5, 0.125, 8.375, 0.6875], "texture": "#main"}
			}
		},
		{
			"name": "spine8_rotation",
			"from": [7.5, 6.5, 4],
			"to": [16.5, 8.5, 6],
			"rotation": {"angle": -45, "axis": "y", "origin": [14, 5.5, 5]},
			"faces": {
				"north": {"uv": [8.125, 0.125, 8.25, 0.6875], "rotation": 90, "texture": "#main"},
				"east": {"uv": [8.125, 0, 8.25, 0.125], "texture": "#main"},
				"south": {"uv": [8.375, 0.125, 8.5, 0.6875], "rotation": 90, "texture": "#main"},
				"west": {"uv": [8.25, 0, 8.375, 0.125], "texture": "#main"},
				"up": {"uv": [8.125, 0.6875, 8, 0.125], "rotation": 90, "texture": "#main"},
				"down": {"uv": [8.375, 0.125, 8.25, 0.6875], "rotation": 90, "texture": "#main"}
			}
		},
		{
			"name": "spine9_rotation",
			"from": [6, -0.5, -2.5],
			"to": [8, 1.5, 6.5],
			"rotation": {"angle": 45, "axis": "x", "origin": [7, -1.5, 5]},
			"faces": {
				"north": {"uv": [8.125, 0.125, 8.25, 0.6875], "texture": "#main"},
				"east": {"uv": [8, 0.125, 8.125, 0.6875], "rotation": 90, "texture": "#main"},
				"south": {"uv": [8.125, 0, 8.25, 0.125], "texture": "#main"},
				"west": {"uv": [8.25, 0.125, 8.375, 0.6875], "rotation": 90, "texture": "#main"},
				"up": {"uv": [8.5, 0.6875, 8.375, 0.125], "texture": "#main"},
				"down": {"uv": [8.375, 0, 8.25, 0.125], "texture": "#main"}
			}
		},
		{
			"name": "spine10_rotation",
			"from": [6, -3, -12],
			"to": [8, 6, -10],
			"rotation": {"angle": 45, "axis": "x", "origin": [7, -1.5, -9]},
			"faces": {
				"north": {"uv": [8.125, 0.125, 8.25, 0.6875], "texture": "#main"},
				"east": {"uv": [8, 0.125, 8.125, 0.6875], "texture": "#main"},
				"south": {"uv": [8.375, 0.125, 8.5, 0.6875], "texture": "#main"},
				"west": {"uv": [8.25, 0.125, 8.375, 0.6875], "texture": "#main"},
				"up": {"uv": [8.25, 0.125, 8.125, 0], "texture": "#main"},
				"down": {"uv": [8.375, 0, 8.25, 0.125], "texture": "#main"}
			}
		},
		{
			"name": "spine11_rotation",
			"from": [-3, -3, -3],
			"to": [-1, 6, -1],
			"rotation": {"angle": -45, "axis": "z", "origin": [0, -1.5, -2]},
			"faces": {
				"north": {"uv": [8.125, 0.125, 8.25, 0.6875], "texture": "#main"},
				"east": {"uv": [8, 0.125, 8.125, 0.6875], "texture": "#main"},
				"south": {"uv": [8.375, 0.125, 8.5, 0.6875], "texture": "#main"},
				"west": {"uv": [8.25, 0.125, 8.375, 0.6875], "texture": "#main"},
				"up": {"uv": [8.25, 0.125, 8.125, 0], "texture": "#main"},
				"down": {"uv": [8.375, 0, 8.25, 0.125], "texture": "#main"}
			}
		},
		{
			"name": "spine12_rotation",
			"from": [15, -3, -3],
			"to": [17, 6, -1],
			"rotation": {"angle": 45, "axis": "z", "origin": [14, -1.5, -2]},
			"faces": {
				"north": {"uv": [8.125, 0.125, 8.25, 0.6875], "texture": "#main"},
				"east": {"uv": [8, 0.125, 8.125, 0.6875], "texture": "#main"},
				"south": {"uv": [8.375, 0.125, 8.5, 0.6875], "texture": "#main"},
				"west": {"uv": [8.25, 0.125, 8.375, 0.6875], "texture": "#main"},
				"up": {"uv": [8.25, 0.125, 8.125, 0], "texture": "#main"},
				"down": {"uv": [8.375, 0, 8.25, 0.125], "texture": "#main"}
			}
		},
		{
			"name": "body",
			"from": [1, 2, -10],
			"to": [13, 14, 6],
			"rotation": {"angle": 0, "axis": "y", "origin": [7, 0, -2]},
			"faces": {
				"north": {"uv": [13, 1, 13.75, 1.75], "texture": "#main"},
				"east": {"uv": [12, 1, 13, 1.75], "texture": "#main"},
				"south": {"uv": [14.75, 1, 15.5, 1.75], "texture": "#main"},
				"west": {"uv": [13.75, 1, 14.75, 1.75], "texture": "#main"},
				"up": {"uv": [13.75, 1, 13, 0], "texture": "#main"},
				"down": {"uv": [14.5, 0, 13.75, 1], "texture": "#main"}
			}
		},
		{
			"name": "body",
			"from": [1, 14, -8],
			"to": [13, 16, 4],
			"rotation": {"angle": 0, "axis": "y", "origin": [7, 0, -2]},
			"faces": {
				"north": {"uv": [13.75, 3.25, 14.5, 3.375], "texture": "#main"},
				"east": {"uv": [13, 3.25, 13.75, 3.375], "texture": "#main"},
				"south": {"uv": [15.25, 3.25, 16, 3.375], "texture": "#main"},
				"west": {"uv": [14.5, 3.25, 15.25, 3.375], "texture": "#main"},
				"up": {"uv": [14.5, 3.25, 13.75, 2.5], "texture": "#main"},
				"down": {"uv": [15.25, 2.5, 14.5, 3.25], "texture": "#main"}
			}
		},
		{
			"name": "body",
			"from": [1, 0, -8],
			"to": [13, 2, 4],
			"rotation": {"angle": 0, "axis": "y", "origin": [7, 0, -2]},
			"faces": {
				"north": {"uv": [13.75, 3.25, 14.5, 3.375], "texture": "#main"},
				"east": {"uv": [13, 3.25, 13.75, 3.375], "texture": "#main"},
				"south": {"uv": [15.25, 3.25, 16, 3.375], "texture": "#main"},
				"west": {"uv": [14.5, 3.25, 15.25, 3.375], "texture": "#main"},
				"up": {"uv": [14.5, 3.25, 13.75, 2.5], "texture": "#main"},
				"down": {"uv": [15.25, 2.5, 14.5, 3.25], "texture": "#main"}
			}
		},
		{
			"name": "body",
			"from": [13, 2, -8],
			"to": [15, 14, 4],
			"rotation": {"angle": 0, "axis": "y", "origin": [7, 0, -2]},
			"faces": {
				"north": {"uv": [12.75, 2.5, 12.875, 3.25], "texture": "#main"},
				"east": {"uv": [12, 2.5, 12.75, 3.25], "texture": "#main"},
				"south": {"uv": [13.625, 2.5, 13.75, 3.25], "texture": "#main"},
				"west": {"uv": [12.875, 2.5, 13.625, 3.25], "texture": "#main"},
				"up": {"uv": [12.875, 2.5, 12.75, 1.75], "texture": "#main"},
				"down": {"uv": [13, 1.75, 12.875, 2.5], "texture": "#main"}
			}
		},
		{
			"name": "body_sub_1",
			"from": [-1, 2, -8],
			"to": [1, 14, 4],
			"rotation": {"angle": 0, "axis": "y", "origin": [7, 0, -2]},
			"faces": {
				"north": {"uv": [12.875, 2.5, 12.75, 3.25], "texture": "#main"},
				"east": {"uv": [13.625, 2.5, 12.875, 3.25], "texture": "#main"},
				"south": {"uv": [13.75, 2.5, 13.625, 3.25], "texture": "#main"},
				"west": {"uv": [12.75, 2.5, 12, 3.25], "texture": "#main"},
				"up": {"uv": [12.75, 2.5, 12.875, 1.75], "texture": "#main"},
				"down": {"uv": [12.875, 1.75, 13, 2.5], "texture": "#main"}
			}
		},
		{
			"name": "eye",
			"from": [6, 6.5, -10.25],
			"to": [8, 8.5, -9.25],
			"rotation": {"angle": 0, "axis": "y", "origin": [7, 0, -2]},
			"faces": {
				"north": {"uv": [12.5625, 0.0625, 12.6875, 0.1875], "texture": "#main"},
				"east": {"uv": [12.5, 0.0625, 12.5625, 0.1875], "texture": "#main"},
				"south": {"uv": [12.75, 0.0625, 12.875, 0.1875], "texture": "#main"},
				"west": {"uv": [12.6875, 0.0625, 12.75, 0.1875], "texture": "#main"},
				"up": {"uv": [12.6875, 0.0625, 12.5625, 0], "texture": "#main"},
				"down": {"uv": [12.8125, 0, 12.6875, 0.0625], "texture": "#main"}
			}
		},
		{
			"name": "tail1",
			"from": [5, 6, 5],
			"to": [9, 10, 13],
			"rotation": {"angle": 0, "axis": "y", "origin": [7, 8, 8.25]},
			"faces": {
				"north": {"uv": [15, 0.5, 15.25, 0.75], "texture": "#main"},
				"east": {"uv": [14.5, 0.5, 15, 0.75], "texture": "#main"},
				"south": {"uv": [15.75, 0.5, 16, 0.75], "texture": "#main"},
				"west": {"uv": [15.25, 0.5, 15.75, 0.75], "texture": "#main"},
				"up": {"uv": [15.25, 0.5, 15, 0], "texture": "#main"},
				"down": {"uv": [15.5, 0, 15.25, 0.5], "texture": "#main"}
			}
		},
		{
			"name": "tail2",
			"from": [5.5, 6.5, 12],
			"to": [8.5, 9.5, 19],
			"rotation": {"angle": 0, "axis": "y", "origin": [7, 8, 13.5]},
			"faces": {
				"north": {"uv": [12.4375, 3.8125, 12.625, 4], "texture": "#main"},
				"east": {"uv": [12, 3.8125, 12.4375, 4], "texture": "#main"},
				"south": {"uv": [13.0625, 3.8125, 13.25, 4], "texture": "#main"},
				"west": {"uv": [12.625, 3.8125, 13.0625, 4], "texture": "#main"},
				"up": {"uv": [12.625, 3.8125, 12.4375, 3.375], "texture": "#main"},
				"down": {"uv": [12.8125, 3.375, 12.625, 3.8125], "texture": "#main"}
			}
		},
		{
			"name": "tail3",
			"from": [6.03116, 7, 20.25783],
			"to": [8.03116, 9, 26.25783],
			"rotation": {"angle": -22.5, "axis": "y", "origin": [10.73116, 8, 19.50783]},
			"faces": {
				"north": {"uv": [14.9375, 2.375, 15.0625, 2.5], "texture": "#main"},
				"east": {"uv": [14.5625, 2.375, 14.9375, 2.5], "texture": "#main"},
				"south": {"uv": [15.4375, 2.375, 15.5625, 2.5], "texture": "#main"},
				"west": {"uv": [15.0625, 2.375, 15.4375, 2.5], "texture": "#main"},
				"up": {"uv": [15.0625, 2.375, 14.9375, 2], "texture": "#main"},
				"down": {"uv": [15.1875, 2, 15.0625, 2.375], "texture": "#main"}
			}
		},
		{
			"name": "tail3",
			"from": [7.82682, 3.5, 22.58877],
			"to": [7.82682, 12.5, 31.58877],
			"rotation": {"angle": -45, "axis": "y", "origin": [4.82682, 8, 20.08877]},
			"faces": {
				"north": {"uv": [14.125, 1.75, 14.1875, 2.3125], "texture": "#main"},
				"east": {"uv": [13.5625, 1.75, 14.125, 2.3125], "texture": "#main"},
				"south": {"uv": [14.75, 1.75, 14.8125, 2.3125], "texture": "#main"},
				"west": {"uv": [13.5625, 1.75, 14.125, 2.3125], "rotation": 180, "texture": "#main"},
				"up": {"uv": [14.1875, 1.75, 14.125, 1.1875], "texture": "#main"},
				"down": {"uv": [14.25, 1.1875, 14.1875, 1.75], "texture": "#main"}
			}
		},
		{
			"name": "spine1_rotation",
			"from": [6, 9.4, 2.3],
			"to": [8, 18.4, 4.3],
			"rotation": {"angle": 45, "axis": "x", "origin": [7, 12.5, 5]},
			"faces": {
				"north": {"uv": [12.125, 0.125, 12.25, 0.6875], "texture": "#main"},
				"east": {"uv": [12, 0.125, 12.125, 0.6875], "texture": "#main"},
				"south": {"uv": [12.375, 0.125, 12.5, 0.6875], "texture": "#main"},
				"west": {"uv": [12.25, 0.125, 12.375, 0.6875], "texture": "#main"},
				"up": {"uv": [12.25, 0.125, 12.125, 0], "texture": "#main"},
				"down": {"uv": [12.375, 0, 12.25, 0.125], "texture": "#main"}
			}
		},
		{
			"name": "spine2_rotation",
			"from": [6, 9.4, -8.3],
			"to": [8, 18.4, -6.3],
			"rotation": {"angle": -45, "axis": "x", "origin": [7, 12.5, -9]},
			"faces": {
				"north": {"uv": [12.125, 0.125, 12.25, 0.6875], "texture": "#main"},
				"east": {"uv": [12, 0.125, 12.125, 0.6875], "texture": "#main"},
				"south": {"uv": [12.375, 0.125, 12.5, 0.6875], "texture": "#main"},
				"west": {"uv": [12.25, 0.125, 12.375, 0.6875], "texture": "#main"},
				"up": {"uv": [12.25, 0.125, 12.125, 0], "texture": "#main"},
				"down": {"uv": [12.375, 0, 12.25, 0.125], "texture": "#main"}
			}
		},
		{
			"name": "spine3_rotation",
			"from": [1.5, 9, -3],
			"to": [3.5, 18, -1],
			"rotation": {"angle": 45, "axis": "z", "origin": [0, 11.5, -2]},
			"faces": {
				"north": {"uv": [12.125, 0.125, 12.25, 0.6875], "texture": "#main"},
				"east": {"uv": [12, 0.125, 12.125, 0.6875], "texture": "#main"},
				"south": {"uv": [12.375, 0.125, 12.5, 0.6875], "texture": "#main"},
				"west": {"uv": [12.25, 0.125, 12.375, 0.6875], "texture": "#main"},
				"up": {"uv": [12.25, 0.125, 12.125, 0], "texture": "#main"},
				"down": {"uv": [12.375, 0, 12.25, 0.125], "texture": "#main"}
			}
		},
		{
			"name": "spine4_rotation",
			"from": [11.3, 9, -3],
			"to": [13.3, 18, -1],
			"rotation": {"angle": -45, "axis": "z", "origin": [14, 12.5, -2]},
			"faces": {
				"north": {"uv": [12.125, 0.125, 12.25, 0.6875], "texture": "#main"},
				"east": {"uv": [12, 0.125, 12.125, 0.6875], "texture": "#main"},
				"south": {"uv": [12.375, 0.125, 12.5, 0.6875], "texture": "#main"},
				"west": {"uv": [12.25, 0.125, 12.375, 0.6875], "texture": "#main"},
				"up": {"uv": [12.25, 0.125, 12.125, 0], "texture": "#main"},
				"down": {"uv": [12.375, 0, 12.25, 0.125], "texture": "#main"}
			}
		},
		{
			"name": "spine5_rotation",
			"from": [8.5, 6.5, -10],
			"to": [17.5, 8.5, -8],
			"rotation": {"angle": 45, "axis": "y", "origin": [14, 5.5, -9]},
			"faces": {
				"north": {"uv": [12.125, 0.125, 12.25, 0.6875], "rotation": 90, "texture": "#main"},
				"east": {"uv": [12.125, 0, 12.25, 0.125], "texture": "#main"},
				"south": {"uv": [12.375, 0.125, 12.5, 0.6875], "rotation": 90, "texture": "#main"},
				"west": {"uv": [12.25, 0.125, 12.375, 0.6875], "texture": "#main"},
				"up": {"uv": [12.125, 0.6875, 12, 0.125], "rotation": 90, "texture": "#main"},
				"down": {"uv": [12.375, 0, 12.25, 0.125], "texture": "#main"}
			}
		},
		{
			"name": "spine6_rotation",
			"from": [-3.5, 6.5, -10],
			"to": [5.5, 8.5, -8],
			"rotation": {"angle": -45, "axis": "y", "origin": [0, 5.5, -9]},
			"faces": {
				"north": {"uv": [12.25, 0.125, 12.375, 0.6875], "rotation": 90, "texture": "#main"},
				"east": {"uv": [12, 0.125, 12.125, 0.6875], "texture": "#main"},
				"south": {"uv": [12.375, 0.125, 12.5, 0.6875], "rotation": 90, "texture": "#main"},
				"west": {"uv": [12.125, 0, 12.25, 0.125], "texture": "#main"},
				"up": {"uv": [12.25, 0.6875, 12.125, 0.125], "rotation": 90, "texture": "#main"},
				"down": {"uv": [12.375, 0, 12.25, 0.125], "texture": "#main"}
			}
		},
		{
			"name": "spine7_rotation",
			"from": [-1, 6.5, -0.5],
			"to": [1, 8.5, 8.5],
			"rotation": {"angle": -45, "axis": "y", "origin": [0, 5.5, 5]},
			"faces": {
				"north": {"uv": [12.125, 0.125, 12.25, 0.6875], "texture": "#main"},
				"east": {"uv": [12.25, 0, 12.375, 0.125], "texture": "#main"},
				"south": {"uv": [12.125, 0, 12.25, 0.125], "texture": "#main"},
				"west": {"uv": [12.25, 0.125, 12.375, 0.6875], "rotation": 90, "texture": "#main"},
				"up": {"uv": [12.125, 0.6875, 12, 0.125], "texture": "#main"},
				"down": {"uv": [12.5, 0.125, 12.375, 0.6875], "texture": "#main"}
			}
		},
		{
			"name": "spine8_rotation",
			"from": [8.5, 6.5, 4],
			"to": [17.5, 8.5, 6],
			"rotation": {"angle": -45, "axis": "y", "origin": [14, 5.5, 5]},
			"faces": {
				"north": {"uv": [12.125, 0.125, 12.25, 0.6875], "rotation": 90, "texture": "#main"},
				"east": {"uv": [12.125, 0, 12.25, 0.125], "texture": "#main"},
				"south": {"uv": [12.375, 0.125, 12.5, 0.6875], "rotation": 90, "texture": "#main"},
				"west": {"uv": [12.25, 0, 12.375, 0.125], "texture": "#main"},
				"up": {"uv": [12.125, 0.6875, 12, 0.125], "rotation": 90, "texture": "#main"},
				"down": {"uv": [12.375, 0.125, 12.25, 0.6875], "rotation": 90, "texture": "#main"}
			}
		},
		{
			"name": "spine9_rotation",
			"from": [6, -0.5, -1.5],
			"to": [8, 1.5, 7.5],
			"rotation": {"angle": 45, "axis": "x", "origin": [7, -1.5, 5]},
			"faces": {
				"north": {"uv": [12.125, 0.125, 12.25, 0.6875], "texture": "#main"},
				"east": {"uv": [12, 0.125, 12.125, 0.6875], "rotation": 90, "texture": "#main"},
				"south": {"uv": [12.125, 0, 12.25, 0.125], "texture": "#main"},
				"west": {"uv": [12.25, 0.125, 12.375, 0.6875], "rotation": 90, "texture": "#main"},
				"up": {"uv": [12.5, 0.6875, 12.375, 0.125], "texture": "#main"},
				"down": {"uv": [12.375, 0, 12.25, 0.125], "texture": "#main"}
			}
		},
		{
			"name": "spine10_rotation",
			"from": [6, -4, -12],
			"to": [8, 5, -10],
			"rotation": {"angle": 45, "axis": "x", "origin": [7, -1.5, -9]},
			"faces": {
				"north": {"uv": [12.125, 0.125, 12.25, 0.6875], "texture": "#main"},
				"east": {"uv": [12, 0.125, 12.125, 0.6875], "texture": "#main"},
				"south": {"uv": [12.375, 0.125, 12.5, 0.6875], "texture": "#main"},
				"west": {"uv": [12.25, 0.125, 12.375, 0.6875], "texture": "#main"},
				"up": {"uv": [12.25, 0.125, 12.125, 0], "texture": "#main"},
				"down": {"uv": [12.375, 0, 12.25, 0.125], "texture": "#main"}
			}
		},
		{
			"name": "spine11_rotation",
			"from": [-3, -4, -3],
			"to": [-1, 5, -1],
			"rotation": {"angle": -45, "axis": "z", "origin": [0, -1.5, -2]},
			"faces": {
				"north": {"uv": [12.125, 0.125, 12.25, 0.6875], "texture": "#main"},
				"east": {"uv": [12, 0.125, 12.125, 0.6875], "texture": "#main"},
				"south": {"uv": [12.375, 0.125, 12.5, 0.6875], "texture": "#main"},
				"west": {"uv": [12.25, 0.125, 12.375, 0.6875], "texture": "#main"},
				"up": {"uv": [12.25, 0.125, 12.125, 0], "texture": "#main"},
				"down": {"uv": [12.375, 0, 12.25, 0.125], "texture": "#main"}
			}
		},
		{
			"name": "spine12_rotation",
			"from": [15, -4, -3],
			"to": [17, 5, -1],
			"rotation": {"angle": 45, "axis": "z", "origin": [14, -1.5, -2]},
			"faces": {
				"north": {"uv": [12.125, 0.125, 12.25, 0.6875], "texture": "#main"},
				"east": {"uv": [12, 0.125, 12.125, 0.6875], "texture": "#main"},
				"south": {"uv": [12.375, 0.125, 12.5, 0.6875], "texture": "#main"},
				"west": {"uv": [12.25, 0.125, 12.375, 0.6875], "texture": "#main"},
				"up": {"uv": [12.25, 0.125, 12.125, 0], "texture": "#main"},
				"down": {"uv": [12.375, 0, 12.25, 0.125], "texture": "#main"}
			}
		},
		{
			"name": "body",
			"from": [1, 2, -10],
			"to": [13, 14, 6],
			"rotation": {"angle": 0, "axis": "y", "origin": [7, 0, -2]},
			"faces": {
				"north": {"uv": [1, 5, 1.75, 5.75], "texture": "#main"},
				"east": {"uv": [0, 5, 1, 5.75], "texture": "#main"},
				"south": {"uv": [2.75, 5, 3.5, 5.75], "texture": "#main"},
				"west": {"uv": [1.75, 5, 2.75, 5.75], "texture": "#main"},
				"up": {"uv": [1.75, 5, 1, 4], "texture": "#main"},
				"down": {"uv": [2.5, 4, 1.75, 5], "texture": "#main"}
			}
		},
		{
			"name": "body",
			"from": [1, 14, -8],
			"to": [13, 16, 4],
			"rotation": {"angle": 0, "axis": "y", "origin": [7, 0, -2]},
			"faces": {
				"north": {"uv": [1.75, 7.25, 2.5, 7.375], "texture": "#main"},
				"east": {"uv": [1, 7.25, 1.75, 7.375], "texture": "#main"},
				"south": {"uv": [3.25, 7.25, 4, 7.375], "texture": "#main"},
				"west": {"uv": [2.5, 7.25, 3.25, 7.375], "texture": "#main"},
				"up": {"uv": [2.5, 7.25, 1.75, 6.5], "texture": "#main"},
				"down": {"uv": [3.25, 6.5, 2.5, 7.25], "texture": "#main"}
			}
		},
		{
			"name": "body",
			"from": [1, 0, -8],
			"to": [13, 2, 4],
			"rotation": {"angle": 0, "axis": "y", "origin": [7, 0, -2]},
			"faces": {
				"north": {"uv": [1.75, 7.25, 2.5, 7.375], "texture": "#main"},
				"east": {"uv": [1, 7.25, 1.75, 7.375], "texture": "#main"},
				"south": {"uv": [3.25, 7.25, 4, 7.375], "texture": "#main"},
				"west": {"uv": [2.5, 7.25, 3.25, 7.375], "texture": "#main"},
				"up": {"uv": [2.5, 7.25, 1.75, 6.5], "texture": "#main"},
				"down": {"uv": [3.25, 6.5, 2.5, 7.25], "texture": "#main"}
			}
		},
		{
			"name": "body",
			"from": [13, 2, -8],
			"to": [15, 14, 4],
			"rotation": {"angle": 0, "axis": "y", "origin": [7, 0, -2]},
			"faces": {
				"north": {"uv": [0.75, 6.5, 0.875, 7.25], "texture": "#main"},
				"east": {"uv": [0, 6.5, 0.75, 7.25], "texture": "#main"},
				"south": {"uv": [1.625, 6.5, 1.75, 7.25], "texture": "#main"},
				"west": {"uv": [0.875, 6.5, 1.625, 7.25], "texture": "#main"},
				"up": {"uv": [0.875, 6.5, 0.75, 5.75], "texture": "#main"},
				"down": {"uv": [1, 5.75, 0.875, 6.5], "texture": "#main"}
			}
		},
		{
			"name": "body_sub_1",
			"from": [-1, 2, -8],
			"to": [1, 14, 4],
			"rotation": {"angle": 0, "axis": "y", "origin": [7, 0, -2]},
			"faces": {
				"north": {"uv": [0.875, 6.5, 0.75, 7.25], "texture": "#main"},
				"east": {"uv": [1.625, 6.5, 0.875, 7.25], "texture": "#main"},
				"south": {"uv": [1.75, 6.5, 1.625, 7.25], "texture": "#main"},
				"west": {"uv": [0.75, 6.5, 0, 7.25], "texture": "#main"},
				"up": {"uv": [0.75, 6.5, 0.875, 5.75], "texture": "#main"},
				"down": {"uv": [0.875, 5.75, 1, 6.5], "texture": "#main"}
			}
		},
		{
			"name": "eye",
			"from": [6, 6.5, -10.25],
			"to": [8, 8.5, -9.25],
			"rotation": {"angle": 0, "axis": "y", "origin": [7, 0, -2]},
			"faces": {
				"north": {"uv": [0.5625, 4.0625, 0.6875, 4.1875], "texture": "#main"},
				"east": {"uv": [0.5, 4.0625, 0.5625, 4.1875], "texture": "#main"},
				"south": {"uv": [0.75, 4.0625, 0.875, 4.1875], "texture": "#main"},
				"west": {"uv": [0.6875, 4.0625, 0.75, 4.1875], "texture": "#main"},
				"up": {"uv": [0.6875, 4.0625, 0.5625, 4], "texture": "#main"},
				"down": {"uv": [0.8125, 4, 0.6875, 4.0625], "texture": "#main"}
			}
		},
		{
			"name": "tail1",
			"from": [5, 6, 5],
			"to": [9, 10, 13],
			"rotation": {"angle": 0, "axis": "y", "origin": [7, 8, 8.25]},
			"faces": {
				"north": {"uv": [3, 4.5, 3.25, 4.75], "texture": "#main"},
				"east": {"uv": [2.5, 4.5, 3, 4.75], "texture": "#main"},
				"south": {"uv": [3.75, 4.5, 4, 4.75], "texture": "#main"},
				"west": {"uv": [3.25, 4.5, 3.75, 4.75], "texture": "#main"},
				"up": {"uv": [3.25, 4.5, 3, 4], "texture": "#main"},
				"down": {"uv": [3.5, 4, 3.25, 4.5], "texture": "#main"}
			}
		},
		{
			"name": "tail2",
			"from": [5.5, 6.5, 12],
			"to": [8.5, 9.5, 19],
			"rotation": {"angle": -22.5, "axis": "y", "origin": [7, 8, 13.5]},
			"faces": {
				"north": {"uv": [0.4375, 7.8125, 0.625, 8], "texture": "#main"},
				"east": {"uv": [0, 7.8125, 0.4375, 8], "texture": "#main"},
				"south": {"uv": [1.0625, 7.8125, 1.25, 8], "texture": "#main"},
				"west": {"uv": [0.625, 7.8125, 1.0625, 8], "texture": "#main"},
				"up": {"uv": [0.625, 7.8125, 0.4375, 7.375], "texture": "#main"},
				"down": {"uv": [0.8125, 7.375, 0.625, 7.8125], "texture": "#main"}
			}
		},
		{
			"name": "tail3",
			"from": [5.03116, 7, 22.25783],
			"to": [7.03116, 9, 28.25783],
			"rotation": {"angle": -45, "axis": "y", "origin": [10.73116, 8, 19.50783]},
			"faces": {
				"north": {"uv": [2.9375, 6.375, 3.0625, 6.5], "texture": "#main"},
				"east": {"uv": [2.5625, 6.375, 2.9375, 6.5], "texture": "#main"},
				"south": {"uv": [3.4375, 6.375, 3.5625, 6.5], "texture": "#main"},
				"west": {"uv": [3.0625, 6.375, 3.4375, 6.5], "texture": "#main"},
				"up": {"uv": [3.0625, 6.375, 2.9375, 6], "texture": "#main"},
				"down": {"uv": [3.1875, 6, 3.0625, 6.375], "texture": "#main"}
			}
		},
		{
			"name": "tail3",
			"from": [-7.67318, 3.5, 20.78877],
			"to": [1.32682, 12.5, 20.78877],
			"rotation": {"angle": 22.5, "axis": "y", "origin": [4.82682, 8, 20.08877]},
			"faces": {
				"north": {"uv": [1.5625, 5.75, 2.125, 6.3125], "rotation": 180, "texture": "#main"},
				"east": {"uv": [2.125, 5.75, 2.1875, 6.3125], "texture": "#main"},
				"south": {"uv": [1.5625, 5.75, 2.125, 6.3125], "texture": "#main"},
				"west": {"uv": [2.75, 5.75, 2.8125, 6.3125], "texture": "#main"},
				"up": {"uv": [2.1875, 5.75, 2.125, 5.1875], "rotation": 90, "texture": "#main"},
				"down": {"uv": [2.25, 5.1875, 2.1875, 5.75], "rotation": 270, "texture": "#main"}
			}
		},
		{
			"name": "spine1_rotation",
			"from": [6, 10.4, 2.3],
			"to": [8, 19.4, 4.3],
			"rotation": {"angle": 45, "axis": "x", "origin": [7, 12.5, 5]},
			"faces": {
				"north": {"uv": [0.125, 4.125, 0.25, 4.6875], "texture": "#main"},
				"east": {"uv": [0, 4.125, 0.125, 4.6875], "texture": "#main"},
				"south": {"uv": [0.375, 4.125, 0.5, 4.6875], "texture": "#main"},
				"west": {"uv": [0.25, 4.125, 0.375, 4.6875], "texture": "#main"},
				"up": {"uv": [0.25, 4.125, 0.125, 4], "texture": "#main"},
				"down": {"uv": [0.375, 4, 0.25, 4.125], "texture": "#main"}
			}
		},
		{
			"name": "spine2_rotation",
			"from": [6, 10.4, -8.3],
			"to": [8, 19.4, -6.3],
			"rotation": {"angle": -45, "axis": "x", "origin": [7, 12.5, -9]},
			"faces": {
				"north": {"uv": [0.125, 4.125, 0.25, 4.6875], "texture": "#main"},
				"east": {"uv": [0, 4.125, 0.125, 4.6875], "texture": "#main"},
				"south": {"uv": [0.375, 4.125, 0.5, 4.6875], "texture": "#main"},
				"west": {"uv": [0.25, 4.125, 0.375, 4.6875], "texture": "#main"},
				"up": {"uv": [0.25, 4.125, 0.125, 4], "texture": "#main"},
				"down": {"uv": [0.375, 4, 0.25, 4.125], "texture": "#main"}
			}
		},
		{
			"name": "spine3_rotation",
			"from": [1.5, 10, -3],
			"to": [3.5, 19, -1],
			"rotation": {"angle": 45, "axis": "z", "origin": [0, 11.5, -2]},
			"faces": {
				"north": {"uv": [0.125, 4.125, 0.25, 4.6875], "texture": "#main"},
				"east": {"uv": [0, 4.125, 0.125, 4.6875], "texture": "#main"},
				"south": {"uv": [0.375, 4.125, 0.5, 4.6875], "texture": "#main"},
				"west": {"uv": [0.25, 4.125, 0.375, 4.6875], "texture": "#main"},
				"up": {"uv": [0.25, 4.125, 0.125, 4], "texture": "#main"},
				"down": {"uv": [0.375, 4, 0.25, 4.125], "texture": "#main"}
			}
		},
		{
			"name": "spine4_rotation",
			"from": [11.3, 10, -3],
			"to": [13.3, 19, -1],
			"rotation": {"angle": -45, "axis": "z", "origin": [14, 12.5, -2]},
			"faces": {
				"north": {"uv": [0.125, 4.125, 0.25, 4.6875], "texture": "#main"},
				"east": {"uv": [0, 4.125, 0.125, 4.6875], "texture": "#main"},
				"south": {"uv": [0.375, 4.125, 0.5, 4.6875], "texture": "#main"},
				"west": {"uv": [0.25, 4.125, 0.375, 4.6875], "texture": "#main"},
				"up": {"uv": [0.25, 4.125, 0.125, 4], "texture": "#main"},
				"down": {"uv": [0.375, 4, 0.25, 4.125], "texture": "#main"}
			}
		},
		{
			"name": "spine5_rotation",
			"from": [9.5, 6.5, -10],
			"to": [18.5, 8.5, -8],
			"rotation": {"angle": 45, "axis": "y", "origin": [14, 5.5, -9]},
			"faces": {
				"north": {"uv": [0.125, 4.125, 0.25, 4.6875], "rotation": 90, "texture": "#main"},
				"east": {"uv": [0.125, 4, 0.25, 4.125], "texture": "#main"},
				"south": {"uv": [0.375, 4.125, 0.5, 4.6875], "rotation": 90, "texture": "#main"},
				"west": {"uv": [0.25, 4.125, 0.375, 4.6875], "texture": "#main"},
				"up": {"uv": [0.125, 4.6875, 0, 4.125], "rotation": 90, "texture": "#main"},
				"down": {"uv": [0.375, 4, 0.25, 4.125], "texture": "#main"}
			}
		},
		{
			"name": "spine6_rotation",
			"from": [-4.5, 6.5, -10],
			"to": [4.5, 8.5, -8],
			"rotation": {"angle": -45, "axis": "y", "origin": [0, 5.5, -9]},
			"faces": {
				"north": {"uv": [0.25, 4.125, 0.375, 4.6875], "rotation": 90, "texture": "#main"},
				"east": {"uv": [0, 4.125, 0.125, 4.6875], "texture": "#main"},
				"south": {"uv": [0.375, 4.125, 0.5, 4.6875], "rotation": 90, "texture": "#main"},
				"west": {"uv": [0.125, 4, 0.25, 4.125], "texture": "#main"},
				"up": {"uv": [0.25, 4.6875, 0.125, 4.125], "rotation": 90, "texture": "#main"},
				"down": {"uv": [0.375, 4, 0.25, 4.125], "texture": "#main"}
			}
		},
		{
			"name": "spine7_rotation",
			"from": [-1, 6.5, 0.5],
			"to": [1, 8.5, 9.5],
			"rotation": {"angle": -45, "axis": "y", "origin": [0, 5.5, 5]},
			"faces": {
				"north": {"uv": [0.125, 4.125, 0.25, 4.6875], "texture": "#main"},
				"east": {"uv": [0.25, 4, 0.375, 4.125], "texture": "#main"},
				"south": {"uv": [0.125, 4, 0.25, 4.125], "texture": "#main"},
				"west": {"uv": [0.25, 4.125, 0.375, 4.6875], "rotation": 90, "texture": "#main"},
				"up": {"uv": [0.125, 4.6875, 0, 4.125], "texture": "#main"},
				"down": {"uv": [0.5, 4.125, 0.375, 4.6875], "texture": "#main"}
			}
		},
		{
			"name": "spine8_rotation",
			"from": [9.5, 6.5, 4],
			"to": [18.5, 8.5, 6],
			"rotation": {"angle": -45, "axis": "y", "origin": [14, 5.5, 5]},
			"faces": {
				"north": {"uv": [0.125, 4.125, 0.25, 4.6875], "rotation": 90, "texture": "#main"},
				"east": {"uv": [0.125, 4, 0.25, 4.125], "texture": "#main"},
				"south": {"uv": [0.375, 4.125, 0.5, 4.6875], "rotation": 90, "texture": "#main"},
				"west": {"uv": [0.25, 4, 0.375, 4.125], "texture": "#main"},
				"up": {"uv": [0.125, 4.6875, 0, 4.125], "rotation": 90, "texture": "#main"},
				"down": {"uv": [0.375, 4.125, 0.25, 4.6875], "rotation": 90, "texture": "#main"}
			}
		},
		{
			"name": "spine9_rotation",
			"from": [6, -0.5, -0.5],
			"to": [8, 1.5, 8.5],
			"rotation": {"angle": 45, "axis": "x", "origin": [7, -1.5, 5]},
			"faces": {
				"north": {"uv": [0.125, 4.125, 0.25, 4.6875], "texture": "#main"},
				"east": {"uv": [0, 4.125, 0.125, 4.6875], "rotation": 90, "texture": "#main"},
				"south": {"uv": [0.125, 4, 0.25, 4.125], "texture": "#main"},
				"west": {"uv": [0.25, 4.125, 0.375, 4.6875], "rotation": 90, "texture": "#main"},
				"up": {"uv": [0.5, 4.6875, 0.375, 4.125], "texture": "#main"},
				"down": {"uv": [0.375, 4, 0.25, 4.125], "texture": "#main"}
			}
		},
		{
			"name": "spine10_rotation",
			"from": [6, -5, -12],
			"to": [8, 4, -10],
			"rotation": {"angle": 45, "axis": "x", "origin": [7, -1.5, -9]},
			"faces": {
				"north": {"uv": [0.125, 4.125, 0.25, 4.6875], "texture": "#main"},
				"east": {"uv": [0, 4.125, 0.125, 4.6875], "texture": "#main"},
				"south": {"uv": [0.375, 4.125, 0.5, 4.6875], "texture": "#main"},
				"west": {"uv": [0.25, 4.125, 0.375, 4.6875], "texture": "#main"},
				"up": {"uv": [0.25, 4.125, 0.125, 4], "texture": "#main"},
				"down": {"uv": [0.375, 4, 0.25, 4.125], "texture": "#main"}
			}
		},
		{
			"name": "spine11_rotation",
			"from": [-3, -5, -3],
			"to": [-1, 4, -1],
			"rotation": {"angle": -45, "axis": "z", "origin": [0, -1.5, -2]},
			"faces": {
				"north": {"uv": [0.125, 4.125, 0.25, 4.6875], "texture": "#main"},
				"east": {"uv": [0, 4.125, 0.125, 4.6875], "texture": "#main"},
				"south": {"uv": [0.375, 4.125, 0.5, 4.6875], "texture": "#main"},
				"west": {"uv": [0.25, 4.125, 0.375, 4.6875], "texture": "#main"},
				"up": {"uv": [0.25, 4.125, 0.125, 4], "texture": "#main"},
				"down": {"uv": [0.375, 4, 0.25, 4.125], "texture": "#main"}
			}
		},
		{
			"name": "spine12_rotation",
			"from": [15, -5, -3],
			"to": [17, 4, -1],
			"rotation": {"angle": 45, "axis": "z", "origin": [14, -1.5, -2]},
			"faces": {
				"north": {"uv": [0.125, 4.125, 0.25, 4.6875], "texture": "#main"},
				"east": {"uv": [0, 4.125, 0.125, 4.6875], "texture": "#main"},
				"south": {"uv": [0.375, 4.125, 0.5, 4.6875], "texture": "#main"},
				"west": {"uv": [0.25, 4.125, 0.375, 4.6875], "texture": "#main"},
				"up": {"uv": [0.25, 4.125, 0.125, 4], "texture": "#main"},
				"down": {"uv": [0.375, 4, 0.25, 4.125], "texture": "#main"}
			}
		}
	],
	"display": {
		"thirdperson_righthand": {
			"rotation": [58, 0, 0],
			"translation": [0, -1.75, -1],
			"scale": [0.25, 0.25, 0.25]
		},
		"thirdperson_lefthand": {
			"rotation": [58, 0, 0],
			"translation": [0, -1.75, -1],
			"scale": [0.25, 0.25, 0.25]
		},
		"firstperson_righthand": {
			"rotation": [-9, 129, 0],
			"translation": [2.5, 3.25, 0],
			"scale": [0.25, 0.25, 0.25]
		},
		"firstperson_lefthand": {
			"rotation": [-9, 129, 0],
			"translation": [2.5, 3.25, 0],
			"scale": [0.25, 0.25, 0.25]
		},
		"ground": {
			"scale": [0.35, 0.35, 0.35]
		},
		"gui": {
			"rotation": [19, 155, 0],
			"translation": [-0.75, 1.25, 0],
			"scale": [0.4, 0.4, 0.4]
		},
		"head": {
			"translation": [0, 0, 12.25],
			"scale": [1.22, 1.22, 1.22]
		},
		"fixed": {
			"rotation": [90, 0, 0],
			"translation": [0, 0, -5.75],
			"scale": [0.5, 0.5, 0.5]
		}
	}
}