{
	"credit": "Made with Blockbench",
	"texture_size": [64, 64],
	"textures": {
		"9": "postavicky:item/johny"
	},
	"elements": [
		{
			"name": "hlava",
			"from": [4, 19, 6],
			"to": [12, 27, 14],
			"faces": {
				"north": {"uv": [4, 0, 6, 2], "texture": "#9"},
				"east": {"uv": [4, 2, 6, 4], "texture": "#9"},
				"south": {"uv": [4, 4, 6, 6], "texture": "#9"},
				"west": {"uv": [0, 5, 2, 7], "texture": "#9"},
				"up": {"uv": [4, 7, 2, 5], "texture": "#9"},
				"down": {"uv": [8, 0, 6, 2], "texture": "#9"}
			}
		},
		{
			"name": "telo",
			"from": [4, 7, 8],
			"to": [12, 19, 12],
			"faces": {
				"north": {"uv": [0, 0, 2, 3], "texture": "#9"},
				"east": {"uv": [10.5, 0, 11.5, 3], "texture": "#9"},
				"south": {"uv": [2, 0, 4, 3], "texture": "#9"},
				"west": {"uv": [11, 3, 12, 6], "texture": "#9"},
				"up": {"uv": [13.5, 1, 11.5, 0], "texture": "#9"},
				"down": {"uv": [13.5, 1, 11.5, 2], "texture": "#9"}
			}
		},
		{
			"name": "prava",
			"from": [0, 7, 8],
			"to": [4, 19, 12],
			"faces": {
				"north": {"uv": [9.5, 0, 10.5, 3], "texture": "#9"},
				"east": {"uv": [10, 3, 11, 6], "texture": "#9"},
				"south": {"uv": [10, 6, 11, 9], "texture": "#9"},
				"west": {"uv": [10, 9, 11, 12], "texture": "#9"},
				"up": {"uv": [11, 13.75, 10, 12.75], "texture": "#9"},
				"down": {"uv": [14, 2, 13, 3], "texture": "#9"}
			}
		},
		{
			"name": "leva",
			"from": [12, 7, 8],
			"to": [16, 19, 12],
			"faces": {
				"north": {"uv": [9, 3, 10, 6], "texture": "#9"},
				"east": {"uv": [9, 6, 10, 9], "texture": "#9"},
				"south": {"uv": [7, 9, 8, 12], "texture": "#9"},
				"west": {"uv": [9, 9, 10, 12], "texture": "#9"},
				"up": {"uv": [9, 13.75, 8, 12.75], "texture": "#9"},
				"down": {"uv": [10, 12.75, 9, 13.75], "texture": "#9"}
			}
		},
		{
			"name": "roha",
			"from": [4, -5, 8],
			"to": [8, 7, 12],
			"faces": {
				"north": {"uv": [8, 5, 9, 8], "texture": "#9"},
				"east": {"uv": [6, 8, 7, 11], "texture": "#9"},
				"south": {"uv": [8, 8, 9, 11], "texture": "#9"},
				"west": {"uv": [0, 8.5, 1, 11.5], "texture": "#9"},
				"up": {"uv": [13, 12.5, 12, 11.5], "texture": "#9"},
				"down": {"uv": [1, 12.5, 0, 13.5], "texture": "#9"}
			}
		},
		{
			"name": "loha",
			"from": [8, -5, 8],
			"to": [12, 7, 12],
			"faces": {
				"north": {"uv": [8.5, 0, 9.5, 3], "texture": "#9"},
				"east": {"uv": [1, 8.5, 2, 11.5], "texture": "#9"},
				"south": {"uv": [2, 8.5, 3, 11.5], "texture": "#9"},
				"west": {"uv": [3, 8.5, 4, 11.5], "texture": "#9"},
				"up": {"uv": [2, 13.5, 1, 12.5], "texture": "#9"},
				"down": {"uv": [13, 12.5, 12, 13.5], "texture": "#9"}
			}
		},
		{
			"from": [4.8, 26.2, 14.2],
			"to": [11.2, 27.2, 14.2],
			"rotation": {"angle": 0, "axis": "y", "origin": [3.8, 23, -1.1]},
			"faces": {
				"north": {"uv": [13.5, 1.75, 15, 2], "texture": "#9"},
				"east": {"uv": [0, 0, 0, 0.25], "texture": "#9"},
				"south": {"uv": [13.5, 6, 15, 6.25], "texture": "#9"},
				"west": {"uv": [0, 0, 0, 0.25], "texture": "#9"},
				"up": {"uv": [1.5, 0, 0, 0], "texture": "#9"},
				"down": {"uv": [1.5, 0, 0, 0], "texture": "#9"}
			}
		},
		{
			"from": [3.8, 19.2, 5.8],
			"to": [3.8, 27.2, 12],
			"faces": {
				"north": {"uv": [0, 0, 0, 2], "texture": "#9"},
				"east": {"uv": [6, 2, 7.5, 4], "texture": "#9"},
				"south": {"uv": [0, 0, 0, 2], "texture": "#9"},
				"west": {"uv": [4, 6, 5.5, 8], "texture": "#9"},
				"up": {"uv": [0, 1.5, 0, 0], "texture": "#9"},
				"down": {"uv": [0, 0, 0, 1.5], "texture": "#9"}
			}
		},
		{
			"from": [3.8, 19.2, 5.8],
			"to": [12.2, 27.2, 5.8],
			"rotation": {"angle": 0, "axis": "y", "origin": [3.8, 23, -1.1]},
			"faces": {
				"north": {"uv": [0, 3, 2, 5], "texture": "#9"},
				"east": {"uv": [0, 0, 0, 2], "texture": "#9"},
				"south": {"uv": [2, 3, 4, 5], "texture": "#9"},
				"west": {"uv": [0, 0, 0, 2], "texture": "#9"},
				"up": {"uv": [2, 0, 0, 0], "texture": "#9"},
				"down": {"uv": [2, 0, 0, 0], "texture": "#9"}
			}
		},
		{
			"from": [12.2, 19.2, 5.8],
			"to": [12.2, 27.2, 12],
			"faces": {
				"north": {"uv": [0, 0, 0, 2], "texture": "#9"},
				"east": {"uv": [6, 4, 7.5, 6], "texture": "#9"},
				"south": {"uv": [0, 0, 0, 2], "texture": "#9"},
				"west": {"uv": [5.5, 6, 7, 8], "texture": "#9"},
				"up": {"uv": [0, 1.5, 0, 0], "texture": "#9"},
				"down": {"uv": [0, 0, 0, 1.5], "texture": "#9"}
			}
		},
		{
			"from": [3.8, 27.2, 5.8],
			"to": [12.2, 27.2, 12],
			"faces": {
				"north": {"uv": [0, 0, 2, 0], "texture": "#9"},
				"east": {"uv": [0, 0, 1.5, 0], "texture": "#9"},
				"south": {"uv": [0, 0, 2, 0], "texture": "#9"},
				"west": {"uv": [0, 0, 1.5, 0], "texture": "#9"},
				"up": {"uv": [2, 8.5, 0, 7], "texture": "#9"},
				"down": {"uv": [4, 7, 2, 8.5], "texture": "#9"}
			}
		},
		{
			"from": [4.8, 27.2, 12],
			"to": [11.2, 27.2, 14.2],
			"faces": {
				"north": {"uv": [0, 0, 1.5, 0], "texture": "#9"},
				"east": {"uv": [0, 0, 0.5, 0], "texture": "#9"},
				"south": {"uv": [0, 0, 1.5, 0], "texture": "#9"},
				"west": {"uv": [0, 0, 0.5, 0], "texture": "#9"},
				"up": {"uv": [13.5, 8.5, 12, 8], "texture": "#9"},
				"down": {"uv": [14.5, 6.5, 13, 7], "texture": "#9"}
			}
		},
		{
			"from": [12.2, 24.2, 12],
			"to": [12.2, 26.2, 14.2],
			"faces": {
				"north": {"uv": [0, 0, 0, 0.5], "texture": "#9"},
				"east": {"uv": [13.5, 9.5, 14, 10], "texture": "#9"},
				"south": {"uv": [0, 0, 0, 0.5], "texture": "#9"},
				"west": {"uv": [13.5, 10, 14, 10.5], "texture": "#9"},
				"up": {"uv": [0, 0.5, 0, 0], "texture": "#9"},
				"down": {"uv": [0, 0, 0, 0.5], "texture": "#9"}
			}
		},
		{
			"from": [3.8, 24.2, 12],
			"to": [3.8, 26.2, 14.2],
			"faces": {
				"north": {"uv": [0, 0, 0, 0.5], "texture": "#9"},
				"east": {"uv": [13.5, 10.5, 14, 11], "texture": "#9"},
				"south": {"uv": [0, 0, 0, 0.5], "texture": "#9"},
				"west": {"uv": [13.5, 11, 14, 11.5], "texture": "#9"},
				"up": {"uv": [0, 0.5, 0, 0], "texture": "#9"},
				"down": {"uv": [0, 0, 0, 0.5], "texture": "#9"}
			}
		},
		{
			"from": [3.8, 24.2, 14.2],
			"to": [12.2, 25.2, 14.2],
			"rotation": {"angle": 0, "axis": "y", "origin": [3.8, 23, -1.1]},
			"faces": {
				"north": {"uv": [13, 7, 15, 7.25], "texture": "#9"},
				"east": {"uv": [0, 0, 0, 0.25], "texture": "#9"},
				"south": {"uv": [13.5, 0, 15.5, 0.25], "texture": "#9"},
				"west": {"uv": [0, 0, 0, 0.25], "texture": "#9"},
				"up": {"uv": [2, 0, 0, 0], "texture": "#9"},
				"down": {"uv": [2, 0, 0, 0], "texture": "#9"}
			}
		},
		{
			"from": [8.8, 25.2, 14.2],
			"to": [12.2, 26.2, 14.2],
			"rotation": {"angle": 0, "axis": "y", "origin": [3.8, 23, -1.1]},
			"faces": {
				"north": {"uv": [5.5, 14.25, 6.25, 14.5], "texture": "#9"},
				"east": {"uv": [0, 0, 0, 0.25], "texture": "#9"},
				"south": {"uv": [7, 14.25, 7.75, 14.5], "texture": "#9"},
				"west": {"uv": [0, 0, 0, 0.25], "texture": "#9"},
				"up": {"uv": [0.75, 0, 0, 0], "texture": "#9"},
				"down": {"uv": [0.75, 0, 0, 0], "texture": "#9"}
			}
		},
		{
			"from": [3.8, 25.2, 14.2],
			"to": [7.2, 26.2, 14.2],
			"rotation": {"angle": 0, "axis": "y", "origin": [3.8, 23, -1.1]},
			"faces": {
				"north": {"uv": [7.75, 14.25, 8.5, 14.5], "texture": "#9"},
				"east": {"uv": [0, 0, 0, 0.25], "texture": "#9"},
				"south": {"uv": [8.5, 14.25, 9.25, 14.5], "texture": "#9"},
				"west": {"uv": [0, 0, 0, 0.25], "texture": "#9"},
				"up": {"uv": [0.75, 0, 0, 0], "texture": "#9"},
				"down": {"uv": [0.75, 0, 0, 0], "texture": "#9"}
			}
		},
		{
			"from": [3.8, 17.8, 7.8],
			"to": [12.2, 19.2, 7.8],
			"rotation": {"angle": 0, "axis": "y", "origin": [-1.2, 13, 9.9]},
			"faces": {
				"north": {"uv": [13.5, 0.25, 15.5, 0.5], "texture": "#9"},
				"east": {"uv": [0, 0, 0, 0.25], "texture": "#9"},
				"south": {"uv": [13.5, 0.5, 15.5, 0.75], "texture": "#9"},
				"west": {"uv": [0, 0, 0, 0.25], "texture": "#9"},
				"up": {"uv": [2, 0, 0, 0], "texture": "#9"},
				"down": {"uv": [2, 0, 0, 0], "texture": "#9"}
			}
		},
		{
			"from": [12.2, 6.8, 7.8],
			"to": [12.2, 19.2, 12.2],
			"faces": {
				"north": {"uv": [0, 0, 0, 3], "texture": "#9"},
				"east": {"uv": [7, 6, 8, 9], "texture": "#9"},
				"south": {"uv": [0, 0, 0, 3], "texture": "#9"},
				"west": {"uv": [7.5, 2, 8.5, 5], "texture": "#9"},
				"up": {"uv": [0, 1, 0, 0], "texture": "#9"},
				"down": {"uv": [0, 0, 0, 1], "texture": "#9"}
			}
		},
		{
			"from": [3.8, 6.8, 7.8],
			"to": [12.2, 6.8, 12.2],
			"faces": {
				"north": {"uv": [0, 0, 2, 0], "texture": "#9"},
				"east": {"uv": [0, 0, 1, 0], "texture": "#9"},
				"south": {"uv": [0, 0, 2, 0], "texture": "#9"},
				"west": {"uv": [0, 0, 1, 0], "texture": "#9"},
				"up": {"uv": [13, 9.5, 11, 8.5], "texture": "#9"},
				"down": {"uv": [13, 9.5, 11, 10.5], "texture": "#9"}
			}
		},
		{
			"from": [3.8, 6.8, 7.8],
			"to": [3.8, 19.2, 12.2],
			"faces": {
				"north": {"uv": [0, 0, 0, 3], "texture": "#9"},
				"east": {"uv": [4, 8, 5, 11], "texture": "#9"},
				"south": {"uv": [0, 0, 0, 3], "texture": "#9"},
				"west": {"uv": [5, 8, 6, 11], "texture": "#9"},
				"up": {"uv": [0, 1, 0, 0], "texture": "#9"},
				"down": {"uv": [0, 0, 0, 1], "texture": "#9"}
			}
		},
		{
			"from": [3.7, 6.8, 12.2],
			"to": [5.1, 9.2, 12.2],
			"rotation": {"angle": 0, "axis": "y", "origin": [3.8, 13, 14.9]},
			"faces": {
				"north": {"uv": [1.25, 14.25, 1.5, 14.75], "texture": "#9"},
				"east": {"uv": [0, 0, 0, 0.5], "texture": "#9"},
				"south": {"uv": [1.5, 14.25, 1.75, 14.75], "texture": "#9"},
				"west": {"uv": [0, 0, 0, 0.5], "texture": "#9"},
				"up": {"uv": [0.25, 0, 0, 0], "texture": "#9"},
				"down": {"uv": [0.25, 0, 0, 0], "texture": "#9"}
			}
		},
		{
			"from": [10.7, 16.8, 12.2],
			"to": [12.2, 19.2, 12.2],
			"rotation": {"angle": 0, "axis": "y", "origin": [3.8, 13, 14.9]},
			"faces": {
				"north": {"uv": [13.5, 11.5, 14, 12], "texture": "#9"},
				"east": {"uv": [0, 0, 0, 0.5], "texture": "#9"},
				"south": {"uv": [12, 13.5, 12.5, 14], "texture": "#9"},
				"west": {"uv": [0, 0, 0, 0.5], "texture": "#9"},
				"up": {"uv": [0.5, 0, 0, 0], "texture": "#9"},
				"down": {"uv": [0.5, 0, 0, 0], "texture": "#9"}
			}
		},
		{
			"from": [5.8, 16.8, 7.8],
			"to": [10.2, 17.8, 7.8],
			"rotation": {"angle": 0, "axis": "y", "origin": [-1.2, 13, 9.9]},
			"faces": {
				"north": {"uv": [13.5, 12, 14.5, 12.25], "texture": "#9"},
				"east": {"uv": [0, 0, 0, 0.25], "texture": "#9"},
				"south": {"uv": [13.5, 12.25, 14.5, 12.5], "texture": "#9"},
				"west": {"uv": [0, 0, 0, 0.25], "texture": "#9"},
				"up": {"uv": [1, 0, 0, 0], "texture": "#9"},
				"down": {"uv": [1, 0, 0, 0], "texture": "#9"}
			}
		},
		{
			"from": [6.8, 15.8, 7.8],
			"to": [9.2, 16.8, 7.8],
			"rotation": {"angle": 0, "axis": "y", "origin": [-1.2, 13, 9.9]},
			"faces": {
				"north": {"uv": [8, 1.75, 8.5, 2], "texture": "#9"},
				"east": {"uv": [0, 0, 0, 0.25], "texture": "#9"},
				"south": {"uv": [8.5, 4.75, 9, 5], "texture": "#9"},
				"west": {"uv": [0, 0, 0, 0.25], "texture": "#9"},
				"up": {"uv": [0.5, 0, 0, 0], "texture": "#9"},
				"down": {"uv": [0.5, 0, 0, 0], "texture": "#9"}
			}
		},
		{
			"from": [5.8, 14.8, 7.8],
			"to": [10.2, 15.8, 7.8],
			"rotation": {"angle": 0, "axis": "y", "origin": [-1.2, 13, 9.9]},
			"faces": {
				"north": {"uv": [13.5, 12.5, 14.5, 12.75], "texture": "#9"},
				"east": {"uv": [0, 0, 0, 0.25], "texture": "#9"},
				"south": {"uv": [13.5, 12.75, 14.5, 13], "texture": "#9"},
				"west": {"uv": [0, 0, 0, 0.25], "texture": "#9"},
				"up": {"uv": [1, 0, 0, 0], "texture": "#9"},
				"down": {"uv": [1, 0, 0, 0], "texture": "#9"}
			}
		},
		{
			"from": [4.8, 13.8, 7.8],
			"to": [11.2, 14.8, 7.8],
			"rotation": {"angle": 0, "axis": "y", "origin": [-1.2, 13, 9.9]},
			"faces": {
				"north": {"uv": [13.5, 6.25, 15, 6.5], "texture": "#9"},
				"east": {"uv": [0, 0, 0, 0.25], "texture": "#9"},
				"south": {"uv": [13.5, 7.25, 15, 7.5], "texture": "#9"},
				"west": {"uv": [0, 0, 0, 0.25], "texture": "#9"},
				"up": {"uv": [1.5, 0, 0, 0], "texture": "#9"},
				"down": {"uv": [1.5, 0, 0, 0], "texture": "#9"}
			}
		},
		{
			"from": [6.8, 12.8, 7.8],
			"to": [9.2, 13.8, 7.8],
			"rotation": {"angle": 0, "axis": "y", "origin": [-1.2, 13, 9.9]},
			"faces": {
				"north": {"uv": [12.25, 14.25, 12.75, 14.5], "texture": "#9"},
				"east": {"uv": [0, 0, 0, 0.25], "texture": "#9"},
				"south": {"uv": [12.75, 14.25, 13.25, 14.5], "texture": "#9"},
				"west": {"uv": [0, 0, 0, 0.25], "texture": "#9"},
				"up": {"uv": [0.5, 0, 0, 0], "texture": "#9"},
				"down": {"uv": [0.5, 0, 0, 0], "texture": "#9"}
			}
		},
		{
			"from": [5.8, 11.8, 7.8],
			"to": [10.2, 12.8, 7.8],
			"rotation": {"angle": 0, "axis": "y", "origin": [-1.2, 13, 9.9]},
			"faces": {
				"north": {"uv": [13.5, 13, 14.5, 13.25], "texture": "#9"},
				"east": {"uv": [0, 0, 0, 0.25], "texture": "#9"},
				"south": {"uv": [13.5, 13.25, 14.5, 13.5], "texture": "#9"},
				"west": {"uv": [0, 0, 0, 0.25], "texture": "#9"},
				"up": {"uv": [1, 0, 0, 0], "texture": "#9"},
				"down": {"uv": [1, 0, 0, 0], "texture": "#9"}
			}
		},
		{
			"from": [4.8, 10.8, 7.8],
			"to": [11.2, 11.8, 7.8],
			"rotation": {"angle": 0, "axis": "y", "origin": [-1.2, 13, 9.9]},
			"faces": {
				"north": {"uv": [13.5, 7.5, 15, 7.75], "texture": "#9"},
				"east": {"uv": [0, 0, 0, 0.25], "texture": "#9"},
				"south": {"uv": [13.5, 7.75, 15, 8], "texture": "#9"},
				"west": {"uv": [0, 0, 0, 0.25], "texture": "#9"},
				"up": {"uv": [1.5, 0, 0, 0], "texture": "#9"},
				"down": {"uv": [1.5, 0, 0, 0], "texture": "#9"}
			}
		},
		{
			"from": [3.8, 9.8, 7.8],
			"to": [12.2, 10.8, 7.8],
			"rotation": {"angle": 0, "axis": "y", "origin": [-1.2, 13, 9.9]},
			"faces": {
				"north": {"uv": [13.5, 0.75, 15.5, 1], "texture": "#9"},
				"east": {"uv": [0, 0, 0, 0.25], "texture": "#9"},
				"south": {"uv": [13.5, 1, 15.5, 1.25], "texture": "#9"},
				"west": {"uv": [0, 0, 0, 0.25], "texture": "#9"},
				"up": {"uv": [2, 0, 0, 0], "texture": "#9"},
				"down": {"uv": [2, 0, 0, 0], "texture": "#9"}
			}
		},
		{
			"from": [6.8, 7.8, 7.8],
			"to": [9.2, 9.8, 7.8],
			"rotation": {"angle": 0, "axis": "y", "origin": [-1.2, 13, 9.9]},
			"faces": {
				"north": {"uv": [12.5, 13.5, 13, 14], "texture": "#9"},
				"east": {"uv": [0, 0, 0, 0.5], "texture": "#9"},
				"south": {"uv": [13.5, 13.5, 14, 14], "texture": "#9"},
				"west": {"uv": [0, 0, 0, 0.5], "texture": "#9"},
				"up": {"uv": [0.5, 0, 0, 0], "texture": "#9"},
				"down": {"uv": [0.5, 0, 0, 0], "texture": "#9"}
			}
		},
		{
			"from": [3.8, 6.8, 7.8],
			"to": [12.2, 7.8, 7.8],
			"rotation": {"angle": 0, "axis": "y", "origin": [-1.2, 13, 9.9]},
			"faces": {
				"north": {"uv": [13.5, 1.25, 15.5, 1.5], "texture": "#9"},
				"east": {"uv": [0, 0, 0, 0.25], "texture": "#9"},
				"south": {"uv": [13.5, 1.5, 15.5, 1.75], "texture": "#9"},
				"west": {"uv": [0, 0, 0, 0.25], "texture": "#9"},
				"up": {"uv": [2, 0, 0, 0], "texture": "#9"},
				"down": {"uv": [2, 0, 0, 0], "texture": "#9"}
			}
		},
		{
			"from": [9.7, 14.8, 12.2],
			"to": [10.7, 19.2, 12.2],
			"rotation": {"angle": 0, "axis": "y", "origin": [3.8, 13, 14.9]},
			"faces": {
				"north": {"uv": [1.75, 13.5, 2, 14.5], "texture": "#9"},
				"east": {"uv": [0, 0, 0, 1], "texture": "#9"},
				"south": {"uv": [6.75, 13.5, 7, 14.5], "texture": "#9"},
				"west": {"uv": [0, 0, 0, 1], "texture": "#9"},
				"up": {"uv": [0.25, 0, 0, 0], "texture": "#9"},
				"down": {"uv": [0.25, 0, 0, 0], "texture": "#9"}
			}
		},
		{
			"from": [5.1, 14.8, 12.2],
			"to": [6.1, 19.2, 12.2],
			"rotation": {"angle": 0, "axis": "y", "origin": [3.8, 13, 14.9]},
			"faces": {
				"north": {"uv": [2.5, 13.75, 2.75, 14.75], "texture": "#9"},
				"east": {"uv": [0, 0, 0, 1], "texture": "#9"},
				"south": {"uv": [2.75, 13.75, 3, 14.75], "texture": "#9"},
				"west": {"uv": [0, 0, 0, 1], "texture": "#9"},
				"up": {"uv": [0.25, 0, 0, 0], "texture": "#9"},
				"down": {"uv": [0.25, 0, 0, 0], "texture": "#9"}
			}
		},
		{
			"from": [10.7, 11.8, 12.2],
			"to": [12.2, 15.8, 12.2],
			"rotation": {"angle": 0, "axis": "y", "origin": [3.8, 13, 14.9]},
			"faces": {
				"north": {"uv": [7.5, 5, 8, 6], "texture": "#9"},
				"east": {"uv": [0, 0, 0, 1], "texture": "#9"},
				"south": {"uv": [11.5, 2, 12, 3], "texture": "#9"},
				"west": {"uv": [0, 0, 0, 1], "texture": "#9"},
				"up": {"uv": [0.5, 0, 0, 0], "texture": "#9"},
				"down": {"uv": [0.5, 0, 0, 0], "texture": "#9"}
			}
		},
		{
			"from": [5.1, 8.8, 12.2],
			"to": [10.7, 11.8, 12.2],
			"rotation": {"angle": 0, "axis": "y", "origin": [3.8, 13, 14.9]},
			"faces": {
				"north": {"uv": [12, 7.25, 13.5, 8], "texture": "#9"},
				"east": {"uv": [0, 0, 0, 0.75], "texture": "#9"},
				"south": {"uv": [9, 12, 10.5, 12.75], "texture": "#9"},
				"west": {"uv": [0, 0, 0, 0.75], "texture": "#9"},
				"up": {"uv": [1.5, 0, 0, 0], "texture": "#9"},
				"down": {"uv": [1.5, 0, 0, 0], "texture": "#9"}
			}
		},
		{
			"from": [3.8, 11.8, 12.2],
			"to": [5.1, 13.8, 12.2],
			"rotation": {"angle": 0, "axis": "y", "origin": [3.8, 13, 14.9]},
			"faces": {
				"north": {"uv": [6.25, 14.25, 6.5, 14.75], "texture": "#9"},
				"east": {"uv": [0, 0, 0, 0.5], "texture": "#9"},
				"south": {"uv": [13.25, 14.25, 13.5, 14.75], "texture": "#9"},
				"west": {"uv": [0, 0, 0, 0.5], "texture": "#9"},
				"up": {"uv": [0.25, 0, 0, 0], "texture": "#9"},
				"down": {"uv": [0.25, 0, 0, 0], "texture": "#9"}
			}
		},
		{
			"from": [5.1, 11.8, 12.2],
			"to": [10.7, 13.8, 12.2],
			"rotation": {"angle": 0, "axis": "y", "origin": [3.8, 13, 14.9]},
			"faces": {
				"north": {"uv": [13, 8.5, 14.5, 9], "texture": "#9"},
				"east": {"uv": [0, 0, 0, 0.5], "texture": "#9"},
				"south": {"uv": [13, 9, 14.5, 9.5], "texture": "#9"},
				"west": {"uv": [0, 0, 0, 0.5], "texture": "#9"},
				"up": {"uv": [1.5, 0, 0, 0], "texture": "#9"},
				"down": {"uv": [1.5, 0, 0, 0], "texture": "#9"}
			}
		},
		{
			"from": [5.1, 13.8, 12.2],
			"to": [10.7, 14.8, 12.2],
			"rotation": {"angle": 0, "axis": "y", "origin": [3.8, 13, 14.9]},
			"faces": {
				"north": {"uv": [13.5, 8, 15, 8.25], "texture": "#9"},
				"east": {"uv": [0, 0, 0, 0.25], "texture": "#9"},
				"south": {"uv": [13.5, 8.25, 15, 8.5], "texture": "#9"},
				"west": {"uv": [0, 0, 0, 0.25], "texture": "#9"},
				"up": {"uv": [1.5, 0, 0, 0], "texture": "#9"},
				"down": {"uv": [1.5, 0, 0, 0], "texture": "#9"}
			}
		},
		{
			"from": [10.7, 6.8, 12.2],
			"to": [12.2, 9.8, 12.2],
			"rotation": {"angle": 0, "axis": "y", "origin": [3.8, 13, 14.9]},
			"faces": {
				"north": {"uv": [10.5, 12, 11, 12.75], "texture": "#9"},
				"east": {"uv": [0, 0, 0, 0.75], "texture": "#9"},
				"south": {"uv": [1.25, 13.5, 1.75, 14.25], "texture": "#9"},
				"west": {"uv": [0, 0, 0, 0.75], "texture": "#9"},
				"up": {"uv": [0.5, 0, 0, 0], "texture": "#9"},
				"down": {"uv": [0.5, 0, 0, 0], "texture": "#9"}
			}
		},
		{
			"from": [9.7, 6.8, 12.2],
			"to": [10.7, 7.8, 12.2],
			"rotation": {"angle": 0, "axis": "y", "origin": [3.8, 13, 14.9]},
			"faces": {
				"north": {"uv": [3.75, 13.25, 4, 13.5], "texture": "#9"},
				"east": {"uv": [0, 0, 0, 0.25], "texture": "#9"},
				"south": {"uv": [3.5, 13.75, 3.75, 14], "texture": "#9"},
				"west": {"uv": [0, 0, 0, 0.25], "texture": "#9"},
				"up": {"uv": [0.25, 0, 0, 0], "texture": "#9"},
				"down": {"uv": [0.25, 0, 0, 0], "texture": "#9"}
			}
		},
		{
			"from": [5.1, 6.8, 12.2],
			"to": [6.1, 7.8, 12.2],
			"rotation": {"angle": 0, "axis": "y", "origin": [3.8, 13, 14.9]},
			"faces": {
				"north": {"uv": [1.75, 14.5, 2, 14.75], "texture": "#9"},
				"east": {"uv": [0, 0, 0, 0.25], "texture": "#9"},
				"south": {"uv": [14.5, 3.25, 14.75, 3.5], "texture": "#9"},
				"west": {"uv": [0, 0, 0, 0.25], "texture": "#9"},
				"up": {"uv": [0.25, 0, 0, 0], "texture": "#9"},
				"down": {"uv": [0.25, 0, 0, 0], "texture": "#9"}
			}
		},
		{
			"from": [3.8, 16.8, 12.2],
			"to": [5.1, 19.2, 12.2],
			"rotation": {"angle": 0, "axis": "y", "origin": [3.8, 13, 14.9]},
			"faces": {
				"north": {"uv": [13.5, 14.25, 13.75, 14.75], "texture": "#9"},
				"east": {"uv": [0, 0, 0, 0.5], "texture": "#9"},
				"south": {"uv": [13.75, 14.25, 14, 14.75], "texture": "#9"},
				"west": {"uv": [0, 0, 0, 0.5], "texture": "#9"},
				"up": {"uv": [0.25, 0, 0, 0], "texture": "#9"},
				"down": {"uv": [0.25, 0, 0, 0], "texture": "#9"}
			}
		},
		{
			"from": [4.2, 8.8, 7.8],
			"to": [4.2, 19.2, 12.2],
			"faces": {
				"north": {"uv": [0, 0, 0, 2.5], "texture": "#9"},
				"east": {"uv": [4, 11, 5, 13.5], "texture": "#9"},
				"south": {"uv": [0, 0, 0, 2.5], "texture": "#9"},
				"west": {"uv": [5, 11, 6, 13.5], "texture": "#9"},
				"up": {"uv": [0, 1, 0, 0], "texture": "#9"},
				"down": {"uv": [0, 0, 0, 1], "texture": "#9"}
			}
		},
		{
			"from": [-0.2, 8.8, 7.8],
			"to": [-0.2, 9.8, 12.2],
			"faces": {
				"north": {"uv": [0, 0, 0, 0.25], "texture": "#9"},
				"east": {"uv": [7, 13.75, 8, 14], "texture": "#9"},
				"south": {"uv": [0, 0, 0, 0.25], "texture": "#9"},
				"west": {"uv": [8, 13.75, 9, 14], "texture": "#9"},
				"up": {"uv": [0, 1, 0, 0], "texture": "#9"},
				"down": {"uv": [0, 0, 0, 1], "texture": "#9"}
			}
		},
		{
			"from": [2.8, 19.2, 7.8],
			"to": [4.2, 19.2, 12.2],
			"faces": {
				"north": {"uv": [0, 0, 0.25, 0], "texture": "#9"},
				"east": {"uv": [0, 0, 1, 0], "texture": "#9"},
				"south": {"uv": [0, 0, 0.25, 0], "texture": "#9"},
				"west": {"uv": [0, 0, 1, 0], "texture": "#9"},
				"up": {"uv": [3.25, 14.75, 3, 13.75], "texture": "#9"},
				"down": {"uv": [3.5, 13.75, 3.25, 14.75], "texture": "#9"}
			}
		},
		{
			"from": [-0.2, 8.8, 7.8],
			"to": [4.2, 9.8, 7.8],
			"rotation": {"angle": 0, "axis": "y", "origin": [-1.2, 13, 9.9]},
			"faces": {
				"north": {"uv": [9, 13.75, 10, 14], "texture": "#9"},
				"east": {"uv": [0, 0, 0, 0.25], "texture": "#9"},
				"south": {"uv": [10, 13.75, 11, 14], "texture": "#9"},
				"west": {"uv": [0, 0, 0, 0.25], "texture": "#9"},
				"up": {"uv": [1, 0, 0, 0], "texture": "#9"},
				"down": {"uv": [1, 0, 0, 0], "texture": "#9"}
			}
		},
		{
			"from": [-0.2, 10.8, 7.8],
			"to": [4.2, 11.8, 7.8],
			"rotation": {"angle": 0, "axis": "y", "origin": [-1.2, 13, 9.9]},
			"faces": {
				"north": {"uv": [11, 13.75, 12, 14], "texture": "#9"},
				"east": {"uv": [0, 0, 0, 0.25], "texture": "#9"},
				"south": {"uv": [0, 14, 1, 14.25], "texture": "#9"},
				"west": {"uv": [0, 0, 0, 0.25], "texture": "#9"},
				"up": {"uv": [1, 0, 0, 0], "texture": "#9"},
				"down": {"uv": [1, 0, 0, 0], "texture": "#9"}
			}
		},
		{
			"from": [-0.2, 10.8, 7.8],
			"to": [-0.2, 11.8, 12.2],
			"faces": {
				"north": {"uv": [0, 0, 0, 0.25], "texture": "#9"},
				"east": {"uv": [14, 2, 15, 2.25], "texture": "#9"},
				"south": {"uv": [0, 0, 0, 0.25], "texture": "#9"},
				"west": {"uv": [14, 2.25, 15, 2.5], "texture": "#9"},
				"up": {"uv": [0, 1, 0, 0], "texture": "#9"},
				"down": {"uv": [0, 0, 0, 1], "texture": "#9"}
			}
		},
		{
			"from": [-0.2, 15.8, 7.8],
			"to": [4.2, 16.8, 7.8],
			"rotation": {"angle": 0, "axis": "y", "origin": [-1.2, 13, 9.9]},
			"faces": {
				"north": {"uv": [14, 2.5, 15, 2.75], "texture": "#9"},
				"east": {"uv": [0, 0, 0, 0.25], "texture": "#9"},
				"south": {"uv": [14, 2.75, 15, 3], "texture": "#9"},
				"west": {"uv": [0, 0, 0, 0.25], "texture": "#9"},
				"up": {"uv": [1, 0, 0, 0], "texture": "#9"},
				"down": {"uv": [1, 0, 0, 0], "texture": "#9"}
			}
		},
		{
			"from": [-0.2, 15.8, 7.8],
			"to": [-0.2, 16.8, 12.2],
			"faces": {
				"north": {"uv": [0, 0, 0, 0.25], "texture": "#9"},
				"east": {"uv": [3.5, 14, 4.5, 14.25], "texture": "#9"},
				"south": {"uv": [0, 0, 0, 0.25], "texture": "#9"},
				"west": {"uv": [4.5, 14, 5.5, 14.25], "texture": "#9"},
				"up": {"uv": [0, 1, 0, 0], "texture": "#9"},
				"down": {"uv": [0, 0, 0, 1], "texture": "#9"}
			}
		},
		{
			"from": [-0.2, 15.8, 12.2],
			"to": [4.2, 16.8, 12.2],
			"rotation": {"angle": 0, "axis": "y", "origin": [3.8, 13, 14.9]},
			"faces": {
				"north": {"uv": [5.5, 14, 6.5, 14.25], "texture": "#9"},
				"east": {"uv": [0, 0, 0, 0.25], "texture": "#9"},
				"south": {"uv": [7, 14, 8, 14.25], "texture": "#9"},
				"west": {"uv": [0, 0, 0, 0.25], "texture": "#9"},
				"up": {"uv": [1, 0, 0, 0], "texture": "#9"},
				"down": {"uv": [1, 0, 0, 0], "texture": "#9"}
			}
		},
		{
			"from": [-0.2, 10.8, 12.2],
			"to": [4.2, 11.8, 12.2],
			"rotation": {"angle": 0, "axis": "y", "origin": [3.8, 13, 14.9]},
			"faces": {
				"north": {"uv": [8, 14, 9, 14.25], "texture": "#9"},
				"east": {"uv": [0, 0, 0, 0.25], "texture": "#9"},
				"south": {"uv": [9, 14, 10, 14.25], "texture": "#9"},
				"west": {"uv": [0, 0, 0, 0.25], "texture": "#9"},
				"up": {"uv": [1, 0, 0, 0], "texture": "#9"},
				"down": {"uv": [1, 0, 0, 0], "texture": "#9"}
			}
		},
		{
			"from": [-0.2, 8.8, 12.2],
			"to": [4.2, 9.8, 12.2],
			"rotation": {"angle": 0, "axis": "y", "origin": [3.8, 13, 14.9]},
			"faces": {
				"north": {"uv": [14, 9.5, 15, 9.75], "texture": "#9"},
				"east": {"uv": [0, 0, 0, 0.25], "texture": "#9"},
				"south": {"uv": [14, 9.75, 15, 10], "texture": "#9"},
				"west": {"uv": [0, 0, 0, 0.25], "texture": "#9"},
				"up": {"uv": [1, 0, 0, 0], "texture": "#9"},
				"down": {"uv": [1, 0, 0, 0], "texture": "#9"}
			}
		},
		{
			"from": [0.8, 14.8, 12.2],
			"to": [4.2, 15.8, 12.2],
			"rotation": {"angle": 0, "axis": "y", "origin": [3.8, 13, 14.9]},
			"faces": {
				"north": {"uv": [9.25, 14.25, 10, 14.5], "texture": "#9"},
				"east": {"uv": [0, 0, 0, 0.25], "texture": "#9"},
				"south": {"uv": [10, 14.25, 10.75, 14.5], "texture": "#9"},
				"west": {"uv": [0, 0, 0, 0.25], "texture": "#9"},
				"up": {"uv": [0.75, 0, 0, 0], "texture": "#9"},
				"down": {"uv": [0.75, 0, 0, 0], "texture": "#9"}
			}
		},
		{
			"from": [2.8, 13.8, 12.2],
			"to": [4.2, 14.8, 12.2],
			"rotation": {"angle": 0, "axis": "y", "origin": [3.8, 13, 14.9]},
			"faces": {
				"north": {"uv": [3.5, 14.5, 3.75, 14.75], "texture": "#9"},
				"east": {"uv": [0, 0, 0, 0.25], "texture": "#9"},
				"south": {"uv": [14.5, 3.5, 14.75, 3.75], "texture": "#9"},
				"west": {"uv": [0, 0, 0, 0.25], "texture": "#9"},
				"up": {"uv": [0.25, 0, 0, 0], "texture": "#9"},
				"down": {"uv": [0.25, 0, 0, 0], "texture": "#9"}
			}
		},
		{
			"from": [1.8, 12.8, 12.2],
			"to": [4.2, 13.8, 12.2],
			"rotation": {"angle": 0, "axis": "y", "origin": [3.8, 13, 14.9]},
			"faces": {
				"north": {"uv": [14, 14.25, 14.5, 14.5], "texture": "#9"},
				"east": {"uv": [0, 0, 0, 0.25], "texture": "#9"},
				"south": {"uv": [0, 14.5, 0.5, 14.75], "texture": "#9"},
				"west": {"uv": [0, 0, 0, 0.25], "texture": "#9"},
				"up": {"uv": [0.5, 0, 0, 0], "texture": "#9"},
				"down": {"uv": [0.5, 0, 0, 0], "texture": "#9"}
			}
		},
		{
			"from": [2.8, 18.2, 12.2],
			"to": [4.2, 19.2, 12.2],
			"rotation": {"angle": 0, "axis": "y", "origin": [3.8, 13, 14.9]},
			"faces": {
				"north": {"uv": [3.75, 14.5, 4, 14.75], "texture": "#9"},
				"east": {"uv": [0, 0, 0, 0.25], "texture": "#9"},
				"south": {"uv": [14.5, 3.75, 14.75, 4], "texture": "#9"},
				"west": {"uv": [0, 0, 0, 0.25], "texture": "#9"},
				"up": {"uv": [0.25, 0, 0, 0], "texture": "#9"},
				"down": {"uv": [0.25, 0, 0, 0], "texture": "#9"}
			}
		},
		{
			"from": [11.8, 8.8, 7.8],
			"to": [11.8, 19.2, 12.2],
			"rotation": {"angle": 0, "axis": "y", "origin": [16, 0, 0]},
			"faces": {
				"north": {"uv": [0, 0, 0, 2.5], "texture": "#9"},
				"east": {"uv": [6, 11, 7, 13.5], "texture": "#9"},
				"south": {"uv": [0, 0, 0, 2.5], "texture": "#9"},
				"west": {"uv": [11, 6, 12, 8.5], "texture": "#9"},
				"up": {"uv": [0, 1, 0, 0], "texture": "#9"},
				"down": {"uv": [0, 0, 0, 1], "texture": "#9"}
			}
		},
		{
			"from": [16.2, 8.8, 7.8],
			"to": [16.2, 9.8, 12.2],
			"rotation": {"angle": 0, "axis": "y", "origin": [16, 0, 0]},
			"faces": {
				"north": {"uv": [0, 0, 0, 0.25], "texture": "#9"},
				"east": {"uv": [10, 14, 11, 14.25], "texture": "#9"},
				"south": {"uv": [0, 0, 0, 0.25], "texture": "#9"},
				"west": {"uv": [14, 10, 15, 10.25], "texture": "#9"},
				"up": {"uv": [0, 1, 0, 0], "texture": "#9"},
				"down": {"uv": [0, 0, 0, 1], "texture": "#9"}
			}
		},
		{
			"from": [11.8, 19.2, 7.8],
			"to": [13.2, 19.2, 12.2],
			"rotation": {"angle": 0, "axis": "y", "origin": [16, 0, 0]},
			"faces": {
				"north": {"uv": [0, 0, 0.25, 0], "texture": "#9"},
				"east": {"uv": [0, 0, 1, 0], "texture": "#9"},
				"south": {"uv": [0, 0, 0.25, 0], "texture": "#9"},
				"west": {"uv": [0, 0, 1, 0], "texture": "#9"},
				"up": {"uv": [1.25, 15, 1, 14], "texture": "#9"},
				"down": {"uv": [6.75, 14, 6.5, 15], "texture": "#9"}
			}
		},
		{
			"from": [11.8, 8.8, 7.8],
			"to": [16.2, 9.8, 7.8],
			"rotation": {"angle": 0, "axis": "y", "origin": [17.2, 13, 9.9]},
			"faces": {
				"north": {"uv": [14, 10.25, 15, 10.5], "texture": "#9"},
				"east": {"uv": [0, 0, 0, 0.25], "texture": "#9"},
				"south": {"uv": [14, 10.5, 15, 10.75], "texture": "#9"},
				"west": {"uv": [0, 0, 0, 0.25], "texture": "#9"},
				"up": {"uv": [1, 0, 0, 0], "texture": "#9"},
				"down": {"uv": [1, 0, 0, 0], "texture": "#9"}
			}
		},
		{
			"from": [11.8, 10.8, 7.8],
			"to": [16.2, 11.8, 7.8],
			"rotation": {"angle": 0, "axis": "y", "origin": [17.2, 13, 9.9]},
			"faces": {
				"north": {"uv": [14, 10.75, 15, 11], "texture": "#9"},
				"east": {"uv": [0, 0, 0, 0.25], "texture": "#9"},
				"south": {"uv": [11, 14, 12, 14.25], "texture": "#9"},
				"west": {"uv": [0, 0, 0, 0.25], "texture": "#9"},
				"up": {"uv": [1, 0, 0, 0], "texture": "#9"},
				"down": {"uv": [1, 0, 0, 0], "texture": "#9"}
			}
		},
		{
			"from": [16.2, 10.8, 7.8],
			"to": [16.2, 11.8, 12.2],
			"rotation": {"angle": 0, "axis": "y", "origin": [16, 0, 0]},
			"faces": {
				"north": {"uv": [0, 0, 0, 0.25], "texture": "#9"},
				"east": {"uv": [14, 11, 15, 11.25], "texture": "#9"},
				"south": {"uv": [0, 0, 0, 0.25], "texture": "#9"},
				"west": {"uv": [14, 11.25, 15, 11.5], "texture": "#9"},
				"up": {"uv": [0, 1, 0, 0], "texture": "#9"},
				"down": {"uv": [0, 0, 0, 1], "texture": "#9"}
			}
		},
		{
			"from": [11.8, 15.8, 7.8],
			"to": [16.2, 16.8, 7.8],
			"rotation": {"angle": 0, "axis": "y", "origin": [17.2, 13, 9.9]},
			"faces": {
				"north": {"uv": [14, 11.5, 15, 11.75], "texture": "#9"},
				"east": {"uv": [0, 0, 0, 0.25], "texture": "#9"},
				"south": {"uv": [14, 11.75, 15, 12], "texture": "#9"},
				"west": {"uv": [0, 0, 0, 0.25], "texture": "#9"},
				"up": {"uv": [1, 0, 0, 0], "texture": "#9"},
				"down": {"uv": [1, 0, 0, 0], "texture": "#9"}
			}
		},
		{
			"from": [16.2, 15.8, 7.8],
			"to": [16.2, 16.8, 12.2],
			"rotation": {"angle": 0, "axis": "y", "origin": [16, 0, 0]},
			"faces": {
				"north": {"uv": [0, 0, 0, 0.25], "texture": "#9"},
				"east": {"uv": [12, 14, 13, 14.25], "texture": "#9"},
				"south": {"uv": [0, 0, 0, 0.25], "texture": "#9"},
				"west": {"uv": [13, 14, 14, 14.25], "texture": "#9"},
				"up": {"uv": [0, 1, 0, 0], "texture": "#9"},
				"down": {"uv": [0, 0, 0, 1], "texture": "#9"}
			}
		},
		{
			"from": [11.8, 15.8, 12.2],
			"to": [16.2, 16.8, 12.2],
			"rotation": {"angle": 0, "axis": "y", "origin": [12.2, 13, 14.9]},
			"faces": {
				"north": {"uv": [14, 13.5, 15, 13.75], "texture": "#9"},
				"east": {"uv": [0, 0, 0, 0.25], "texture": "#9"},
				"south": {"uv": [14, 13.75, 15, 14], "texture": "#9"},
				"west": {"uv": [0, 0, 0, 0.25], "texture": "#9"},
				"up": {"uv": [1, 0, 0, 0], "texture": "#9"},
				"down": {"uv": [1, 0, 0, 0], "texture": "#9"}
			}
		},
		{
			"from": [11.8, 10.8, 12.2],
			"to": [16.2, 11.8, 12.2],
			"rotation": {"angle": 0, "axis": "y", "origin": [12.2, 13, 14.9]},
			"faces": {
				"north": {"uv": [14, 14, 15, 14.25], "texture": "#9"},
				"east": {"uv": [0, 0, 0, 0.25], "texture": "#9"},
				"south": {"uv": [0, 14.25, 1, 14.5], "texture": "#9"},
				"west": {"uv": [0, 0, 0, 0.25], "texture": "#9"},
				"up": {"uv": [1, 0, 0, 0], "texture": "#9"},
				"down": {"uv": [1, 0, 0, 0], "texture": "#9"}
			}
		},
		{
			"from": [11.8, 8.8, 12.2],
			"to": [16.2, 9.8, 12.2],
			"rotation": {"angle": 0, "axis": "y", "origin": [12.2, 13, 14.9]},
			"faces": {
				"north": {"uv": [3.5, 14.25, 4.5, 14.5], "texture": "#9"},
				"east": {"uv": [0, 0, 0, 0.25], "texture": "#9"},
				"south": {"uv": [4.5, 14.25, 5.5, 14.5], "texture": "#9"},
				"west": {"uv": [0, 0, 0, 0.25], "texture": "#9"},
				"up": {"uv": [1, 0, 0, 0], "texture": "#9"},
				"down": {"uv": [1, 0, 0, 0], "texture": "#9"}
			}
		},
		{
			"from": [11.8, 14.8, 12.2],
			"to": [15.2, 15.8, 12.2],
			"rotation": {"angle": 0, "axis": "y", "origin": [12.2, 13, 14.9]},
			"faces": {
				"north": {"uv": [10.75, 14.25, 11.5, 14.5], "texture": "#9"},
				"east": {"uv": [0, 0, 0, 0.25], "texture": "#9"},
				"south": {"uv": [11.5, 14.25, 12.25, 14.5], "texture": "#9"},
				"west": {"uv": [0, 0, 0, 0.25], "texture": "#9"},
				"up": {"uv": [0.75, 0, 0, 0], "texture": "#9"},
				"down": {"uv": [0.75, 0, 0, 0], "texture": "#9"}
			}
		},
		{
			"from": [11.8, 13.8, 12.2],
			"to": [13.2, 14.8, 12.2],
			"rotation": {"angle": 0, "axis": "y", "origin": [12.2, 13, 14.9]},
			"faces": {
				"north": {"uv": [4, 14.5, 4.25, 14.75], "texture": "#9"},
				"east": {"uv": [0, 0, 0, 0.25], "texture": "#9"},
				"south": {"uv": [14.5, 4, 14.75, 4.25], "texture": "#9"},
				"west": {"uv": [0, 0, 0, 0.25], "texture": "#9"},
				"up": {"uv": [0.25, 0, 0, 0], "texture": "#9"},
				"down": {"uv": [0.25, 0, 0, 0], "texture": "#9"}
			}
		},
		{
			"from": [11.8, 12.8, 12.2],
			"to": [14.2, 13.8, 12.2],
			"rotation": {"angle": 0, "axis": "y", "origin": [12.2, 13, 14.9]},
			"faces": {
				"north": {"uv": [0.5, 14.5, 1, 14.75], "texture": "#9"},
				"east": {"uv": [0, 0, 0, 0.25], "texture": "#9"},
				"south": {"uv": [14.5, 3, 15, 3.25], "texture": "#9"},
				"west": {"uv": [0, 0, 0, 0.25], "texture": "#9"},
				"up": {"uv": [0.5, 0, 0, 0], "texture": "#9"},
				"down": {"uv": [0.5, 0, 0, 0], "texture": "#9"}
			}
		},
		{
			"from": [11.8, 18.2, 12.2],
			"to": [13.2, 19.2, 12.2],
			"rotation": {"angle": 0, "axis": "y", "origin": [12.2, 13, 14.9]},
			"faces": {
				"north": {"uv": [4.25, 14.5, 4.5, 14.75], "texture": "#9"},
				"east": {"uv": [0, 0, 0, 0.25], "texture": "#9"},
				"south": {"uv": [14.5, 4.25, 14.75, 4.5], "texture": "#9"},
				"west": {"uv": [0, 0, 0, 0.25], "texture": "#9"},
				"up": {"uv": [0.25, 0, 0, 0], "texture": "#9"},
				"down": {"uv": [0.25, 0, 0, 0], "texture": "#9"}
			}
		},
		{
			"from": [5.8, 0.8, 12.2],
			"to": [8, 6.8, 12.2],
			"rotation": {"angle": 0, "axis": "y", "origin": [3.8, 13, 14.9]},
			"faces": {
				"north": {"uv": [13, 9.5, 13.5, 11], "texture": "#9"},
				"east": {"uv": [0, 0, 0, 1.5], "texture": "#9"},
				"south": {"uv": [13, 11, 13.5, 12.5], "texture": "#9"},
				"west": {"uv": [0, 0, 0, 1.5], "texture": "#9"},
				"up": {"uv": [0.5, 0, 0, 0], "texture": "#9"},
				"down": {"uv": [0.5, 0, 0, 0], "texture": "#9"}
			}
		},
		{
			"from": [3.8, -5.2, 7.8],
			"to": [3.8, -3.2, 12.2],
			"faces": {
				"north": {"uv": [0, 0, 0, 0.5], "texture": "#9"},
				"east": {"uv": [11, 13.25, 12, 13.75], "texture": "#9"},
				"south": {"uv": [0, 0, 0, 0.5], "texture": "#9"},
				"west": {"uv": [13.5, 3, 14.5, 3.5], "texture": "#9"},
				"up": {"uv": [0, 1, 0, 0], "texture": "#9"},
				"down": {"uv": [0, 0, 0, 1], "texture": "#9"}
			}
		},
		{
			"from": [3.7, -5.2, 12.2],
			"to": [7.7, -3.2, 12.2],
			"rotation": {"angle": 0, "axis": "y", "origin": [3.8, 13, 14.9]},
			"faces": {
				"north": {"uv": [13.5, 3.5, 14.5, 4], "texture": "#9"},
				"east": {"uv": [0, 0, 0, 0.5], "texture": "#9"},
				"south": {"uv": [3.75, 13.5, 4.75, 14], "texture": "#9"},
				"west": {"uv": [0, 0, 0, 0.5], "texture": "#9"},
				"up": {"uv": [1, 0, 0, 0], "texture": "#9"},
				"down": {"uv": [1, 0, 0, 0], "texture": "#9"}
			}
		},
		{
			"from": [3.8, -0.2, 7.8],
			"to": [8, 6.8, 7.8],
			"rotation": {"angle": 0, "axis": "y", "origin": [-1.2, 13, 9.9]},
			"faces": {
				"north": {"uv": [8, 11, 9, 12.75], "texture": "#9"},
				"east": {"uv": [0, 0, 0, 1.75], "texture": "#9"},
				"south": {"uv": [2, 11.5, 3, 13.25], "texture": "#9"},
				"west": {"uv": [0, 0, 0, 1.75], "texture": "#9"},
				"up": {"uv": [1, 0, 0, 0], "texture": "#9"},
				"down": {"uv": [1, 0, 0, 0], "texture": "#9"}
			}
		},
		{
			"from": [3.8, -0.2, 7.8],
			"to": [3.8, 6.8, 12.2],
			"faces": {
				"north": {"uv": [0, 0, 0, 1.75], "texture": "#9"},
				"east": {"uv": [3, 11.5, 4, 13.25], "texture": "#9"},
				"south": {"uv": [0, 0, 0, 1.75], "texture": "#9"},
				"west": {"uv": [11, 11.5, 12, 13.25], "texture": "#9"},
				"up": {"uv": [0, 1, 0, 0], "texture": "#9"},
				"down": {"uv": [0, 0, 0, 1], "texture": "#9"}
			}
		},
		{
			"from": [3.8, -0.2, 12.2],
			"to": [5.8, 6.8, 12.2],
			"rotation": {"angle": 0, "axis": "y", "origin": [3.8, 13, 14.9]},
			"faces": {
				"north": {"uv": [8, 0, 8.5, 1.75], "texture": "#9"},
				"east": {"uv": [0, 0, 0, 1.75], "texture": "#9"},
				"south": {"uv": [8.5, 3, 9, 4.75], "texture": "#9"},
				"west": {"uv": [0, 0, 0, 1.75], "texture": "#9"},
				"up": {"uv": [0.5, 0, 0, 0], "texture": "#9"},
				"down": {"uv": [0.5, 0, 0, 0], "texture": "#9"}
			}
		},
		{
			"from": [3.8, -5.2, 7.8],
			"to": [8, -3.2, 7.8],
			"rotation": {"angle": 0, "axis": "y", "origin": [-1.2, 13, 9.9]},
			"faces": {
				"north": {"uv": [13.5, 4, 14.5, 4.5], "texture": "#9"},
				"east": {"uv": [0, 0, 0, 0.5], "texture": "#9"},
				"south": {"uv": [13.5, 4.5, 14.5, 5], "texture": "#9"},
				"west": {"uv": [0, 0, 0, 0.5], "texture": "#9"},
				"up": {"uv": [1, 0, 0, 0], "texture": "#9"},
				"down": {"uv": [1, 0, 0, 0], "texture": "#9"}
			}
		},
		{
			"from": [3.8, 6.8, 7.8],
			"to": [12.2, 6.8, 12.2],
			"rotation": {"angle": 0, "axis": "y", "origin": [10.1, 10.3, 7.8]},
			"faces": {
				"north": {"uv": [0, 0, 2, 0], "texture": "#9"},
				"east": {"uv": [0, 0, 1, 0], "texture": "#9"},
				"south": {"uv": [0, 0, 2, 0], "texture": "#9"},
				"west": {"uv": [0, 0, 1, 0], "texture": "#9"},
				"up": {"uv": [13, 11.5, 11, 10.5], "texture": "#9"},
				"down": {"uv": [2, 11.5, 0, 12.5], "texture": "#9"}
			}
		},
		{
			"from": [8, 0.8, 12.2],
			"to": [10.2, 6.8, 12.2],
			"rotation": {"angle": 0, "axis": "y", "origin": [3.8, 13, 14.9]},
			"faces": {
				"north": {"uv": [13, 12.5, 13.5, 14], "texture": "#9"},
				"east": {"uv": [0, 0, 0, 1.5], "texture": "#9"},
				"south": {"uv": [2, 13.25, 2.5, 14.75], "texture": "#9"},
				"west": {"uv": [0, 0, 0, 1.5], "texture": "#9"},
				"up": {"uv": [0.5, 0, 0, 0], "texture": "#9"},
				"down": {"uv": [0.5, 0, 0, 0], "texture": "#9"}
			}
		},
		{
			"from": [10.2, -0.2, 12.2],
			"to": [12.2, 6.8, 12.2],
			"rotation": {"angle": 0, "axis": "y", "origin": [3.8, 13, 14.9]},
			"faces": {
				"north": {"uv": [13, 3, 13.5, 4.75], "texture": "#9"},
				"east": {"uv": [0, 0, 0, 1.75], "texture": "#9"},
				"south": {"uv": [13, 4.75, 13.5, 6.5], "texture": "#9"},
				"west": {"uv": [0, 0, 0, 1.75], "texture": "#9"},
				"up": {"uv": [0.5, 0, 0, 0], "texture": "#9"},
				"down": {"uv": [0.5, 0, 0, 0], "texture": "#9"}
			}
		},
		{
			"from": [12.2, -0.2, 7.8],
			"to": [12.2, 6.8, 12.2],
			"faces": {
				"north": {"uv": [0, 0, 0, 1.75], "texture": "#9"},
				"east": {"uv": [12, 2, 13, 3.75], "texture": "#9"},
				"south": {"uv": [0, 0, 0, 1.75], "texture": "#9"},
				"west": {"uv": [12, 3.75, 13, 5.5], "texture": "#9"},
				"up": {"uv": [0, 1, 0, 0], "texture": "#9"},
				"down": {"uv": [0, 0, 0, 1], "texture": "#9"}
			}
		},
		{
			"from": [8, -0.2, 7.8],
			"to": [12.2, 6.8, 7.8],
			"rotation": {"angle": 0, "axis": "y", "origin": [-1.2, 13, 9.9]},
			"faces": {
				"north": {"uv": [12, 5.5, 13, 7.25], "texture": "#9"},
				"east": {"uv": [0, 0, 0, 1.75], "texture": "#9"},
				"south": {"uv": [7, 12, 8, 13.75], "texture": "#9"},
				"west": {"uv": [0, 0, 0, 1.75], "texture": "#9"},
				"up": {"uv": [1, 0, 0, 0], "texture": "#9"},
				"down": {"uv": [1, 0, 0, 0], "texture": "#9"}
			}
		},
		{
			"from": [12.2, -5.2, 7.8],
			"to": [12.2, -3.2, 12.2],
			"faces": {
				"north": {"uv": [0, 0, 0, 0.5], "texture": "#9"},
				"east": {"uv": [4.75, 13.5, 5.75, 14], "texture": "#9"},
				"south": {"uv": [0, 0, 0, 0.5], "texture": "#9"},
				"west": {"uv": [13.5, 5, 14.5, 5.5], "texture": "#9"},
				"up": {"uv": [0, 1, 0, 0], "texture": "#9"},
				"down": {"uv": [0, 0, 0, 1], "texture": "#9"}
			}
		},
		{
			"from": [7.7, -5.2, 12.2],
			"to": [12.2, -3.2, 12.2],
			"rotation": {"angle": 0, "axis": "y", "origin": [3.8, 13, 14.9]},
			"faces": {
				"north": {"uv": [2.5, 13.25, 3.75, 13.75], "texture": "#9"},
				"east": {"uv": [0, 0, 0, 0.5], "texture": "#9"},
				"south": {"uv": [0, 13.5, 1.25, 14], "texture": "#9"},
				"west": {"uv": [0, 0, 0, 0.5], "texture": "#9"},
				"up": {"uv": [1.25, 0, 0, 0], "texture": "#9"},
				"down": {"uv": [1.25, 0, 0, 0], "texture": "#9"}
			}
		},
		{
			"from": [8, -5.2, 7.8],
			"to": [12.2, -3.2, 7.8],
			"rotation": {"angle": 0, "axis": "y", "origin": [-1.2, 13, 9.9]},
			"faces": {
				"north": {"uv": [13.5, 5.5, 14.5, 6], "texture": "#9"},
				"east": {"uv": [0, 0, 0, 0.5], "texture": "#9"},
				"south": {"uv": [5.75, 13.5, 6.75, 14], "texture": "#9"},
				"west": {"uv": [0, 0, 0, 0.5], "texture": "#9"},
				"up": {"uv": [1, 0, 0, 0], "texture": "#9"},
				"down": {"uv": [1, 0, 0, 0], "texture": "#9"}
			}
		}
	],
	"display": {
		"thirdperson_righthand": {
			"rotation": [67, 180, 0],
			"translation": [0, 0.25, 2.25],
			"scale": [0.25, 0.25, 0.25]
		},
		"thirdperson_lefthand": {
			"rotation": [67, 180, 0],
			"translation": [0, 0.25, 2.25],
			"scale": [0.25, 0.25, 0.25]
		},
		"firstperson_righthand": {
			"rotation": [0, -45, 0],
			"translation": [3.25, 1.25, 0],
			"scale": [0.3, 0.3, 0.3]
		},
		"firstperson_lefthand": {
			"rotation": [0, -45, 0],
			"translation": [3.25, 1.25, 0],
			"scale": [0.3, 0.3, 0.3]
		},
		"ground": {
			"rotation": [-90, 0, 90],
			"translation": [0, -3.25, 0]
		},
		"gui": {
			"translation": [0, -1.5, 0],
			"scale": [0.5, 0.5, 0.5]
		},
		"head": {
			"rotation": [0, 180, 0],
			"translation": [0, -24, 3],
			"scale": [1.6, 1.6, 1.6]
		},
		"fixed": {
			"rotation": [-90, 180, 0],
			"translation": [0, 0, -11.75]
		}
	},
	"groups": [
		{
			"name": "vnitrek",
			"origin": [0, 0, 0],
			"color": 0,
			"children": [0, 1, 2, 3, 4, 5]
		},
		{
			"name": "venek",
			"origin": [8, 8, 8],
			"color": 0,
			"children": [
				{
					"name": "hlava",
					"origin": [3.8, 23, -1.1],
					"color": 0,
					"children": [6, 7, 8, 9, 10, 11, 12, 13, 14, 15, 16]
				},
				{
					"name": "telo",
					"origin": [3.8, 13, 14.9],
					"color": 0,
					"children": [17, 18, 19, 20, 21, 22, 23, 24, 25, 26, 27, 28, 29, 30, 31, 32, 33, 34, 35, 36, 37, 38, 39, 40, 41, 42, 43]
				},
				{
					"name": "prava",
					"origin": [3.8, 13, 14.9],
					"color": 0,
					"children": [44, 45, 46, 47, 48, 49, 50, 51, 52, 53, 54, 55, 56, 57, 58]
				},
				{
					"name": "leva",
					"origin": [12.2, 13, 14.9],
					"color": 0,
					"children": [59, 60, 61, 62, 63, 64, 65, 66, 67, 68, 69, 70, 71, 72, 73]
				},
				{
					"name": "roha",
					"origin": [-1.2, 13, 9.9],
					"color": 0,
					"children": [74, 75, 76, 77, 78, 79, 80, 81]
				},
				{
					"name": "loha",
					"origin": [3.8, 13, 14.9],
					"color": 0,
					"children": [82, 83, 84, 85, 86, 87, 88]
				}
			]
		}
	]
}