{
	"credit": "Made with Blockbench",
	"texture_size": [64, 64],
	"textures": {
		"0": "itemy:item/sroubovak_placatej",
		"particle": "itemy:item/sroubovak_placatej"
	},
	"elements": [
		{
			"from": [4, -10, 4],
			"to": [13, 9, 13],
			"rotation": {"angle": 0, "axis": "z", "origin": [8, 2.5, 8.5]},
			"faces": {
				"north": {"uv": [0, 0, 2.25, 4.75], "texture": "#0"},
				"east": {"uv": [2.25, 0, 4.5, 4.75], "texture": "#0"},
				"south": {"uv": [4.5, 0, 6.75, 4.75], "texture": "#0"},
				"west": {"uv": [0, 4.75, 2.25, 9.5], "texture": "#0"},
				"up": {"uv": [4.5, 7, 2.25, 4.75], "texture": "#0"},
				"down": {"uv": [6.75, 4.75, 4.5, 7], "texture": "#0"}
			}
		},
		{
			"from": [7, 11, 7],
			"to": [10, 29, 10],
			"faces": {
				"north": {"uv": [6.75, 0, 7.5, 4.5], "texture": "#0"},
				"east": {"uv": [6.75, 4.5, 7.5, 9], "texture": "#0"},
				"south": {"uv": [2.25, 7, 3, 11.5], "texture": "#0"},
				"west": {"uv": [3, 7, 3.75, 11.5], "texture": "#0"},
				"up": {"uv": [10, 3, 9.25, 2.25], "texture": "#0"},
				"down": {"uv": [5, 9.25, 4.25, 10], "texture": "#0"}
			}
		},
		{
			"from": [6, 9, 4],
			"to": [11, 11, 13],
			"faces": {
				"north": {"uv": [7.5, 6.5, 8.75, 7], "texture": "#0"},
				"east": {"uv": [7.5, 4.5, 9.75, 5], "texture": "#0"},
				"south": {"uv": [7.5, 7, 8.75, 7.5], "texture": "#0"},
				"west": {"uv": [7.5, 5, 9.75, 5.5], "texture": "#0"},
				"up": {"uv": [5, 9.25, 3.75, 7], "texture": "#0"},
				"down": {"uv": [6.25, 7, 5, 9.25], "texture": "#0"}
			}
		},
		{
			"from": [11, 9, 6],
			"to": [13, 11, 11],
			"faces": {
				"north": {"uv": [5.75, 9.25, 6.25, 9.75], "texture": "#0"},
				"east": {"uv": [7.5, 7.5, 8.75, 8], "texture": "#0"},
				"south": {"uv": [9.25, 7.25, 9.75, 7.75], "texture": "#0"},
				"west": {"uv": [7.5, 8, 8.75, 8.5], "texture": "#0"},
				"up": {"uv": [6.75, 8.25, 6.25, 7], "texture": "#0"},
				"down": {"uv": [6.75, 8.25, 6.25, 9.5], "texture": "#0"}
			}
		},
		{
			"from": [4, 9, 6],
			"to": [6, 11, 11],
			"faces": {
				"north": {"uv": [9.25, 7.75, 9.75, 8.25], "texture": "#0"},
				"east": {"uv": [7.5, 8.5, 8.75, 9], "texture": "#0"},
				"south": {"uv": [9.25, 8.25, 9.75, 8.75], "texture": "#0"},
				"west": {"uv": [8.75, 0, 10, 0.5], "texture": "#0"},
				"up": {"uv": [9.25, 1.75, 8.75, 0.5], "texture": "#0"},
				"down": {"uv": [9.25, 1.75, 8.75, 3], "texture": "#0"}
			}
		},
		{
			"from": [7, 29, 9],
			"to": [10, 30, 10],
			"faces": {
				"north": {"uv": [7, 9.5, 7.75, 9.75], "texture": "#0"},
				"east": {"uv": [9.75, 2, 10, 2.25], "texture": "#0"},
				"south": {"uv": [7.75, 9.5, 8.5, 9.75], "texture": "#0"},
				"west": {"uv": [9.75, 4.5, 10, 4.75], "texture": "#0"},
				"up": {"uv": [9.25, 9.75, 8.5, 9.5], "texture": "#0"},
				"down": {"uv": [10.5, 1, 9.75, 1.25], "texture": "#0"}
			}
		},
		{
			"from": [7, 29, 8],
			"to": [10, 32, 9],
			"faces": {
				"north": {"uv": [5, 9.25, 5.75, 10], "texture": "#0"},
				"east": {"uv": [1, 9.5, 1.25, 10.25], "texture": "#0"},
				"south": {"uv": [9.25, 6.5, 10, 7.25], "texture": "#0"},
				"west": {"uv": [1.25, 9.5, 1.5, 10.25], "texture": "#0"},
				"up": {"uv": [2.25, 9.75, 1.5, 9.5], "texture": "#0"},
				"down": {"uv": [7, 9.5, 6.25, 9.75], "texture": "#0"}
			}
		},
		{
			"from": [7, 29, 7],
			"to": [10, 30, 8],
			"faces": {
				"north": {"uv": [9.75, 1.25, 10.5, 1.5], "texture": "#0"},
				"east": {"uv": [9.75, 4.75, 10, 5], "texture": "#0"},
				"south": {"uv": [1.5, 9.75, 2.25, 10], "texture": "#0"},
				"west": {"uv": [9.75, 5, 10, 5.25], "texture": "#0"},
				"up": {"uv": [10.5, 1.75, 9.75, 1.5], "texture": "#0"},
				"down": {"uv": [10.5, 1.75, 9.75, 2], "texture": "#0"}
			}
		},
		{
			"from": [11, -12, 6],
			"to": [13, -10, 11],
			"faces": {
				"north": {"uv": [9.25, 8.75, 9.75, 9.25], "texture": "#0"},
				"east": {"uv": [8.75, 3, 10, 3.5], "texture": "#0"},
				"south": {"uv": [9.25, 9.25, 9.75, 9.75], "texture": "#0"},
				"west": {"uv": [8.75, 3.5, 10, 4], "texture": "#0"},
				"up": {"uv": [9.25, 7.75, 8.75, 6.5], "texture": "#0"},
				"down": {"uv": [9.25, 7.75, 8.75, 9], "texture": "#0"}
			}
		},
		{
			"from": [6, -12, 4],
			"to": [11, -10, 13],
			"faces": {
				"north": {"uv": [8.75, 4, 10, 4.5], "texture": "#0"},
				"east": {"uv": [7.5, 5.5, 9.75, 6], "texture": "#0"},
				"south": {"uv": [6.75, 9, 8, 9.5], "texture": "#0"},
				"west": {"uv": [7.5, 6, 9.75, 6.5], "texture": "#0"},
				"up": {"uv": [8.75, 2.25, 7.5, 0], "texture": "#0"},
				"down": {"uv": [8.75, 2.25, 7.5, 4.5], "texture": "#0"}
			}
		},
		{
			"from": [4, -12, 6],
			"to": [6, -10, 11],
			"faces": {
				"north": {"uv": [0, 9.5, 0.5, 10], "texture": "#0"},
				"east": {"uv": [8, 9, 9.25, 9.5], "texture": "#0"},
				"south": {"uv": [0.5, 9.5, 1, 10], "texture": "#0"},
				"west": {"uv": [9.25, 0.5, 10.5, 1], "texture": "#0"},
				"up": {"uv": [9.75, 2.25, 9.25, 1], "texture": "#0"},
				"down": {"uv": [4.25, 9.25, 3.75, 10.5], "texture": "#0"}
			}
		}
	],
	"display": {
		"thirdperson_righthand": {
			"rotation": [13, 0, 0],
			"translation": [0, 0.75, 0],
			"scale": [0.15, 0.2, 0.15]
		},
		"thirdperson_lefthand": {
			"rotation": [13, 0, 0],
			"translation": [0, 0.75, 0],
			"scale": [0.15, 0.2, 0.15]
		},
		"firstperson_righthand": {
			"rotation": [-13, 25, 0],
			"translation": [0, 2, 0],
			"scale": [0.15, 0.2, 0.15]
		},
		"firstperson_lefthand": {
			"rotation": [-13, 25, 0],
			"translation": [0, 2, 0],
			"scale": [0.15, 0.2, 0.15]
		},
		"ground": {
			"rotation": [-13, 0, 0],
			"translation": [0, 2, 0],
			"scale": [0.2, 0.3, 0.2]
		},
		"gui": {
			"rotation": [0, 0, -38],
			"translation": [0, 0, -2],
			"scale": [0.35, 0.4, 0.3]
		},
		"head": {
			"rotation": [-90, 0, 0],
			"translation": [-0.25, -2.25, -8.25],
			"scale": [0.3, 0.4, 0.3]
		},
		"fixed": {
			"translation": [0, -0.25, -1.5],
			"scale": [0.2, 0.3, 0.2]
		}
	}
}