{
	"credit": "Made with Blockbench",
	"texture_size": [64, 64],
	"textures": {
		"2": "deskovky:item/dama-cerna"
	},
	"elements": [
		{
			"from": [-2, 0, 5],
			"to": [18, 3, 11],
			"rotation": {"angle": 0, "axis": "y", "origin": [11.25, 0.5, 3.25]},
			"faces": {
				"north": {"uv": [0, 3, 5, 3.75], "texture": "#2"},
				"east": {"uv": [9, 1.5, 10.5, 2.25], "texture": "#2"},
				"south": {"uv": [0, 3.75, 5, 4.5], "texture": "#2"},
				"west": {"uv": [9, 2.25, 10.5, 3], "texture": "#2"},
				"up": {"uv": [5, 1.5, 0, 0], "texture": "#2"},
				"down": {"uv": [5, 1.5, 0, 3], "texture": "#2"}
			}
		},
		{
			"from": [5, 0, -2],
			"to": [11, 3, -1],
			"rotation": {"angle": 0, "axis": "y", "origin": [11.25, 0.5, 3.25]},
			"faces": {
				"north": {"uv": [7.5, 8.5, 9, 9.25], "texture": "#2"},
				"east": {"uv": [7, 9.5, 7.25, 10.25], "texture": "#2"},
				"south": {"uv": [8.5, 7.75, 10, 8.5], "texture": "#2"},
				"west": {"uv": [7.25, 9.5, 7.5, 10.25], "texture": "#2"},
				"up": {"uv": [11, 1.25, 9.5, 1], "texture": "#2"},
				"down": {"uv": [11, 1.25, 9.5, 1.5], "texture": "#2"}
			}
		},
		{
			"from": [3, 0, -1],
			"to": [13, 3, 0],
			"rotation": {"angle": 0, "axis": "y", "origin": [11.25, 0.5, 3.25]},
			"faces": {
				"north": {"uv": [6, 7.75, 8.5, 8.5], "texture": "#2"},
				"east": {"uv": [7.5, 9.5, 7.75, 10.25], "texture": "#2"},
				"south": {"uv": [0, 8.5, 2.5, 9.25], "texture": "#2"},
				"west": {"uv": [7.75, 9.5, 8, 10.25], "texture": "#2"},
				"up": {"uv": [8.5, 9.5, 6, 9.25], "texture": "#2"},
				"down": {"uv": [11, 9.25, 8.5, 9.5], "texture": "#2"}
			}
		},
		{
			"from": [2, 0, 0],
			"to": [14, 3, 1],
			"rotation": {"angle": 0, "axis": "y", "origin": [11.25, 0.5, 3.25]},
			"faces": {
				"north": {"uv": [7, 5.25, 10, 6], "texture": "#2"},
				"east": {"uv": [8, 9.5, 8.25, 10.25], "texture": "#2"},
				"south": {"uv": [7, 6, 10, 6.75], "texture": "#2"},
				"west": {"uv": [8.25, 9.5, 8.5, 10.25], "texture": "#2"},
				"up": {"uv": [12, 9, 9, 8.75], "texture": "#2"},
				"down": {"uv": [12, 9, 9, 9.25], "texture": "#2"}
			}
		},
		{
			"from": [1, 0, 1],
			"to": [15, 3, 2],
			"rotation": {"angle": 0, "axis": "y", "origin": [11.25, 0.5, 3.25]},
			"faces": {
				"north": {"uv": [0, 5.25, 3.5, 6], "texture": "#2"},
				"east": {"uv": [8.5, 9.5, 8.75, 10.25], "texture": "#2"},
				"south": {"uv": [3.5, 5.25, 7, 6], "texture": "#2"},
				"west": {"uv": [8.75, 9.5, 9, 10.25], "texture": "#2"},
				"up": {"uv": [12.5, 7.25, 9, 7], "texture": "#2"},
				"down": {"uv": [12.5, 7.25, 9, 7.5], "texture": "#2"}
			}
		},
		{
			"from": [0, 0, 2],
			"to": [16, 3, 3],
			"rotation": {"angle": 0, "axis": "y", "origin": [11.25, 0.5, 3.25]},
			"faces": {
				"north": {"uv": [5, 1.5, 9, 2.25], "texture": "#2"},
				"east": {"uv": [9, 9.5, 9.25, 10.25], "texture": "#2"},
				"south": {"uv": [5, 2.25, 9, 3], "texture": "#2"},
				"west": {"uv": [9.25, 9.5, 9.5, 10.25], "texture": "#2"},
				"up": {"uv": [13, 4.75, 9, 4.5], "texture": "#2"},
				"down": {"uv": [13, 4.75, 9, 5], "texture": "#2"}
			}
		},
		{
			"from": [-1, 0, 3],
			"to": [17, 3, 5],
			"rotation": {"angle": 0, "axis": "y", "origin": [11.25, 0.5, 3.25]},
			"faces": {
				"north": {"uv": [5, 0, 9.5, 0.75], "texture": "#2"},
				"east": {"uv": [3, 9.5, 3.5, 10.25], "texture": "#2"},
				"south": {"uv": [5, 0.75, 9.5, 1.5], "texture": "#2"},
				"west": {"uv": [3.5, 9.5, 4, 10.25], "texture": "#2"},
				"up": {"uv": [4.5, 7.75, 0, 7.25], "texture": "#2"},
				"down": {"uv": [9, 7.25, 4.5, 7.75], "texture": "#2"}
			}
		},
		{
			"from": [-1, 0, 11],
			"to": [17, 3, 13],
			"rotation": {"angle": 0, "axis": "y", "origin": [11.25, 0.5, 3.25]},
			"faces": {
				"north": {"uv": [0, 4.5, 4.5, 5.25], "texture": "#2"},
				"east": {"uv": [9.5, 0.25, 10, 1], "texture": "#2"},
				"south": {"uv": [4.5, 4.5, 9, 5.25], "texture": "#2"},
				"west": {"uv": [2.5, 9.5, 3, 10.25], "texture": "#2"},
				"up": {"uv": [4.5, 7.25, 0, 6.75], "texture": "#2"},
				"down": {"uv": [9, 6.75, 4.5, 7.25], "texture": "#2"}
			}
		},
		{
			"from": [0, 0, 13],
			"to": [16, 3, 14],
			"rotation": {"angle": 0, "axis": "y", "origin": [11.25, 0.5, 3.25]},
			"faces": {
				"north": {"uv": [5, 3, 9, 3.75], "texture": "#2"},
				"east": {"uv": [9.5, 9.5, 9.75, 10.25], "texture": "#2"},
				"south": {"uv": [5, 3.75, 9, 4.5], "texture": "#2"},
				"west": {"uv": [0, 9.75, 0.25, 10.5], "texture": "#2"},
				"up": {"uv": [13, 5.25, 9, 5], "texture": "#2"},
				"down": {"uv": [13, 6.75, 9, 7], "texture": "#2"}
			}
		},
		{
			"from": [1, 0, 14],
			"to": [15, 3, 15],
			"rotation": {"angle": 0, "axis": "y", "origin": [11.25, 0.5, 3.25]},
			"faces": {
				"north": {"uv": [0, 6, 3.5, 6.75], "texture": "#2"},
				"east": {"uv": [0.25, 9.75, 0.5, 10.5], "texture": "#2"},
				"south": {"uv": [3.5, 6, 7, 6.75], "texture": "#2"},
				"west": {"uv": [0.5, 9.75, 0.75, 10.5], "texture": "#2"},
				"up": {"uv": [12.5, 7.75, 9, 7.5], "texture": "#2"},
				"down": {"uv": [12.5, 8.5, 9, 8.75], "texture": "#2"}
			}
		},
		{
			"from": [2, 0, 15],
			"to": [14, 3, 16],
			"rotation": {"angle": 0, "axis": "y", "origin": [11.25, 0.5, 3.25]},
			"faces": {
				"north": {"uv": [0, 7.75, 3, 8.5], "texture": "#2"},
				"east": {"uv": [0.75, 9.75, 1, 10.5], "texture": "#2"},
				"south": {"uv": [3, 7.75, 6, 8.5], "texture": "#2"},
				"west": {"uv": [1, 9.75, 1.25, 10.5], "texture": "#2"},
				"up": {"uv": [3, 9.5, 0, 9.25], "texture": "#2"},
				"down": {"uv": [6, 9.25, 3, 9.5], "texture": "#2"}
			}
		},
		{
			"from": [3, 0, 16],
			"to": [13, 3, 17],
			"rotation": {"angle": 0, "axis": "y", "origin": [11.25, 0.5, 3.25]},
			"faces": {
				"north": {"uv": [2.5, 8.5, 5, 9.25], "texture": "#2"},
				"east": {"uv": [1.25, 9.75, 1.5, 10.5], "texture": "#2"},
				"south": {"uv": [5, 8.5, 7.5, 9.25], "texture": "#2"},
				"west": {"uv": [1.5, 9.75, 1.75, 10.5], "texture": "#2"},
				"up": {"uv": [2.5, 9.75, 0, 9.5], "texture": "#2"},
				"down": {"uv": [12, 0, 9.5, 0.25], "texture": "#2"}
			}
		},
		{
			"from": [5, 0, 17],
			"to": [11, 3, 18],
			"rotation": {"angle": 0, "axis": "y", "origin": [11.5, 0.5, 9.5]},
			"faces": {
				"north": {"uv": [9, 3, 10.5, 3.75], "texture": "#2"},
				"east": {"uv": [1.75, 9.75, 2, 10.5], "texture": "#2"},
				"south": {"uv": [9, 3.75, 10.5, 4.5], "texture": "#2"},
				"west": {"uv": [2, 9.75, 2.25, 10.5], "texture": "#2"},
				"up": {"uv": [5.5, 9.75, 4, 9.5], "texture": "#2"},
				"down": {"uv": [7, 9.5, 5.5, 9.75], "texture": "#2"}
			}
		},
		{
			"from": [-1, 3, 6],
			"to": [19, 6, 12],
			"rotation": {"angle": 22.5, "axis": "y", "origin": [8, 4.5, 8]},
			"faces": {
				"north": {"uv": [0, 3, 5, 3.75], "texture": "#2"},
				"east": {"uv": [9, 1.5, 10.5, 2.25], "texture": "#2"},
				"south": {"uv": [0, 3.75, 5, 4.5], "texture": "#2"},
				"west": {"uv": [9, 2.25, 10.5, 3], "texture": "#2"},
				"up": {"uv": [5, 1.5, 0, 0], "texture": "#2"},
				"down": {"uv": [5, 1.5, 0, 3], "texture": "#2"}
			}
		},
		{
			"from": [6, 3, -1],
			"to": [12, 6, 0],
			"rotation": {"angle": 22.5, "axis": "y", "origin": [8, 4.5, 8]},
			"faces": {
				"north": {"uv": [7.5, 8.5, 9, 9.25], "texture": "#2"},
				"east": {"uv": [7, 9.5, 7.25, 10.25], "texture": "#2"},
				"south": {"uv": [8.5, 7.75, 10, 8.5], "texture": "#2"},
				"west": {"uv": [7.25, 9.5, 7.5, 10.25], "texture": "#2"},
				"up": {"uv": [11, 1.25, 9.5, 1], "texture": "#2"},
				"down": {"uv": [11, 1.25, 9.5, 1.5], "texture": "#2"}
			}
		},
		{
			"from": [4, 3, 0],
			"to": [14, 6, 1],
			"rotation": {"angle": 22.5, "axis": "y", "origin": [8, 4.5, 8]},
			"faces": {
				"north": {"uv": [6, 7.75, 8.5, 8.5], "texture": "#2"},
				"east": {"uv": [7.5, 9.5, 7.75, 10.25], "texture": "#2"},
				"south": {"uv": [0, 8.5, 2.5, 9.25], "texture": "#2"},
				"west": {"uv": [7.75, 9.5, 8, 10.25], "texture": "#2"},
				"up": {"uv": [8.5, 9.5, 6, 9.25], "texture": "#2"},
				"down": {"uv": [11, 9.25, 8.5, 9.5], "texture": "#2"}
			}
		},
		{
			"from": [3, 3, 1],
			"to": [15, 6, 2],
			"rotation": {"angle": 22.5, "axis": "y", "origin": [8, 4.5, 8]},
			"faces": {
				"north": {"uv": [7, 5.25, 10, 6], "texture": "#2"},
				"east": {"uv": [8, 9.5, 8.25, 10.25], "texture": "#2"},
				"south": {"uv": [7, 6, 10, 6.75], "texture": "#2"},
				"west": {"uv": [8.25, 9.5, 8.5, 10.25], "texture": "#2"},
				"up": {"uv": [12, 9, 9, 8.75], "texture": "#2"},
				"down": {"uv": [12, 9, 9, 9.25], "texture": "#2"}
			}
		},
		{
			"from": [2, 3, 2],
			"to": [16, 6, 3],
			"rotation": {"angle": 22.5, "axis": "y", "origin": [8, 4.5, 8]},
			"faces": {
				"north": {"uv": [0, 5.25, 3.5, 6], "texture": "#2"},
				"east": {"uv": [8.5, 9.5, 8.75, 10.25], "texture": "#2"},
				"south": {"uv": [3.5, 5.25, 7, 6], "texture": "#2"},
				"west": {"uv": [8.75, 9.5, 9, 10.25], "texture": "#2"},
				"up": {"uv": [12.5, 7.25, 9, 7], "texture": "#2"},
				"down": {"uv": [12.5, 7.25, 9, 7.5], "texture": "#2"}
			}
		},
		{
			"from": [1, 3, 3],
			"to": [17, 6, 4],
			"rotation": {"angle": 22.5, "axis": "y", "origin": [8, 4.5, 8]},
			"faces": {
				"north": {"uv": [5, 1.5, 9, 2.25], "texture": "#2"},
				"east": {"uv": [9, 9.5, 9.25, 10.25], "texture": "#2"},
				"south": {"uv": [5, 2.25, 9, 3], "texture": "#2"},
				"west": {"uv": [9.25, 9.5, 9.5, 10.25], "texture": "#2"},
				"up": {"uv": [13, 4.75, 9, 4.5], "texture": "#2"},
				"down": {"uv": [13, 4.75, 9, 5], "texture": "#2"}
			}
		},
		{
			"from": [0, 3, 4],
			"to": [18, 6, 6],
			"rotation": {"angle": 22.5, "axis": "y", "origin": [8, 4.5, 8]},
			"faces": {
				"north": {"uv": [5, 0, 9.5, 0.75], "texture": "#2"},
				"east": {"uv": [3, 9.5, 3.5, 10.25], "texture": "#2"},
				"south": {"uv": [5, 0.75, 9.5, 1.5], "texture": "#2"},
				"west": {"uv": [3.5, 9.5, 4, 10.25], "texture": "#2"},
				"up": {"uv": [4.5, 7.75, 0, 7.25], "texture": "#2"},
				"down": {"uv": [9, 7.25, 4.5, 7.75], "texture": "#2"}
			}
		},
		{
			"from": [0, 3, 12],
			"to": [18, 6, 14],
			"rotation": {"angle": 22.5, "axis": "y", "origin": [8, 4.5, 8]},
			"faces": {
				"north": {"uv": [0, 4.5, 4.5, 5.25], "texture": "#2"},
				"east": {"uv": [9.5, 0.25, 10, 1], "texture": "#2"},
				"south": {"uv": [4.5, 4.5, 9, 5.25], "texture": "#2"},
				"west": {"uv": [2.5, 9.5, 3, 10.25], "texture": "#2"},
				"up": {"uv": [4.5, 7.25, 0, 6.75], "texture": "#2"},
				"down": {"uv": [9, 6.75, 4.5, 7.25], "texture": "#2"}
			}
		},
		{
			"from": [1, 3, 14],
			"to": [17, 6, 15],
			"rotation": {"angle": 22.5, "axis": "y", "origin": [8, 4.5, 8]},
			"faces": {
				"north": {"uv": [5, 3, 9, 3.75], "texture": "#2"},
				"east": {"uv": [9.5, 9.5, 9.75, 10.25], "texture": "#2"},
				"south": {"uv": [5, 3.75, 9, 4.5], "texture": "#2"},
				"west": {"uv": [0, 9.75, 0.25, 10.5], "texture": "#2"},
				"up": {"uv": [13, 5.25, 9, 5], "texture": "#2"},
				"down": {"uv": [13, 6.75, 9, 7], "texture": "#2"}
			}
		},
		{
			"from": [2, 3, 15],
			"to": [16, 6, 16],
			"rotation": {"angle": 22.5, "axis": "y", "origin": [8, 4.5, 8]},
			"faces": {
				"north": {"uv": [0, 6, 3.5, 6.75], "texture": "#2"},
				"east": {"uv": [0.25, 9.75, 0.5, 10.5], "texture": "#2"},
				"south": {"uv": [3.5, 6, 7, 6.75], "texture": "#2"},
				"west": {"uv": [0.5, 9.75, 0.75, 10.5], "texture": "#2"},
				"up": {"uv": [12.5, 7.75, 9, 7.5], "texture": "#2"},
				"down": {"uv": [12.5, 8.5, 9, 8.75], "texture": "#2"}
			}
		},
		{
			"from": [3, 3, 16],
			"to": [15, 6, 17],
			"rotation": {"angle": 22.5, "axis": "y", "origin": [8, 4.5, 8]},
			"faces": {
				"north": {"uv": [0, 7.75, 3, 8.5], "texture": "#2"},
				"east": {"uv": [0.75, 9.75, 1, 10.5], "texture": "#2"},
				"south": {"uv": [3, 7.75, 6, 8.5], "texture": "#2"},
				"west": {"uv": [1, 9.75, 1.25, 10.5], "texture": "#2"},
				"up": {"uv": [3, 9.5, 0, 9.25], "texture": "#2"},
				"down": {"uv": [6, 9.25, 3, 9.5], "texture": "#2"}
			}
		},
		{
			"from": [4, 3, 17],
			"to": [14, 6, 18],
			"rotation": {"angle": 22.5, "axis": "y", "origin": [8, 4.5, 8]},
			"faces": {
				"north": {"uv": [2.5, 8.5, 5, 9.25], "texture": "#2"},
				"east": {"uv": [1.25, 9.75, 1.5, 10.5], "texture": "#2"},
				"south": {"uv": [5, 8.5, 7.5, 9.25], "texture": "#2"},
				"west": {"uv": [1.5, 9.75, 1.75, 10.5], "texture": "#2"},
				"up": {"uv": [2.5, 9.75, 0, 9.5], "texture": "#2"},
				"down": {"uv": [12, 0, 9.5, 0.25], "texture": "#2"}
			}
		},
		{
			"from": [6, 3, 18],
			"to": [12, 6, 19],
			"rotation": {"angle": 22.5, "axis": "y", "origin": [8, 4.5, 8]},
			"faces": {
				"north": {"uv": [9, 3, 10.5, 3.75], "texture": "#2"},
				"east": {"uv": [1.75, 9.75, 2, 10.5], "texture": "#2"},
				"south": {"uv": [9, 3.75, 10.5, 4.5], "texture": "#2"},
				"west": {"uv": [2, 9.75, 2.25, 10.5], "texture": "#2"},
				"up": {"uv": [5.5, 9.75, 4, 9.5], "texture": "#2"},
				"down": {"uv": [7, 9.5, 5.5, 9.75], "texture": "#2"}
			}
		}
	],
	"display": {
		"thirdperson_righthand": {
			"rotation": [45, 0, 0],
			"translation": [-0.25, -0.5, 0.25],
			"scale": [0.25, 0.25, 0.25]
		},
		"thirdperson_lefthand": {
			"rotation": [45, 0, 0],
			"translation": [0.25, 0, 0.25],
			"scale": [0.25, 0.25, 0.25]
		},
		"firstperson_righthand": {
			"rotation": [1, 8, 11],
			"translation": [-0.75, 5.5, 2.75],
			"scale": [0.25, 0.25, 0.25]
		},
		"firstperson_lefthand": {
			"rotation": [1, 8, 11],
			"translation": [-0.75, 5.5, 2.75],
			"scale": [0.25, 0.25, 0.25]
		},
		"ground": {
			"scale": [0.25, 0.25, 0.25]
		},
		"gui": {
			"rotation": [25, 0, 0],
			"translation": [0, 1.5, 0],
			"scale": [0.5, 0.5, 0.5]
		},
		"head": {
			"translation": [0, 13, 0],
			"scale": [0.75, 0.75, 0.75]
		},
		"fixed": {
			"rotation": [-90, 0, 0],
			"translation": [0, 0, -7.75]
		}
	},
	"groups": [
		{
			"name": "group",
			"origin": [11.5, 0.5, 9.5],
			"color": 0,
			"children": [0, 1, 2, 3, 4, 5, 6, 7, 8, 9, 10, 11, 12]
		},
		{
			"name": "group",
			"origin": [11.5, 0.5, 9.5],
			"color": 0,
			"children": [13, 14, 15, 16, 17, 18, 19, 20, 21, 22, 23, 24, 25]
		}
	]
}