{
	"credit": "Made with Blockbench",
	"texture_size": [48, 48],
	"textures": {
		"0": "postavicky:item/dragon",
		"particle": "postavicky:item/dragon"
	},
	"elements": [
		{
			"name": "body",
			"from": [5.08, -0.64, 0.32],
			"to": [8.92, 3.2, 10.56],
			"faces": {
				"north": {"uv": [4.00052, 4.00365, 5.50052, 5.50365], "texture": "#0"},
				"east": {"uv": [0, 4.00208, 3.99896, 5.50208], "texture": "#0"},
				"south": {"uv": [9.49792, 4.00208, 10.99792, 5.50208], "texture": "#0"},
				"west": {"uv": [5.49896, 4.00208, 9.47917, 5.50208], "texture": "#0"},
				"up": {"uv": [5.50052, 4.00208, 4.00052, 0], "texture": "#0"},
				"down": {"uv": [7.00052, 0, 5.43802, 4.00208], "texture": "#0"}
			}
		},
		{
			"name": "body",
			"from": [6.84, 3.2, 1.28],
			"to": [7.16, 4.16, 3.2],
			"faces": {
				"north": {"uv": [14.5, 4.0625, 14.625, 4.4375], "texture": "#0"},
				"east": {"uv": [14.75, 4.0625, 15.5, 4.4375], "texture": "#0"},
				"south": {"uv": [14.625, 4.0625, 14.75, 4.4375], "texture": "#0"},
				"west": {"uv": [13.75, 4.0625, 14.5, 4.4375], "texture": "#0"},
				"up": {"uv": [14.625, 3.3125, 14.75, 4.0625], "texture": "#0"},
				"down": {"uv": [14.5, 3.3125, 14.625, 4.0625], "texture": "#0"}
			}
		},
		{
			"name": "body",
			"from": [6.84, 3.2, 4.48],
			"to": [7.16, 4.16, 6.4],
			"faces": {
				"north": {"uv": [14.5, 4.0625, 14.625, 4.4375], "texture": "#0"},
				"east": {"uv": [14.75, 4.0625, 15.5, 4.4375], "texture": "#0"},
				"south": {"uv": [14.625, 4.0625, 14.75, 4.4375], "texture": "#0"},
				"west": {"uv": [13.75, 4.0625, 14.5, 4.4375], "texture": "#0"},
				"up": {"uv": [14.625, 3.3125, 14.75, 4.0625], "texture": "#0"},
				"down": {"uv": [14.5, 3.3125, 14.625, 4.0625], "texture": "#0"}
			}
		},
		{
			"name": "body",
			"from": [6.84, 3.2, 7.68],
			"to": [7.16, 4.16, 9.6],
			"faces": {
				"north": {"uv": [14.5, 4.0625, 14.625, 4.4375], "texture": "#0"},
				"east": {"uv": [14.75, 4.0625, 15.5, 4.4375], "texture": "#0"},
				"south": {"uv": [14.625, 4.0625, 14.75, 4.4375], "texture": "#0"},
				"west": {"uv": [13.75, 4.0625, 14.5, 4.4375], "texture": "#0"},
				"up": {"uv": [14.625, 3.3125, 14.75, 4.0625], "texture": "#0"},
				"down": {"uv": [14.5, 3.3125, 14.625, 4.0625], "texture": "#0"}
			}
		},
		{
			"name": "tail12",
			"from": [6.84, 3.04, 28.48],
			"to": [7.16, 3.68, 29.44],
			"faces": {
				"north": {"uv": [3.375, 0.375, 3.5, 0.625], "texture": "#0"},
				"east": {"uv": [3.625, 0.375, 4, 0.625], "texture": "#0"},
				"south": {"uv": [3.5, 0.375, 3.625, 0.625], "texture": "#0"},
				"west": {"uv": [3, 0.375, 3.375, 0.625], "texture": "#0"},
				"up": {"uv": [3.5, 0, 3.625, 0.375], "texture": "#0"},
				"down": {"uv": [3.375, 0, 3.5, 0.375], "texture": "#0"}
			}
		},
		{
			"name": "tail11",
			"from": [6.84, 3.04, 26.88],
			"to": [7.16, 3.68, 27.84],
			"faces": {
				"north": {"uv": [3.375, 0.375, 3.5, 0.625], "texture": "#0"},
				"east": {"uv": [3.625, 0.375, 4, 0.625], "texture": "#0"},
				"south": {"uv": [3.5, 0.375, 3.625, 0.625], "texture": "#0"},
				"west": {"uv": [3, 0.375, 3.375, 0.625], "texture": "#0"},
				"up": {"uv": [3.5, 0, 3.625, 0.375], "texture": "#0"},
				"down": {"uv": [3.375, 0, 3.5, 0.375], "texture": "#0"}
			}
		},
		{
			"name": "tail10",
			"from": [6.84, 3.04, 25.28],
			"to": [7.16, 3.68, 26.24],
			"faces": {
				"north": {"uv": [3.375, 0.375, 3.5, 0.625], "texture": "#0"},
				"east": {"uv": [3.625, 0.375, 4, 0.625], "texture": "#0"},
				"south": {"uv": [3.5, 0.375, 3.625, 0.625], "texture": "#0"},
				"west": {"uv": [3, 0.375, 3.375, 0.625], "texture": "#0"},
				"up": {"uv": [3.5, 0, 3.625, 0.375], "texture": "#0"},
				"down": {"uv": [3.375, 0, 3.5, 0.375], "texture": "#0"}
			}
		},
		{
			"name": "tail9",
			"from": [6.84, 3.04, 23.68],
			"to": [7.16, 3.68, 24.64],
			"faces": {
				"north": {"uv": [3.375, 0.375, 3.5, 0.625], "texture": "#0"},
				"east": {"uv": [3.625, 0.375, 4, 0.625], "texture": "#0"},
				"south": {"uv": [3.5, 0.375, 3.625, 0.625], "texture": "#0"},
				"west": {"uv": [3, 0.375, 3.375, 0.625], "texture": "#0"},
				"up": {"uv": [3.5, 0, 3.625, 0.375], "texture": "#0"},
				"down": {"uv": [3.375, 0, 3.5, 0.375], "texture": "#0"}
			}
		},
		{
			"name": "tail8",
			"from": [6.84, 3.04, 22.08],
			"to": [7.16, 3.68, 23.04],
			"faces": {
				"north": {"uv": [3.375, 0.375, 3.5, 0.625], "texture": "#0"},
				"east": {"uv": [3.625, 0.375, 4, 0.625], "texture": "#0"},
				"south": {"uv": [3.5, 0.375, 3.625, 0.625], "texture": "#0"},
				"west": {"uv": [3, 0.375, 3.375, 0.625], "texture": "#0"},
				"up": {"uv": [3.5, 0, 3.625, 0.375], "texture": "#0"},
				"down": {"uv": [3.375, 0, 3.5, 0.375], "texture": "#0"}
			}
		},
		{
			"name": "tail7",
			"from": [6.84, 3.04, 20.48],
			"to": [7.16, 3.68, 21.44],
			"faces": {
				"north": {"uv": [3.375, 0.375, 3.5, 0.625], "texture": "#0"},
				"east": {"uv": [3.625, 0.375, 4, 0.625], "texture": "#0"},
				"south": {"uv": [3.5, 0.375, 3.625, 0.625], "texture": "#0"},
				"west": {"uv": [3, 0.375, 3.375, 0.625], "texture": "#0"},
				"up": {"uv": [3.5, 0, 3.625, 0.375], "texture": "#0"},
				"down": {"uv": [3.375, 0, 3.5, 0.375], "texture": "#0"}
			}
		},
		{
			"name": "tail6",
			"from": [6.84, 3.04, 18.88],
			"to": [7.16, 3.68, 19.84],
			"faces": {
				"north": {"uv": [3.375, 0.375, 3.5, 0.625], "texture": "#0"},
				"east": {"uv": [3.625, 0.375, 4, 0.625], "texture": "#0"},
				"south": {"uv": [3.5, 0.375, 3.625, 0.625], "texture": "#0"},
				"west": {"uv": [3, 0.375, 3.375, 0.625], "texture": "#0"},
				"up": {"uv": [3.5, 0, 3.625, 0.375], "texture": "#0"},
				"down": {"uv": [3.375, 0, 3.5, 0.375], "texture": "#0"}
			}
		},
		{
			"name": "tail5",
			"from": [6.84, 3.04, 17.28],
			"to": [7.16, 3.68, 18.24],
			"faces": {
				"north": {"uv": [3.375, 0.375, 3.5, 0.625], "texture": "#0"},
				"east": {"uv": [3.625, 0.375, 4, 0.625], "texture": "#0"},
				"south": {"uv": [3.5, 0.375, 3.625, 0.625], "texture": "#0"},
				"west": {"uv": [3, 0.375, 3.375, 0.625], "texture": "#0"},
				"up": {"uv": [3.5, 0, 3.625, 0.375], "texture": "#0"},
				"down": {"uv": [3.375, 0, 3.5, 0.375], "texture": "#0"}
			}
		},
		{
			"name": "tail4",
			"from": [6.84, 3.04, 15.68],
			"to": [7.16, 3.68, 16.64],
			"faces": {
				"north": {"uv": [3.375, 0.375, 3.5, 0.625], "texture": "#0"},
				"east": {"uv": [3.625, 0.375, 4, 0.625], "texture": "#0"},
				"south": {"uv": [3.5, 0.375, 3.625, 0.625], "texture": "#0"},
				"west": {"uv": [3, 0.375, 3.375, 0.625], "texture": "#0"},
				"up": {"uv": [3.5, 0, 3.625, 0.375], "texture": "#0"},
				"down": {"uv": [3.375, 0, 3.5, 0.375], "texture": "#0"}
			}
		},
		{
			"name": "tail3",
			"from": [6.84, 3.04, 14.08],
			"to": [7.16, 3.68, 15.04],
			"faces": {
				"north": {"uv": [3.375, 0.375, 3.5, 0.625], "texture": "#0"},
				"east": {"uv": [3.625, 0.375, 4, 0.625], "texture": "#0"},
				"south": {"uv": [3.5, 0.375, 3.625, 0.625], "texture": "#0"},
				"west": {"uv": [3, 0.375, 3.375, 0.625], "texture": "#0"},
				"up": {"uv": [3.5, 0, 3.625, 0.375], "texture": "#0"},
				"down": {"uv": [3.375, 0, 3.5, 0.375], "texture": "#0"}
			}
		},
		{
			"name": "tail2",
			"from": [6.84, 3.04, 12.48],
			"to": [7.16, 3.68, 13.44],
			"faces": {
				"north": {"uv": [3.375, 0.375, 3.5, 0.625], "texture": "#0"},
				"east": {"uv": [3.625, 0.375, 4, 0.625], "texture": "#0"},
				"south": {"uv": [3.5, 0.375, 3.625, 0.625], "texture": "#0"},
				"west": {"uv": [3, 0.375, 3.375, 0.625], "texture": "#0"},
				"up": {"uv": [3.5, 0, 3.625, 0.375], "texture": "#0"},
				"down": {"uv": [3.375, 0, 3.5, 0.375], "texture": "#0"}
			}
		},
		{
			"name": "tail1",
			"from": [6.84, 3.04, 10.88],
			"to": [7.16, 3.68, 11.84],
			"faces": {
				"north": {"uv": [3.375, 0.375, 3.5, 0.625], "texture": "#0"},
				"east": {"uv": [3.625, 0.375, 4, 0.625], "texture": "#0"},
				"south": {"uv": [3.5, 0.375, 3.625, 0.625], "texture": "#0"},
				"west": {"uv": [3, 0.375, 3.375, 0.625], "texture": "#0"},
				"up": {"uv": [3.5, 0, 3.625, 0.375], "texture": "#0"},
				"down": {"uv": [3.375, 0, 3.5, 0.375], "texture": "#0"}
			}
		},
		{
			"name": "neck1",
			"from": [6.84, 1.6, -0.96],
			"to": [7.16, 2.24, 0],
			"faces": {
				"north": {"uv": [3.375, 0.375, 3.5, 0.625], "texture": "#0"},
				"east": {"uv": [3.625, 0.375, 4, 0.625], "texture": "#0"},
				"south": {"uv": [3.5, 0.375, 3.625, 0.625], "texture": "#0"},
				"west": {"uv": [3, 0.375, 3.375, 0.625], "texture": "#0"},
				"up": {"uv": [3.5, 0, 3.625, 0.375], "texture": "#0"},
				"down": {"uv": [3.375, 0, 3.5, 0.375], "texture": "#0"}
			}
		},
		{
			"name": "neck2",
			"from": [6.84, 1.6, -2.56],
			"to": [7.16, 2.24, -1.6],
			"faces": {
				"north": {"uv": [3.375, 0.375, 3.5, 0.625], "texture": "#0"},
				"east": {"uv": [3.625, 0.375, 4, 0.625], "texture": "#0"},
				"south": {"uv": [3.5, 0.375, 3.625, 0.625], "texture": "#0"},
				"west": {"uv": [3, 0.375, 3.375, 0.625], "texture": "#0"},
				"up": {"uv": [3.5, 0, 3.625, 0.375], "texture": "#0"},
				"down": {"uv": [3.375, 0, 3.5, 0.375], "texture": "#0"}
			}
		},
		{
			"name": "neck3",
			"from": [6.84, 1.6, -4.16],
			"to": [7.16, 2.24, -3.2],
			"faces": {
				"north": {"uv": [3.375, 0.375, 3.5, 0.625], "texture": "#0"},
				"east": {"uv": [3.625, 0.375, 4, 0.625], "texture": "#0"},
				"south": {"uv": [3.5, 0.375, 3.625, 0.625], "texture": "#0"},
				"west": {"uv": [3, 0.375, 3.375, 0.625], "texture": "#0"},
				"up": {"uv": [3.5, 0, 3.625, 0.375], "texture": "#0"},
				"down": {"uv": [3.375, 0, 3.5, 0.375], "texture": "#0"}
			}
		},
		{
			"name": "neck4",
			"from": [6.84, 1.6, -5.76],
			"to": [7.16, 2.24, -4.8],
			"faces": {
				"north": {"uv": [3.375, 0.375, 3.5, 0.625], "texture": "#0"},
				"east": {"uv": [3.625, 0.375, 4, 0.625], "texture": "#0"},
				"south": {"uv": [3.5, 0.375, 3.625, 0.625], "texture": "#0"},
				"west": {"uv": [3, 0.375, 3.375, 0.625], "texture": "#0"},
				"up": {"uv": [3.5, 0, 3.625, 0.375], "texture": "#0"},
				"down": {"uv": [3.375, 0, 3.5, 0.375], "texture": "#0"}
			}
		},
		{
			"name": "neck5",
			"from": [6.84, 1.6, -7.36],
			"to": [7.16, 2.24, -6.4],
			"faces": {
				"north": {"uv": [3.375, 0.375, 3.5, 0.625], "texture": "#0"},
				"east": {"uv": [3.625, 0.375, 4, 0.625], "texture": "#0"},
				"south": {"uv": [3.5, 0.375, 3.625, 0.625], "texture": "#0"},
				"west": {"uv": [3, 0.375, 3.375, 0.625], "texture": "#0"},
				"up": {"uv": [3.5, 0, 3.625, 0.375], "texture": "#0"},
				"down": {"uv": [3.375, 0, 3.5, 0.375], "texture": "#0"}
			}
		},
		{
			"name": "tail12",
			"from": [6.2, 1.44, 28.16],
			"to": [7.8, 3.04, 29.76],
			"faces": {
				"north": {"uv": [12.63021, 7.11197, 13.26042, 7.72394], "texture": "#0"},
				"east": {"uv": [12, 7.12345, 12.63021, 7.73542], "texture": "#0"},
				"south": {"uv": [13.89063, 7.11197, 14.52083, 7.72394], "texture": "#0"},
				"west": {"uv": [13.26042, 7.11197, 13.89063, 7.72394], "texture": "#0"},
				"up": {"uv": [13.26042, 7.12345, 12.63021, 6.51147], "texture": "#0"},
				"down": {"uv": [13.89063, 6.5, 13.26042, 7.11197], "texture": "#0"}
			}
		},
		{
			"name": "tail11",
			"from": [6.2, 1.44, 26.56],
			"to": [7.8, 3.04, 28.16],
			"faces": {
				"north": {"uv": [12.63021, 7.11197, 13.26042, 7.72394], "texture": "#0"},
				"east": {"uv": [12, 7.12345, 12.63021, 7.73542], "texture": "#0"},
				"south": {"uv": [13.89063, 7.11197, 14.52083, 7.72394], "texture": "#0"},
				"west": {"uv": [13.26042, 7.11197, 13.89063, 7.72394], "texture": "#0"},
				"up": {"uv": [13.26042, 7.12345, 12.63021, 6.51147], "texture": "#0"},
				"down": {"uv": [13.89063, 6.5, 13.26042, 7.11197], "texture": "#0"}
			}
		},
		{
			"name": "tail10",
			"from": [6.2, 1.44, 24.96],
			"to": [7.8, 3.04, 26.56],
			"faces": {
				"north": {"uv": [12.63021, 7.11197, 13.26042, 7.72394], "texture": "#0"},
				"east": {"uv": [12, 7.12345, 12.63021, 7.73542], "texture": "#0"},
				"south": {"uv": [13.89063, 7.11197, 14.52083, 7.72394], "texture": "#0"},
				"west": {"uv": [13.26042, 7.11197, 13.89063, 7.72394], "texture": "#0"},
				"up": {"uv": [13.26042, 7.12345, 12.63021, 6.51147], "texture": "#0"},
				"down": {"uv": [13.89063, 6.5, 13.26042, 7.11197], "texture": "#0"}
			}
		},
		{
			"name": "tail9",
			"from": [6.2, 1.44, 23.36],
			"to": [7.8, 3.04, 24.96],
			"faces": {
				"north": {"uv": [12.63021, 7.11197, 13.26042, 7.72394], "texture": "#0"},
				"east": {"uv": [12, 7.12345, 12.63021, 7.73542], "texture": "#0"},
				"south": {"uv": [13.89063, 7.11197, 14.52083, 7.72394], "texture": "#0"},
				"west": {"uv": [13.26042, 7.11197, 13.89063, 7.72394], "texture": "#0"},
				"up": {"uv": [13.26042, 7.12345, 12.63021, 6.51147], "texture": "#0"},
				"down": {"uv": [13.89063, 6.5, 13.26042, 7.11197], "texture": "#0"}
			}
		},
		{
			"name": "tail7",
			"from": [6.2, 1.44, 20.16],
			"to": [7.8, 3.04, 21.76],
			"faces": {
				"north": {"uv": [12.63021, 7.11197, 13.26042, 7.72394], "texture": "#0"},
				"east": {"uv": [12, 7.12345, 12.63021, 7.73542], "texture": "#0"},
				"south": {"uv": [13.89063, 7.11197, 14.52083, 7.72394], "texture": "#0"},
				"west": {"uv": [13.26042, 7.11197, 13.89063, 7.72394], "texture": "#0"},
				"up": {"uv": [13.26042, 7.12345, 12.63021, 6.51147], "texture": "#0"},
				"down": {"uv": [13.89063, 6.5, 13.26042, 7.11197], "texture": "#0"}
			}
		},
		{
			"name": "tail8",
			"from": [6.2, 1.44, 21.76],
			"to": [7.8, 3.04, 23.36],
			"faces": {
				"north": {"uv": [12.63021, 7.11197, 13.26042, 7.72394], "texture": "#0"},
				"east": {"uv": [12, 7.12345, 12.63021, 7.73542], "texture": "#0"},
				"south": {"uv": [13.89063, 7.11197, 14.52083, 7.72394], "texture": "#0"},
				"west": {"uv": [13.26042, 7.11197, 13.89063, 7.72394], "texture": "#0"},
				"up": {"uv": [13.26042, 7.12345, 12.63021, 6.51147], "texture": "#0"},
				"down": {"uv": [13.89063, 6.5, 13.26042, 7.11197], "texture": "#0"}
			}
		},
		{
			"name": "tail6",
			"from": [6.2, 1.44, 18.56],
			"to": [7.8, 3.04, 20.16],
			"faces": {
				"north": {"uv": [12.63021, 7.11197, 13.26042, 7.72394], "texture": "#0"},
				"east": {"uv": [12, 7.12345, 12.63021, 7.73542], "texture": "#0"},
				"south": {"uv": [13.89063, 7.11197, 14.52083, 7.72394], "texture": "#0"},
				"west": {"uv": [13.26042, 7.11197, 13.89063, 7.72394], "texture": "#0"},
				"up": {"uv": [13.26042, 7.12345, 12.63021, 6.51147], "texture": "#0"},
				"down": {"uv": [13.89063, 6.5, 13.26042, 7.11197], "texture": "#0"}
			}
		},
		{
			"name": "tail5",
			"from": [6.2, 1.44, 16.96],
			"to": [7.8, 3.04, 18.56],
			"faces": {
				"north": {"uv": [12.63021, 7.11197, 13.26042, 7.72394], "texture": "#0"},
				"east": {"uv": [12, 7.12345, 12.63021, 7.73542], "texture": "#0"},
				"south": {"uv": [13.89063, 7.11197, 14.52083, 7.72394], "texture": "#0"},
				"west": {"uv": [13.26042, 7.11197, 13.89063, 7.72394], "texture": "#0"},
				"up": {"uv": [13.26042, 7.12345, 12.63021, 6.51147], "texture": "#0"},
				"down": {"uv": [13.89063, 6.5, 13.26042, 7.11197], "texture": "#0"}
			}
		},
		{
			"name": "tail4",
			"from": [6.2, 1.44, 15.36],
			"to": [7.8, 3.04, 16.96],
			"faces": {
				"north": {"uv": [12.63021, 7.11197, 13.26042, 7.72394], "texture": "#0"},
				"east": {"uv": [12, 7.12345, 12.63021, 7.73542], "texture": "#0"},
				"south": {"uv": [13.89063, 7.11197, 14.52083, 7.72394], "texture": "#0"},
				"west": {"uv": [13.26042, 7.11197, 13.89063, 7.72394], "texture": "#0"},
				"up": {"uv": [13.26042, 7.12345, 12.63021, 6.51147], "texture": "#0"},
				"down": {"uv": [13.89063, 6.5, 13.26042, 7.11197], "texture": "#0"}
			}
		},
		{
			"name": "tail3",
			"from": [6.2, 1.44, 13.76],
			"to": [7.8, 3.04, 15.36],
			"faces": {
				"north": {"uv": [12.63021, 7.11197, 13.26042, 7.72394], "texture": "#0"},
				"east": {"uv": [12, 7.12345, 12.63021, 7.73542], "texture": "#0"},
				"south": {"uv": [13.89063, 7.11197, 14.52083, 7.72394], "texture": "#0"},
				"west": {"uv": [13.26042, 7.11197, 13.89063, 7.72394], "texture": "#0"},
				"up": {"uv": [13.26042, 7.12345, 12.63021, 6.51147], "texture": "#0"},
				"down": {"uv": [13.89063, 6.5, 13.26042, 7.11197], "texture": "#0"}
			}
		},
		{
			"name": "tail2",
			"from": [6.2, 1.44, 12.16],
			"to": [7.8, 3.04, 13.76],
			"faces": {
				"north": {"uv": [12.63021, 7.11197, 13.26042, 7.72394], "texture": "#0"},
				"east": {"uv": [12, 7.12345, 12.63021, 7.73542], "texture": "#0"},
				"south": {"uv": [13.89063, 7.11197, 14.52083, 7.72394], "texture": "#0"},
				"west": {"uv": [13.26042, 7.11197, 13.89063, 7.72394], "texture": "#0"},
				"up": {"uv": [13.26042, 7.12345, 12.63021, 6.51147], "texture": "#0"},
				"down": {"uv": [13.89063, 6.5, 13.26042, 7.11197], "texture": "#0"}
			}
		},
		{
			"name": "tail1",
			"from": [6.2, 1.44, 10.56],
			"to": [7.8, 3.04, 12.16],
			"faces": {
				"north": {"uv": [12.63021, 7.11197, 13.26042, 7.72394], "texture": "#0"},
				"east": {"uv": [12, 7.12345, 12.63021, 7.73542], "texture": "#0"},
				"south": {"uv": [13.89063, 7.11197, 14.52083, 7.72394], "texture": "#0"},
				"west": {"uv": [13.26042, 7.11197, 13.89063, 7.72394], "texture": "#0"},
				"up": {"uv": [13.26042, 7.12345, 12.63021, 6.51147], "texture": "#0"},
				"down": {"uv": [13.89063, 6.5, 13.26042, 7.11197], "texture": "#0"}
			}
		},
		{
			"name": "neck1",
			"from": [6.2, 0, -1.28],
			"to": [7.8, 1.6, 0.32],
			"faces": {
				"north": {"uv": [12.63021, 7.11197, 13.26042, 7.72394], "texture": "#0"},
				"east": {"uv": [12, 7.12345, 12.63021, 7.73542], "texture": "#0"},
				"south": {"uv": [13.89063, 7.11197, 14.52083, 7.72394], "texture": "#0"},
				"west": {"uv": [13.26042, 7.11197, 13.89063, 7.72394], "texture": "#0"},
				"up": {"uv": [13.26042, 7.12345, 12.63021, 6.51147], "texture": "#0"},
				"down": {"uv": [13.89063, 6.5, 13.26042, 7.11197], "texture": "#0"}
			}
		},
		{
			"name": "neck2",
			"from": [6.2, 0, -2.88],
			"to": [7.8, 1.6, -1.28],
			"faces": {
				"north": {"uv": [12.63021, 7.11197, 13.26042, 7.72394], "texture": "#0"},
				"east": {"uv": [12, 7.12345, 12.63021, 7.73542], "texture": "#0"},
				"south": {"uv": [13.89063, 7.11197, 14.52083, 7.72394], "texture": "#0"},
				"west": {"uv": [13.26042, 7.11197, 13.89063, 7.72394], "texture": "#0"},
				"up": {"uv": [13.26042, 7.12345, 12.63021, 6.51147], "texture": "#0"},
				"down": {"uv": [13.89063, 6.5, 13.26042, 7.11197], "texture": "#0"}
			}
		},
		{
			"name": "neck3",
			"from": [6.2, 0, -4.48],
			"to": [7.8, 1.6, -2.88],
			"faces": {
				"north": {"uv": [12.63021, 7.11197, 13.26042, 7.72394], "texture": "#0"},
				"east": {"uv": [12, 7.12345, 12.63021, 7.73542], "texture": "#0"},
				"south": {"uv": [13.89063, 7.11197, 14.52083, 7.72394], "texture": "#0"},
				"west": {"uv": [13.26042, 7.11197, 13.89063, 7.72394], "texture": "#0"},
				"up": {"uv": [13.26042, 7.12345, 12.63021, 6.51147], "texture": "#0"},
				"down": {"uv": [13.89063, 6.5, 13.26042, 7.11197], "texture": "#0"}
			}
		},
		{
			"name": "neck4",
			"from": [6.2, 0, -6.08],
			"to": [7.8, 1.6, -4.48],
			"faces": {
				"north": {"uv": [12.63021, 7.11197, 13.26042, 7.72394], "texture": "#0"},
				"east": {"uv": [12, 7.12345, 12.63021, 7.73542], "texture": "#0"},
				"south": {"uv": [13.89063, 7.11197, 14.52083, 7.72394], "texture": "#0"},
				"west": {"uv": [13.26042, 7.11197, 13.89063, 7.72394], "texture": "#0"},
				"up": {"uv": [13.26042, 7.12345, 12.63021, 6.51147], "texture": "#0"},
				"down": {"uv": [13.89063, 6.5, 13.26042, 7.11197], "texture": "#0"}
			}
		},
		{
			"name": "neck5",
			"from": [6.2, 0, -7.68],
			"to": [7.8, 1.6, -6.08],
			"faces": {
				"north": {"uv": [12.63021, 7.11197, 13.26042, 7.72394], "texture": "#0"},
				"east": {"uv": [12, 7.12345, 12.63021, 7.73542], "texture": "#0"},
				"south": {"uv": [13.89063, 7.11197, 14.52083, 7.72394], "texture": "#0"},
				"west": {"uv": [13.26042, 7.11197, 13.89063, 7.72394], "texture": "#0"},
				"up": {"uv": [13.26042, 7.12345, 12.63021, 6.51147], "texture": "#0"},
				"down": {"uv": [13.89063, 6.5, 13.26042, 7.11197], "texture": "#0"}
			}
		},
		{
			"name": "head2",
			"from": [6.04, 0.32, -12],
			"to": [7.96, 1.12, -9.44],
			"rotation": {"angle": 0, "axis": "y", "origin": [7, 1, -10.05]},
			"faces": {
				"north": {"uv": [11.99792, 3.76042, 12.75, 4.05417], "texture": "#0"},
				"east": {"uv": [10.99375, 3.76042, 11.99792, 4.05417], "texture": "#0"},
				"south": {"uv": [13.75417, 3.76042, 14.5, 4.05417], "texture": "#0"},
				"west": {"uv": [12.75, 3.76042, 13.75417, 4.05417], "texture": "#0"},
				"up": {"uv": [12.75, 3.76042, 11.99792, 2.75], "texture": "#0"},
				"down": {"uv": [13.49583, 2.75, 12.75, 3.76042], "texture": "#0"}
			}
		},
		{
			"name": "head2",
			"from": [5.72, -0.32, -10],
			"to": [8.28, 2.24, -7.44],
			"faces": {
				"north": {"uv": [7.97708, 2.89375, 8.9875, 3.87292], "texture": "#0"},
				"east": {"uv": [6.96667, 2.89375, 7.97708, 3.87292], "texture": "#0"},
				"south": {"uv": [9.99792, 2.89375, 11.00833, 3.87292], "texture": "#0"},
				"west": {"uv": [8.9875, 2.89375, 9.99792, 3.87292], "texture": "#0"},
				"up": {"uv": [8.9875, 2.89375, 7.97708, 1.91458], "texture": "#0"},
				"down": {"uv": [9.99792, 1.91458, 8.9875, 2.89375], "texture": "#0"}
			}
		},
		{
			"name": "head2",
			"from": [6.2, 2.24, -9],
			"to": [6.52, 2.88, -8.04],
			"faces": {
				"north": {"uv": [0.375, 0.375, 0.5, 0.625], "texture": "#0"},
				"east": {"uv": [0, 0.375, 0.375, 0.625], "texture": "#0"},
				"south": {"uv": [0.875, 0.375, 1, 0.625], "texture": "#0"},
				"west": {"uv": [0.5, 0.375, 0.875, 0.625], "texture": "#0"},
				"up": {"uv": [0.375, 0, 0.5, 0.375], "texture": "#0"},
				"down": {"uv": [0.5, 0, 0.625, 0.375], "texture": "#0"}
			}
		},
		{
			"name": "head2",
			"from": [6.2, 1.12, -11.7],
			"to": [6.52, 1.44, -11.06],
			"rotation": {"angle": 0, "axis": "y", "origin": [7, 1, -10.05]},
			"faces": {
				"north": {"uv": [7.24583, 0.24375, 7.37083, 0.36875], "texture": "#0"},
				"east": {"uv": [7.37083, 0.24375, 7.62083, 0.36875], "texture": "#0"},
				"south": {"uv": [7.62083, 0.24375, 7.74583, 0.36875], "texture": "#0"},
				"west": {"uv": [7.00208, 0.24375, 7.24583, 0.36875], "texture": "#0"},
				"up": {"uv": [7.25208, 0, 7.37083, 0.24375], "texture": "#0"},
				"down": {"uv": [7.37083, 0, 7.49583, 0.24375], "texture": "#0"}
			}
		},
		{
			"name": "mirror",
			"from": [7.48, 2.24, -9],
			"to": [7.8, 2.88, -8.04],
			"faces": {
				"north": {"uv": [0.375, 0.375, 0.5, 0.625], "texture": "#0"},
				"east": {"uv": [0, 0.375, 0.375, 0.625], "texture": "#0"},
				"south": {"uv": [0.875, 0.375, 1, 0.625], "texture": "#0"},
				"west": {"uv": [0.5, 0.375, 0.875, 0.625], "texture": "#0"},
				"up": {"uv": [0.375, 0, 0.5, 0.375], "texture": "#0"},
				"down": {"uv": [0.5, 0, 0.625, 0.375], "texture": "#0"}
			}
		},
		{
			"name": "mirror",
			"from": [7.48, 1.12, -11.7],
			"to": [7.8, 1.44, -11.06],
			"rotation": {"angle": 0, "axis": "y", "origin": [7, 1, -10.05]},
			"faces": {
				"north": {"uv": [7.24583, 0.24375, 7.37083, 0.36875], "texture": "#0"},
				"east": {"uv": [6.99583, 0.24375, 7.24583, 0.36875], "texture": "#0"},
				"south": {"uv": [7.62083, 0.24375, 7.74583, 0.36875], "texture": "#0"},
				"west": {"uv": [7.37708, 0.24375, 7.62083, 0.36875], "texture": "#0"},
				"up": {"uv": [7.25208, 0, 7.37083, 0.24375], "texture": "#0"},
				"down": {"uv": [7.37083, 0, 7.49583, 0.24375], "texture": "#0"}
			}
		},
		{
			"name": "jaw2",
			"from": [6.04, -0.32, -12],
			"to": [7.96, 0.32, -9.44],
			"rotation": {"angle": -22.5, "axis": "x", "origin": [7, 0, -9.72]},
			"faces": {
				"north": {"uv": [11.99792, 5.07292, 12.75, 5.30417], "texture": "#0"},
				"east": {"uv": [10.99375, 5.07292, 11.99792, 5.30417], "texture": "#0"},
				"south": {"uv": [13.75417, 5.07292, 14.5, 5.30417], "texture": "#0"},
				"west": {"uv": [12.75, 5.07292, 13.75417, 5.30417], "texture": "#0"},
				"up": {"uv": [12.75, 5.07292, 11.99792, 4.0625], "texture": "#0"},
				"down": {"uv": [13.49583, 4.0625, 12.75, 5.07292], "texture": "#0"}
			}
		},
		{
			"name": "left_wing",
			"from": [-3.88, 2.4, 1.28],
			"to": [5.08, 3.68, 2.56],
			"rotation": {"angle": -22.5, "axis": "z", "origin": [7, 3.04, 2.32]},
			"faces": {
				"north": {"uv": [7.49792, 6.00208, 10.99583, 6.49792], "texture": "#0"},
				"east": {"uv": [7.00208, 6.00208, 7.49792, 6.49792], "texture": "#0"},
				"south": {"uv": [11.50417, 6.00208, 15.00208, 6.49792], "texture": "#0"},
				"west": {"uv": [10.99583, 6.00208, 11.50417, 6.49792], "texture": "#0"},
				"up": {"uv": [10.99583, 6.00208, 7.49792, 5.5], "texture": "#0"},
				"down": {"uv": [14.49375, 5.5, 10.99583, 6.00208], "texture": "#0"}
			}
		},
		{
			"name": "left_wing",
			"from": [-3.88, 3.04, 2.24],
			"to": [5.08, 3.04, 11.2],
			"rotation": {"angle": -22.5, "axis": "z", "origin": [7, 3.04, 2.32]},
			"faces": {
				"north": {"uv": [2.33333, 15.66667, -0.33333, 15.66667], "texture": "#0"},
				"east": {"uv": [5, 15.66667, 2.33333, 15.66667], "texture": "#0"},
				"south": {"uv": [7.66667, 15.66667, 5, 15.66667], "texture": "#0"},
				"west": {"uv": [-0.33333, 15.66667, -3, 15.66667], "texture": "#0"},
				"up": {"uv": [0, 8.99792, 3.49583, 5.5], "texture": "#0"},
				"down": {"uv": [0, 5.5, 3.49792, 8.99792], "texture": "#0"}
			}
		},
		{
			"name": "left_wing_tip",
			"from": [-10.5, 4.72, 1.6],
			"to": [-1.54, 5.36, 2.24],
			"rotation": {"angle": 22.5, "axis": "z", "origin": [-8.32, 3.04, 4.32]},
			"faces": {
				"north": {"uv": [10.75052, 8.99167, 7.24948, 8.74323], "texture": "#0"},
				"east": {"uv": [10.75208, 8.99167, 11.00208, 8.74167], "texture": "#0"},
				"south": {"uv": [14.50625, 8.99167, 10.99896, 8.74167], "texture": "#0"},
				"west": {"uv": [7.24948, 8.99167, 6.99948, 8.74323], "texture": "#0"},
				"up": {"uv": [7.25104, 8.74323, 10.75052, 8.49323], "texture": "#0"},
				"down": {"uv": [10.74896, 8.74167, 14.25, 8.49167], "texture": "#0"}
			}
		},
		{
			"name": "left_wing_tip",
			"from": [-10.5, 5.04, 2.24],
			"to": [-1.54, 5.04, 11.2],
			"rotation": {"angle": 22.5, "axis": "z", "origin": [-8.32, 3.04, 4.32]},
			"faces": {
				"north": {"uv": [2.33333, 15.66667, -0.33333, 15.66667], "texture": "#0"},
				"east": {"uv": [5, 15.66667, 2.33333, 15.66667], "texture": "#0"},
				"south": {"uv": [7.66667, 15.66667, 5, 15.66667], "texture": "#0"},
				"west": {"uv": [-0.33333, 15.66667, -3, 15.66667], "texture": "#0"},
				"up": {"uv": [0, 12.5, 3.49792, 9.01458], "texture": "#0"},
				"down": {"uv": [0, 9.01458, 3.49792, 12.5], "texture": "#0"}
			}
		},
		{
			"name": "right_wing",
			"from": [8.92, 3.04, 2.24],
			"to": [17.88, 3.04, 11.2],
			"rotation": {"angle": 22.5, "axis": "z", "origin": [7, 3.04, 2.32]},
			"faces": {
				"north": {"uv": [-0.33333, 15.66667, 2.33333, 15.66667], "texture": "#0"},
				"east": {"uv": [-3, 15.66667, -0.33333, 15.66667], "texture": "#0"},
				"south": {"uv": [5, 15.66667, 7.66667, 15.66667], "texture": "#0"},
				"west": {"uv": [2.33333, 15.66667, 5, 15.66667], "texture": "#0"},
				"up": {"uv": [0, 12.5, 3.49792, 9.01458], "texture": "#0"},
				"down": {"uv": [0, 9.01458, 3.49792, 12.5], "texture": "#0"}
			}
		},
		{
			"name": "right_wing",
			"from": [8.92, 2.4, 1.28],
			"to": [17.88, 3.68, 2.56],
			"rotation": {"angle": 22.5, "axis": "z", "origin": [7, 3.04, 2.32]},
			"faces": {
				"north": {"uv": [7.49792, 6.00208, 10.99583, 6.49792], "texture": "#0"},
				"east": {"uv": [7.00208, 6.00208, 7.49792, 6.49792], "texture": "#0"},
				"south": {"uv": [11.50417, 6.00208, 15.00208, 6.49792], "texture": "#0"},
				"west": {"uv": [10.99583, 6.00208, 11.50417, 6.49792], "texture": "#0"},
				"up": {"uv": [10.99583, 6.00208, 7.49792, 5.5], "texture": "#0"},
				"down": {"uv": [14.49375, 5.5, 10.99583, 6.00208], "texture": "#0"}
			}
		},
		{
			"name": "right_wing_tip",
			"from": [15.78, 5.04, 2.24],
			"to": [24.74, 5.04, 11.2],
			"rotation": {"angle": -22.5, "axis": "z", "origin": [22.36, 3.04, 4.32]},
			"faces": {
				"north": {"uv": [-0.33333, 15.66667, 2.33333, 15.66667], "texture": "#0"},
				"east": {"uv": [-3, 15.66667, -0.33333, 15.66667], "texture": "#0"},
				"south": {"uv": [5, 15.66667, 7.66667, 15.66667], "texture": "#0"},
				"west": {"uv": [2.33333, 15.66667, 5, 15.66667], "texture": "#0"},
				"up": {"uv": [0, 8.99792, 3.49583, 5.5], "texture": "#0"},
				"down": {"uv": [0, 5.5, 3.49792, 8.99792], "texture": "#0"}
			}
		},
		{
			"name": "right_wing_tip",
			"from": [15.78, 4.72, 1.6],
			"to": [24.74, 5.36, 2.24],
			"rotation": {"angle": -22.5, "axis": "z", "origin": [22.36, 3.04, 4.32]},
			"faces": {
				"north": {"uv": [10.75052, 8.99167, 7.24948, 8.74323], "texture": "#0"},
				"east": {"uv": [10.75208, 8.99167, 11.00208, 8.74167], "texture": "#0"},
				"south": {"uv": [14.50625, 8.99167, 10.99896, 8.74167], "texture": "#0"},
				"west": {"uv": [7.24948, 8.99167, 6.99948, 8.74323], "texture": "#0"},
				"up": {"uv": [7.25104, 8.74323, 10.75052, 8.49323], "texture": "#0"},
				"down": {"uv": [10.74896, 8.74167, 14.25, 8.49167], "texture": "#0"}
			}
		},
		{
			"name": "front_left_leg",
			"from": [4.44, -0.28, 1],
			"to": [5.72, 1, 4.84],
			"rotation": {"angle": 22.5, "axis": "x", "origin": [7, 0.36, 1.92]},
			"faces": {
				"north": {"uv": [8, 7.01042, 7.51042, 6.52083], "rotation": 180, "texture": "#0"},
				"east": {"uv": [7.02083, 7.01042, 7.51042, 8.47917], "rotation": 90, "texture": "#0"},
				"south": {"uv": [8.48958, 6.52083, 8, 7.01042], "texture": "#0"},
				"west": {"uv": [8, 7.01042, 8.48958, 8.47917], "rotation": 270, "texture": "#0"},
				"up": {"uv": [8.48958, 7.01042, 8.97917, 8.47917], "texture": "#0"},
				"down": {"uv": [7.51042, 7.01042, 8, 8.47917], "rotation": 180, "texture": "#0"}
			}
		},
		{
			"name": "front_left_shin",
			"from": [4.6, -4.4, 4.94],
			"to": [5.56, -0.56, 5.9],
			"rotation": {"angle": -45, "axis": "x", "origin": [7, -1.48, 5.42]},
			"faces": {
				"north": {"uv": [14.49837, 9.00208, 14.87233, 10.48958], "texture": "#0"},
				"east": {"uv": [14.125, 9.00208, 14.49896, 10.48958], "texture": "#0"},
				"south": {"uv": [15.24688, 9.00208, 15.62083, 10.48958], "texture": "#0"},
				"west": {"uv": [14.87525, 9.00208, 15.24921, 10.48958], "texture": "#0"},
				"up": {"uv": [14.5, 9.00208, 14.87083, 8.62708], "texture": "#0"},
				"down": {"uv": [14.86875, 9.00208, 15.23958, 8.62708], "texture": "#0"}
			}
		},
		{
			"name": "front_left_foot",
			"from": [4.44, -5.3, 7.66],
			"to": [5.72, -2.74, 8.3],
			"rotation": {"angle": 0, "axis": "y", "origin": [7, -6.72, 1.28]},
			"faces": {
				"north": {"uv": [10.50208, 7.49792, 10, 6.5], "rotation": 180, "texture": "#0"},
				"east": {"uv": [9.00208, 7.49792, 10, 7.74792], "rotation": 90, "texture": "#0"},
				"south": {"uv": [11.00417, 6.5, 10.50208, 7.49792], "texture": "#0"},
				"west": {"uv": [10.50208, 7.49792, 11.5, 7.74792], "rotation": 270, "texture": "#0"},
				"up": {"uv": [11.5, 7.49792, 12.00833, 7.74792], "texture": "#0"},
				"down": {"uv": [10, 7.49792, 10.50208, 7.74792], "rotation": 180, "texture": "#0"}
			}
		},
		{
			"name": "back_left_leg",
			"from": [3.16, -0.52, 8.3],
			"to": [5.72, 2.04, 13.42],
			"rotation": {"angle": 22.5, "axis": "x", "origin": [7, 0.28, 9.94]},
			"faces": {
				"north": {"uv": [1.99896, 0.98095, 0.99948, 0], "rotation": 180, "texture": "#0"},
				"east": {"uv": [0, 0.98095, 0.99948, 2.99583], "rotation": 90, "texture": "#0"},
				"south": {"uv": [2.99844, 0, 1.99896, 0.98095], "texture": "#0"},
				"west": {"uv": [1.99896, 0.98095, 2.99844, 2.99583], "rotation": 270, "texture": "#0"},
				"up": {"uv": [2.99844, 0.98095, 3.99792, 2.99583], "texture": "#0"},
				"down": {"uv": [0.99948, 0.98095, 1.99896, 2.99583], "rotation": 180, "texture": "#0"}
			}
		},
		{
			"name": "back_left_shin",
			"from": [3.48, -1.54573, 13.20573],
			"to": [5.4, 0.37427, 18.32573],
			"rotation": {"angle": 0, "axis": "y", "origin": [7, -2.06573, 16.28573]},
			"faces": {
				"north": {"uv": [13.75, 0.77083, 13.04167, 0], "rotation": 180, "texture": "#0"},
				"east": {"uv": [12.27083, 0.77083, 13.04167, 2.75], "rotation": 90, "texture": "#0"},
				"south": {"uv": [14.45833, 0, 13.75, 0.77083], "texture": "#0"},
				"west": {"uv": [13.75, 0.77083, 14.45833, 2.75], "rotation": 270, "texture": "#0"},
				"up": {"uv": [14.45833, 0.77083, 15.22917, 2.75], "texture": "#0"},
				"down": {"uv": [13.04167, 0.77083, 13.75, 2.75], "rotation": 180, "texture": "#0"}
			}
		},
		{
			"name": "back_left_foot",
			"from": [3, -4.66573, 19.32573],
			"to": [5.88, -0.82573, 20.28573],
			"rotation": {"angle": -45, "axis": "x", "origin": [7, -2.54573, 18.80573]},
			"faces": {
				"north": {"uv": [9.62708, 1.5, 8.50417, 0], "rotation": 180, "texture": "#0"},
				"east": {"uv": [6.97917, 1.86875, 8.50417, 1.5], "rotation": 90, "texture": "#0"},
				"south": {"uv": [10.75, 0, 9.62708, 1.5], "texture": "#0"},
				"west": {"uv": [9.63333, 1.5, 11.15208, 1.86875], "rotation": 270, "texture": "#0"},
				"up": {"uv": [11.15208, 1.5, 12.25, 1.86875], "texture": "#0"},
				"down": {"uv": [8.50417, 1.5, 9.62708, 1.86875], "rotation": 180, "texture": "#0"}
			}
		},
		{
			"name": "front_right_leg",
			"from": [8.28, -0.28, 1],
			"to": [9.56, 1, 4.84],
			"rotation": {"angle": 22.5, "axis": "x", "origin": [7, 0.36, 1.92]},
			"faces": {
				"north": {"uv": [8, 7.01042, 7.51042, 6.52083], "rotation": 180, "texture": "#0"},
				"east": {"uv": [7.02083, 7.01042, 7.51042, 8.47917], "rotation": 90, "texture": "#0"},
				"south": {"uv": [8.48958, 6.52083, 8, 7.01042], "texture": "#0"},
				"west": {"uv": [8, 7.01042, 8.48958, 8.47917], "rotation": 270, "texture": "#0"},
				"up": {"uv": [8.48958, 7.01042, 8.97917, 8.47917], "texture": "#0"},
				"down": {"uv": [7.51042, 7.01042, 8, 8.47917], "rotation": 180, "texture": "#0"}
			}
		},
		{
			"name": "front_right_shin",
			"from": [8.44, -4.4, 4.94],
			"to": [9.4, -0.56, 5.9],
			"rotation": {"angle": -45, "axis": "x", "origin": [7, -1.48, 5.42]},
			"faces": {
				"north": {"uv": [14.49837, 9.00208, 14.87233, 10.48958], "texture": "#0"},
				"east": {"uv": [14.125, 9.00208, 14.49896, 10.48958], "texture": "#0"},
				"south": {"uv": [15.24688, 9.00208, 15.62083, 10.48958], "texture": "#0"},
				"west": {"uv": [14.87525, 9.00208, 15.24921, 10.48958], "texture": "#0"},
				"up": {"uv": [14.5, 9.00208, 14.87083, 8.62708], "texture": "#0"},
				"down": {"uv": [14.86875, 9.00208, 15.23958, 8.62708], "texture": "#0"}
			}
		},
		{
			"name": "front_right_foot",
			"from": [8.28, -5.3, 7.66],
			"to": [9.56, -2.74, 8.3],
			"rotation": {"angle": 0, "axis": "y", "origin": [7, -6.72, 1.28]},
			"faces": {
				"north": {"uv": [10.50208, 7.49792, 10, 6.5], "rotation": 180, "texture": "#0"},
				"east": {"uv": [9.00208, 7.49792, 10, 7.74792], "rotation": 90, "texture": "#0"},
				"south": {"uv": [11.00417, 6.5, 10.50208, 7.49792], "texture": "#0"},
				"west": {"uv": [10.50208, 7.49792, 11.5, 7.74792], "rotation": 270, "texture": "#0"},
				"up": {"uv": [11.5, 7.49792, 12.00833, 7.74792], "texture": "#0"},
				"down": {"uv": [10, 7.49792, 10.50208, 7.74792], "rotation": 180, "texture": "#0"}
			}
		},
		{
			"name": "back_right_leg",
			"from": [8.28, -0.52, 8.3],
			"to": [10.84, 2.04, 13.42],
			"rotation": {"angle": 22.5, "axis": "x", "origin": [7, 0.28, 9.94]},
			"faces": {
				"north": {"uv": [1.99896, 0.98095, 0.99948, 0], "rotation": 180, "texture": "#0"},
				"east": {"uv": [0, 0.98095, 0.99948, 2.99583], "rotation": 90, "texture": "#0"},
				"south": {"uv": [2.99844, 0, 1.99896, 0.98095], "texture": "#0"},
				"west": {"uv": [1.99896, 0.98095, 2.99844, 2.99583], "rotation": 270, "texture": "#0"},
				"up": {"uv": [2.99844, 0.98095, 3.99792, 2.99583], "texture": "#0"},
				"down": {"uv": [0.99948, 0.98095, 1.99896, 2.99583], "rotation": 180, "texture": "#0"}
			}
		},
		{
			"name": "back_right_shin",
			"from": [8.6, -1.54573, 13.20573],
			"to": [10.52, 0.37427, 18.32573],
			"rotation": {"angle": 0, "axis": "y", "origin": [7, -2.06573, 16.28573]},
			"faces": {
				"north": {"uv": [13.75, 0.77083, 13.04167, 0], "rotation": 180, "texture": "#0"},
				"east": {"uv": [12.27083, 0.77083, 13.04167, 2.75], "rotation": 90, "texture": "#0"},
				"south": {"uv": [14.45833, 0, 13.75, 0.77083], "texture": "#0"},
				"west": {"uv": [13.75, 0.77083, 14.45833, 2.75], "rotation": 270, "texture": "#0"},
				"up": {"uv": [14.45833, 0.77083, 15.22917, 2.75], "texture": "#0"},
				"down": {"uv": [13.04167, 0.77083, 13.75, 2.75], "rotation": 180, "texture": "#0"}
			}
		},
		{
			"name": "back_right_foot",
			"from": [8.12, -4.66573, 19.32573],
			"to": [11, -0.82573, 20.28573],
			"rotation": {"angle": -45, "axis": "x", "origin": [7, -2.54573, 18.80573]},
			"faces": {
				"north": {"uv": [9.62708, 1.5, 8.50417, 0], "rotation": 180, "texture": "#0"},
				"east": {"uv": [6.97917, 1.86875, 8.50417, 1.5], "rotation": 90, "texture": "#0"},
				"south": {"uv": [10.75, 0, 9.62708, 1.5], "texture": "#0"},
				"west": {"uv": [9.63333, 1.5, 11.15208, 1.86875], "rotation": 270, "texture": "#0"},
				"up": {"uv": [11.15208, 1.5, 12.25, 1.86875], "texture": "#0"},
				"down": {"uv": [8.50417, 1.5, 9.62708, 1.86875], "rotation": 180, "texture": "#0"}
			}
		}
	],
	"display": {
		"thirdperson_righthand": {
			"rotation": [62, 0, 0],
			"translation": [0, 0, 13.75],
			"scale": [0.25, 0.25, 0.25]
		},
		"thirdperson_lefthand": {
			"rotation": [62, 0, 0],
			"translation": [0, 0, 13.75],
			"scale": [0.25, 0.25, 0.25]
		},
		"firstperson_righthand": {
			"rotation": [-24, 120, 0],
			"translation": [2.5, 7.25, 0],
			"scale": [0.5, 0.5, 0.5]
		},
		"firstperson_lefthand": {
			"rotation": [-24, 120, 0],
			"translation": [2.5, 7.25, 0],
			"scale": [0.5, 0.5, 0.5]
		},
		"ground": {
			"translation": [0, 2, 0],
			"scale": [0.5, 0.5, 0.5]
		},
		"gui": {
			"rotation": [12, 154, 0],
			"translation": [0, 2.25, 0],
			"scale": [0.5, 0.5, 0.5]
		},
		"head": {
			"translation": [0.5, 20.25, 2.75]
		},
		"fixed": {
			"rotation": [-90, 0, 0],
			"translation": [0, 3.25, -12]
		}
	},
	"groups": [
		0,
		1,
		2,
		3,
		{
			"name": "ostkny",
			"origin": [0, 0, 0],
			"color": 0,
			"children": [4, 5, 6, 7, 8, 9, 10, 11, 12, 13, 14, 15, 16, 17, 18, 19, 20]
		},
		{
			"name": "ocas a krk",
			"origin": [0, 0, 0],
			"color": 0,
			"children": [21, 22, 23, 24, 25, 26, 27, 28, 29, 30, 31, 32, 33, 34, 35, 36, 37]
		},
		38,
		39,
		40,
		41,
		42,
		43,
		44,
		45,
		46,
		47,
		48,
		49,
		50,
		51,
		52,
		53,
		54,
		55,
		56,
		57,
		58,
		59,
		60,
		61,
		62,
		63,
		64
	]
}