{
	"credit": "Made with Blockbench",
	"texture_size": [64, 64],
	"textures": {
		"1": "postavicky:item/pillager"
	},
	"elements": [
		{
			"name": "head",
			"from": [4, 22, 4],
			"to": [12, 32, 12],
			"faces": {
				"north": {"uv": [2, 2, 4, 4.5], "texture": "#1"},
				"east": {"uv": [0, 2, 2, 4.5], "texture": "#1"},
				"south": {"uv": [6, 2, 8, 4.5], "texture": "#1"},
				"west": {"uv": [4, 2, 6, 4.5], "texture": "#1"},
				"up": {"uv": [4, 2, 2, 0], "texture": "#1"},
				"down": {"uv": [6, 0, 4, 2], "texture": "#1"}
			}
		},
		{
			"name": "nose",
			"from": [7, 21, 2],
			"to": [9, 25, 4],
			"faces": {
				"north": {"uv": [6.5, 0.5, 7, 1.5], "texture": "#1"},
				"east": {"uv": [6, 0.5, 6.5, 1.5], "texture": "#1"},
				"south": {"uv": [7.5, 0.5, 8, 1.5], "texture": "#1"},
				"west": {"uv": [7, 0.5, 7.5, 1.5], "texture": "#1"},
				"up": {"uv": [7, 0.5, 6.5, 0], "texture": "#1"},
				"down": {"uv": [7.5, 0, 7, 0.5], "texture": "#1"}
			}
		},
		{
			"name": "body",
			"from": [4, 10, 5],
			"to": [12, 22, 11],
			"faces": {
				"north": {"uv": [5.5, 6.5, 7.5, 9.5], "texture": "#1"},
				"east": {"uv": [4, 6.5, 5.5, 9.5], "texture": "#1"},
				"south": {"uv": [9, 6.5, 11, 9.5], "texture": "#1"},
				"west": {"uv": [7.5, 6.5, 9, 9.5], "texture": "#1"},
				"up": {"uv": [7.5, 6.5, 5.5, 5], "texture": "#1"},
				"down": {"uv": [9.5, 5, 7.5, 6.5], "texture": "#1"}
			}
		},
		{
			"name": "body",
			"from": [3.75, 3.75, 4.75],
			"to": [12.25, 22.25, 11.25],
			"faces": {
				"north": {"uv": [1.5, 11, 3.5, 15.5], "texture": "#1"},
				"east": {"uv": [0, 11, 1.5, 15.5], "texture": "#1"},
				"south": {"uv": [5, 11, 7, 15.5], "texture": "#1"},
				"west": {"uv": [3.5, 11, 5, 15.5], "texture": "#1"},
				"up": {"uv": [3.5, 11, 1.5, 9.5], "texture": "#1"},
				"down": {"uv": [5.5, 9.5, 3.5, 11], "texture": "#1"}
			}
		},
		{
			"name": "left_arm",
			"from": [0, 10, 6],
			"to": [4, 22, 10],
			"faces": {
				"north": {"uv": [12, 12.5, 11, 15.5], "texture": "#1"},
				"east": {"uv": [13, 12.5, 12, 15.5], "texture": "#1"},
				"south": {"uv": [14, 12.5, 13, 15.5], "texture": "#1"},
				"west": {"uv": [11, 12.5, 10, 15.5], "texture": "#1"},
				"up": {"uv": [11, 12.5, 12, 11.5], "texture": "#1"},
				"down": {"uv": [12, 11.5, 13, 12.5], "texture": "#1"}
			}
		},
		{
			"name": "right_arm",
			"from": [12, 10, 6],
			"to": [16, 22, 10],
			"faces": {
				"north": {"uv": [11, 12.5, 12, 15.5], "texture": "#1"},
				"east": {"uv": [10, 12.5, 11, 15.5], "texture": "#1"},
				"south": {"uv": [13, 12.5, 14, 15.5], "texture": "#1"},
				"west": {"uv": [12, 12.5, 13, 15.5], "texture": "#1"},
				"up": {"uv": [12, 12.5, 11, 11.5], "texture": "#1"},
				"down": {"uv": [13, 11.5, 12, 12.5], "texture": "#1"}
			}
		},
		{
			"name": "left_leg",
			"from": [4, -2, 6],
			"to": [8, 10, 10],
			"faces": {
				"north": {"uv": [2, 6.5, 1, 9.5], "texture": "#1"},
				"east": {"uv": [3, 6.5, 2, 9.5], "texture": "#1"},
				"south": {"uv": [4, 6.5, 3, 9.5], "texture": "#1"},
				"west": {"uv": [1, 6.5, 0, 9.5], "texture": "#1"},
				"up": {"uv": [1, 6.5, 2, 5.5], "texture": "#1"},
				"down": {"uv": [2, 5.5, 3, 6.5], "texture": "#1"}
			}
		},
		{
			"name": "right_leg",
			"from": [8, -2, 6],
			"to": [12, 10, 10],
			"faces": {
				"north": {"uv": [1, 6.5, 2, 9.5], "texture": "#1"},
				"east": {"uv": [0, 6.5, 1, 9.5], "texture": "#1"},
				"south": {"uv": [3, 6.5, 4, 9.5], "texture": "#1"},
				"west": {"uv": [2, 6.5, 3, 9.5], "texture": "#1"},
				"up": {"uv": [2, 6.5, 1, 5.5], "texture": "#1"},
				"down": {"uv": [3, 5.5, 2, 6.5], "texture": "#1"}
			}
		}
	],
	"display": {
		"thirdperson_righthand": {
			"rotation": [30, 0, 0],
			"translation": [0, -0.75, 0.25],
			"scale": [0.25, 0.25, 0.25]
		},
		"thirdperson_lefthand": {
			"rotation": [30, 0, 0],
			"translation": [0, -0.75, 0.25],
			"scale": [0.25, 0.25, 0.25]
		},
		"firstperson_righthand": {
			"rotation": [0, 104, 0],
			"translation": [2.5, 1.25, 0.25],
			"scale": [0.25, 0.25, 0.25]
		},
		"firstperson_lefthand": {
			"rotation": [0, 104, 0],
			"translation": [2.5, 1.25, 0.25],
			"scale": [0.25, 0.25, 0.25]
		},
		"ground": {
			"translation": [0, 1.25, 0],
			"scale": [0.4, 0.4, 0.4]
		},
		"gui": {
			"rotation": [20, 150, 0],
			"translation": [0, -2.25, 0],
			"scale": [0.4, 0.4, 0.4]
		},
		"head": {
			"translation": [-0.06, -29.25, 0],
			"scale": [1.62, 1.62, 1.62]
		},
		"fixed": {
			"translation": [0, -0.75, -2.5],
			"scale": [0.5, 0.5, 0.5]
		}
	}
}