{
	"credit": "Made with Blockbench",
	"texture_size": [64, 64],
	"textures": {
		"0": "postavicky:item/koza",
		"particle": "postavicky:item/koza"
	},
	"elements": [
		{
			"name": "head",
			"from": [8, 6.4, -7.4],
			"to": [8, 13.4, -2.4],
			"rotation": {"angle": 0, "axis": "y", "origin": [8, 0.4, 7.6]},
			"faces": {
				"north": {"uv": [7, 14.25, 7, 16], "texture": "#0"},
				"east": {"uv": [5.75, 14.25, 7, 16], "texture": "#0"},
				"south": {"uv": [8.25, 14.25, 8.25, 16], "texture": "#0"},
				"west": {"uv": [7, 14.25, 8.25, 16], "texture": "#0"},
				"up": {"uv": [7, 14.25, 7, 13], "texture": "#0"},
				"down": {"uv": [7, 13, 7, 14.25], "texture": "#0"}
			}
		},
		{
			"name": "head",
			"from": [10.5, 19, -2],
			"to": [13.5, 21, -1],
			"rotation": {"angle": 0, "axis": "y", "origin": [8, 0, 8]},
			"faces": {
				"north": {"uv": [0.75, 15.5, 1.5, 16], "texture": "#0"},
				"east": {"uv": [0.5, 15.5, 0.75, 16], "texture": "#0"},
				"south": {"uv": [1.75, 15.5, 2.5, 16], "texture": "#0"},
				"west": {"uv": [1.5, 15.5, 1.75, 16], "texture": "#0"},
				"up": {"uv": [1.5, 15.5, 0.75, 15.25], "texture": "#0"},
				"down": {"uv": [2.25, 15.25, 1.5, 15.5], "texture": "#0"}
			}
		},
		{
			"name": "mirror",
			"from": [2.5, 19, -2],
			"to": [5.5, 21, -1],
			"rotation": {"angle": 0, "axis": "y", "origin": [8, 0, 8]},
			"faces": {
				"north": {"uv": [1.5, 15.5, 0.75, 16], "texture": "#0"},
				"east": {"uv": [1.75, 15.5, 1.5, 16], "texture": "#0"},
				"south": {"uv": [2.5, 15.5, 1.75, 16], "texture": "#0"},
				"west": {"uv": [0.75, 15.5, 0.5, 16], "texture": "#0"},
				"up": {"uv": [0.75, 15.5, 1.5, 15.25], "texture": "#0"},
				"down": {"uv": [1.5, 15.25, 2.25, 15.5], "texture": "#0"}
			}
		},
		{
			"name": "nose",
			"from": [5.5, 13.5, -10.1],
			"to": [10.5, 20.5, -0.1],
			"rotation": {"angle": -45, "axis": "x", "origin": [8, 18.9, -3.4]},
			"faces": {
				"north": {"uv": [11, 14, 12.25, 15.75], "texture": "#0"},
				"east": {"uv": [8.5, 14, 11, 15.75], "texture": "#0"},
				"south": {"uv": [14.75, 14, 16, 15.75], "texture": "#0"},
				"west": {"uv": [12.25, 14, 14.75, 15.75], "texture": "#0"},
				"up": {"uv": [12.25, 14, 11, 11.5], "texture": "#0"},
				"down": {"uv": [13.5, 11.5, 12.25, 14], "texture": "#0"}
			}
		},
		{
			"name": "left_horn",
			"from": [5.51, 19, -2],
			"to": [7.51, 26, 0],
			"rotation": {"angle": 0, "axis": "y", "origin": [8, 0, 8]},
			"faces": {
				"north": {"uv": [3.5, 14.25, 4, 16], "texture": "#0"},
				"east": {"uv": [3, 14.25, 3.5, 16], "texture": "#0"},
				"south": {"uv": [4.5, 14.25, 5, 16], "texture": "#0"},
				"west": {"uv": [4, 14.25, 4.5, 16], "texture": "#0"},
				"up": {"uv": [4, 14.25, 3.5, 13.75], "texture": "#0"},
				"down": {"uv": [4.5, 13.75, 4, 14.25], "texture": "#0"}
			}
		},
		{
			"name": "right_horn",
			"from": [8.49, 19, -2],
			"to": [10.49, 26, 0],
			"rotation": {"angle": 0, "axis": "y", "origin": [8, 0, 8]},
			"faces": {
				"north": {"uv": [3.5, 14.25, 4, 16], "texture": "#0"},
				"east": {"uv": [3, 14.25, 3.5, 16], "texture": "#0"},
				"south": {"uv": [4.5, 14.25, 5, 16], "texture": "#0"},
				"west": {"uv": [4, 14.25, 4.5, 16], "texture": "#0"},
				"up": {"uv": [4, 14.25, 3.5, 13.75], "texture": "#0"},
				"down": {"uv": [4.5, 13.75, 4, 14.25], "texture": "#0"}
			}
		},
		{
			"name": "body",
			"from": [3.5, 6, 1],
			"to": [12.5, 17, 17],
			"rotation": {"angle": 0, "axis": "y", "origin": [8, 0, 8]},
			"faces": {
				"north": {"uv": [4.25, 4.25, 6.5, 7], "texture": "#0"},
				"east": {"uv": [0.25, 4.25, 4.25, 7], "texture": "#0"},
				"south": {"uv": [10.5, 4.25, 12.75, 7], "texture": "#0"},
				"west": {"uv": [6.5, 4.25, 10.5, 7], "texture": "#0"},
				"up": {"uv": [6.5, 4.25, 4.25, 0.25], "texture": "#0"},
				"down": {"uv": [8.75, 0.25, 6.5, 4.25], "texture": "#0"}
			}
		},
		{
			"name": "body",
			"from": [2.5, 4, 0],
			"to": [13.5, 18, 11],
			"rotation": {"angle": 0, "axis": "y", "origin": [8, 0, 8]},
			"faces": {
				"north": {"uv": [2.75, 9.75, 5.5, 13.25], "texture": "#0"},
				"east": {"uv": [0, 9.75, 2.75, 13.25], "texture": "#0"},
				"south": {"uv": [8.25, 9.75, 11, 13.25], "texture": "#0"},
				"west": {"uv": [5.5, 9.75, 8.25, 13.25], "texture": "#0"},
				"up": {"uv": [5.5, 9.75, 2.75, 7], "texture": "#0"},
				"down": {"uv": [8.25, 7, 5.5, 9.75], "texture": "#0"}
			}
		},
		{
			"name": "leg1",
			"from": [8.5, 0, 12],
			"to": [11.5, 6, 15],
			"rotation": {"angle": 0, "axis": "y", "origin": [8, 0, 8]},
			"faces": {
				"north": {"uv": [13, 8, 13.75, 9.5], "texture": "#0"},
				"east": {"uv": [12.25, 8, 13, 9.5], "texture": "#0"},
				"south": {"uv": [14.5, 8, 15.25, 9.5], "texture": "#0"},
				"west": {"uv": [13.75, 8, 14.5, 9.5], "texture": "#0"},
				"up": {"uv": [13.75, 8, 13, 7.25], "texture": "#0"},
				"down": {"uv": [14.5, 7.25, 13.75, 8], "texture": "#0"}
			}
		},
		{
			"name": "leg2",
			"from": [4.5, 0, 12],
			"to": [7.5, 6, 15],
			"rotation": {"angle": 0, "axis": "y", "origin": [8, 0, 8]},
			"faces": {
				"north": {"uv": [9.75, 8, 10.5, 9.5], "texture": "#0"},
				"east": {"uv": [9, 8, 9.75, 9.5], "texture": "#0"},
				"south": {"uv": [11.25, 8, 12, 9.5], "texture": "#0"},
				"west": {"uv": [10.5, 8, 11.25, 9.5], "texture": "#0"},
				"up": {"uv": [10.5, 8, 9.75, 7.25], "texture": "#0"},
				"down": {"uv": [11.25, 7.25, 10.5, 8], "texture": "#0"}
			}
		},
		{
			"name": "leg3",
			"from": [8.5, 0, 2],
			"to": [11.5, 10, 5],
			"rotation": {"angle": 0, "axis": "y", "origin": [8, 0, 8]},
			"faces": {
				"north": {"uv": [13, 1.25, 13.75, 3.75], "texture": "#0"},
				"east": {"uv": [12.25, 1.25, 13, 3.75], "texture": "#0"},
				"south": {"uv": [14.5, 1.25, 15.25, 3.75], "texture": "#0"},
				"west": {"uv": [13.75, 1.25, 14.5, 3.75], "texture": "#0"},
				"up": {"uv": [13.75, 1.25, 13, 0.5], "texture": "#0"},
				"down": {"uv": [14.5, 0.5, 13.75, 1.25], "texture": "#0"}
			}
		},
		{
			"name": "leg4",
			"from": [4.5, 0, 2],
			"to": [7.5, 10, 5],
			"rotation": {"angle": 0, "axis": "y", "origin": [8, 0, 8]},
			"faces": {
				"north": {"uv": [9.5, 1.25, 10.25, 3.75], "texture": "#0"},
				"east": {"uv": [8.75, 1.25, 9.5, 3.75], "texture": "#0"},
				"south": {"uv": [11, 1.25, 11.75, 3.75], "texture": "#0"},
				"west": {"uv": [10.25, 1.25, 11, 3.75], "texture": "#0"},
				"up": {"uv": [10.25, 1.25, 9.5, 0.5], "texture": "#0"},
				"down": {"uv": [11, 0.5, 10.25, 1.25], "texture": "#0"}
			}
		}
	],
	"display": {
		"thirdperson_righthand": {
			"rotation": [70, 0, 0],
			"scale": [0.25, 0.25, 0.25]
		},
		"thirdperson_lefthand": {
			"rotation": [70, 0, 0],
			"scale": [0.25, 0.25, 0.25]
		},
		"firstperson_righthand": {
			"rotation": [0, 90, 0],
			"translation": [4, 0.75, 0],
			"scale": [0.25, 0.25, 0.25]
		},
		"firstperson_lefthand": {
			"rotation": [0, 90, 0],
			"translation": [4, 0.75, 0],
			"scale": [0.25, 0.25, 0.25]
		},
		"ground": {
			"translation": [0, -1.5, 0],
			"scale": [0.3, 0.3, 0.3]
		},
		"gui": {
			"rotation": [18, 150, 0],
			"translation": [0, -1.5, 0],
			"scale": [0.5, 0.5, 0.5]
		},
		"head": {
			"translation": [0, 15.25, -0.5]
		},
		"fixed": {
			"rotation": [-90, 0, 0],
			"translation": [0, 0, -8.5]
		}
	}
}