{
	"credit": "Made with Blockbench",
	"texture_size": [32, 32],
	"textures": {
		"2": "itemy:item/svitek"
	},
	"elements": [
		{
			"name": "svitek_0",
			"from": [2, 9, 8],
			"to": [21, 16, 9],
			"faces": {
				"north": {"uv": [0, 0, 9.5, 3.5], "texture": "#2"},
				"east": {"uv": [4, 8, 4.5, 11.5], "texture": "#2"},
				"south": {"uv": [0, 3.5, 9.5, 7], "texture": "#2"},
				"west": {"uv": [4.5, 8, 5, 11.5], "texture": "#2"},
				"up": {"uv": [9.5, 7.5, 0, 7], "texture": "#2"},
				"down": {"uv": [9.5, 7.5, 0, 8], "texture": "#2"}
			}
		},
		{
			"name": "svitek_1",
			"from": [1, 10, 8],
			"to": [2, 15, 9],
			"faces": {
				"north": {"uv": [5, 8, 5.5, 10.5], "texture": "#2"},
				"east": {"uv": [5.5, 8, 6, 10.5], "texture": "#2"},
				"south": {"uv": [6, 8, 6.5, 10.5], "texture": "#2"},
				"west": {"uv": [6.5, 8, 7, 10.5], "texture": "#2"},
				"up": {"uv": [2, 10, 1.5, 9.5], "texture": "#2"},
				"down": {"uv": [10, 1.5, 9.5, 2], "texture": "#2"}
			}
		},
		{
			"name": "svitek_2",
			"from": [21, 10, 8],
			"to": [22, 15, 9],
			"faces": {
				"north": {"uv": [7, 8, 7.5, 10.5], "texture": "#2"},
				"east": {"uv": [7.5, 8, 8, 10.5], "texture": "#2"},
				"south": {"uv": [8, 8, 8.5, 10.5], "texture": "#2"},
				"west": {"uv": [8.5, 8, 9, 10.5], "texture": "#2"},
				"up": {"uv": [2.5, 10, 2, 9.5], "texture": "#2"},
				"down": {"uv": [10, 2, 9.5, 2.5], "texture": "#2"}
			}
		},
		{
			"name": "svitek_3",
			"from": [10, 6, 8],
			"to": [14, 9, 9],
			"faces": {
				"north": {"uv": [0, 8, 2, 9.5], "texture": "#2"},
				"east": {"uv": [9, 9, 9.5, 10.5], "texture": "#2"},
				"south": {"uv": [2, 8, 4, 9.5], "texture": "#2"},
				"west": {"uv": [0, 9.5, 0.5, 11], "texture": "#2"},
				"up": {"uv": [11, 8.5, 9, 8], "texture": "#2"},
				"down": {"uv": [11, 8.5, 9, 9], "texture": "#2"}
			}
		},
		{
			"name": "svitek_4",
			"from": [10, 5, 8],
			"to": [12, 6, 9],
			"faces": {
				"north": {"uv": [9.5, 0, 10.5, 0.5], "texture": "#2"},
				"east": {"uv": [2.5, 9.5, 3, 10], "texture": "#2"},
				"south": {"uv": [0.5, 9.5, 1.5, 10], "texture": "#2"},
				"west": {"uv": [9.5, 2.5, 10, 3], "texture": "#2"},
				"up": {"uv": [10.5, 1, 9.5, 0.5], "texture": "#2"},
				"down": {"uv": [10.5, 1, 9.5, 1.5], "texture": "#2"}
			}
		}
	],
	"display": {
		"thirdperson_righthand": {
			"rotation": [0, -90, -125],
			"translation": [0, 3.5, 0.5],
			"scale": [0.4, 0.4, 0.4]
		},
		"thirdperson_lefthand": {
			"rotation": [0, 90, 125],
			"translation": [0, 3.5, 0.5],
			"scale": [0.4, 0.4, 0.4]
		},
		"firstperson_righthand": {
			"rotation": [0, -90, -55],
			"translation": [1.75, 3, -0.25],
			"scale": [0.4, 0.4, 0.4]
		},
		"firstperson_lefthand": {
			"rotation": [0, 90, 55],
			"translation": [2, 2.75, -0.75],
			"scale": [0.4, 0.4, 0.4]
		},
		"ground": {
			"rotation": [0, 0, -45],
			"translation": [-1.75, 0, 0],
			"scale": [0.4, 0.4, 0.4]
		},
		"gui": {
			"rotation": [0, 180, -45],
			"translation": [3.5, -0.25, 0],
			"scale": [0.6, 0.6, 0.6]
		},
		"head": {
			"translation": [0, 1.75, -7.25]
		},
		"fixed": {
			"translation": [-2, -3.25, 0],
			"scale": [0.6, 0.6, 0.6]
		}
	},
	"groups": [
		{
			"name": "svitek",
			"origin": [8, 8, 8],
			"color": 0,
			"children": [0, 1, 2, 3, 4]
		}
	]
}