{
	"credit": "Made with Blockbench",
	"texture_size": [32, 32],
	"textures": {
		"0": "klenoty:item/koruna_textura",
		"1": "postavicky:item/puff",
		"particle": "klenoty:item/koruna_textura"
	},
	"elements": [
		{
			"from": [4, 12, 4.5],
			"to": [5, 13, 8.5],
			"rotation": {"angle": 0, "axis": "y", "origin": [0, 1, 0]},
			"faces": {
				"north": {"uv": [8, 3, 8.5, 3.5], "texture": "#0"},
				"east": {"uv": [6, 0, 8, 0.5], "texture": "#0"},
				"south": {"uv": [9.5, 11, 10, 11.5], "texture": "#0"},
				"west": {"uv": [6, 0.5, 8, 1], "texture": "#0"},
				"up": {"uv": [6.5, 3, 6, 1], "texture": "#0"},
				"down": {"uv": [2.5, 6, 2, 8], "texture": "#0"}
			}
		},
		{
			"from": [11, 12, 4.5],
			"to": [12, 13, 8.5],
			"rotation": {"angle": 0, "axis": "y", "origin": [0, 1, 0]},
			"faces": {
				"north": {"uv": [10, 11, 10.5, 11.5], "texture": "#0"},
				"east": {"uv": [2.5, 6, 4.5, 6.5], "texture": "#0"},
				"south": {"uv": [10.5, 11, 11, 11.5], "texture": "#0"},
				"west": {"uv": [6, 3, 8, 3.5], "texture": "#0"},
				"up": {"uv": [6.5, 5.5, 6, 3.5], "texture": "#0"},
				"down": {"uv": [5, 6, 4.5, 8], "texture": "#0"}
			}
		},
		{
			"from": [6, 12, 9.5],
			"to": [10, 13, 10.5],
			"rotation": {"angle": 0, "axis": "y", "origin": [0, 1, 0]},
			"faces": {
				"north": {"uv": [5, 6, 7, 6.5], "texture": "#0"},
				"east": {"uv": [11, 10.5, 11.5, 11], "texture": "#0"},
				"south": {"uv": [6, 5.5, 8, 6], "texture": "#0"},
				"west": {"uv": [11, 11, 11.5, 11.5], "texture": "#0"},
				"up": {"uv": [8.5, 1.5, 6.5, 1], "texture": "#0"},
				"down": {"uv": [8.5, 1.5, 6.5, 2], "texture": "#0"}
			}
		},
		{
			"from": [6, 12, 2.5],
			"to": [10, 13, 3.5],
			"rotation": {"angle": 0, "axis": "y", "origin": [0, 1, 0]},
			"faces": {
				"north": {"uv": [6.5, 4, 8.5, 4.5], "texture": "#0"},
				"east": {"uv": [1, 11.5, 1.5, 12], "texture": "#0"},
				"south": {"uv": [6.5, 4.5, 8.5, 5], "texture": "#0"},
				"west": {"uv": [1.5, 11.5, 2, 12], "texture": "#0"},
				"up": {"uv": [7, 7, 5, 6.5], "texture": "#0"},
				"down": {"uv": [8.5, 5, 6.5, 5.5], "texture": "#0"}
			}
		},
		{
			"from": [10, 12, 8.5],
			"to": [11, 13, 9.5],
			"rotation": {"angle": 0, "axis": "y", "origin": [0, 1, 0]},
			"faces": {
				"north": {"uv": [11.5, 1.5, 12, 2], "texture": "#0"},
				"east": {"uv": [2, 11.5, 2.5, 12], "texture": "#0"},
				"south": {"uv": [11.5, 2, 12, 2.5], "texture": "#0"},
				"west": {"uv": [2.5, 11.5, 3, 12], "texture": "#0"},
				"up": {"uv": [12, 3, 11.5, 2.5], "texture": "#0"},
				"down": {"uv": [3.5, 11.5, 3, 12], "texture": "#0"}
			}
		},
		{
			"from": [5, 12, 8.5],
			"to": [6, 13, 9.5],
			"rotation": {"angle": 0, "axis": "y", "origin": [0, 1, 0]},
			"faces": {
				"north": {"uv": [11.5, 3, 12, 3.5], "texture": "#0"},
				"east": {"uv": [3.5, 11.5, 4, 12], "texture": "#0"},
				"south": {"uv": [4, 11.5, 4.5, 12], "texture": "#0"},
				"west": {"uv": [11.5, 4.5, 12, 5], "texture": "#0"},
				"up": {"uv": [12, 5.5, 11.5, 5], "texture": "#0"},
				"down": {"uv": [6, 11.5, 5.5, 12], "texture": "#0"}
			}
		},
		{
			"from": [5, 12, 3.5],
			"to": [6, 13, 4.5],
			"rotation": {"angle": 0, "axis": "y", "origin": [0, 1, 0]},
			"faces": {
				"north": {"uv": [11.5, 6, 12, 6.5], "texture": "#0"},
				"east": {"uv": [11.5, 6.5, 12, 7], "texture": "#0"},
				"south": {"uv": [7, 11.5, 7.5, 12], "texture": "#0"},
				"west": {"uv": [7.5, 11.5, 8, 12], "texture": "#0"},
				"up": {"uv": [12, 8, 11.5, 7.5], "texture": "#0"},
				"down": {"uv": [8.5, 11.5, 8, 12], "texture": "#0"}
			}
		},
		{
			"from": [10, 12, 3.5],
			"to": [11, 13, 4.5],
			"rotation": {"angle": 0, "axis": "y", "origin": [0, 1, 0]},
			"faces": {
				"north": {"uv": [11.5, 8, 12, 8.5], "texture": "#0"},
				"east": {"uv": [11.5, 8.5, 12, 9], "texture": "#0"},
				"south": {"uv": [11.5, 9, 12, 9.5], "texture": "#0"},
				"west": {"uv": [9.5, 11.5, 10, 12], "texture": "#0"},
				"up": {"uv": [12, 10, 11.5, 9.5], "texture": "#0"},
				"down": {"uv": [10.5, 11.5, 10, 12], "texture": "#0"}
			}
		},
		{
			"from": [7, 13, 2.5],
			"to": [9, 15, 3.5],
			"rotation": {"angle": 0, "axis": "y", "origin": [0, 1, 0]},
			"faces": {
				"north": {"uv": [0, 7.5, 1, 8.5], "texture": "#0"},
				"east": {"uv": [5, 9.5, 5.5, 10.5], "texture": "#0"},
				"south": {"uv": [1, 7.5, 2, 8.5], "texture": "#0"},
				"west": {"uv": [5.5, 9.5, 6, 10.5], "texture": "#0"},
				"up": {"uv": [10.5, 5.5, 9.5, 5], "texture": "#0"},
				"down": {"uv": [7, 9.5, 6, 10], "texture": "#0"}
			}
		},
		{
			"from": [7, 15, 1.5],
			"to": [9, 17, 2.5],
			"rotation": {"angle": 0, "axis": "y", "origin": [0, 1, 0]},
			"faces": {
				"north": {"uv": [8, 0, 9, 1], "texture": "#0"},
				"east": {"uv": [9.5, 6.5, 10, 7.5], "texture": "#0"},
				"south": {"uv": [2, 8, 3, 9], "texture": "#0"},
				"west": {"uv": [7, 9.5, 7.5, 10.5], "texture": "#0"},
				"up": {"uv": [10.5, 8, 9.5, 7.5], "texture": "#0"},
				"down": {"uv": [10.5, 8, 9.5, 8.5], "texture": "#0"}
			}
		},
		{
			"from": [7, 17, 2.5],
			"to": [9, 18, 3.5],
			"rotation": {"angle": 0, "axis": "y", "origin": [0, 1, 0]},
			"faces": {
				"north": {"uv": [10.5, 1.5, 11.5, 2], "texture": "#0"},
				"east": {"uv": [7.5, 12, 8, 12.5], "texture": "#0"},
				"south": {"uv": [2, 10.5, 3, 11], "texture": "#0"},
				"west": {"uv": [12, 7.5, 12.5, 8], "texture": "#0"},
				"up": {"uv": [11.5, 2.5, 10.5, 2], "texture": "#0"},
				"down": {"uv": [11.5, 2.5, 10.5, 3], "texture": "#0"}
			}
		},
		{
			"from": [7, 17, 3.5],
			"to": [9, 18, 4.5],
			"rotation": {"angle": 0, "axis": "y", "origin": [0, 1, 0]},
			"faces": {
				"north": {"uv": [10.5, 9, 11.5, 9.5], "texture": "#0"},
				"east": {"uv": [9.5, 12, 10, 12.5], "texture": "#0"},
				"south": {"uv": [10.5, 9.5, 11.5, 10], "texture": "#0"},
				"west": {"uv": [12, 9.5, 12.5, 10], "texture": "#0"},
				"up": {"uv": [11, 11, 10, 10.5], "texture": "#0"},
				"down": {"uv": [11.5, 10, 10.5, 10.5], "texture": "#0"}
			}
		},
		{
			"from": [3, 15, 5.5],
			"to": [4, 17, 7.5],
			"rotation": {"angle": 0, "axis": "y", "origin": [0, 1, 0]},
			"faces": {
				"north": {"uv": [10, 0.5, 10.5, 1.5], "texture": "#0"},
				"east": {"uv": [5, 8, 6, 9], "texture": "#0"},
				"south": {"uv": [1.5, 10, 2, 11], "texture": "#0"},
				"west": {"uv": [8, 5.5, 9, 6.5], "texture": "#0"},
				"up": {"uv": [10.5, 2.5, 10, 1.5], "texture": "#0"},
				"down": {"uv": [10.5, 2.5, 10, 3.5], "texture": "#0"}
			}
		},
		{
			"from": [4, 17, 5.5],
			"to": [5, 18, 7.5],
			"rotation": {"angle": 0, "axis": "y", "origin": [0, 1, 0]},
			"faces": {
				"north": {"uv": [7, 12, 7.5, 12.5], "texture": "#0"},
				"east": {"uv": [9.5, 10, 10.5, 10.5], "texture": "#0"},
				"south": {"uv": [12, 7, 12.5, 7.5], "texture": "#0"},
				"west": {"uv": [0, 10.5, 1, 11], "texture": "#0"},
				"up": {"uv": [11, 1.5, 10.5, 0.5], "texture": "#0"},
				"down": {"uv": [1.5, 10.5, 1, 11.5], "texture": "#0"}
			}
		},
		{
			"from": [4, 13, 5.5],
			"to": [5, 15, 7.5],
			"rotation": {"angle": 0, "axis": "y", "origin": [0, 1, 0]},
			"faces": {
				"north": {"uv": [9, 6.5, 9.5, 7.5], "texture": "#0"},
				"east": {"uv": [2.5, 7, 3.5, 8], "texture": "#0"},
				"south": {"uv": [7.5, 9, 8, 10], "texture": "#0"},
				"west": {"uv": [3.5, 7, 4.5, 8], "texture": "#0"},
				"up": {"uv": [9.5, 8.5, 9, 7.5], "texture": "#0"},
				"down": {"uv": [9.5, 8.5, 9, 9.5], "texture": "#0"}
			}
		},
		{
			"from": [7, 13, 9.5],
			"to": [9, 15, 10.5],
			"rotation": {"angle": 0, "axis": "y", "origin": [0, 1, 0]},
			"faces": {
				"north": {"uv": [7, 6, 8, 7], "texture": "#0"},
				"east": {"uv": [9.5, 2.5, 10, 3.5], "texture": "#0"},
				"south": {"uv": [7, 7, 8, 8], "texture": "#0"},
				"west": {"uv": [3.5, 9.5, 4, 10.5], "texture": "#0"},
				"up": {"uv": [5, 10, 4, 9.5], "texture": "#0"},
				"down": {"uv": [10.5, 4.5, 9.5, 5], "texture": "#0"}
			}
		},
		{
			"from": [7, 15, 10.5],
			"to": [9, 17, 11.5],
			"rotation": {"angle": 0, "axis": "y", "origin": [0, 1, 0]},
			"faces": {
				"north": {"uv": [3, 8, 4, 9], "texture": "#0"},
				"east": {"uv": [9.5, 8.5, 10, 9.5], "texture": "#0"},
				"south": {"uv": [4, 8, 5, 9], "texture": "#0"},
				"west": {"uv": [9, 9.5, 9.5, 10.5], "texture": "#0"},
				"up": {"uv": [10.5, 10, 9.5, 9.5], "texture": "#0"},
				"down": {"uv": [11, 0, 10, 0.5], "texture": "#0"}
			}
		},
		{
			"from": [7, 17, 9.5],
			"to": [9, 18, 10.5],
			"rotation": {"angle": 0, "axis": "y", "origin": [0, 1, 0]},
			"faces": {
				"north": {"uv": [10.5, 3, 11.5, 3.5], "texture": "#0"},
				"east": {"uv": [8, 12, 8.5, 12.5], "texture": "#0"},
				"south": {"uv": [3.5, 10.5, 4.5, 11], "texture": "#0"},
				"west": {"uv": [12, 8, 12.5, 8.5], "texture": "#0"},
				"up": {"uv": [5.5, 11, 4.5, 10.5], "texture": "#0"},
				"down": {"uv": [11.5, 4.5, 10.5, 5], "texture": "#0"}
			}
		},
		{
			"from": [7, 17, 8.5],
			"to": [9, 18, 9.5],
			"rotation": {"angle": 0, "axis": "y", "origin": [0, 1, 0]},
			"faces": {
				"north": {"uv": [10.5, 5, 11.5, 5.5], "texture": "#0"},
				"east": {"uv": [8.5, 12, 9, 12.5], "texture": "#0"},
				"south": {"uv": [10.5, 6, 11.5, 6.5], "texture": "#0"},
				"west": {"uv": [12, 8.5, 12.5, 9], "texture": "#0"},
				"up": {"uv": [11.5, 7, 10.5, 6.5], "texture": "#0"},
				"down": {"uv": [8, 10.5, 7, 11], "texture": "#0"}
			}
		},
		{
			"from": [7, 16, 7.5],
			"to": [9, 17, 8.5],
			"rotation": {"angle": 0, "axis": "y", "origin": [0, 1, 0]},
			"faces": {
				"north": {"uv": [10.5, 7.5, 11.5, 8], "texture": "#0"},
				"east": {"uv": [9, 12, 9.5, 12.5], "texture": "#0"},
				"south": {"uv": [10.5, 8, 11.5, 8.5], "texture": "#0"},
				"west": {"uv": [12, 9, 12.5, 9.5], "texture": "#0"},
				"up": {"uv": [11.5, 9, 10.5, 8.5], "texture": "#0"},
				"down": {"uv": [10, 10.5, 9, 11], "texture": "#0"}
			}
		},
		{
			"from": [6, 16, 5.5],
			"to": [7, 17, 7.5],
			"rotation": {"angle": 0, "axis": "y", "origin": [0, 1, 0]},
			"faces": {
				"north": {"uv": [12, 12, 12.5, 12.5], "texture": "#0"},
				"east": {"uv": [7, 11, 8, 11.5], "texture": "#0"},
				"south": {"uv": [0, 12.5, 0.5, 13], "texture": "#0"},
				"west": {"uv": [11, 7, 12, 7.5], "texture": "#0"},
				"up": {"uv": [9, 12, 8.5, 11], "texture": "#0"},
				"down": {"uv": [9.5, 11, 9, 12], "texture": "#0"}
			}
		},
		{
			"from": [5, 17, 5.5],
			"to": [6, 18, 7.5],
			"rotation": {"angle": 0, "axis": "y", "origin": [0, 1, 0]},
			"faces": {
				"north": {"uv": [11.5, 12, 12, 12.5], "texture": "#0"},
				"east": {"uv": [11, 4, 12, 4.5], "texture": "#0"},
				"south": {"uv": [12, 11.5, 12.5, 12], "texture": "#0"},
				"west": {"uv": [11, 5.5, 12, 6], "texture": "#0"},
				"up": {"uv": [6.5, 12, 6, 11], "texture": "#0"},
				"down": {"uv": [7, 11, 6.5, 12], "texture": "#0"}
			}
		},
		{
			"from": [7, 16, 4.5],
			"to": [9, 17, 5.5],
			"rotation": {"angle": 0, "axis": "y", "origin": [0, 1, 0]},
			"faces": {
				"north": {"uv": [0, 11, 1, 11.5], "texture": "#0"},
				"east": {"uv": [10, 12, 10.5, 12.5], "texture": "#0"},
				"south": {"uv": [11, 0, 12, 0.5], "texture": "#0"},
				"west": {"uv": [12, 10, 12.5, 10.5], "texture": "#0"},
				"up": {"uv": [12, 1, 11, 0.5], "texture": "#0"},
				"down": {"uv": [12, 1, 11, 1.5], "texture": "#0"}
			}
		},
		{
			"from": [9, 16, 5.5],
			"to": [10, 17, 7.5],
			"rotation": {"angle": 0, "axis": "y", "origin": [0, 1, 0]},
			"faces": {
				"north": {"uv": [11, 12, 11.5, 12.5], "texture": "#0"},
				"east": {"uv": [3.5, 11, 4.5, 11.5], "texture": "#0"},
				"south": {"uv": [12, 11, 12.5, 11.5], "texture": "#0"},
				"west": {"uv": [11, 3.5, 12, 4], "texture": "#0"},
				"up": {"uv": [5, 12, 4.5, 11], "texture": "#0"},
				"down": {"uv": [5.5, 11, 5, 12], "texture": "#0"}
			}
		},
		{
			"from": [7, 15, 5.5],
			"to": [9, 16, 7.5],
			"rotation": {"angle": 0, "axis": "y", "origin": [0, 1, 0]},
			"faces": {
				"north": {"uv": [10, 3.5, 11, 4], "texture": "#0"},
				"east": {"uv": [4, 10, 5, 10.5], "texture": "#0"},
				"south": {"uv": [10, 4, 11, 4.5], "texture": "#0"},
				"west": {"uv": [10, 5.5, 11, 6], "texture": "#0"},
				"up": {"uv": [7, 9, 6, 8], "texture": "#0"},
				"down": {"uv": [9, 6.5, 8, 7.5], "texture": "#0"}
			}
		},
		{
			"from": [10, 17, 5.5],
			"to": [11, 18, 7.5],
			"rotation": {"angle": 0, "axis": "y", "origin": [0, 1, 0]},
			"faces": {
				"north": {"uv": [10.5, 12, 11, 12.5], "texture": "#0"},
				"east": {"uv": [1.5, 11, 2.5, 11.5], "texture": "#0"},
				"south": {"uv": [12, 10.5, 12.5, 11], "texture": "#0"},
				"west": {"uv": [2.5, 11, 3.5, 11.5], "texture": "#0"},
				"up": {"uv": [6, 11.5, 5.5, 10.5], "texture": "#0"},
				"down": {"uv": [8.5, 10.5, 8, 11.5], "texture": "#0"}
			}
		},
		{
			"from": [11, 17, 5.5],
			"to": [12, 18, 7.5],
			"rotation": {"angle": 0, "axis": "y", "origin": [0, 1, 0]},
			"faces": {
				"north": {"uv": [6.5, 12, 7, 12.5], "texture": "#0"},
				"east": {"uv": [10, 7, 11, 7.5], "texture": "#0"},
				"south": {"uv": [12, 6.5, 12.5, 7], "texture": "#0"},
				"west": {"uv": [7.5, 10, 8.5, 10.5], "texture": "#0"},
				"up": {"uv": [9, 11, 8.5, 10], "texture": "#0"},
				"down": {"uv": [10.5, 8.5, 10, 9.5], "texture": "#0"}
			}
		},
		{
			"from": [12, 15, 5.5],
			"to": [13, 17, 7.5],
			"rotation": {"angle": 0, "axis": "y", "origin": [0, 1, 0]},
			"faces": {
				"north": {"uv": [3, 10, 3.5, 11], "texture": "#0"},
				"east": {"uv": [7, 8, 8, 9], "texture": "#0"},
				"south": {"uv": [6, 10, 6.5, 11], "texture": "#0"},
				"west": {"uv": [8, 7.5, 9, 8.5], "texture": "#0"},
				"up": {"uv": [10.5, 7, 10, 6], "texture": "#0"},
				"down": {"uv": [7, 10, 6.5, 11], "texture": "#0"}
			}
		},
		{
			"from": [11, 13, 5.5],
			"to": [12, 15, 7.5],
			"rotation": {"angle": 0, "axis": "y", "origin": [0, 1, 0]},
			"faces": {
				"north": {"uv": [9.5, 0, 10, 1], "texture": "#0"},
				"east": {"uv": [5, 7, 6, 8], "texture": "#0"},
				"south": {"uv": [9.5, 1, 10, 2], "texture": "#0"},
				"west": {"uv": [6, 7, 7, 8], "texture": "#0"},
				"up": {"uv": [2.5, 10.5, 2, 9.5], "texture": "#0"},
				"down": {"uv": [3, 9.5, 2.5, 10.5], "texture": "#0"}
			}
		},
		{
			"from": [6, 12, 3.5],
			"to": [10, 15, 9.5],
			"rotation": {"angle": 0, "axis": "y", "origin": [0, 1, 0]},
			"faces": {
				"north": {"uv": [4, 0, 6, 1.5], "texture": "#0"},
				"east": {"uv": [0, 3, 3, 4.5], "texture": "#0"},
				"south": {"uv": [4, 1.5, 6, 3], "texture": "#0"},
				"west": {"uv": [3, 3, 6, 4.5], "texture": "#0"},
				"up": {"uv": [2, 3, 0, 0], "texture": "#0"},
				"down": {"uv": [4, 0, 2, 3], "texture": "#0"}
			}
		},
		{
			"from": [10, 12, 4.5],
			"to": [11, 15, 8.5],
			"rotation": {"angle": 0, "axis": "y", "origin": [0, 1, 0]},
			"faces": {
				"north": {"uv": [1.5, 8.5, 2, 10], "texture": "#0"},
				"east": {"uv": [0, 4.5, 2, 6], "texture": "#0"},
				"south": {"uv": [8.5, 3, 9, 4.5], "texture": "#0"},
				"west": {"uv": [2, 4.5, 4, 6], "texture": "#0"},
				"up": {"uv": [0.5, 10.5, 0, 8.5], "texture": "#0"},
				"down": {"uv": [1, 8.5, 0.5, 10.5], "texture": "#0"}
			}
		},
		{
			"from": [5, 12, 4.5],
			"to": [6, 15, 8.5],
			"rotation": {"angle": 0, "axis": "y", "origin": [0, 1, 0]},
			"faces": {
				"north": {"uv": [8, 8.5, 8.5, 10], "texture": "#0"},
				"east": {"uv": [4, 4.5, 6, 6], "texture": "#0"},
				"south": {"uv": [8.5, 8.5, 9, 10], "texture": "#0"},
				"west": {"uv": [0, 6, 2, 7.5], "texture": "#0"},
				"up": {"uv": [1.5, 10.5, 1, 8.5], "texture": "#0"},
				"down": {"uv": [9, 1, 8.5, 3], "texture": "#0"}
			}
		},
		{
			"from": [6, 15, 4.5],
			"to": [7, 16, 5.5],
			"rotation": {"angle": 0, "axis": "y", "origin": [0, 1, 0]},
			"faces": {
				"north": {"uv": [11.5, 10, 12, 10.5], "texture": "#0"},
				"east": {"uv": [10.5, 11.5, 11, 12], "texture": "#0"},
				"south": {"uv": [11.5, 10.5, 12, 11], "texture": "#0"},
				"west": {"uv": [11, 11.5, 11.5, 12], "texture": "#0"},
				"up": {"uv": [12, 11.5, 11.5, 11], "texture": "#0"},
				"down": {"uv": [12, 11.5, 11.5, 12], "texture": "#0"}
			}
		},
		{
			"from": [6, 15, 7.5],
			"to": [7, 16, 8.5],
			"rotation": {"angle": 0, "axis": "y", "origin": [0, 1, 0]},
			"faces": {
				"north": {"uv": [0, 12, 0.5, 12.5], "texture": "#0"},
				"east": {"uv": [12, 0, 12.5, 0.5], "texture": "#0"},
				"south": {"uv": [0.5, 12, 1, 12.5], "texture": "#0"},
				"west": {"uv": [12, 0.5, 12.5, 1], "texture": "#0"},
				"up": {"uv": [1.5, 12.5, 1, 12], "texture": "#0"},
				"down": {"uv": [12.5, 1, 12, 1.5], "texture": "#0"}
			}
		},
		{
			"from": [9, 15, 4.5],
			"to": [10, 16, 5.5],
			"rotation": {"angle": 0, "axis": "y", "origin": [0, 1, 0]},
			"faces": {
				"north": {"uv": [1.5, 12, 2, 12.5], "texture": "#0"},
				"east": {"uv": [12, 1.5, 12.5, 2], "texture": "#0"},
				"south": {"uv": [2, 12, 2.5, 12.5], "texture": "#0"},
				"west": {"uv": [12, 2, 12.5, 2.5], "texture": "#0"},
				"up": {"uv": [3, 12.5, 2.5, 12], "texture": "#0"},
				"down": {"uv": [12.5, 2.5, 12, 3], "texture": "#0"}
			}
		},
		{
			"from": [9, 15, 7.5],
			"to": [10, 16, 8.5],
			"rotation": {"angle": 0, "axis": "y", "origin": [0, 1, 0]},
			"faces": {
				"north": {"uv": [3, 12, 3.5, 12.5], "texture": "#0"},
				"east": {"uv": [12, 3, 12.5, 3.5], "texture": "#0"},
				"south": {"uv": [3.5, 12, 4, 12.5], "texture": "#0"},
				"west": {"uv": [12, 3.5, 12.5, 4], "texture": "#0"},
				"up": {"uv": [4.5, 12.5, 4, 12], "texture": "#0"},
				"down": {"uv": [12.5, 4, 12, 4.5], "texture": "#0"}
			}
		},
		{
			"from": [10, 15, 5.5],
			"to": [11, 16, 7.5],
			"rotation": {"angle": 0, "axis": "y", "origin": [0, 1, 0]},
			"faces": {
				"north": {"uv": [4.5, 12, 5, 12.5], "texture": "#0"},
				"east": {"uv": [8.5, 4.5, 9.5, 5], "texture": "#0"},
				"south": {"uv": [12, 4.5, 12.5, 5], "texture": "#0"},
				"west": {"uv": [8.5, 5, 9.5, 5.5], "texture": "#0"},
				"up": {"uv": [9.5, 1, 9, 0], "texture": "#0"},
				"down": {"uv": [9.5, 1, 9, 2], "texture": "#0"}
			}
		},
		{
			"from": [5, 15, 5.5],
			"to": [6, 16, 7.5],
			"rotation": {"angle": 0, "axis": "y", "origin": [0, 1, 0]},
			"faces": {
				"north": {"uv": [5, 12, 5.5, 12.5], "texture": "#0"},
				"east": {"uv": [2, 9, 3, 9.5], "texture": "#0"},
				"south": {"uv": [12, 5, 12.5, 5.5], "texture": "#0"},
				"west": {"uv": [9, 2, 10, 2.5], "texture": "#0"},
				"up": {"uv": [9.5, 3.5, 9, 2.5], "texture": "#0"},
				"down": {"uv": [3.5, 9, 3, 10], "texture": "#0"}
			}
		},
		{
			"from": [7, 15, 8.5],
			"to": [9, 16, 9.5],
			"rotation": {"angle": 0, "axis": "y", "origin": [0, 1, 0]},
			"faces": {
				"north": {"uv": [3.5, 9, 4.5, 9.5], "texture": "#0"},
				"east": {"uv": [5.5, 12, 6, 12.5], "texture": "#0"},
				"south": {"uv": [9, 3.5, 10, 4], "texture": "#0"},
				"west": {"uv": [12, 5.5, 12.5, 6], "texture": "#0"},
				"up": {"uv": [10, 4.5, 9, 4], "texture": "#0"},
				"down": {"uv": [5.5, 9, 4.5, 9.5], "texture": "#0"}
			}
		},
		{
			"from": [7, 15, 3.5],
			"to": [9, 16, 4.5],
			"rotation": {"angle": 0, "axis": "y", "origin": [0, 1, 0]},
			"faces": {
				"north": {"uv": [5.5, 9, 6.5, 9.5], "texture": "#0"},
				"east": {"uv": [6, 12, 6.5, 12.5], "texture": "#0"},
				"south": {"uv": [9, 5.5, 10, 6], "texture": "#0"},
				"west": {"uv": [12, 6, 12.5, 6.5], "texture": "#0"},
				"up": {"uv": [10, 6.5, 9, 6], "texture": "#0"},
				"down": {"uv": [7.5, 9, 6.5, 9.5], "texture": "#0"}
			}
		},
		{
			"name": "body",
			"from": [2, 0, 0.5],
			"to": [14, 12, 12.5],
			"rotation": {"angle": 0, "axis": "y", "origin": [-4, 0, -4]},
			"faces": {
				"north": {"uv": [4, 4, 8, 8], "texture": "#1"},
				"east": {"uv": [0, 4, 4, 8], "texture": "#1"},
				"south": {"uv": [12, 4, 16, 8], "texture": "#1"},
				"west": {"uv": [8, 4, 12, 8], "texture": "#1"},
				"up": {"uv": [8, 4, 4, 0], "texture": "#1"},
				"down": {"uv": [12, 0, 8, 4], "texture": "#1"}
			}
		},
		{
			"name": "body",
			"from": [2, 12, 6.5],
			"to": [14, 13.5, 6.5],
			"rotation": {"angle": 0, "axis": "y", "origin": [-4, 0, -4]},
			"faces": {
				"north": {"uv": [7.5, 8, 11.5, 8.5], "texture": "#1"},
				"east": {"uv": [7.5, 8, 7.5, 8.5], "texture": "#1"},
				"south": {"uv": [11.5, 8, 15.5, 8.5], "texture": "#1"},
				"west": {"uv": [11.5, 8, 11.5, 8.5], "texture": "#1"},
				"up": {"uv": [11.5, 8, 7.5, 8], "texture": "#1"},
				"down": {"uv": [15.5, 8, 11.5, 8], "texture": "#1"}
			}
		},
		{
			"name": "body",
			"from": [2, -1.5, 6.5],
			"to": [14, 0, 6.5],
			"rotation": {"angle": 0, "axis": "y", "origin": [-4, 0, -4]},
			"faces": {
				"north": {"uv": [7.5, 10, 11.5, 10.5], "texture": "#1"},
				"east": {"uv": [7.5, 10, 7.5, 10.5], "texture": "#1"},
				"south": {"uv": [11.5, 10, 15.5, 10.5], "texture": "#1"},
				"west": {"uv": [11.5, 10, 11.5, 10.5], "texture": "#1"},
				"up": {"uv": [11.5, 10, 7.5, 10], "texture": "#1"},
				"down": {"uv": [15.5, 10, 11.5, 10], "texture": "#1"}
			}
		},
		{
			"name": "top_front_spikes",
			"from": [2, 12, 0.5],
			"to": [14, 13.5, 0.5],
			"rotation": {"angle": -45, "axis": "x", "origin": [8, 12, 0.5]},
			"faces": {
				"north": {"uv": [7.5, 8.5, 11.5, 9], "texture": "#1"},
				"east": {"uv": [7.5, 8.5, 7.5, 9], "texture": "#1"},
				"south": {"uv": [15.5, 9, 11.5, 8.5], "texture": "#1"},
				"west": {"uv": [11.5, 8.5, 11.5, 9], "texture": "#1"},
				"up": {"uv": [11.5, 8.5, 7.5, 8.5], "texture": "#1"},
				"down": {"uv": [15.5, 8.5, 11.5, 8.5], "texture": "#1"}
			}
		},
		{
			"name": "left_front_spikes",
			"from": [0.5, 0, 0.5],
			"to": [2, 12, 0.5],
			"rotation": {"angle": -45, "axis": "y", "origin": [2, 6, 0.5]},
			"faces": {
				"north": {"uv": [0.5, 8.5, 1, 12.5], "texture": "#1"},
				"east": {"uv": [0.5, 8.5, 0.5, 12.5], "texture": "#1"},
				"south": {"uv": [1, 8.5, 1.5, 12.5], "texture": "#1"},
				"west": {"uv": [1, 8.5, 1, 12.5], "texture": "#1"},
				"up": {"uv": [1, 8.5, 0.5, 8.5], "texture": "#1"},
				"down": {"uv": [1.5, 8.5, 1, 8.5], "texture": "#1"}
			}
		},
		{
			"name": "right_front_spikes",
			"from": [14, 0, 0.5],
			"to": [15.5, 12, 0.5],
			"rotation": {"angle": 45, "axis": "y", "origin": [14, 6, 0.5]},
			"faces": {
				"north": {"uv": [2.5, 8.5, 3, 12.5], "texture": "#1"},
				"east": {"uv": [2.5, 8.5, 2.5, 12.5], "texture": "#1"},
				"south": {"uv": [3, 8.5, 3.5, 12.5], "texture": "#1"},
				"west": {"uv": [3, 8.5, 3, 12.5], "texture": "#1"},
				"up": {"uv": [3, 8.5, 2.5, 8.5], "texture": "#1"},
				"down": {"uv": [3.5, 8.5, 3, 8.5], "texture": "#1"}
			}
		},
		{
			"name": "bottom_front_spikes",
			"from": [2, -1.5, 0.5],
			"to": [14, 0, 0.5],
			"rotation": {"angle": 45, "axis": "x", "origin": [8, 0, 0.5]},
			"faces": {
				"north": {"uv": [7.5, 10, 11.5, 10.5], "texture": "#1"},
				"east": {"uv": [7.5, 10, 7.5, 10.5], "texture": "#1"},
				"south": {"uv": [11.5, 10, 15.5, 10.5], "texture": "#1"},
				"west": {"uv": [11.5, 10, 11.5, 10.5], "texture": "#1"},
				"up": {"uv": [11.5, 10, 7.5, 10], "texture": "#1"},
				"down": {"uv": [15.5, 10, 11.5, 10], "texture": "#1"}
			}
		},
		{
			"name": "top_back_spikes",
			"from": [2, 12, 12.5],
			"to": [14, 13.5, 12.5],
			"rotation": {"angle": 45, "axis": "x", "origin": [8, 12, 12.5]},
			"faces": {
				"north": {"uv": [16, 9.5, 12, 9], "texture": "#1"},
				"east": {"uv": [8, 9, 8, 9.5], "texture": "#1"},
				"south": {"uv": [12, 9, 16, 9.5], "texture": "#1"},
				"west": {"uv": [12, 9, 12, 9.5], "texture": "#1"},
				"up": {"uv": [12, 9, 8, 9], "texture": "#1"},
				"down": {"uv": [16, 9, 12, 9], "texture": "#1"}
			}
		},
		{
			"name": "left_back_spikes",
			"from": [0.5, 0, 12.5],
			"to": [2, 12, 12.5],
			"rotation": {"angle": 45, "axis": "y", "origin": [2, 6, 12.5]},
			"faces": {
				"north": {"uv": [4.5, 8.5, 5, 12.5], "texture": "#1"},
				"east": {"uv": [4.5, 8.5, 4.5, 12.5], "texture": "#1"},
				"south": {"uv": [5, 8.5, 5.5, 12.5], "texture": "#1"},
				"west": {"uv": [5, 8.5, 5, 12.5], "texture": "#1"},
				"up": {"uv": [5, 8.5, 4.5, 8.5], "texture": "#1"},
				"down": {"uv": [5.5, 8.5, 5, 8.5], "texture": "#1"}
			}
		},
		{
			"name": "right_back_spikes",
			"from": [14, 0, 12.5],
			"to": [15.5, 12, 12.5],
			"rotation": {"angle": -45, "axis": "y", "origin": [14, 6, 12.5]},
			"faces": {
				"north": {"uv": [4.5, 8.5, 5, 12.5], "texture": "#1"},
				"east": {"uv": [4.5, 8.5, 4.5, 12.5], "texture": "#1"},
				"south": {"uv": [5, 8.5, 5.5, 12.5], "texture": "#1"},
				"west": {"uv": [5, 8.5, 5, 12.5], "texture": "#1"},
				"up": {"uv": [5, 8.5, 4.5, 8.5], "texture": "#1"},
				"down": {"uv": [5.5, 8.5, 5, 8.5], "texture": "#1"}
			}
		},
		{
			"name": "bottom_back_spikes",
			"from": [2, -1.5, 12.5],
			"to": [14, 0, 12.5],
			"rotation": {"angle": -45, "axis": "x", "origin": [8, 0, 12.5]},
			"faces": {
				"north": {"uv": [7.5, 10, 11.5, 10.5], "texture": "#1"},
				"east": {"uv": [7.5, 10, 7.5, 10.5], "texture": "#1"},
				"south": {"uv": [11.5, 10, 15.5, 10.5], "texture": "#1"},
				"west": {"uv": [11.5, 10, 11.5, 10.5], "texture": "#1"},
				"up": {"uv": [11.5, 10, 7.5, 10], "texture": "#1"},
				"down": {"uv": [15.5, 10, 11.5, 10], "texture": "#1"}
			}
		},
		{
			"name": "fin_left",
			"from": [-1, 9, 2.015],
			"to": [2, 10.5, 5.015],
			"rotation": {"angle": 0, "axis": "y", "origin": [-4, 0, -4]},
			"faces": {
				"north": {"uv": [13, 2.5, 14, 3], "texture": "#1"},
				"east": {"uv": [12, 2.5, 13, 3], "texture": "#1"},
				"south": {"uv": [15, 2.5, 16, 3], "texture": "#1"},
				"west": {"uv": [14, 2.5, 15, 3], "texture": "#1"},
				"up": {"uv": [14, 2.5, 13, 1.5], "texture": "#1"},
				"down": {"uv": [15, 1.5, 14, 2.5], "texture": "#1"}
			}
		},
		{
			"name": "fin_right",
			"from": [14, 9, 2.015],
			"to": [17, 10.5, 5.015],
			"rotation": {"angle": 0, "axis": "y", "origin": [-4, 0, -4]},
			"faces": {
				"north": {"uv": [13, 1, 14, 1.5], "texture": "#1"},
				"east": {"uv": [12, 1, 13, 1.5], "texture": "#1"},
				"south": {"uv": [15, 1, 16, 1.5], "texture": "#1"},
				"west": {"uv": [14, 1, 15, 1.5], "texture": "#1"},
				"up": {"uv": [14, 1, 13, 0], "texture": "#1"},
				"down": {"uv": [15, 0, 14, 1], "texture": "#1"}
			}
		}
	],
	"display": {
		"thirdperson_righthand": {
			"rotation": [68, 0, 0],
			"translation": [0, 0, 1],
			"scale": [0.3, 0.3, 0.3]
		},
		"thirdperson_lefthand": {
			"rotation": [68, 0, 0],
			"translation": [0, 0, 1],
			"scale": [0.3, 0.3, 0.3]
		},
		"firstperson_righthand": {
			"rotation": [0, 120, 0],
			"translation": [3.25, 4.5, 0],
			"scale": [0.4, 0.4, 0.4]
		},
		"firstperson_lefthand": {
			"rotation": [0, 120, 0],
			"translation": [3.25, 4.5, 0],
			"scale": [0.4, 0.4, 0.4]
		},
		"ground": {
			"translation": [0, 2, 0],
			"scale": [0.6, 0.6, 0.6]
		},
		"gui": {
			"rotation": [13, 142, 0],
			"translation": [0.75, 0, 0.75],
			"scale": [0.7, 0.7, 0.7]
		},
		"head": {
			"translation": [0, 2.25, 2],
			"scale": [1.25, 1.25, 1.25]
		},
		"fixed": {
			"rotation": [-90, 0, 0],
			"translation": [0, 3.5, -17.5],
			"scale": [1.8, 1.8, 1.8]
		}
	},
	"groups": [
		{
			"name": "main",
			"origin": [0, 1, 0],
			"color": 0,
			"children": [
				0,
				1,
				2,
				3,
				4,
				5,
				6,
				7,
				{
					"name": "hořejšek",
					"origin": [0, 1, 0],
					"color": 0,
					"children": [
						{
							"name": "proužky",
							"origin": [0, 1, 0],
							"color": 0,
							"children": [8, 9, 10, 11, 12, 13, 14, 15, 16, 17, 18, 19, 20, 21, 22, 23, 24, 25, 26, 27, 28]
						},
						{
							"name": "vycpávka",
							"origin": [0, 1, 0],
							"color": 0,
							"children": [29, 30, 31, 32, 33, 34, 35, 36, 37, 38, 39]
						}
					]
				}
			]
		},
		40,
		41,
		42,
		43,
		44,
		45,
		46,
		47,
		48,
		49,
		50,
		51,
		52
	]
}