{
	"credit": "Made with Blockbench",
	"texture_size": [32, 32],
	"textures": {
		"1": "postavicky:item/liska_oranzova_spici"
	},
	"elements": [
		{
			"name": "head",
			"from": [6.75, 5, -1.75],
			"to": [12.75, 11, 6.25],
			"rotation": {"angle": -22.5, "axis": "y", "origin": [5, 7.5, -3.25]},
			"faces": {
				"north": {"uv": [5.33333, 5.5, 7, 8.5], "texture": "#1"},
				"east": {"uv": [2, 5.5, 5.33333, 8.5], "texture": "#1"},
				"south": {"uv": [0.33333, 5.5, 2, 8.5], "texture": "#1"},
				"west": {"uv": [7, 5.5, 9.66667, 8.5], "texture": "#1"},
				"up": {"uv": [5, 5.5, 2.33333, 2.5], "rotation": 90, "texture": "#1"},
				"down": {"uv": [7.66667, 2.5, 5, 5.5], "rotation": 270, "texture": "#1"}
			}
		},
		{
			"name": "head",
			"from": [10.75, 11, -1.75],
			"to": [11.75, 13, 0.25],
			"rotation": {"angle": -22.5, "axis": "y", "origin": [5, 7.5, -3.25]},
			"faces": {
				"north": {"uv": [6, 1, 6.33333, 2], "texture": "#1"},
				"east": {"uv": [5.33333, 1, 6, 2], "texture": "#1"},
				"south": {"uv": [5, 1, 5.33333, 2], "texture": "#1"},
				"west": {"uv": [6.33333, 1, 7, 2], "texture": "#1"},
				"up": {"uv": [6, 1, 5.33333, 0.5], "rotation": 90, "texture": "#1"},
				"down": {"uv": [6.66667, 0.5, 6, 1], "rotation": 270, "texture": "#1"}
			}
		},
		{
			"name": "head",
			"from": [10.75, 11, 4.25],
			"to": [11.75, 13, 6.25],
			"rotation": {"angle": -22.5, "axis": "y", "origin": [5, 7.5, -3.25]},
			"faces": {
				"north": {"uv": [3.66667, 1, 4, 2], "texture": "#1"},
				"east": {"uv": [3, 1, 3.66667, 2], "texture": "#1"},
				"south": {"uv": [2.66667, 1, 3, 2], "texture": "#1"},
				"west": {"uv": [4, 1, 4.66667, 2], "texture": "#1"},
				"up": {"uv": [3.66667, 1, 3, 0.5], "rotation": 90, "texture": "#1"},
				"down": {"uv": [4.33333, 0.5, 3.66667, 1], "rotation": 270, "texture": "#1"}
			}
		},
		{
			"name": "head",
			"from": [12.75, 5, 0.25],
			"to": [15.75, 7, 4.25],
			"rotation": {"angle": -22.5, "axis": "y", "origin": [5, 7.5, -3.25]},
			"faces": {
				"north": {"uv": [4.33333, 10.5, 5.33333, 11.5], "texture": "#1"},
				"east": {"uv": [3, 10.5, 4.33333, 11.5], "texture": "#1"},
				"south": {"uv": [2, 10.5, 3, 11.5], "texture": "#1"},
				"west": {"uv": [5.33333, 10.5, 6.66667, 11.5], "texture": "#1"},
				"up": {"uv": [4.33333, 10.5, 3, 9], "rotation": 90, "texture": "#1"},
				"down": {"uv": [5.66667, 9, 4.33333, 10.5], "rotation": 270, "texture": "#1"}
			}
		},
		{
			"name": "body",
			"from": [2, 4.5, 2],
			"to": [8, 10.5, 13],
			"rotation": {"angle": 0, "axis": "y", "origin": [5, 0, 4]},
			"faces": {
				"north": {"uv": [9.99804, 7.5, 12, 10.5], "texture": "#1"},
				"east": {"uv": [8, 10.5, 9.99804, 16], "rotation": 90, "texture": "#1"},
				"south": {"uv": [11.99804, 7.5, 14, 10.5], "texture": "#1"},
				"west": {"uv": [14, 16, 12.00196, 10.5], "rotation": 90, "texture": "#1"},
				"up": {"uv": [16, 16, 14, 10.5], "rotation": 180, "texture": "#1"},
				"down": {"uv": [12, 10.5, 10, 16], "rotation": 180, "texture": "#1"}
			}
		},
		{
			"name": "tail",
			"from": [5.5, 5.3, 4],
			"to": [9.5, 10.3, 13],
			"rotation": {"angle": -22.5, "axis": "y", "origin": [5, 8.5, 15.5]},
			"faces": {
				"north": {"uv": [13, 0, 14.33333, 2.5], "texture": "#1"},
				"east": {"uv": [13, 2.5, 14.66667, 7], "rotation": 270, "texture": "#1"},
				"south": {"uv": [11.66667, 0, 13, 2.5], "texture": "#1"},
				"west": {"uv": [10, 2.5, 11.66667, 7], "rotation": 90, "texture": "#1"},
				"up": {"uv": [16, 7, 14.66667, 2.5], "texture": "#1"},
				"down": {"uv": [13, 2.5, 11.66667, 7], "texture": "#1"}
			}
		}
	],
	"display": {
		"thirdperson_righthand": {
			"rotation": [68, 83, 0],
			"translation": [2.25, 0.25, 12.5],
			"scale": [0.5, 0.5, 0.5]
		},
		"thirdperson_lefthand": {
			"rotation": [65, -147, 0],
			"translation": [1.25, 0, 11.5],
			"scale": [0.5, 0.5, 0.5]
		},
		"firstperson_righthand": {
			"rotation": [0, -131, 0],
			"translation": [-1.25, 3.75, 2.5],
			"scale": [0.3, 0.3, 0.3]
		},
		"firstperson_lefthand": {
			"rotation": [0, 38, 0],
			"translation": [-0.75, 4.25, 3.75],
			"scale": [0.3, 0.3, 0.3]
		},
		"gui": {
			"rotation": [14, -101, 0],
			"translation": [-0.75, -0.5, 0],
			"scale": [0.75, 0.75, 0.75]
		},
		"head": {
			"rotation": [0, 101, 0],
			"translation": [1.25, 8.75, -1]
		},
		"fixed": {
			"rotation": [-90, 0, 0],
			"translation": [0, 1.25, -6],
			"scale": [2, 2, 2]
		}
	}
}