{
	"credit": "Made with Blockbench",
	"texture_size": [128, 128],
	"textures": {
		"1": "ozdoby:item/vanocni_cepicka"
	},
	"elements": [
		{
			"from": [7, 13, 5],
			"to": [13, 14, 11],
			"faces": {
				"north": {"uv": [6.75, 2.5, 7.5, 2.625], "texture": "#1"},
				"east": {"uv": [6.75, 4, 7.5, 4.125], "texture": "#1"},
				"south": {"uv": [5.625, 6.75, 6.375, 6.875], "texture": "#1"},
				"west": {"uv": [6.375, 6.75, 7.125, 6.875], "texture": "#1"},
				"up": {"uv": [2.5, 4.875, 1.75, 4.125], "texture": "#1"},
				"down": {"uv": [3.25, 4.125, 2.5, 4.875], "texture": "#1"}
			}
		},
		{
			"from": [1, 0, 14],
			"to": [15, 3, 17],
			"faces": {
				"north": {"uv": [2.75, 1.5, 4.5, 1.875], "texture": "#1"},
				"east": {"uv": [1.875, 6.125, 2.25, 6.5], "texture": "#1"},
				"south": {"uv": [2.25, 3, 4, 3.375], "texture": "#1"},
				"west": {"uv": [0.25, 6.25, 0.625, 6.625], "texture": "#1"},
				"up": {"uv": [4, 3.75, 2.25, 3.375], "texture": "#1"},
				"down": {"uv": [1.75, 3.75, 0, 4.125], "texture": "#1"}
			}
		},
		{
			"from": [1, 0, -1],
			"to": [15, 3, 2],
			"faces": {
				"north": {"uv": [1.75, 3.75, 3.5, 4.125], "texture": "#1"},
				"east": {"uv": [4.5, 6.25, 4.875, 6.625], "texture": "#1"},
				"south": {"uv": [3.75, 1.875, 5.5, 2.25], "texture": "#1"},
				"west": {"uv": [4.875, 6.25, 5.25, 6.625], "texture": "#1"},
				"up": {"uv": [5.5, 2.625, 3.75, 2.25], "texture": "#1"},
				"down": {"uv": [5.5, 2.625, 3.75, 3], "texture": "#1"}
			}
		},
		{
			"from": [15, 0, 1],
			"to": [17, 3, 15],
			"faces": {
				"north": {"uv": [1, 4.875, 1.25, 5.25], "texture": "#1"},
				"east": {"uv": [3.5, 3.75, 5.25, 4.125], "texture": "#1"},
				"south": {"uv": [0, 6.625, 0.25, 7], "texture": "#1"},
				"west": {"uv": [4, 3, 5.75, 3.375], "texture": "#1"},
				"up": {"uv": [1.625, 6.25, 1.375, 4.5], "texture": "#1"},
				"down": {"uv": [4.75, 4.5, 4.5, 6.25], "texture": "#1"}
			}
		},
		{
			"from": [1, 0, 2],
			"to": [2, 3, 14],
			"faces": {
				"north": {"uv": [1.625, 4.5, 1.75, 4.875], "texture": "#1"},
				"east": {"uv": [4.125, 0, 5.625, 0.375], "texture": "#1"},
				"south": {"uv": [4.625, 4.125, 4.75, 4.5], "texture": "#1"},
				"west": {"uv": [4.125, 0.375, 5.625, 0.75], "texture": "#1"},
				"up": {"uv": [1.375, 6.375, 1.25, 4.875], "texture": "#1"},
				"down": {"uv": [4.5, 4.875, 4.375, 6.375], "texture": "#1"}
			}
		},
		{
			"from": [-1, 0, 1],
			"to": [1, 3, 15],
			"faces": {
				"north": {"uv": [0.25, 6.625, 0.5, 7], "texture": "#1"},
				"east": {"uv": [4, 3.375, 5.75, 3.75], "texture": "#1"},
				"south": {"uv": [4.5, 6.625, 4.75, 7], "texture": "#1"},
				"west": {"uv": [0, 4.125, 1.75, 4.5], "texture": "#1"},
				"up": {"uv": [5, 5.875, 4.75, 4.125], "texture": "#1"},
				"down": {"uv": [0.25, 4.875, 0, 6.625], "texture": "#1"}
			}
		},
		{
			"from": [14, 0, 2],
			"to": [15, 3, 14],
			"faces": {
				"north": {"uv": [7, 7.5, 7.125, 7.875], "texture": "#1"},
				"east": {"uv": [4.125, 0.75, 5.625, 1.125], "texture": "#1"},
				"south": {"uv": [7.375, 7.5, 7.5, 7.875], "texture": "#1"},
				"west": {"uv": [4.125, 1.125, 5.625, 1.5], "texture": "#1"},
				"up": {"uv": [1.25, 7, 1.125, 5.5], "texture": "#1"},
				"down": {"uv": [2.75, 5.625, 2.625, 7.125], "texture": "#1"}
			}
		},
		{
			"from": [14, 3, 3],
			"to": [15, 4, 13],
			"faces": {
				"north": {"uv": [5.5, 8, 5.625, 8.125], "texture": "#1"},
				"east": {"uv": [5.875, 5.625, 7.125, 5.75], "texture": "#1"},
				"south": {"uv": [5.625, 8, 5.75, 8.125], "texture": "#1"},
				"west": {"uv": [2.75, 6, 4, 6.125], "texture": "#1"},
				"up": {"uv": [4.375, 6.875, 4.25, 5.625], "texture": "#1"},
				"down": {"uv": [1.125, 5.75, 1, 7], "texture": "#1"}
			}
		},
		{
			"from": [1, 3, 3],
			"to": [2, 6, 13],
			"faces": {
				"north": {"uv": [7.5, 7.5, 7.625, 7.875], "texture": "#1"},
				"east": {"uv": [4.5, 1.5, 5.75, 1.875], "texture": "#1"},
				"south": {"uv": [1.625, 7.625, 1.75, 8], "texture": "#1"},
				"west": {"uv": [3.25, 4.5, 4.5, 4.875], "texture": "#1"},
				"up": {"uv": [1.75, 7.125, 1.625, 5.875], "texture": "#1"},
				"down": {"uv": [1.875, 5.875, 1.75, 7.125], "texture": "#1"}
			}
		},
		{
			"from": [3, 3, 1],
			"to": [10, 5, 2],
			"rotation": {"angle": 0, "axis": "y", "origin": [10.5, 4.5, 8]},
			"faces": {
				"north": {"uv": [2.625, 5.375, 3.5, 5.625], "texture": "#1"},
				"east": {"uv": [7.75, 1.125, 7.875, 1.375], "texture": "#1"},
				"south": {"uv": [3.5, 5.375, 4.375, 5.625], "texture": "#1"},
				"west": {"uv": [4.5, 7.75, 4.625, 8], "texture": "#1"},
				"up": {"uv": [7.375, 3.625, 6.5, 3.5], "texture": "#1"},
				"down": {"uv": [7.375, 5.125, 6.5, 5.25], "texture": "#1"}
			}
		},
		{
			"from": [2, 3, 2],
			"to": [3, 7, 3],
			"rotation": {"angle": 0, "axis": "y", "origin": [10.5, 4.5, 8]},
			"faces": {
				"north": {"uv": [4.625, 7, 4.75, 7.5], "texture": "#1"},
				"east": {"uv": [1.625, 7.125, 1.75, 7.625], "texture": "#1"},
				"south": {"uv": [1.75, 7.125, 1.875, 7.625], "texture": "#1"},
				"west": {"uv": [2.625, 7.125, 2.75, 7.625], "texture": "#1"},
				"up": {"uv": [5.875, 8.125, 5.75, 8], "texture": "#1"},
				"down": {"uv": [6, 8, 5.875, 8.125], "texture": "#1"}
			}
		},
		{
			"from": [13, 3, 2],
			"to": [14, 5, 3],
			"rotation": {"angle": 0, "axis": "y", "origin": [10.5, 4.5, 8]},
			"faces": {
				"north": {"uv": [4.75, 7.75, 4.875, 8], "texture": "#1"},
				"east": {"uv": [4.875, 7.75, 5, 8], "texture": "#1"},
				"south": {"uv": [5, 7.75, 5.125, 8], "texture": "#1"},
				"west": {"uv": [5.25, 7.75, 5.375, 8], "texture": "#1"},
				"up": {"uv": [6.125, 8.125, 6, 8], "texture": "#1"},
				"down": {"uv": [8.125, 6, 8, 6.125], "texture": "#1"}
			}
		},
		{
			"from": [13, 3, 13],
			"to": [14, 5, 14],
			"rotation": {"angle": 0, "axis": "y", "origin": [10.5, 4.5, 8]},
			"faces": {
				"north": {"uv": [5.375, 7.75, 5.5, 8], "texture": "#1"},
				"east": {"uv": [5.5, 7.75, 5.625, 8], "texture": "#1"},
				"south": {"uv": [5.625, 7.75, 5.75, 8], "texture": "#1"},
				"west": {"uv": [5.75, 7.75, 5.875, 8], "texture": "#1"},
				"up": {"uv": [6.25, 8.125, 6.125, 8], "texture": "#1"},
				"down": {"uv": [8.125, 6.125, 8, 6.25], "texture": "#1"}
			}
		},
		{
			"from": [2, 3, 13],
			"to": [3, 7, 14],
			"rotation": {"angle": 0, "axis": "y", "origin": [10.5, 4.5, 8]},
			"faces": {
				"north": {"uv": [4.125, 7.125, 4.25, 7.625], "texture": "#1"},
				"east": {"uv": [0, 7.25, 0.125, 7.75], "texture": "#1"},
				"south": {"uv": [0.125, 7.25, 0.25, 7.75], "texture": "#1"},
				"west": {"uv": [0.25, 7.25, 0.375, 7.75], "texture": "#1"},
				"up": {"uv": [6.375, 8.125, 6.25, 8], "texture": "#1"},
				"down": {"uv": [6.5, 8, 6.375, 8.125], "texture": "#1"}
			}
		},
		{
			"from": [2, 3, 1],
			"to": [3, 4, 2],
			"faces": {
				"north": {"uv": [8, 6.375, 8.125, 6.5], "texture": "#1"},
				"east": {"uv": [6.5, 8, 6.625, 8.125], "texture": "#1"},
				"south": {"uv": [6.625, 8, 6.75, 8.125], "texture": "#1"},
				"west": {"uv": [6.75, 8, 6.875, 8.125], "texture": "#1"},
				"up": {"uv": [8.125, 6.875, 8, 6.75], "texture": "#1"},
				"down": {"uv": [7, 8, 6.875, 8.125], "texture": "#1"}
			}
		},
		{
			"from": [1, 3, 13],
			"to": [2, 4, 14],
			"faces": {
				"north": {"uv": [8, 6.875, 8.125, 7], "texture": "#1"},
				"east": {"uv": [7.125, 8, 7.25, 8.125], "texture": "#1"},
				"south": {"uv": [8, 7.125, 8.125, 7.25], "texture": "#1"},
				"west": {"uv": [7.25, 8, 7.375, 8.125], "texture": "#1"},
				"up": {"uv": [8.125, 7.375, 8, 7.25], "texture": "#1"},
				"down": {"uv": [7.625, 8, 7.5, 8.125], "texture": "#1"}
			}
		},
		{
			"from": [2, 3, 14],
			"to": [3, 4, 15],
			"faces": {
				"north": {"uv": [8, 7.5, 8.125, 7.625], "texture": "#1"},
				"east": {"uv": [7.625, 8, 7.75, 8.125], "texture": "#1"},
				"south": {"uv": [7.75, 8, 7.875, 8.125], "texture": "#1"},
				"west": {"uv": [7.875, 8, 8, 8.125], "texture": "#1"},
				"up": {"uv": [8.125, 8, 8, 7.875], "texture": "#1"},
				"down": {"uv": [8.125, 8, 8, 8.125], "texture": "#1"}
			}
		},
		{
			"from": [13, 3, 14],
			"to": [14, 4, 15],
			"faces": {
				"north": {"uv": [0, 8.125, 0.125, 8.25], "texture": "#1"},
				"east": {"uv": [8.125, 0, 8.25, 0.125], "texture": "#1"},
				"south": {"uv": [0.125, 8.125, 0.25, 8.25], "texture": "#1"},
				"west": {"uv": [8.125, 0.125, 8.25, 0.25], "texture": "#1"},
				"up": {"uv": [0.375, 8.25, 0.25, 8.125], "texture": "#1"},
				"down": {"uv": [8.25, 0.25, 8.125, 0.375], "texture": "#1"}
			}
		},
		{
			"from": [14, 3, 13],
			"to": [15, 4, 14],
			"faces": {
				"north": {"uv": [0.375, 8.125, 0.5, 8.25], "texture": "#1"},
				"east": {"uv": [8.125, 0.375, 8.25, 0.5], "texture": "#1"},
				"south": {"uv": [0.5, 8.125, 0.625, 8.25], "texture": "#1"},
				"west": {"uv": [8.125, 0.5, 8.25, 0.625], "texture": "#1"},
				"up": {"uv": [0.75, 8.25, 0.625, 8.125], "texture": "#1"},
				"down": {"uv": [8.25, 0.625, 8.125, 0.75], "texture": "#1"}
			}
		},
		{
			"from": [14, 3, 2],
			"to": [15, 4, 3],
			"faces": {
				"north": {"uv": [8.125, 0.75, 8.25, 0.875], "texture": "#1"},
				"east": {"uv": [8.125, 0.875, 8.25, 1], "texture": "#1"},
				"south": {"uv": [1, 8.125, 1.125, 8.25], "texture": "#1"},
				"west": {"uv": [8.125, 1, 8.25, 1.125], "texture": "#1"},
				"up": {"uv": [1.25, 8.25, 1.125, 8.125], "texture": "#1"},
				"down": {"uv": [8.25, 1.125, 8.125, 1.25], "texture": "#1"}
			}
		},
		{
			"from": [13, 3, 1],
			"to": [14, 4, 2],
			"faces": {
				"north": {"uv": [1.25, 8.125, 1.375, 8.25], "texture": "#1"},
				"east": {"uv": [1.375, 8.125, 1.5, 8.25], "texture": "#1"},
				"south": {"uv": [1.5, 8.125, 1.625, 8.25], "texture": "#1"},
				"west": {"uv": [8.125, 1.5, 8.25, 1.625], "texture": "#1"},
				"up": {"uv": [1.75, 8.25, 1.625, 8.125], "texture": "#1"},
				"down": {"uv": [8.25, 1.625, 8.125, 1.75], "texture": "#1"}
			}
		},
		{
			"from": [3, 3, 14],
			"to": [10, 5, 15],
			"rotation": {"angle": 0, "axis": "y", "origin": [10.5, 4.5, 8]},
			"faces": {
				"north": {"uv": [0.25, 5.5, 1.125, 5.75], "texture": "#1"},
				"east": {"uv": [5.875, 7.75, 6, 8], "texture": "#1"},
				"south": {"uv": [5.5, 1.875, 6.375, 2.125], "texture": "#1"},
				"west": {"uv": [6, 7.75, 6.125, 8], "texture": "#1"},
				"up": {"uv": [7.375, 5.375, 6.5, 5.25], "texture": "#1"},
				"down": {"uv": [6.5, 6.5, 5.625, 6.625], "texture": "#1"}
			}
		},
		{
			"from": [10, 3, 1],
			"to": [13, 5, 2],
			"rotation": {"angle": 0, "axis": "y", "origin": [10.5, 4.5, 8]},
			"faces": {
				"north": {"uv": [4.75, 6.625, 5.125, 6.875], "texture": "#1"},
				"east": {"uv": [6.125, 7.75, 6.25, 8], "texture": "#1"},
				"south": {"uv": [6.75, 0.75, 7.125, 1], "texture": "#1"},
				"west": {"uv": [6.25, 7.75, 6.375, 8], "texture": "#1"},
				"up": {"uv": [1, 7.375, 0.625, 7.25], "texture": "#1"},
				"down": {"uv": [8, 0.625, 7.625, 0.75], "texture": "#1"}
			}
		},
		{
			"from": [1, 6, 4],
			"to": [2, 7, 12],
			"faces": {
				"north": {"uv": [8.125, 1.75, 8.25, 1.875], "texture": "#1"},
				"east": {"uv": [2.75, 1.875, 3.75, 2], "texture": "#1"},
				"south": {"uv": [8.125, 1.875, 8.25, 2], "texture": "#1"},
				"west": {"uv": [6.375, 2.75, 7.375, 2.875], "texture": "#1"},
				"up": {"uv": [2.375, 7.125, 2.25, 6.125], "texture": "#1"},
				"down": {"uv": [2.5, 6.125, 2.375, 7.125], "texture": "#1"}
			}
		},
		{
			"from": [2, 7, 4],
			"to": [3, 8, 12],
			"faces": {
				"north": {"uv": [8.125, 2, 8.25, 2.125], "texture": "#1"},
				"east": {"uv": [6.375, 4.125, 7.375, 4.25], "texture": "#1"},
				"south": {"uv": [8.125, 2.125, 8.25, 2.25], "texture": "#1"},
				"west": {"uv": [6.375, 4.25, 7.375, 4.375], "texture": "#1"},
				"up": {"uv": [0.75, 7.25, 0.625, 6.25], "texture": "#1"},
				"down": {"uv": [0.875, 6.25, 0.75, 7.25], "texture": "#1"}
			}
		},
		{
			"from": [3, 9, 4],
			"to": [4, 10, 10],
			"faces": {
				"north": {"uv": [2.25, 8.125, 2.375, 8.25], "texture": "#1"},
				"east": {"uv": [6.75, 1, 7.5, 1.125], "texture": "#1"},
				"south": {"uv": [2.375, 8.125, 2.5, 8.25], "texture": "#1"},
				"west": {"uv": [6.75, 1.125, 7.5, 1.25], "texture": "#1"},
				"up": {"uv": [0.625, 7.375, 0.5, 6.625], "texture": "#1"},
				"down": {"uv": [5.25, 6.625, 5.125, 7.375], "texture": "#1"}
			}
		},
		{
			"from": [4, 11, 5],
			"to": [5, 12, 11],
			"faces": {
				"north": {"uv": [2.5, 8.125, 2.625, 8.25], "texture": "#1"},
				"east": {"uv": [6.75, 1.25, 7.5, 1.375], "texture": "#1"},
				"south": {"uv": [2.625, 8.125, 2.75, 8.25], "texture": "#1"},
				"west": {"uv": [6.75, 1.875, 7.5, 2], "texture": "#1"},
				"up": {"uv": [1.375, 7.5, 1.25, 6.75], "texture": "#1"},
				"down": {"uv": [1.5, 6.75, 1.375, 7.5], "texture": "#1"}
			}
		},
		{
			"from": [6, 12, 5],
			"to": [15, 13, 11],
			"faces": {
				"north": {"uv": [5.25, 6.25, 6.375, 6.375], "texture": "#1"},
				"east": {"uv": [6.75, 2, 7.5, 2.125], "texture": "#1"},
				"south": {"uv": [6.375, 0.5, 7.5, 0.625], "texture": "#1"},
				"west": {"uv": [6.75, 2.125, 7.5, 2.25], "texture": "#1"},
				"up": {"uv": [1.125, 3.75, 0, 3], "texture": "#1"},
				"down": {"uv": [2.25, 3, 1.125, 3.75], "texture": "#1"}
			}
		},
		{
			"from": [13, 5, 4],
			"to": [14, 6, 12],
			"faces": {
				"north": {"uv": [8.125, 4.5, 8.25, 4.625], "texture": "#1"},
				"east": {"uv": [6.375, 4.875, 7.375, 5], "texture": "#1"},
				"south": {"uv": [4.625, 8.125, 4.75, 8.25], "texture": "#1"},
				"west": {"uv": [6.375, 5, 7.375, 5.125], "texture": "#1"},
				"up": {"uv": [3.75, 7.375, 3.625, 6.375], "texture": "#1"},
				"down": {"uv": [3.875, 6.375, 3.75, 7.375], "texture": "#1"}
			}
		},
		{
			"from": [15, 8, 5],
			"to": [16, 9, 11],
			"faces": {
				"north": {"uv": [4.375, 8.125, 4.5, 8.25], "texture": "#1"},
				"east": {"uv": [6.75, 2.25, 7.5, 2.375], "texture": "#1"},
				"south": {"uv": [4.5, 8.125, 4.625, 8.25], "texture": "#1"},
				"west": {"uv": [6.75, 2.375, 7.5, 2.5], "texture": "#1"},
				"up": {"uv": [1.625, 7.5, 1.5, 6.75], "texture": "#1"},
				"down": {"uv": [2.875, 6.75, 2.75, 7.5], "texture": "#1"}
			}
		},
		{
			"from": [14, 7, 4],
			"to": [15, 8, 12],
			"faces": {
				"north": {"uv": [8.125, 4.125, 8.25, 4.25], "texture": "#1"},
				"east": {"uv": [6.375, 4.625, 7.375, 4.75], "texture": "#1"},
				"south": {"uv": [4.25, 8.125, 4.375, 8.25], "texture": "#1"},
				"west": {"uv": [6.375, 4.75, 7.375, 4.875], "texture": "#1"},
				"up": {"uv": [3.5, 7.375, 3.375, 6.375], "texture": "#1"},
				"down": {"uv": [3.625, 6.375, 3.5, 7.375], "texture": "#1"}
			}
		},
		{
			"from": [13, 6, 4],
			"to": [14, 7, 12],
			"faces": {
				"north": {"uv": [8.125, 4, 8.25, 4.125], "texture": "#1"},
				"east": {"uv": [6.375, 4.375, 7.375, 4.5], "texture": "#1"},
				"south": {"uv": [4.125, 8.125, 4.25, 8.25], "texture": "#1"},
				"west": {"uv": [6.375, 4.5, 7.375, 4.625], "texture": "#1"},
				"up": {"uv": [3.25, 7.375, 3.125, 6.375], "texture": "#1"},
				"down": {"uv": [3.375, 6.375, 3.25, 7.375], "texture": "#1"}
			}
		},
		{
			"from": [16, 8, 6],
			"to": [17, 9, 10],
			"faces": {
				"north": {"uv": [8.125, 3.875, 8.25, 4], "texture": "#1"},
				"east": {"uv": [7.375, 6.5, 7.875, 6.625], "texture": "#1"},
				"south": {"uv": [4, 8.125, 4.125, 8.25], "texture": "#1"},
				"west": {"uv": [6.625, 7.375, 7.125, 7.5], "texture": "#1"},
				"up": {"uv": [7.25, 7.875, 7.125, 7.375], "texture": "#1"},
				"down": {"uv": [7.375, 7.375, 7.25, 7.875], "texture": "#1"}
			}
		},
		{
			"from": [17, 8, 6],
			"to": [18, 9, 10],
			"faces": {
				"north": {"uv": [8.125, 3.75, 8.25, 3.875], "texture": "#1"},
				"east": {"uv": [6.125, 7.375, 6.625, 7.5], "texture": "#1"},
				"south": {"uv": [3.875, 8.125, 4, 8.25], "texture": "#1"},
				"west": {"uv": [7.375, 6.25, 7.875, 6.375], "texture": "#1"},
				"up": {"uv": [4.5, 7.875, 4.375, 7.375], "texture": "#1"},
				"down": {"uv": [5.25, 7.375, 5.125, 7.875], "texture": "#1"}
			}
		},
		{
			"from": [16, 11, 6],
			"to": [17, 12, 10],
			"faces": {
				"north": {"uv": [2.75, 8.125, 2.875, 8.25], "texture": "#1"},
				"east": {"uv": [0.5, 7.375, 1, 7.5], "texture": "#1"},
				"south": {"uv": [8.125, 2.75, 8.25, 2.875], "texture": "#1"},
				"west": {"uv": [7.375, 5.125, 7.875, 5.25], "texture": "#1"},
				"up": {"uv": [4.125, 7.75, 4, 7.25], "texture": "#1"},
				"down": {"uv": [2.375, 7.375, 2.25, 7.875], "texture": "#1"}
			}
		},
		{
			"from": [18, 10, 6],
			"to": [19, 11, 10],
			"faces": {
				"north": {"uv": [2.875, 8.125, 3, 8.25], "texture": "#1"},
				"east": {"uv": [7.375, 5.25, 7.875, 5.375], "texture": "#1"},
				"south": {"uv": [8.125, 2.875, 8.25, 3], "texture": "#1"},
				"west": {"uv": [5.625, 7.375, 6.125, 7.5], "texture": "#1"},
				"up": {"uv": [2.5, 7.875, 2.375, 7.375], "texture": "#1"},
				"down": {"uv": [2.625, 7.375, 2.5, 7.875], "texture": "#1"}
			}
		},
		{
			"from": [19, 5, 6.5],
			"to": [22, 8, 9.5],
			"faces": {
				"north": {"uv": [6.375, 0.625, 6.75, 1], "texture": "#1"},
				"east": {"uv": [6.375, 1, 6.75, 1.375], "texture": "#1"},
				"south": {"uv": [1.25, 6.375, 1.625, 6.75], "texture": "#1"},
				"west": {"uv": [6.375, 1.875, 6.75, 2.25], "texture": "#1"},
				"up": {"uv": [6.75, 2.625, 6.375, 2.25], "texture": "#1"},
				"down": {"uv": [3.125, 6.375, 2.75, 6.75], "texture": "#1"}
			}
		},
		{
			"from": [18, 7, 7],
			"to": [19, 8, 9],
			"faces": {
				"north": {"uv": [3.625, 8.125, 3.75, 8.25], "texture": "#1"},
				"east": {"uv": [7.875, 0.75, 8.125, 0.875], "texture": "#1"},
				"south": {"uv": [3.75, 8.125, 3.875, 8.25], "texture": "#1"},
				"west": {"uv": [7.875, 0.875, 8.125, 1], "texture": "#1"},
				"up": {"uv": [8, 1.375, 7.875, 1.125], "texture": "#1"},
				"down": {"uv": [2.375, 7.875, 2.25, 8.125], "texture": "#1"}
			}
		},
		{
			"from": [19, 7, 7],
			"to": [20, 8, 9],
			"faces": {
				"north": {"uv": [8.125, 3, 8.25, 3.125], "texture": "#1"},
				"east": {"uv": [5.5, 2.875, 5.75, 3], "texture": "#1"},
				"south": {"uv": [8.125, 3.125, 8.25, 3.25], "texture": "#1"},
				"west": {"uv": [4.75, 5.875, 5, 6], "texture": "#1"},
				"up": {"uv": [6.5, 8, 6.375, 7.75], "texture": "#1"},
				"down": {"uv": [6.625, 7.75, 6.5, 8], "texture": "#1"}
			}
		},
		{
			"from": [19, 8, 7],
			"to": [20, 9, 9],
			"faces": {
				"north": {"uv": [8.125, 3.25, 8.25, 3.375], "texture": "#1"},
				"east": {"uv": [1.375, 6.25, 1.625, 6.375], "texture": "#1"},
				"south": {"uv": [8.125, 3.375, 8.25, 3.5], "texture": "#1"},
				"west": {"uv": [7.75, 7.5, 8, 7.625], "texture": "#1"},
				"up": {"uv": [6.75, 8, 6.625, 7.75], "texture": "#1"},
				"down": {"uv": [7.875, 7.625, 7.75, 7.875], "texture": "#1"}
			}
		},
		{
			"from": [19, 9, 6],
			"to": [20, 10, 10],
			"faces": {
				"north": {"uv": [3.5, 8.125, 3.625, 8.25], "texture": "#1"},
				"east": {"uv": [7.375, 5.75, 7.875, 5.875], "texture": "#1"},
				"south": {"uv": [8.125, 3.5, 8.25, 3.625], "texture": "#1"},
				"west": {"uv": [7.375, 5.875, 7.875, 6], "texture": "#1"},
				"up": {"uv": [3.875, 7.875, 3.75, 7.375], "texture": "#1"},
				"down": {"uv": [4, 7.375, 3.875, 7.875], "texture": "#1"}
			}
		},
		{
			"from": [0, 0, 0],
			"to": [1, 3, 1],
			"faces": {
				"north": {"uv": [1.75, 7.625, 1.875, 8], "texture": "#1"},
				"east": {"uv": [3, 7.625, 3.125, 8], "texture": "#1"},
				"south": {"uv": [3.125, 7.625, 3.25, 8], "texture": "#1"},
				"west": {"uv": [4.125, 7.625, 4.25, 8], "texture": "#1"},
				"up": {"uv": [6.5, 8.375, 6.375, 8.25], "texture": "#1"},
				"down": {"uv": [8.375, 6.375, 8.25, 6.5], "texture": "#1"}
			}
		},
		{
			"from": [2, 7, 12],
			"to": [3, 8, 13],
			"rotation": {"angle": 0, "axis": "y", "origin": [10.5, 4.5, 8]},
			"faces": {
				"north": {"uv": [8.125, 4.625, 8.25, 4.75], "texture": "#1"},
				"east": {"uv": [8.125, 4.75, 8.25, 4.875], "texture": "#1"},
				"south": {"uv": [8.125, 4.875, 8.25, 5], "texture": "#1"},
				"west": {"uv": [5.125, 8.125, 5.25, 8.25], "texture": "#1"},
				"up": {"uv": [8.25, 5.25, 8.125, 5.125], "texture": "#1"},
				"down": {"uv": [5.375, 8.125, 5.25, 8.25], "texture": "#1"}
			}
		},
		{
			"from": [3, 8, 12],
			"to": [4, 9, 13],
			"rotation": {"angle": 0, "axis": "y", "origin": [10.5, 4.5, 8]},
			"faces": {
				"north": {"uv": [8.125, 5.25, 8.25, 5.375], "texture": "#1"},
				"east": {"uv": [5.375, 8.125, 5.5, 8.25], "texture": "#1"},
				"south": {"uv": [8.125, 5.375, 8.25, 5.5], "texture": "#1"},
				"west": {"uv": [5.5, 8.125, 5.625, 8.25], "texture": "#1"},
				"up": {"uv": [8.25, 5.625, 8.125, 5.5], "texture": "#1"},
				"down": {"uv": [5.75, 8.125, 5.625, 8.25], "texture": "#1"}
			}
		},
		{
			"from": [4, 8, 3],
			"to": [5, 10, 4],
			"rotation": {"angle": 0, "axis": "y", "origin": [10.5, 4.5, 8]},
			"faces": {
				"north": {"uv": [3.75, 7.875, 3.875, 8.125], "texture": "#1"},
				"east": {"uv": [3.875, 7.875, 4, 8.125], "texture": "#1"},
				"south": {"uv": [4.375, 7.875, 4.5, 8.125], "texture": "#1"},
				"west": {"uv": [5.125, 7.875, 5.25, 8.125], "texture": "#1"},
				"up": {"uv": [8.25, 5.75, 8.125, 5.625], "texture": "#1"},
				"down": {"uv": [5.875, 8.125, 5.75, 8.25], "texture": "#1"}
			}
		},
		{
			"from": [5, 8, 2],
			"to": [9, 9, 3],
			"rotation": {"angle": 0, "axis": "y", "origin": [10.5, 4.5, 8]},
			"faces": {
				"north": {"uv": [7.375, 6.625, 7.875, 6.75], "texture": "#1"},
				"east": {"uv": [8.125, 5.75, 8.25, 5.875], "texture": "#1"},
				"south": {"uv": [7.375, 7.375, 7.875, 7.5], "texture": "#1"},
				"west": {"uv": [5.875, 8.125, 6, 8.25], "texture": "#1"},
				"up": {"uv": [8, 0.125, 7.5, 0], "texture": "#1"},
				"down": {"uv": [8, 0.125, 7.5, 0.25], "texture": "#1"}
			}
		},
		{
			"from": [5, 3, 0],
			"to": [11, 4, 1],
			"rotation": {"angle": 0, "axis": "y", "origin": [10.5, 4.5, 8]},
			"faces": {
				"north": {"uv": [5.625, 6.875, 6.375, 7], "texture": "#1"},
				"east": {"uv": [8.125, 6.25, 8.25, 6.375], "texture": "#1"},
				"south": {"uv": [6.375, 6.875, 7.125, 7], "texture": "#1"},
				"west": {"uv": [6.375, 8.125, 6.5, 8.25], "texture": "#1"},
				"up": {"uv": [6.375, 7.125, 5.625, 7], "texture": "#1"},
				"down": {"uv": [7.125, 7, 6.375, 7.125], "texture": "#1"}
			}
		},
		{
			"from": [10, 7, 2],
			"to": [11, 8, 3],
			"rotation": {"angle": 0, "axis": "y", "origin": [10.5, 4.5, 8]},
			"faces": {
				"north": {"uv": [8.125, 5.875, 8.25, 6], "texture": "#1"},
				"east": {"uv": [6, 8.125, 6.125, 8.25], "texture": "#1"},
				"south": {"uv": [8.125, 6, 8.25, 6.125], "texture": "#1"},
				"west": {"uv": [6.125, 8.125, 6.25, 8.25], "texture": "#1"},
				"up": {"uv": [8.25, 6.25, 8.125, 6.125], "texture": "#1"},
				"down": {"uv": [6.375, 8.125, 6.25, 8.25], "texture": "#1"}
			}
		},
		{
			"from": [10, 5, 13],
			"to": [13, 6, 14],
			"rotation": {"angle": 0, "axis": "y", "origin": [10.5, 4.5, 8]},
			"faces": {
				"north": {"uv": [2.625, 7.625, 3, 7.75], "texture": "#1"},
				"east": {"uv": [8.125, 6.375, 8.25, 6.5], "texture": "#1"},
				"south": {"uv": [7.625, 3, 8, 3.125], "texture": "#1"},
				"west": {"uv": [6.5, 8.125, 6.625, 8.25], "texture": "#1"},
				"up": {"uv": [8, 3.25, 7.625, 3.125], "texture": "#1"},
				"down": {"uv": [8, 3.25, 7.625, 3.375], "texture": "#1"}
			}
		},
		{
			"from": [5, 5, 1],
			"to": [10, 6, 2],
			"rotation": {"angle": 0, "axis": "y", "origin": [10.5, 4.5, 8]},
			"faces": {
				"north": {"uv": [3.125, 7.375, 3.75, 7.5], "texture": "#1"},
				"east": {"uv": [8.125, 6.5, 8.25, 6.625], "texture": "#1"},
				"south": {"uv": [7.375, 3.5, 8, 3.625], "texture": "#1"},
				"west": {"uv": [6.625, 8.125, 6.75, 8.25], "texture": "#1"},
				"up": {"uv": [8, 4.25, 7.375, 4.125], "texture": "#1"},
				"down": {"uv": [8, 4.25, 7.375, 4.375], "texture": "#1"}
			}
		},
		{
			"from": [3, 5, 2],
			"to": [5, 6, 3],
			"rotation": {"angle": 0, "axis": "y", "origin": [10.5, 4.5, 8]},
			"faces": {
				"north": {"uv": [7.875, 5.125, 8.125, 5.25], "texture": "#1"},
				"east": {"uv": [8.125, 6.625, 8.25, 6.75], "texture": "#1"},
				"south": {"uv": [7.875, 5.25, 8.125, 5.375], "texture": "#1"},
				"west": {"uv": [6.75, 8.125, 6.875, 8.25], "texture": "#1"},
				"up": {"uv": [8.125, 5.75, 7.875, 5.625], "texture": "#1"},
				"down": {"uv": [8.125, 5.75, 7.875, 5.875], "texture": "#1"}
			}
		},
		{
			"from": [5, 9, 3],
			"to": [7, 10, 4],
			"rotation": {"angle": 0, "axis": "y", "origin": [10.5, 4.5, 8]},
			"faces": {
				"north": {"uv": [7.875, 5.875, 8.125, 6], "texture": "#1"},
				"east": {"uv": [8.125, 6.75, 8.25, 6.875], "texture": "#1"},
				"south": {"uv": [7.875, 6.25, 8.125, 6.375], "texture": "#1"},
				"west": {"uv": [6.875, 8.125, 7, 8.25], "texture": "#1"},
				"up": {"uv": [8.125, 6.625, 7.875, 6.5], "texture": "#1"},
				"down": {"uv": [8.125, 6.625, 7.875, 6.75], "texture": "#1"}
			}
		},
		{
			"from": [14, 4, 4],
			"to": [15, 5, 12],
			"faces": {
				"north": {"uv": [8.125, 6.875, 8.25, 7], "texture": "#1"},
				"east": {"uv": [5.25, 6.375, 6.25, 6.5], "texture": "#1"},
				"south": {"uv": [7, 8.125, 7.125, 8.25], "texture": "#1"},
				"west": {"uv": [6.25, 6.375, 7.25, 6.5], "texture": "#1"},
				"up": {"uv": [4, 7.375, 3.875, 6.375], "texture": "#1"},
				"down": {"uv": [4.5, 6.375, 4.375, 7.375], "texture": "#1"}
			}
		},
		{
			"from": [13, 4, 3],
			"to": [14, 5, 4],
			"faces": {
				"north": {"uv": [8.125, 7, 8.25, 7.125], "texture": "#1"},
				"east": {"uv": [7.125, 8.125, 7.25, 8.25], "texture": "#1"},
				"south": {"uv": [8.125, 7.125, 8.25, 7.25], "texture": "#1"},
				"west": {"uv": [7.25, 8.125, 7.375, 8.25], "texture": "#1"},
				"up": {"uv": [8.25, 7.375, 8.125, 7.25], "texture": "#1"},
				"down": {"uv": [7.5, 8.125, 7.375, 8.25], "texture": "#1"}
			}
		},
		{
			"from": [13, 4, 12],
			"to": [14, 5, 13],
			"faces": {
				"north": {"uv": [8.125, 7.375, 8.25, 7.5], "texture": "#1"},
				"east": {"uv": [7.5, 8.125, 7.625, 8.25], "texture": "#1"},
				"south": {"uv": [8.125, 7.5, 8.25, 7.625], "texture": "#1"},
				"west": {"uv": [7.625, 8.125, 7.75, 8.25], "texture": "#1"},
				"up": {"uv": [8.25, 7.75, 8.125, 7.625], "texture": "#1"},
				"down": {"uv": [7.875, 8.125, 7.75, 8.25], "texture": "#1"}
			}
		},
		{
			"from": [18, 8, 6],
			"to": [19, 9, 10],
			"faces": {
				"north": {"uv": [8.125, 7.75, 8.25, 7.875], "texture": "#1"},
				"east": {"uv": [7.5, 0.25, 8, 0.375], "texture": "#1"},
				"south": {"uv": [7.875, 8.125, 8, 8.25], "texture": "#1"},
				"west": {"uv": [7.5, 0.375, 8, 0.5], "texture": "#1"},
				"up": {"uv": [0.625, 8, 0.5, 7.5], "texture": "#1"},
				"down": {"uv": [0.75, 7.5, 0.625, 8], "texture": "#1"}
			}
		},
		{
			"from": [18, 9, 6],
			"to": [19, 10, 10],
			"faces": {
				"north": {"uv": [8.125, 7.875, 8.25, 8], "texture": "#1"},
				"east": {"uv": [7.5, 0.5, 8, 0.625], "texture": "#1"},
				"south": {"uv": [8, 8.125, 8.125, 8.25], "texture": "#1"},
				"west": {"uv": [7.5, 1, 8, 1.125], "texture": "#1"},
				"up": {"uv": [0.875, 8, 0.75, 7.5], "texture": "#1"},
				"down": {"uv": [1, 7.5, 0.875, 8], "texture": "#1"}
			}
		},
		{
			"from": [16, 9, 5],
			"to": [17, 11, 11],
			"faces": {
				"north": {"uv": [7.875, 6.75, 8, 7], "texture": "#1"},
				"east": {"uv": [5.625, 0.5, 6.375, 0.75], "texture": "#1"},
				"south": {"uv": [7, 7.875, 7.125, 8.125], "texture": "#1"},
				"west": {"uv": [5.625, 0.75, 6.375, 1], "texture": "#1"},
				"up": {"uv": [3, 7.5, 2.875, 6.75], "texture": "#1"},
				"down": {"uv": [3.125, 6.75, 3, 7.5], "texture": "#1"}
			}
		},
		{
			"from": [5, 9, 5],
			"to": [16, 12, 11],
			"faces": {
				"north": {"uv": [3.25, 4.125, 4.625, 4.5], "texture": "#1"},
				"east": {"uv": [0.25, 4.875, 1, 5.25], "texture": "#1"},
				"south": {"uv": [0, 4.5, 1.375, 4.875], "texture": "#1"},
				"west": {"uv": [5, 5.125, 5.75, 5.5], "texture": "#1"},
				"up": {"uv": [4.125, 0.75, 2.75, 0], "texture": "#1"},
				"down": {"uv": [4.125, 0.75, 2.75, 1.5], "texture": "#1"}
			}
		},
		{
			"from": [5, 7, 4],
			"to": [14, 8, 12],
			"faces": {
				"north": {"uv": [6.375, 1.375, 7.5, 1.5], "texture": "#1"},
				"east": {"uv": [6.375, 6.25, 7.375, 6.375], "texture": "#1"},
				"south": {"uv": [6.375, 2.625, 7.5, 2.75], "texture": "#1"},
				"west": {"uv": [6.5, 0, 7.5, 0.125], "texture": "#1"},
				"up": {"uv": [2.625, 3, 1.5, 2], "texture": "#1"},
				"down": {"uv": [3.75, 2, 2.625, 3], "texture": "#1"}
			}
		},
		{
			"from": [5, 8, 4],
			"to": [15, 9, 12],
			"faces": {
				"north": {"uv": [4.75, 6, 6, 6.125], "texture": "#1"},
				"east": {"uv": [6.5, 0.125, 7.5, 0.25], "texture": "#1"},
				"south": {"uv": [6, 6, 7.25, 6.125], "texture": "#1"},
				"west": {"uv": [6.5, 0.25, 7.5, 0.375], "texture": "#1"},
				"up": {"uv": [2.75, 1, 1.5, 0], "texture": "#1"},
				"down": {"uv": [2.75, 1, 1.5, 2], "texture": "#1"}
			}
		},
		{
			"from": [4, 9, 4],
			"to": [15, 11, 6],
			"faces": {
				"north": {"uv": [1.625, 4.875, 3, 5.125], "texture": "#1"},
				"east": {"uv": [4.125, 5.125, 4.375, 5.375], "texture": "#1"},
				"south": {"uv": [3, 4.875, 4.375, 5.125], "texture": "#1"},
				"west": {"uv": [7.5, 1.125, 7.75, 1.375], "texture": "#1"},
				"up": {"uv": [6.375, 4.375, 5, 4.125], "texture": "#1"},
				"down": {"uv": [6.375, 4.375, 5, 4.625], "texture": "#1"}
			}
		},
		{
			"from": [15, 10, 4],
			"to": [16, 11, 6],
			"faces": {
				"north": {"uv": [8.125, 8, 8.25, 8.125], "texture": "#1"},
				"east": {"uv": [7.875, 7, 8.125, 7.125], "texture": "#1"},
				"south": {"uv": [8.125, 8.125, 8.25, 8.25], "texture": "#1"},
				"west": {"uv": [7.125, 7.875, 7.375, 8], "texture": "#1"},
				"up": {"uv": [8, 7.375, 7.875, 7.125], "texture": "#1"},
				"down": {"uv": [7.5, 7.875, 7.375, 8.125], "texture": "#1"}
			}
		},
		{
			"from": [6, 11, 4],
			"to": [14, 12, 6],
			"faces": {
				"north": {"uv": [6.5, 0.375, 7.5, 0.5], "texture": "#1"},
				"east": {"uv": [7.875, 7.375, 8.125, 7.5], "texture": "#1"},
				"south": {"uv": [6.5, 1.5, 7.5, 1.625], "texture": "#1"},
				"west": {"uv": [7.5, 7.875, 7.75, 8], "texture": "#1"},
				"up": {"uv": [1.25, 5.5, 0.25, 5.25], "texture": "#1"},
				"down": {"uv": [6.25, 3.75, 5.25, 4], "texture": "#1"}
			}
		},
		{
			"from": [5, 12, 6],
			"to": [6, 13, 10],
			"faces": {
				"north": {"uv": [0, 8.25, 0.125, 8.375], "texture": "#1"},
				"east": {"uv": [7.5, 1.375, 8, 1.5], "texture": "#1"},
				"south": {"uv": [8.25, 0, 8.375, 0.125], "texture": "#1"},
				"west": {"uv": [7.5, 1.5, 8, 1.625], "texture": "#1"},
				"up": {"uv": [1.375, 8, 1.25, 7.5], "texture": "#1"},
				"down": {"uv": [1.5, 7.5, 1.375, 8], "texture": "#1"}
			}
		},
		{
			"from": [15, 12, 6],
			"to": [16, 13, 10],
			"faces": {
				"north": {"uv": [0.125, 8.25, 0.25, 8.375], "texture": "#1"},
				"east": {"uv": [7.5, 1.625, 8, 1.75], "texture": "#1"},
				"south": {"uv": [8.25, 0.125, 8.375, 0.25], "texture": "#1"},
				"west": {"uv": [7.5, 1.875, 8, 2], "texture": "#1"},
				"up": {"uv": [1.625, 8, 1.5, 7.5], "texture": "#1"},
				"down": {"uv": [2, 7.5, 1.875, 8], "texture": "#1"}
			}
		},
		{
			"from": [17, 11, 7],
			"to": [18, 12, 9],
			"faces": {
				"north": {"uv": [0.25, 8.25, 0.375, 8.375], "texture": "#1"},
				"east": {"uv": [7.875, 7.625, 8.125, 7.75], "texture": "#1"},
				"south": {"uv": [8.25, 0.25, 8.375, 0.375], "texture": "#1"},
				"west": {"uv": [7.75, 7.875, 8, 8], "texture": "#1"},
				"up": {"uv": [8.125, 0.25, 8, 0], "texture": "#1"},
				"down": {"uv": [8.125, 0.25, 8, 0.5], "texture": "#1"}
			}
		},
		{
			"from": [16, 12, 7],
			"to": [17, 13, 9],
			"faces": {
				"north": {"uv": [0.375, 8.25, 0.5, 8.375], "texture": "#1"},
				"east": {"uv": [7.875, 7.75, 8.125, 7.875], "texture": "#1"},
				"south": {"uv": [8.25, 0.375, 8.375, 0.5], "texture": "#1"},
				"west": {"uv": [0.5, 8, 0.75, 8.125], "texture": "#1"},
				"up": {"uv": [8.125, 0.75, 8, 0.5], "texture": "#1"},
				"down": {"uv": [0.875, 8, 0.75, 8.25], "texture": "#1"}
			}
		},
		{
			"from": [17, 9, 5],
			"to": [18, 11, 11],
			"faces": {
				"north": {"uv": [0.875, 8, 1, 8.25], "texture": "#1"},
				"east": {"uv": [5.625, 1, 6.375, 1.25], "texture": "#1"},
				"south": {"uv": [8, 1, 8.125, 1.25], "texture": "#1"},
				"west": {"uv": [5.625, 1.25, 6.375, 1.5], "texture": "#1"},
				"up": {"uv": [4.375, 7.625, 4.25, 6.875], "texture": "#1"},
				"down": {"uv": [4.875, 6.875, 4.75, 7.625], "texture": "#1"}
			}
		},
		{
			"from": [3, 6, 2],
			"to": [10, 8, 3],
			"rotation": {"angle": 0, "axis": "y", "origin": [10.5, 4.5, 8]},
			"faces": {
				"north": {"uv": [5.5, 2.125, 6.375, 2.375], "texture": "#1"},
				"east": {"uv": [2.375, 7.875, 2.5, 8.125], "texture": "#1"},
				"south": {"uv": [5.5, 2.375, 6.375, 2.625], "texture": "#1"},
				"west": {"uv": [2.5, 7.875, 2.625, 8.125], "texture": "#1"},
				"up": {"uv": [7.375, 5.875, 6.5, 5.75], "texture": "#1"},
				"down": {"uv": [7.375, 5.875, 6.5, 6], "texture": "#1"}
			}
		},
		{
			"from": [10, 6, 2],
			"to": [12, 7, 3],
			"rotation": {"angle": 0, "axis": "y", "origin": [10.5, 4.5, 8]},
			"faces": {
				"north": {"uv": [1.25, 8, 1.5, 8.125], "texture": "#1"},
				"east": {"uv": [0.5, 8.25, 0.625, 8.375], "texture": "#1"},
				"south": {"uv": [8, 1.25, 8.25, 1.375], "texture": "#1"},
				"west": {"uv": [8.25, 0.5, 8.375, 0.625], "texture": "#1"},
				"up": {"uv": [8.25, 1.5, 8, 1.375], "texture": "#1"},
				"down": {"uv": [1.75, 8, 1.5, 8.125], "texture": "#1"}
			}
		},
		{
			"from": [8, 5, 3],
			"to": [14, 7, 4],
			"rotation": {"angle": 0, "axis": "y", "origin": [10.5, 4.5, 8]},
			"faces": {
				"north": {"uv": [2.75, 5.625, 3.5, 5.875], "texture": "#1"},
				"east": {"uv": [8, 1.5, 8.125, 1.75], "texture": "#1"},
				"south": {"uv": [3.5, 5.625, 4.25, 5.875], "texture": "#1"},
				"west": {"uv": [1.75, 8, 1.875, 8.25], "texture": "#1"},
				"up": {"uv": [7.875, 0.875, 7.125, 0.75], "texture": "#1"},
				"down": {"uv": [7.875, 0.875, 7.125, 1], "texture": "#1"}
			}
		},
		{
			"from": [7, 7, 3],
			"to": [13, 9, 4],
			"rotation": {"angle": 0, "axis": "y", "origin": [10.5, 4.5, 8]},
			"faces": {
				"north": {"uv": [0.25, 5.75, 1, 6], "texture": "#1"},
				"east": {"uv": [8, 1.75, 8.125, 2], "texture": "#1"},
				"south": {"uv": [5.75, 1.5, 6.5, 1.75], "texture": "#1"},
				"west": {"uv": [1.875, 8, 2, 8.25], "texture": "#1"},
				"up": {"uv": [6.375, 7.25, 5.625, 7.125], "texture": "#1"},
				"down": {"uv": [7.875, 5.625, 7.125, 5.75], "texture": "#1"}
			}
		},
		{
			"from": [7, 9, 3],
			"to": [12, 11, 4],
			"rotation": {"angle": 0, "axis": "y", "origin": [10.5, 4.5, 8]},
			"faces": {
				"north": {"uv": [1.875, 5.875, 2.5, 6.125], "texture": "#1"},
				"east": {"uv": [2, 8, 2.125, 8.25], "texture": "#1"},
				"south": {"uv": [0.25, 6, 0.875, 6.25], "texture": "#1"},
				"west": {"uv": [8, 2, 8.125, 2.25], "texture": "#1"},
				"up": {"uv": [8, 4.5, 7.375, 4.375], "texture": "#1"},
				"down": {"uv": [8, 4.5, 7.375, 4.625], "texture": "#1"}
			}
		},
		{
			"from": [12, 9, 3],
			"to": [13, 10, 4],
			"rotation": {"angle": 0, "axis": "y", "origin": [10.5, 4.5, 8]},
			"faces": {
				"north": {"uv": [0.625, 8.25, 0.75, 8.375], "texture": "#1"},
				"east": {"uv": [8.25, 0.625, 8.375, 0.75], "texture": "#1"},
				"south": {"uv": [0.75, 8.25, 0.875, 8.375], "texture": "#1"},
				"west": {"uv": [8.25, 0.75, 8.375, 0.875], "texture": "#1"},
				"up": {"uv": [1, 8.375, 0.875, 8.25], "texture": "#1"},
				"down": {"uv": [8.375, 0.875, 8.25, 1], "texture": "#1"}
			}
		},
		{
			"from": [13, 7, 3],
			"to": [14, 8, 4],
			"rotation": {"angle": 0, "axis": "y", "origin": [10.5, 4.5, 8]},
			"faces": {
				"north": {"uv": [1, 8.25, 1.125, 8.375], "texture": "#1"},
				"east": {"uv": [8.25, 1, 8.375, 1.125], "texture": "#1"},
				"south": {"uv": [1.125, 8.25, 1.25, 8.375], "texture": "#1"},
				"west": {"uv": [8.25, 1.125, 8.375, 1.25], "texture": "#1"},
				"up": {"uv": [1.375, 8.375, 1.25, 8.25], "texture": "#1"},
				"down": {"uv": [8.375, 1.25, 8.25, 1.375], "texture": "#1"}
			}
		},
		{
			"from": [14, 4, 3],
			"to": [15, 5, 4],
			"rotation": {"angle": 0, "axis": "y", "origin": [10.5, 4.5, 8]},
			"faces": {
				"north": {"uv": [1.375, 8.25, 1.5, 8.375], "texture": "#1"},
				"east": {"uv": [8.25, 1.375, 8.375, 1.5], "texture": "#1"},
				"south": {"uv": [1.5, 8.25, 1.625, 8.375], "texture": "#1"},
				"west": {"uv": [8.25, 1.5, 8.375, 1.625], "texture": "#1"},
				"up": {"uv": [1.75, 8.375, 1.625, 8.25], "texture": "#1"},
				"down": {"uv": [8.375, 1.625, 8.25, 1.75], "texture": "#1"}
			}
		},
		{
			"from": [15, 3, 3],
			"to": [16, 4, 13],
			"faces": {
				"north": {"uv": [1.75, 8.25, 1.875, 8.375], "texture": "#1"},
				"east": {"uv": [2.75, 6.125, 4, 6.25], "texture": "#1"},
				"south": {"uv": [8.25, 1.75, 8.375, 1.875], "texture": "#1"},
				"west": {"uv": [4.75, 6.125, 6, 6.25], "texture": "#1"},
				"up": {"uv": [2.625, 7.125, 2.5, 5.875], "texture": "#1"},
				"down": {"uv": [4.25, 5.875, 4.125, 7.125], "texture": "#1"}
			}
		},
		{
			"from": [5, 3, 15],
			"to": [11, 4, 16],
			"rotation": {"angle": 0, "axis": "y", "origin": [10.5, 4.5, 8]},
			"faces": {
				"north": {"uv": [6.375, 7.125, 7.125, 7.25], "texture": "#1"},
				"east": {"uv": [1.875, 8.25, 2, 8.375], "texture": "#1"},
				"south": {"uv": [7.125, 6.75, 7.875, 6.875], "texture": "#1"},
				"west": {"uv": [8.25, 1.875, 8.375, 2], "texture": "#1"},
				"up": {"uv": [7.875, 7, 7.125, 6.875], "texture": "#1"},
				"down": {"uv": [7.875, 7, 7.125, 7.125], "texture": "#1"}
			}
		},
		{
			"from": [5, 5, 14],
			"to": [10, 6, 15],
			"rotation": {"angle": 0, "axis": "y", "origin": [10.5, 4.5, 8]},
			"faces": {
				"north": {"uv": [7.375, 4.625, 8, 4.75], "texture": "#1"},
				"east": {"uv": [2, 8.25, 2.125, 8.375], "texture": "#1"},
				"south": {"uv": [7.375, 4.75, 8, 4.875], "texture": "#1"},
				"west": {"uv": [8.25, 2, 8.375, 2.125], "texture": "#1"},
				"up": {"uv": [8, 5, 7.375, 4.875], "texture": "#1"},
				"down": {"uv": [8, 5, 7.375, 5.125], "texture": "#1"}
			}
		},
		{
			"from": [3, 5, 13],
			"to": [5, 6, 14],
			"rotation": {"angle": 0, "axis": "y", "origin": [10.5, 4.5, 8]},
			"faces": {
				"north": {"uv": [8, 2.25, 8.25, 2.375], "texture": "#1"},
				"east": {"uv": [2.125, 8.25, 2.25, 8.375], "texture": "#1"},
				"south": {"uv": [8, 2.375, 8.25, 2.5], "texture": "#1"},
				"west": {"uv": [8.25, 2.125, 8.375, 2.25], "texture": "#1"},
				"up": {"uv": [8.25, 2.625, 8, 2.5], "texture": "#1"},
				"down": {"uv": [8.25, 2.625, 8, 2.75], "texture": "#1"}
			}
		},
		{
			"from": [3, 6, 13],
			"to": [10, 8, 14],
			"rotation": {"angle": 0, "axis": "y", "origin": [10.5, 4.5, 8]},
			"faces": {
				"north": {"uv": [5.5, 2.625, 6.375, 2.875], "texture": "#1"},
				"east": {"uv": [2.125, 8, 2.25, 8.25], "texture": "#1"},
				"south": {"uv": [5, 5.5, 5.875, 5.75], "texture": "#1"},
				"west": {"uv": [8, 2.875, 8.125, 3.125], "texture": "#1"},
				"up": {"uv": [7.375, 6.625, 6.5, 6.5], "texture": "#1"},
				"down": {"uv": [6.5, 6.625, 5.625, 6.75], "texture": "#1"}
			}
		},
		{
			"from": [10, 3, 14],
			"to": [13, 5, 15],
			"rotation": {"angle": 0, "axis": "y", "origin": [10.5, 4.5, 8]},
			"faces": {
				"north": {"uv": [0, 7, 0.375, 7.25], "texture": "#1"},
				"east": {"uv": [3, 8, 3.125, 8.25], "texture": "#1"},
				"south": {"uv": [2.25, 7.125, 2.625, 7.375], "texture": "#1"},
				"west": {"uv": [3.125, 8, 3.25, 8.25], "texture": "#1"},
				"up": {"uv": [8, 3.5, 7.625, 3.375], "texture": "#1"},
				"down": {"uv": [5.125, 7.625, 4.75, 7.75], "texture": "#1"}
			}
		},
		{
			"from": [10, 5, 2],
			"to": [13, 6, 3],
			"rotation": {"angle": 0, "axis": "y", "origin": [10.5, 4.5, 8]},
			"faces": {
				"north": {"uv": [5.25, 7.625, 5.625, 7.75], "texture": "#1"},
				"east": {"uv": [2.25, 8.25, 2.375, 8.375], "texture": "#1"},
				"south": {"uv": [5.625, 7.625, 6, 7.75], "texture": "#1"},
				"west": {"uv": [8.25, 2.25, 8.375, 2.375], "texture": "#1"},
				"up": {"uv": [6.375, 7.75, 6, 7.625], "texture": "#1"},
				"down": {"uv": [6.75, 7.625, 6.375, 7.75], "texture": "#1"}
			}
		},
		{
			"from": [8, 5, 12],
			"to": [14, 7, 13],
			"rotation": {"angle": 0, "axis": "y", "origin": [10.5, 4.5, 8]},
			"faces": {
				"north": {"uv": [5.75, 2.875, 6.5, 3.125], "texture": "#1"},
				"east": {"uv": [8, 3.125, 8.125, 3.375], "texture": "#1"},
				"south": {"uv": [5.75, 3.125, 6.5, 3.375], "texture": "#1"},
				"west": {"uv": [3.25, 8, 3.375, 8.25], "texture": "#1"},
				"up": {"uv": [7.875, 7.25, 7.125, 7.125], "texture": "#1"},
				"down": {"uv": [8, 1.75, 7.25, 1.875], "texture": "#1"}
			}
		},
		{
			"from": [14, 4, 12],
			"to": [15, 5, 13],
			"rotation": {"angle": 0, "axis": "y", "origin": [10.5, 4.5, 8]},
			"faces": {
				"north": {"uv": [2.375, 8.25, 2.5, 8.375], "texture": "#1"},
				"east": {"uv": [8.25, 2.375, 8.375, 2.5], "texture": "#1"},
				"south": {"uv": [2.5, 8.25, 2.625, 8.375], "texture": "#1"},
				"west": {"uv": [8.25, 2.5, 8.375, 2.625], "texture": "#1"},
				"up": {"uv": [2.75, 8.375, 2.625, 8.25], "texture": "#1"},
				"down": {"uv": [8.375, 2.625, 8.25, 2.75], "texture": "#1"}
			}
		},
		{
			"from": [5, 8, 13],
			"to": [9, 9, 14],
			"rotation": {"angle": 0, "axis": "y", "origin": [10.5, 4.5, 8]},
			"faces": {
				"north": {"uv": [7.5, 2, 8, 2.125], "texture": "#1"},
				"east": {"uv": [2.75, 8.25, 2.875, 8.375], "texture": "#1"},
				"south": {"uv": [7.5, 2.125, 8, 2.25], "texture": "#1"},
				"west": {"uv": [8.25, 2.75, 8.375, 2.875], "texture": "#1"},
				"up": {"uv": [8, 2.375, 7.5, 2.25], "texture": "#1"},
				"down": {"uv": [8, 2.375, 7.5, 2.5], "texture": "#1"}
			}
		},
		{
			"from": [7, 7, 12],
			"to": [13, 9, 13],
			"rotation": {"angle": 0, "axis": "y", "origin": [10.5, 4.5, 8]},
			"faces": {
				"north": {"uv": [5.75, 3.375, 6.5, 3.625], "texture": "#1"},
				"east": {"uv": [3.375, 8, 3.5, 8.25], "texture": "#1"},
				"south": {"uv": [5, 5.75, 5.75, 6], "texture": "#1"},
				"west": {"uv": [8, 3.375, 8.125, 3.625], "texture": "#1"},
				"up": {"uv": [8, 3.75, 7.25, 3.625], "texture": "#1"},
				"down": {"uv": [8, 5.375, 7.25, 5.5], "texture": "#1"}
			}
		},
		{
			"from": [6, 11, 10],
			"to": [13, 12, 12],
			"faces": {
				"north": {"uv": [6.5, 6.625, 7.375, 6.75], "texture": "#1"},
				"east": {"uv": [3.5, 8, 3.75, 8.125], "texture": "#1"},
				"south": {"uv": [6.75, 0.625, 7.625, 0.75], "texture": "#1"},
				"west": {"uv": [8, 3.625, 8.25, 3.75], "texture": "#1"},
				"up": {"uv": [6.5, 0.25, 5.625, 0], "texture": "#1"},
				"down": {"uv": [6.5, 0.25, 5.625, 0.5], "texture": "#1"}
			}
		},
		{
			"from": [6, 9, 12],
			"to": [12, 11, 13],
			"rotation": {"angle": 0, "axis": "y", "origin": [10.5, 4.5, 8]},
			"faces": {
				"north": {"uv": [5.75, 5.125, 6.5, 5.375], "texture": "#1"},
				"east": {"uv": [8, 3.75, 8.125, 4], "texture": "#1"},
				"south": {"uv": [5.75, 5.75, 6.5, 6], "texture": "#1"},
				"west": {"uv": [8, 4, 8.125, 4.25], "texture": "#1"},
				"up": {"uv": [8, 5.625, 7.25, 5.5], "texture": "#1"},
				"down": {"uv": [6.375, 7.25, 5.625, 7.375], "texture": "#1"}
			}
		},
		{
			"from": [10, 6, 13],
			"to": [11, 7, 14],
			"faces": {
				"north": {"uv": [2.875, 8.25, 3, 8.375], "texture": "#1"},
				"east": {"uv": [8.25, 2.875, 8.375, 3], "texture": "#1"},
				"south": {"uv": [3, 8.25, 3.125, 8.375], "texture": "#1"},
				"west": {"uv": [8.25, 3, 8.375, 3.125], "texture": "#1"},
				"up": {"uv": [3.25, 8.375, 3.125, 8.25], "texture": "#1"},
				"down": {"uv": [8.375, 3.125, 8.25, 3.25], "texture": "#1"}
			}
		},
		{
			"from": [3, 10, 5],
			"to": [4, 11, 11],
			"faces": {
				"north": {"uv": [3.25, 8.25, 3.375, 8.375], "texture": "#1"},
				"east": {"uv": [7.25, 6, 8, 6.125], "texture": "#1"},
				"south": {"uv": [8.25, 3.25, 8.375, 3.375], "texture": "#1"},
				"west": {"uv": [7.25, 6.125, 8, 6.25], "texture": "#1"},
				"up": {"uv": [5, 7.625, 4.875, 6.875], "texture": "#1"},
				"down": {"uv": [5.125, 6.875, 5, 7.625], "texture": "#1"}
			}
		},
		{
			"from": [3, 9, 10],
			"to": [14, 10, 12],
			"faces": {
				"north": {"uv": [2.75, 5.875, 4.125, 6], "texture": "#1"},
				"east": {"uv": [4.125, 8, 4.375, 8.125], "texture": "#1"},
				"south": {"uv": [5.875, 5.5, 7.25, 5.625], "texture": "#1"},
				"west": {"uv": [8, 4.25, 8.25, 4.375], "texture": "#1"},
				"up": {"uv": [6.375, 4.875, 5, 4.625], "texture": "#1"},
				"down": {"uv": [6.375, 4.875, 5, 5.125], "texture": "#1"}
			}
		},
		{
			"from": [4, 10, 10],
			"to": [14, 11, 12],
			"faces": {
				"north": {"uv": [6, 6.125, 7.25, 6.25], "texture": "#1"},
				"east": {"uv": [8, 4.375, 8.25, 4.5], "texture": "#1"},
				"south": {"uv": [2.75, 6.25, 4, 6.375], "texture": "#1"},
				"west": {"uv": [4.5, 8, 4.75, 8.125], "texture": "#1"},
				"up": {"uv": [2.875, 5.375, 1.625, 5.125], "texture": "#1"},
				"down": {"uv": [4.125, 5.125, 2.875, 5.375], "texture": "#1"}
			}
		},
		{
			"from": [4, 8, 12],
			"to": [5, 9, 13],
			"rotation": {"angle": 0, "axis": "y", "origin": [10.5, 4.5, 8]},
			"faces": {
				"north": {"uv": [3.375, 8.25, 3.5, 8.375], "texture": "#1"},
				"east": {"uv": [8.25, 3.375, 8.375, 3.5], "texture": "#1"},
				"south": {"uv": [3.5, 8.25, 3.625, 8.375], "texture": "#1"},
				"west": {"uv": [8.25, 3.5, 8.375, 3.625], "texture": "#1"},
				"up": {"uv": [3.75, 8.375, 3.625, 8.25], "texture": "#1"},
				"down": {"uv": [8.375, 3.625, 8.25, 3.75], "texture": "#1"}
			}
		},
		{
			"from": [2, 7, 3],
			"to": [3, 8, 4],
			"rotation": {"angle": 0, "axis": "y", "origin": [10.5, 4.5, 8]},
			"faces": {
				"north": {"uv": [3.75, 8.25, 3.875, 8.375], "texture": "#1"},
				"east": {"uv": [8.25, 3.75, 8.375, 3.875], "texture": "#1"},
				"south": {"uv": [3.875, 8.25, 4, 8.375], "texture": "#1"},
				"west": {"uv": [8.25, 3.875, 8.375, 4], "texture": "#1"},
				"up": {"uv": [4.125, 8.375, 4, 8.25], "texture": "#1"},
				"down": {"uv": [8.375, 4, 8.25, 4.125], "texture": "#1"}
			}
		},
		{
			"from": [5, 8, 12],
			"to": [6, 10, 13],
			"rotation": {"angle": 0, "axis": "y", "origin": [10.5, 4.5, 8]},
			"faces": {
				"north": {"uv": [8, 4.5, 8.125, 4.75], "texture": "#1"},
				"east": {"uv": [4.75, 8, 4.875, 8.25], "texture": "#1"},
				"south": {"uv": [8, 4.75, 8.125, 5], "texture": "#1"},
				"west": {"uv": [4.875, 8, 5, 8.25], "texture": "#1"},
				"up": {"uv": [4.25, 8.375, 4.125, 8.25], "texture": "#1"},
				"down": {"uv": [8.375, 4.125, 8.25, 4.25], "texture": "#1"}
			}
		},
		{
			"from": [3, 8, 3],
			"to": [4, 9, 4],
			"rotation": {"angle": 0, "axis": "y", "origin": [10.5, 4.5, 8]},
			"faces": {
				"north": {"uv": [4.25, 8.25, 4.375, 8.375], "texture": "#1"},
				"east": {"uv": [8.25, 4.25, 8.375, 4.375], "texture": "#1"},
				"south": {"uv": [4.375, 8.25, 4.5, 8.375], "texture": "#1"},
				"west": {"uv": [8.25, 4.375, 8.375, 4.5], "texture": "#1"},
				"up": {"uv": [4.625, 8.375, 4.5, 8.25], "texture": "#1"},
				"down": {"uv": [8.375, 4.5, 8.25, 4.625], "texture": "#1"}
			}
		},
		{
			"from": [0, 3, 3],
			"to": [1, 4, 13],
			"faces": {
				"north": {"uv": [4.625, 8.25, 4.75, 8.375], "texture": "#1"},
				"east": {"uv": [6.25, 3.75, 7.5, 3.875], "texture": "#1"},
				"south": {"uv": [8.25, 4.625, 8.375, 4.75], "texture": "#1"},
				"west": {"uv": [6.25, 3.875, 7.5, 4], "texture": "#1"},
				"up": {"uv": [1, 7.25, 0.875, 6], "texture": "#1"},
				"down": {"uv": [4.125, 6, 4, 7.25], "texture": "#1"}
			}
		},
		{
			"from": [0, 4, 4],
			"to": [1, 5, 12],
			"faces": {
				"north": {"uv": [4.75, 8.25, 4.875, 8.375], "texture": "#1"},
				"east": {"uv": [6.5, 1.625, 7.5, 1.75], "texture": "#1"},
				"south": {"uv": [8.25, 4.75, 8.375, 4.875], "texture": "#1"},
				"west": {"uv": [6.5, 2.875, 7.5, 3], "texture": "#1"},
				"up": {"uv": [2, 7.5, 1.875, 6.5], "texture": "#1"},
				"down": {"uv": [2.125, 6.5, 2, 7.5], "texture": "#1"}
			}
		},
		{
			"from": [0, 5, 5],
			"to": [1, 6, 11],
			"faces": {
				"north": {"uv": [4.875, 8.25, 5, 8.375], "texture": "#1"},
				"east": {"uv": [6.375, 7.25, 7.125, 7.375], "texture": "#1"},
				"south": {"uv": [8.25, 4.875, 8.375, 5], "texture": "#1"},
				"west": {"uv": [7.25, 6.375, 8, 6.5], "texture": "#1"},
				"up": {"uv": [0.5, 7.75, 0.375, 7], "texture": "#1"},
				"down": {"uv": [1.125, 7, 1, 7.75], "texture": "#1"}
			}
		},
		{
			"from": [2, 8, 4],
			"to": [3, 9, 12],
			"faces": {
				"north": {"uv": [5, 8.25, 5.125, 8.375], "texture": "#1"},
				"east": {"uv": [6.5, 3, 7.5, 3.125], "texture": "#1"},
				"south": {"uv": [8.25, 5, 8.375, 5.125], "texture": "#1"},
				"west": {"uv": [6.5, 3.125, 7.5, 3.25], "texture": "#1"},
				"up": {"uv": [2.25, 7.5, 2.125, 6.5], "texture": "#1"},
				"down": {"uv": [5.375, 6.5, 5.25, 7.5], "texture": "#1"}
			}
		},
		{
			"from": [1, 7, 5],
			"to": [2, 8, 11],
			"faces": {
				"north": {"uv": [5.125, 8.25, 5.25, 8.375], "texture": "#1"},
				"east": {"uv": [7.125, 7.25, 7.875, 7.375], "texture": "#1"},
				"south": {"uv": [8.25, 5.125, 8.375, 5.25], "texture": "#1"},
				"west": {"uv": [7.375, 2.75, 8.125, 2.875], "texture": "#1"},
				"up": {"uv": [1.25, 7.75, 1.125, 7], "texture": "#1"},
				"down": {"uv": [4.625, 7, 4.5, 7.75], "texture": "#1"}
			}
		},
		{
			"from": [2, 6, 3],
			"to": [3, 7, 11],
			"faces": {
				"north": {"uv": [5.25, 8.25, 5.375, 8.375], "texture": "#1"},
				"east": {"uv": [6.5, 3.25, 7.5, 3.375], "texture": "#1"},
				"south": {"uv": [8.25, 5.25, 8.375, 5.375], "texture": "#1"},
				"west": {"uv": [6.5, 3.375, 7.5, 3.5], "texture": "#1"},
				"up": {"uv": [5.5, 7.5, 5.375, 6.5], "texture": "#1"},
				"down": {"uv": [5.625, 6.5, 5.5, 7.5], "texture": "#1"}
			}
		},
		{
			"from": [2, 9, 6],
			"to": [3, 10, 10],
			"faces": {
				"north": {"uv": [5.375, 8.25, 5.5, 8.375], "texture": "#1"},
				"east": {"uv": [7.5, 2.5, 8, 2.625], "texture": "#1"},
				"south": {"uv": [8.25, 5.375, 8.375, 5.5], "texture": "#1"},
				"west": {"uv": [7.5, 2.625, 8, 2.75], "texture": "#1"},
				"up": {"uv": [2.125, 8, 2, 7.5], "texture": "#1"},
				"down": {"uv": [2.25, 7.5, 2.125, 8], "texture": "#1"}
			}
		},
		{
			"from": [6, 13, 6],
			"to": [7, 14, 10],
			"faces": {
				"north": {"uv": [5.5, 8.25, 5.625, 8.375], "texture": "#1"},
				"east": {"uv": [2.75, 7.5, 3.25, 7.625], "texture": "#1"},
				"south": {"uv": [8.25, 5.5, 8.375, 5.625], "texture": "#1"},
				"west": {"uv": [7.5, 2.875, 8, 3], "texture": "#1"},
				"up": {"uv": [7.625, 3.5, 7.5, 3], "texture": "#1"},
				"down": {"uv": [3.375, 7.5, 3.25, 8], "texture": "#1"}
			}
		},
		{
			"from": [13, 13, 6],
			"to": [14, 14, 10],
			"faces": {
				"north": {"uv": [5.625, 8.25, 5.75, 8.375], "texture": "#1"},
				"east": {"uv": [7.5, 3.75, 8, 3.875], "texture": "#1"},
				"south": {"uv": [8.25, 5.625, 8.375, 5.75], "texture": "#1"},
				"west": {"uv": [7.5, 3.875, 8, 4], "texture": "#1"},
				"up": {"uv": [3.5, 8, 3.375, 7.5], "texture": "#1"},
				"down": {"uv": [3.625, 7.5, 3.5, 8], "texture": "#1"}
			}
		},
		{
			"from": [14, 13, 7],
			"to": [15, 14, 9],
			"faces": {
				"north": {"uv": [5.75, 8.25, 5.875, 8.375], "texture": "#1"},
				"east": {"uv": [8, 5, 8.25, 5.125], "texture": "#1"},
				"south": {"uv": [8.25, 5.75, 8.375, 5.875], "texture": "#1"},
				"west": {"uv": [5.25, 8, 5.5, 8.125], "texture": "#1"},
				"up": {"uv": [5.125, 8.25, 5, 8], "texture": "#1"},
				"down": {"uv": [8.125, 5.375, 8, 5.625], "texture": "#1"}
			}
		},
		{
			"from": [8, 14, 6],
			"to": [12, 15, 10],
			"faces": {
				"north": {"uv": [7.5, 4, 8, 4.125], "texture": "#1"},
				"east": {"uv": [5.25, 7.5, 5.75, 7.625], "texture": "#1"},
				"south": {"uv": [5.75, 7.5, 6.25, 7.625], "texture": "#1"},
				"west": {"uv": [6.25, 7.5, 6.75, 7.625], "texture": "#1"},
				"up": {"uv": [2.125, 5.875, 1.625, 5.375], "texture": "#1"},
				"down": {"uv": [2.625, 5.375, 2.125, 5.875], "texture": "#1"}
			}
		},
		{
			"from": [1, 3, 2],
			"to": [2, 4, 3],
			"faces": {
				"north": {"uv": [5.875, 8.25, 6, 8.375], "texture": "#1"},
				"east": {"uv": [8.25, 5.875, 8.375, 6], "texture": "#1"},
				"south": {"uv": [6, 8.25, 6.125, 8.375], "texture": "#1"},
				"west": {"uv": [8.25, 6, 8.375, 6.125], "texture": "#1"},
				"up": {"uv": [6.25, 8.375, 6.125, 8.25], "texture": "#1"},
				"down": {"uv": [8.375, 6.125, 8.25, 6.25], "texture": "#1"}
			}
		},
		{
			"from": [2, 3, 12],
			"to": [3, 7, 13],
			"rotation": {"angle": 0, "axis": "y", "origin": [10.5, 4.5, 8]},
			"faces": {
				"north": {"uv": [3.625, 7.5, 3.75, 8], "texture": "#1"},
				"east": {"uv": [4.625, 7.5, 4.75, 8], "texture": "#1"},
				"south": {"uv": [6.75, 7.5, 6.875, 8], "texture": "#1"},
				"west": {"uv": [6.875, 7.5, 7, 8], "texture": "#1"},
				"up": {"uv": [6.375, 8.375, 6.25, 8.25], "texture": "#1"},
				"down": {"uv": [8.375, 6.25, 8.25, 6.375], "texture": "#1"}
			}
		},
		{
			"from": [0, 0, 15],
			"to": [1, 3, 16],
			"faces": {
				"north": {"uv": [4.25, 7.625, 4.375, 8], "texture": "#1"},
				"east": {"uv": [7.625, 7.5, 7.75, 7.875], "texture": "#1"},
				"south": {"uv": [0, 7.75, 0.125, 8.125], "texture": "#1"},
				"west": {"uv": [0.125, 7.75, 0.25, 8.125], "texture": "#1"},
				"up": {"uv": [6.625, 8.375, 6.5, 8.25], "texture": "#1"},
				"down": {"uv": [8.375, 6.5, 8.25, 6.625], "texture": "#1"}
			}
		},
		{
			"from": [15, 0, 0],
			"to": [16, 3, 1],
			"faces": {
				"north": {"uv": [0.25, 7.75, 0.375, 8.125], "texture": "#1"},
				"east": {"uv": [0.375, 7.75, 0.5, 8.125], "texture": "#1"},
				"south": {"uv": [1, 7.75, 1.125, 8.125], "texture": "#1"},
				"west": {"uv": [1.125, 7.75, 1.25, 8.125], "texture": "#1"},
				"up": {"uv": [6.75, 8.375, 6.625, 8.25], "texture": "#1"},
				"down": {"uv": [8.375, 6.625, 8.25, 6.75], "texture": "#1"}
			}
		},
		{
			"from": [15, 0, 15],
			"to": [16, 3, 16],
			"faces": {
				"north": {"uv": [2.625, 7.75, 2.75, 8.125], "texture": "#1"},
				"east": {"uv": [2.75, 7.75, 2.875, 8.125], "texture": "#1"},
				"south": {"uv": [2.875, 7.75, 3, 8.125], "texture": "#1"},
				"west": {"uv": [4, 7.75, 4.125, 8.125], "texture": "#1"},
				"up": {"uv": [6.875, 8.375, 6.75, 8.25], "texture": "#1"},
				"down": {"uv": [8.375, 6.75, 8.25, 6.875], "texture": "#1"}
			}
		},
		{
			"from": [2, 2, 2],
			"to": [14, 3, 14],
			"faces": {
				"north": {"uv": [5.25, 4, 6.75, 4.125], "texture": "#1"},
				"east": {"uv": [5.75, 1.75, 7.25, 1.875], "texture": "#1"},
				"south": {"uv": [5.75, 3.625, 7.25, 3.75], "texture": "#1"},
				"west": {"uv": [5.75, 5.375, 7.25, 5.5], "texture": "#1"},
				"up": {"uv": [1.5, 1.5, 0, 0], "texture": "#1"},
				"down": {"uv": [1.5, 1.5, 0, 3], "texture": "#1"}
			}
		}
	],
	"display": {
		"thirdperson_righthand": {
			"rotation": [-90, -90, 0],
			"translation": [0, -2, -1.75],
			"scale": [0.3, 0.3, 0.3]
		},
		"thirdperson_lefthand": {
			"rotation": [-90, 90, 0],
			"translation": [0, -2, -1.75],
			"scale": [0.3, 0.3, 0.3]
		},
		"firstperson_righthand": {
			"rotation": [0, 130, 4],
			"translation": [2, 2.5, 0],
			"scale": [0.5, 0.5, 0.5]
		},
		"firstperson_lefthand": {
			"rotation": [0, -70, 4],
			"translation": [2, 2.5, 0],
			"scale": [0.5, 0.5, 0.5]
		},
		"ground": {
			"scale": [0.5, 0.5, 0.5]
		},
		"gui": {
			"translation": [-1, 0, 0],
			"scale": [0.6, 0.6, 0.6]
		},
		"head": {
			"translation": [0, 11.5, 0]
		},
		"fixed": {
			"scale": [0.5, 0.5, 0.5]
		}
	},
	"groups": [
		{
			"name": "group",
			"origin": [0, 0, 0],
			"color": 0,
			"children": [0, 1, 2, 3, 4, 5, 6, 7, 8, 9, 10, 11, 12, 13, 14, 15, 16, 17, 18, 19, 20, 21, 22, 23, 24, 25, 26, 27, 28, 29, 30, 31, 32, 33, 34, 35, 36, 37, 38, 39, 40, 41]
		},
		{
			"name": "group",
			"origin": [0, 0, 0],
			"color": 0,
			"children": [42, 43, 44, 45, 46, 47, 48, 49, 50, 51, 52, 53, 54, 55, 56, 57, 58, 59, 60, 61, 62, 63, 64, 65, 66, 67, 68, 69]
		},
		70,
		71,
		72,
		73,
		74,
		75,
		76,
		77,
		78,
		79,
		80,
		81,
		82,
		83,
		84,
		85,
		86,
		87,
		88,
		89,
		90,
		91,
		92,
		93,
		94,
		95,
		96,
		97,
		98,
		99,
		100,
		101,
		102,
		103,
		104,
		105,
		106,
		107,
		108,
		109,
		110,
		111,
		112,
		113,
		114
	]
}