{
	"credit": "Made with Blockbench",
	"texture_size": [32, 32],
	"textures": {
		"0": "cepice:item/helma",
		"particle": "cepice:item/helma"
	},
	"elements": [
		{
			"from": [4, 1, 10],
			"to": [5, 2, 12],
			"rotation": {"angle": 0, "axis": "y", "origin": [8, 3, 7.5]},
			"faces": {
				"north": {"uv": [13, 7, 13.5, 7.5], "texture": "#0"},
				"east": {"uv": [12, 10, 13, 10.5], "texture": "#0"},
				"south": {"uv": [8, 13, 8.5, 13.5], "texture": "#0"},
				"west": {"uv": [10.5, 12, 11.5, 12.5], "texture": "#0"},
				"up": {"uv": [10, 13, 9.5, 12], "texture": "#0"},
				"down": {"uv": [12, 12, 11.5, 13], "texture": "#0"}
			}
		},
		{
			"from": [5, 4, 5],
			"to": [6, 5, 9],
			"rotation": {"angle": 0, "axis": "y", "origin": [8, 3, 7.5]},
			"faces": {
				"north": {"uv": [8.5, 13, 9, 13.5], "texture": "#0"},
				"east": {"uv": [9, 2.5, 11, 3], "texture": "#0"},
				"south": {"uv": [9.5, 13, 10, 13.5], "texture": "#0"},
				"west": {"uv": [3, 9, 5, 9.5], "texture": "#0"},
				"up": {"uv": [5.5, 11, 5, 9], "texture": "#0"},
				"down": {"uv": [6, 9, 5.5, 11], "texture": "#0"}
			}
		},
		{
			"from": [11, 2, 4],
			"to": [12, 3, 10],
			"rotation": {"angle": 0, "axis": "y", "origin": [8, 3, 7.5]},
			"faces": {
				"north": {"uv": [13, 10, 13.5, 10.5], "texture": "#0"},
				"east": {"uv": [3, 4, 6, 4.5], "texture": "#0"},
				"south": {"uv": [10.5, 13, 11, 13.5], "texture": "#0"},
				"west": {"uv": [3, 4.5, 6, 5], "texture": "#0"},
				"up": {"uv": [1.5, 7, 1, 4], "texture": "#0"},
				"down": {"uv": [2, 4, 1.5, 7], "texture": "#0"}
			}
		},
		{
			"from": [12, 0, 4],
			"to": [13, 1, 12],
			"rotation": {"angle": 0, "axis": "y", "origin": [8, 3, 7.5]},
			"faces": {
				"north": {"uv": [11, 13, 11.5, 13.5], "texture": "#0"},
				"east": {"uv": [2, 2, 6, 2.5], "texture": "#0"},
				"south": {"uv": [11.5, 13, 12, 13.5], "texture": "#0"},
				"west": {"uv": [2, 2.5, 6, 3], "texture": "#0"},
				"up": {"uv": [2.5, 7, 2, 3], "texture": "#0"},
				"down": {"uv": [3, 3, 2.5, 7], "texture": "#0"}
			}
		},
		{
			"from": [12, 1, 4],
			"to": [13, 2, 10],
			"rotation": {"angle": 0, "axis": "y", "origin": [8, 3, 7.5]},
			"faces": {
				"north": {"uv": [12, 13, 12.5, 13.5], "texture": "#0"},
				"east": {"uv": [5, 0, 8, 0.5], "texture": "#0"},
				"south": {"uv": [13, 12, 13.5, 12.5], "texture": "#0"},
				"west": {"uv": [5, 0.5, 8, 1], "texture": "#0"},
				"up": {"uv": [3.5, 8, 3, 5], "texture": "#0"},
				"down": {"uv": [4, 5, 3.5, 8], "texture": "#0"}
			}
		},
		{
			"from": [3, 1, 4],
			"to": [4, 2, 10],
			"rotation": {"angle": 0, "axis": "y", "origin": [8, 3, 7.5]},
			"faces": {
				"north": {"uv": [12.5, 13, 13, 13.5], "texture": "#0"},
				"east": {"uv": [5, 1, 8, 1.5], "texture": "#0"},
				"south": {"uv": [13, 12.5, 13.5, 13], "texture": "#0"},
				"west": {"uv": [5, 1.5, 8, 2], "texture": "#0"},
				"up": {"uv": [4.5, 8, 4, 5], "texture": "#0"},
				"down": {"uv": [5, 5, 4.5, 8], "texture": "#0"}
			}
		},
		{
			"from": [3, 0, 4],
			"to": [4, 1, 12],
			"rotation": {"angle": 0, "axis": "y", "origin": [8, 3, 7.5]},
			"faces": {
				"north": {"uv": [13, 13, 13.5, 13.5], "texture": "#0"},
				"east": {"uv": [3, 3, 7, 3.5], "texture": "#0"},
				"south": {"uv": [1, 13.5, 1.5, 14], "texture": "#0"},
				"west": {"uv": [3, 3.5, 7, 4], "texture": "#0"},
				"up": {"uv": [0.5, 8, 0, 4], "texture": "#0"},
				"down": {"uv": [1, 4, 0.5, 8], "texture": "#0"}
			}
		},
		{
			"from": [4, 2, 4],
			"to": [5, 3, 10],
			"rotation": {"angle": 0, "axis": "y", "origin": [8, 3, 7.5]},
			"faces": {
				"north": {"uv": [1.5, 13.5, 2, 14], "texture": "#0"},
				"east": {"uv": [5, 5, 8, 5.5], "texture": "#0"},
				"south": {"uv": [3, 13.5, 3.5, 14], "texture": "#0"},
				"west": {"uv": [5, 5.5, 8, 6], "texture": "#0"},
				"up": {"uv": [5.5, 9, 5, 6], "texture": "#0"},
				"down": {"uv": [6, 6, 5.5, 9], "texture": "#0"}
			}
		},
		{
			"from": [4, 3, 5],
			"to": [5, 4, 9],
			"rotation": {"angle": 0, "axis": "y", "origin": [8, 3, 7.5]},
			"faces": {
				"north": {"uv": [13.5, 3, 14, 3.5], "texture": "#0"},
				"east": {"uv": [9, 4, 11, 4.5], "texture": "#0"},
				"south": {"uv": [3.5, 13.5, 4, 14], "texture": "#0"},
				"west": {"uv": [9, 4.5, 11, 5], "texture": "#0"},
				"up": {"uv": [6.5, 11, 6, 9], "texture": "#0"},
				"down": {"uv": [7, 9, 6.5, 11], "texture": "#0"}
			}
		},
		{
			"from": [11, 3, 5],
			"to": [12, 4, 9],
			"rotation": {"angle": 0, "axis": "y", "origin": [8, 3, 7.5]},
			"faces": {
				"north": {"uv": [13.5, 3.5, 14, 4], "texture": "#0"},
				"east": {"uv": [7, 9, 9, 9.5], "texture": "#0"},
				"south": {"uv": [4, 13.5, 4.5, 14], "texture": "#0"},
				"west": {"uv": [9, 7, 11, 7.5], "texture": "#0"},
				"up": {"uv": [9.5, 9.5, 9, 7.5], "texture": "#0"},
				"down": {"uv": [0.5, 9.5, 0, 11.5], "texture": "#0"}
			}
		},
		{
			"from": [10, 4, 5],
			"to": [11, 5, 9],
			"rotation": {"angle": 0, "axis": "y", "origin": [8, 3, 7.5]},
			"faces": {
				"north": {"uv": [4.5, 13.5, 5, 14], "texture": "#0"},
				"east": {"uv": [0.5, 9.5, 2.5, 10], "texture": "#0"},
				"south": {"uv": [5, 13.5, 5.5, 14], "texture": "#0"},
				"west": {"uv": [2.5, 9.5, 4.5, 10], "texture": "#0"},
				"up": {"uv": [5, 11.5, 4.5, 9.5], "texture": "#0"},
				"down": {"uv": [7.5, 9.5, 7, 11.5], "texture": "#0"}
			}
		},
		{
			"from": [6, 4, 4],
			"to": [10, 5, 5],
			"rotation": {"angle": 0, "axis": "y", "origin": [8, 3, 7.5]},
			"faces": {
				"north": {"uv": [7.5, 9.5, 9.5, 10], "texture": "#0"},
				"east": {"uv": [5.5, 13.5, 6, 14], "texture": "#0"},
				"south": {"uv": [9.5, 7.5, 11.5, 8], "texture": "#0"},
				"west": {"uv": [6, 13.5, 6.5, 14], "texture": "#0"},
				"up": {"uv": [11.5, 8.5, 9.5, 8], "texture": "#0"},
				"down": {"uv": [11.5, 8.5, 9.5, 9], "texture": "#0"}
			}
		},
		{
			"from": [5, 4, 9],
			"to": [11, 5, 10],
			"rotation": {"angle": 0, "axis": "y", "origin": [8, 3, 7.5]},
			"faces": {
				"north": {"uv": [6, 2, 9, 2.5], "texture": "#0"},
				"east": {"uv": [6.5, 13.5, 7, 14], "texture": "#0"},
				"south": {"uv": [6, 2.5, 9, 3], "texture": "#0"},
				"west": {"uv": [7, 13.5, 7.5, 14], "texture": "#0"},
				"up": {"uv": [9, 4.5, 6, 4], "texture": "#0"},
				"down": {"uv": [9, 4.5, 6, 5], "texture": "#0"}
			}
		},
		{
			"from": [6, 5, 5],
			"to": [10, 6, 9],
			"rotation": {"angle": 0, "axis": "y", "origin": [8, 3, 7.5]},
			"faces": {
				"north": {"uv": [9.5, 9, 11.5, 9.5], "texture": "#0"},
				"east": {"uv": [9.5, 9.5, 11.5, 10], "texture": "#0"},
				"south": {"uv": [0.5, 10, 2.5, 10.5], "texture": "#0"},
				"west": {"uv": [2.5, 10, 4.5, 10.5], "texture": "#0"},
				"up": {"uv": [2, 2, 0, 0], "texture": "#0"},
				"down": {"uv": [2, 2, 0, 4], "texture": "#0"}
			}
		},
		{
			"from": [10, 1, 3],
			"to": [12, 2, 4],
			"rotation": {"angle": 0, "axis": "y", "origin": [8, 3, 7.5]},
			"faces": {
				"north": {"uv": [12, 12, 13, 12.5], "texture": "#0"},
				"east": {"uv": [13.5, 7, 14, 7.5], "texture": "#0"},
				"south": {"uv": [1, 12.5, 2, 13], "texture": "#0"},
				"west": {"uv": [7.5, 13.5, 8, 14], "texture": "#0"},
				"up": {"uv": [3, 13, 2, 12.5], "texture": "#0"},
				"down": {"uv": [4, 12.5, 3, 13], "texture": "#0"}
			}
		},
		{
			"from": [4, 1, 3],
			"to": [6, 2, 4],
			"rotation": {"angle": 0, "axis": "y", "origin": [8, 3, 7.5]},
			"faces": {
				"north": {"uv": [4, 12.5, 5, 13], "texture": "#0"},
				"east": {"uv": [13.5, 7.5, 14, 8], "texture": "#0"},
				"south": {"uv": [6, 12.5, 7, 13], "texture": "#0"},
				"west": {"uv": [8, 13.5, 8.5, 14], "texture": "#0"},
				"up": {"uv": [8, 13, 7, 12.5], "texture": "#0"},
				"down": {"uv": [9, 12.5, 8, 13], "texture": "#0"}
			}
		},
		{
			"from": [11, 2, 10],
			"to": [12, 3, 11],
			"rotation": {"angle": 0, "axis": "y", "origin": [8, 3, 7.5]},
			"faces": {
				"north": {"uv": [13.5, 8, 14, 8.5], "texture": "#0"},
				"east": {"uv": [8.5, 13.5, 9, 14], "texture": "#0"},
				"south": {"uv": [13.5, 8.5, 14, 9], "texture": "#0"},
				"west": {"uv": [9, 13.5, 9.5, 14], "texture": "#0"},
				"up": {"uv": [14, 9.5, 13.5, 9], "texture": "#0"},
				"down": {"uv": [10, 13.5, 9.5, 14], "texture": "#0"}
			}
		},
		{
			"from": [3, 2, 6],
			"to": [4, 3, 9],
			"rotation": {"angle": 0, "axis": "y", "origin": [8, 3, 7.5]},
			"faces": {
				"north": {"uv": [13.5, 9.5, 14, 10], "texture": "#0"},
				"east": {"uv": [12, 3, 13.5, 3.5], "texture": "#0"},
				"south": {"uv": [10, 13.5, 10.5, 14], "texture": "#0"},
				"west": {"uv": [12, 3.5, 13.5, 4], "texture": "#0"},
				"up": {"uv": [5.5, 13.5, 5, 12], "texture": "#0"},
				"down": {"uv": [6, 12, 5.5, 13.5], "texture": "#0"}
			}
		},
		{
			"from": [12, 2, 6],
			"to": [13, 3, 9],
			"rotation": {"angle": 0, "axis": "y", "origin": [8, 3, 7.5]},
			"faces": {
				"north": {"uv": [13.5, 10, 14, 10.5], "texture": "#0"},
				"east": {"uv": [6, 12, 7.5, 12.5], "texture": "#0"},
				"south": {"uv": [10.5, 13.5, 11, 14], "texture": "#0"},
				"west": {"uv": [7.5, 12, 9, 12.5], "texture": "#0"},
				"up": {"uv": [12.5, 10, 12, 8.5], "texture": "#0"},
				"down": {"uv": [9.5, 12, 9, 13.5], "texture": "#0"}
			}
		},
		{
			"from": [6, 3, 11],
			"to": [10, 4, 12.5],
			"rotation": {"angle": 0, "axis": "y", "origin": [8, 3, 7.5]},
			"faces": {
				"north": {"uv": [10, 3, 12, 3.5], "texture": "#0"},
				"east": {"uv": [13, 6.5, 13.75, 7], "texture": "#0"},
				"south": {"uv": [10, 3.5, 12, 4], "texture": "#0"},
				"west": {"uv": [7, 13, 7.75, 13.5], "texture": "#0"},
				"up": {"uv": [8, 6.75, 6, 6], "texture": "#0"},
				"down": {"uv": [3, 7, 1, 7.75], "texture": "#0"}
			}
		},
		{
			"from": [6, 2, 12],
			"to": [10, 3, 13],
			"rotation": {"angle": 0, "axis": "y", "origin": [8, 3, 7.5]},
			"faces": {
				"north": {"uv": [7.5, 10, 9.5, 10.5], "texture": "#0"},
				"east": {"uv": [13.5, 10.5, 14, 11], "texture": "#0"},
				"south": {"uv": [9.5, 10, 11.5, 10.5], "texture": "#0"},
				"west": {"uv": [11, 13.5, 11.5, 14], "texture": "#0"},
				"up": {"uv": [2.5, 11, 0.5, 10.5], "texture": "#0"},
				"down": {"uv": [4.5, 10.5, 2.5, 11], "texture": "#0"}
			}
		},
		{
			"from": [5, 2, 3],
			"to": [11, 3, 4],
			"rotation": {"angle": 0, "axis": "y", "origin": [8, 3, 7.5]},
			"faces": {
				"north": {"uv": [7, 3, 10, 3.5], "texture": "#0"},
				"east": {"uv": [13.5, 11, 14, 11.5], "texture": "#0"},
				"south": {"uv": [7, 3.5, 10, 4], "texture": "#0"},
				"west": {"uv": [11.5, 13.5, 12, 14], "texture": "#0"},
				"up": {"uv": [9, 7.5, 6, 7], "texture": "#0"},
				"down": {"uv": [9, 7.5, 6, 8], "texture": "#0"}
			}
		},
		{
			"from": [6, 3, 3],
			"to": [10, 4, 4],
			"rotation": {"angle": 0, "axis": "y", "origin": [8, 3, 7.5]},
			"faces": {
				"north": {"uv": [7.5, 10.5, 9.5, 11], "texture": "#0"},
				"east": {"uv": [13.5, 11.5, 14, 12], "texture": "#0"},
				"south": {"uv": [9.5, 10.5, 11.5, 11], "texture": "#0"},
				"west": {"uv": [12, 13.5, 12.5, 14], "texture": "#0"},
				"up": {"uv": [13, 0.5, 11, 0], "texture": "#0"},
				"down": {"uv": [2.5, 11, 0.5, 11.5], "texture": "#0"}
			}
		},
		{
			"from": [4, 0, 3],
			"to": [6, 1, 4],
			"rotation": {"angle": 0, "axis": "y", "origin": [8, 3, 7.5]},
			"faces": {
				"north": {"uv": [12.5, 8.5, 13.5, 9], "texture": "#0"},
				"east": {"uv": [13.5, 12, 14, 12.5], "texture": "#0"},
				"south": {"uv": [12.5, 9, 13.5, 9.5], "texture": "#0"},
				"west": {"uv": [12.5, 13.5, 13, 14], "texture": "#0"},
				"up": {"uv": [13.5, 10, 12.5, 9.5], "texture": "#0"},
				"down": {"uv": [11.5, 12.5, 10.5, 13], "texture": "#0"}
			}
		},
		{
			"from": [10, 0, 3],
			"to": [12, 1, 4],
			"rotation": {"angle": 0, "axis": "y", "origin": [8, 3, 7.5]},
			"faces": {
				"north": {"uv": [12.5, 11.5, 13.5, 12], "texture": "#0"},
				"east": {"uv": [13.5, 12.5, 14, 13], "texture": "#0"},
				"south": {"uv": [12, 12.5, 13, 13], "texture": "#0"},
				"west": {"uv": [13, 13.5, 13.5, 14], "texture": "#0"},
				"up": {"uv": [14, 0.5, 13, 0], "texture": "#0"},
				"down": {"uv": [14, 0.5, 13, 1], "texture": "#0"}
			}
		},
		{
			"from": [6, 0, 2],
			"to": [10, 1, 3],
			"rotation": {"angle": 0, "axis": "y", "origin": [8, 3, 7.5]},
			"faces": {
				"north": {"uv": [11, 0.5, 13, 1], "texture": "#0"},
				"east": {"uv": [13.5, 13, 14, 13.5], "texture": "#0"},
				"south": {"uv": [11, 1, 13, 1.5], "texture": "#0"},
				"west": {"uv": [13.5, 13.5, 14, 14], "texture": "#0"},
				"up": {"uv": [13, 2, 11, 1.5], "texture": "#0"},
				"down": {"uv": [4.5, 11, 2.5, 11.5], "texture": "#0"}
			}
		},
		{
			"from": [6, 1, 2],
			"to": [10, 2, 3],
			"rotation": {"angle": 0, "axis": "y", "origin": [8, 3, 7.5]},
			"faces": {
				"north": {"uv": [11, 2.5, 13, 3], "texture": "#0"},
				"east": {"uv": [0, 14, 0.5, 14.5], "texture": "#0"},
				"south": {"uv": [11, 4, 13, 4.5], "texture": "#0"},
				"west": {"uv": [14, 0, 14.5, 0.5], "texture": "#0"},
				"up": {"uv": [13, 5, 11, 4.5], "texture": "#0"},
				"down": {"uv": [7, 11, 5, 11.5], "texture": "#0"}
			}
		},
		{
			"from": [6, 1, 3],
			"to": [10, 2, 4],
			"rotation": {"angle": 0, "axis": "y", "origin": [8, 3, 7.5]},
			"faces": {
				"north": {"uv": [11, 5, 13, 5.5], "texture": "#0"},
				"east": {"uv": [0.5, 14, 1, 14.5], "texture": "#0"},
				"south": {"uv": [11, 5.5, 13, 6], "texture": "#0"},
				"west": {"uv": [14, 0.5, 14.5, 1], "texture": "#0"},
				"up": {"uv": [13, 6.5, 11, 6], "texture": "#0"},
				"down": {"uv": [13, 6.5, 11, 7], "texture": "#0"}
			}
		},
		{
			"from": [6, 4, 10],
			"to": [10, 5, 11],
			"rotation": {"angle": 0, "axis": "y", "origin": [8, 3, 7.5]},
			"faces": {
				"north": {"uv": [11, 7, 13, 7.5], "texture": "#0"},
				"east": {"uv": [1, 14, 1.5, 14.5], "texture": "#0"},
				"south": {"uv": [7.5, 11, 9.5, 11.5], "texture": "#0"},
				"west": {"uv": [14, 1, 14.5, 1.5], "texture": "#0"},
				"up": {"uv": [11.5, 11.5, 9.5, 11], "texture": "#0"},
				"down": {"uv": [2, 11.5, 0, 12], "texture": "#0"}
			}
		},
		{
			"from": [5, 0, 13],
			"to": [11, 1, 14],
			"rotation": {"angle": 0, "axis": "y", "origin": [8, 3, 7.5]},
			"faces": {
				"north": {"uv": [0, 8, 3, 8.5], "texture": "#0"},
				"east": {"uv": [1.5, 14, 2, 14.5], "texture": "#0"},
				"south": {"uv": [8, 0, 11, 0.5], "texture": "#0"},
				"west": {"uv": [14, 1.5, 14.5, 2], "texture": "#0"},
				"up": {"uv": [11, 1, 8, 0.5], "texture": "#0"},
				"down": {"uv": [11, 1, 8, 1.5], "texture": "#0"}
			}
		},
		{
			"from": [5, 0, 14],
			"to": [11, 1, 15],
			"rotation": {"angle": 0, "axis": "y", "origin": [8, 3, 7.5]},
			"faces": {
				"north": {"uv": [8, 1.5, 11, 2], "texture": "#0"},
				"east": {"uv": [2, 14, 2.5, 14.5], "texture": "#0"},
				"south": {"uv": [8, 5, 11, 5.5], "texture": "#0"},
				"west": {"uv": [14, 2, 14.5, 2.5], "texture": "#0"},
				"up": {"uv": [11, 6, 8, 5.5], "texture": "#0"},
				"down": {"uv": [9, 8, 6, 8.5], "texture": "#0"}
			}
		},
		{
			"from": [6, 2, 13],
			"to": [10, 3, 14],
			"rotation": {"angle": 0, "axis": "y", "origin": [8, 3, 7.5]},
			"faces": {
				"north": {"uv": [2, 11.5, 4, 12], "texture": "#0"},
				"east": {"uv": [2.5, 14, 3, 14.5], "texture": "#0"},
				"south": {"uv": [4, 11.5, 6, 12], "texture": "#0"},
				"west": {"uv": [14, 2.5, 14.5, 3], "texture": "#0"},
				"up": {"uv": [8, 12, 6, 11.5], "texture": "#0"},
				"down": {"uv": [13.5, 7.5, 11.5, 8], "texture": "#0"}
			}
		},
		{
			"from": [11, 0, 10],
			"to": [12, 1, 14],
			"rotation": {"angle": 0, "axis": "y", "origin": [8, 3, 7.5]},
			"faces": {
				"north": {"uv": [3, 14, 3.5, 14.5], "texture": "#0"},
				"east": {"uv": [8, 11.5, 10, 12], "texture": "#0"},
				"south": {"uv": [14, 3, 14.5, 3.5], "texture": "#0"},
				"west": {"uv": [11.5, 8, 13.5, 8.5], "texture": "#0"},
				"up": {"uv": [12, 10.5, 11.5, 8.5], "texture": "#0"},
				"down": {"uv": [10.5, 11.5, 10, 13.5], "texture": "#0"}
			}
		},
		{
			"from": [11, 1, 10],
			"to": [12, 2, 12],
			"rotation": {"angle": 0, "axis": "y", "origin": [8, 3, 7.5]},
			"faces": {
				"north": {"uv": [3.5, 14, 4, 14.5], "texture": "#0"},
				"east": {"uv": [1, 13, 2, 13.5], "texture": "#0"},
				"south": {"uv": [14, 3.5, 14.5, 4], "texture": "#0"},
				"west": {"uv": [13, 1, 14, 1.5], "texture": "#0"},
				"up": {"uv": [2.5, 14, 2, 13], "texture": "#0"},
				"down": {"uv": [3, 13, 2.5, 14], "texture": "#0"}
			}
		},
		{
			"from": [4, 0, 10],
			"to": [5, 1, 14],
			"rotation": {"angle": 0, "axis": "y", "origin": [8, 3, 7.5]},
			"faces": {
				"north": {"uv": [4, 14, 4.5, 14.5], "texture": "#0"},
				"east": {"uv": [10.5, 11.5, 12.5, 12], "texture": "#0"},
				"south": {"uv": [14, 4, 14.5, 4.5], "texture": "#0"},
				"west": {"uv": [11.5, 10.5, 13.5, 11], "texture": "#0"},
				"up": {"uv": [0.5, 14, 0, 12], "texture": "#0"},
				"down": {"uv": [1, 12, 0.5, 14], "texture": "#0"}
			}
		},
		{
			"from": [4, 2, 10],
			"to": [5, 3, 11],
			"rotation": {"angle": 0, "axis": "y", "origin": [8, 3, 7.5]},
			"faces": {
				"north": {"uv": [4.5, 14, 5, 14.5], "texture": "#0"},
				"east": {"uv": [14, 4.5, 14.5, 5], "texture": "#0"},
				"south": {"uv": [5, 14, 5.5, 14.5], "texture": "#0"},
				"west": {"uv": [14, 5, 14.5, 5.5], "texture": "#0"},
				"up": {"uv": [6, 14.5, 5.5, 14], "texture": "#0"},
				"down": {"uv": [14.5, 5.5, 14, 6], "texture": "#0"}
			}
		},
		{
			"from": [4, 3, 9],
			"to": [5, 4, 10],
			"rotation": {"angle": 0, "axis": "y", "origin": [8, 3, 7.5]},
			"faces": {
				"north": {"uv": [6, 14, 6.5, 14.5], "texture": "#0"},
				"east": {"uv": [14, 6, 14.5, 6.5], "texture": "#0"},
				"south": {"uv": [6.5, 14, 7, 14.5], "texture": "#0"},
				"west": {"uv": [14, 6.5, 14.5, 7], "texture": "#0"},
				"up": {"uv": [7.5, 14.5, 7, 14], "texture": "#0"},
				"down": {"uv": [14.5, 7, 14, 7.5], "texture": "#0"}
			}
		},
		{
			"from": [11, 3, 9],
			"to": [12, 4, 10],
			"rotation": {"angle": 0, "axis": "y", "origin": [8, 3, 7.5]},
			"faces": {
				"north": {"uv": [7.5, 14, 8, 14.5], "texture": "#0"},
				"east": {"uv": [14, 7.5, 14.5, 8], "texture": "#0"},
				"south": {"uv": [8, 14, 8.5, 14.5], "texture": "#0"},
				"west": {"uv": [14, 8, 14.5, 8.5], "texture": "#0"},
				"up": {"uv": [9, 14.5, 8.5, 14], "texture": "#0"},
				"down": {"uv": [14.5, 8.5, 14, 9], "texture": "#0"}
			}
		},
		{
			"from": [10, 3, 10],
			"to": [11, 4, 11],
			"rotation": {"angle": 0, "axis": "y", "origin": [8, 3, 7.5]},
			"faces": {
				"north": {"uv": [9, 14, 9.5, 14.5], "texture": "#0"},
				"east": {"uv": [14, 9, 14.5, 9.5], "texture": "#0"},
				"south": {"uv": [9.5, 14, 10, 14.5], "texture": "#0"},
				"west": {"uv": [14, 9.5, 14.5, 10], "texture": "#0"},
				"up": {"uv": [10.5, 14.5, 10, 14], "texture": "#0"},
				"down": {"uv": [14.5, 10, 14, 10.5], "texture": "#0"}
			}
		},
		{
			"from": [10, 3, 4],
			"to": [11, 4, 5],
			"rotation": {"angle": 0, "axis": "y", "origin": [8, 3, 7.5]},
			"faces": {
				"north": {"uv": [10.5, 14, 11, 14.5], "texture": "#0"},
				"east": {"uv": [14, 10.5, 14.5, 11], "texture": "#0"},
				"south": {"uv": [11, 14, 11.5, 14.5], "texture": "#0"},
				"west": {"uv": [14, 11, 14.5, 11.5], "texture": "#0"},
				"up": {"uv": [12, 14.5, 11.5, 14], "texture": "#0"},
				"down": {"uv": [14.5, 11.5, 14, 12], "texture": "#0"}
			}
		},
		{
			"from": [5, 3, 10],
			"to": [6, 4, 11],
			"rotation": {"angle": 0, "axis": "y", "origin": [8, 3, 7.5]},
			"faces": {
				"north": {"uv": [12, 14, 12.5, 14.5], "texture": "#0"},
				"east": {"uv": [14, 12, 14.5, 12.5], "texture": "#0"},
				"south": {"uv": [12.5, 14, 13, 14.5], "texture": "#0"},
				"west": {"uv": [14, 12.5, 14.5, 13], "texture": "#0"},
				"up": {"uv": [13.5, 14.5, 13, 14], "texture": "#0"},
				"down": {"uv": [14.5, 13, 14, 13.5], "texture": "#0"}
			}
		},
		{
			"from": [5, 3, 4],
			"to": [6, 4, 5],
			"rotation": {"angle": 0, "axis": "y", "origin": [8, 3, 7.5]},
			"faces": {
				"north": {"uv": [13.5, 14, 14, 14.5], "texture": "#0"},
				"east": {"uv": [14, 13.5, 14.5, 14], "texture": "#0"},
				"south": {"uv": [14, 14, 14.5, 14.5], "texture": "#0"},
				"west": {"uv": [0, 14.5, 0.5, 15], "texture": "#0"},
				"up": {"uv": [15, 0.5, 14.5, 0], "texture": "#0"},
				"down": {"uv": [1, 14.5, 0.5, 15], "texture": "#0"}
			}
		},
		{
			"from": [5, 1, 12],
			"to": [11, 2, 14],
			"rotation": {"angle": 0, "axis": "y", "origin": [8, 3, 7.5]},
			"faces": {
				"north": {"uv": [8, 6, 11, 6.5], "texture": "#0"},
				"east": {"uv": [13, 1.5, 14, 2], "texture": "#0"},
				"south": {"uv": [8, 6.5, 11, 7], "texture": "#0"},
				"west": {"uv": [13, 2.5, 14, 3], "texture": "#0"},
				"up": {"uv": [5, 1, 2, 0], "texture": "#0"},
				"down": {"uv": [5, 1, 2, 2], "texture": "#0"}
			}
		},
		{
			"from": [5, 2, 11],
			"to": [11, 3, 12],
			"rotation": {"angle": 0, "axis": "y", "origin": [8, 3, 7.5]},
			"faces": {
				"north": {"uv": [0, 8.5, 3, 9], "texture": "#0"},
				"east": {"uv": [14.5, 0.5, 15, 1], "texture": "#0"},
				"south": {"uv": [6, 8.5, 9, 9], "texture": "#0"},
				"west": {"uv": [1, 14.5, 1.5, 15], "texture": "#0"},
				"up": {"uv": [3, 9.5, 0, 9], "texture": "#0"},
				"down": {"uv": [12, 2, 9, 2.5], "texture": "#0"}
			}
		},
		{
			"from": [7, 5, 9],
			"to": [9, 6, 10],
			"rotation": {"angle": 0, "axis": "y", "origin": [8, 3, 7.5]},
			"faces": {
				"north": {"uv": [3, 13, 4, 13.5], "texture": "#0"},
				"east": {"uv": [14.5, 1, 15, 1.5], "texture": "#0"},
				"south": {"uv": [4, 13, 5, 13.5], "texture": "#0"},
				"west": {"uv": [1.5, 14.5, 2, 15], "texture": "#0"},
				"up": {"uv": [14, 4.5, 13, 4], "texture": "#0"},
				"down": {"uv": [14, 4.5, 13, 5], "texture": "#0"}
			}
		},
		{
			"from": [6, 0, 15],
			"to": [10, 1, 16],
			"rotation": {"angle": 0, "axis": "y", "origin": [8, 3, 7.5]},
			"faces": {
				"north": {"uv": [11.5, 11, 13.5, 11.5], "texture": "#0"},
				"east": {"uv": [14.5, 1.5, 15, 2], "texture": "#0"},
				"south": {"uv": [1, 12, 3, 12.5], "texture": "#0"},
				"west": {"uv": [2, 14.5, 2.5, 15], "texture": "#0"},
				"up": {"uv": [14, 2.5, 12, 2], "texture": "#0"},
				"down": {"uv": [5, 12, 3, 12.5], "texture": "#0"}
			}
		},
		{
			"from": [7, 4, 11],
			"to": [9, 5, 12],
			"rotation": {"angle": 0, "axis": "y", "origin": [8, 3, 7.5]},
			"faces": {
				"north": {"uv": [13, 5, 14, 5.5], "texture": "#0"},
				"east": {"uv": [14.5, 2, 15, 2.5], "texture": "#0"},
				"south": {"uv": [13, 5.5, 14, 6], "texture": "#0"},
				"west": {"uv": [2.5, 14.5, 3, 15], "texture": "#0"},
				"up": {"uv": [7, 13.5, 6, 13], "texture": "#0"},
				"down": {"uv": [14, 6, 13, 6.5], "texture": "#0"}
			}
		},
		{
			"from": [7, 1, 14],
			"to": [9, 3, 14.2],
			"rotation": {"angle": 0, "axis": "y", "origin": [8, 3, 7.5]},
			"faces": {
				"north": {"uv": [3, 8, 4, 9], "texture": "#0"},
				"east": {"uv": [14.5, 2.5, 14.625, 3.5], "texture": "#0"},
				"south": {"uv": [4, 8, 5, 9], "texture": "#0"},
				"west": {"uv": [3, 14.5, 3.125, 15.5], "texture": "#0"},
				"up": {"uv": [4.5, 14.625, 3.5, 14.5], "texture": "#0"},
				"down": {"uv": [15.5, 3.5, 14.5, 3.625], "texture": "#0"}
			}
		}
	],
	"display": {
		"thirdperson_righthand": {
			"rotation": [53, 180, 0],
			"translation": [0, 3.25, 3.25],
			"scale": [0.7, 0.7, 0.7]
		},
		"thirdperson_lefthand": {
			"translation": [0, 3.5, 0]
		},
		"firstperson_righthand": {
			"translation": [3.5, 2, 0]
		},
		"firstperson_lefthand": {
			"translation": [1.75, 2, 0.75]
		},
		"ground": {
			"translation": [0, 5.75, 0],
			"scale": [1.3, 1.3, 1.3]
		},
		"gui": {
			"rotation": [0, 174, 0],
			"translation": [0, 2.75, 0],
			"scale": [1.3, 1.3, 1.3]
		},
		"head": {
			"rotation": [0, 180, 0],
			"translation": [0, 18, -0.25],
			"scale": [1.9, 1.8, 1.8]
		},
		"fixed": {
			"translation": [0, 3.5, 0.25],
			"scale": [1.5, 1.5, 1.5]
		}
	},
	"groups": [
		{
			"name": "group",
			"origin": [8, 3, 7.5],
			"color": 0,
			"children": [0, 1, 2, 3, 4, 5, 6, 7, 8, 9, 10, 11, 12, 13, 14, 15, 16, 17, 18, 19, 20, 21, 22, 23, 24, 25, 26, 27, 28, 29, 30, 31, 32, 33, 34, 35, 36, 37, 38, 39, 40, 41]
		},
		42,
		43,
		44,
		45,
		46,
		47
	]
}