{
	"credit": "Made with Blockbench",
	"texture_size": [64, 64],
	"textures": {
		"0": "klenoty:item/technokorunka",
		"particle": "klenoty:item/technokorunka"
	},
	"elements": [
		{
			"from": [-2, -1, 0],
			"to": [0, 4, 16],
			"faces": {
				"north": {"uv": [1, 6, 1.5, 7], "texture": "#0"},
				"east": {"uv": [0, 4, 4, 5], "texture": "#0"},
				"south": {"uv": [1.5, 6, 2, 7], "texture": "#0"},
				"west": {"uv": [4, 4, 8, 5], "texture": "#0"},
				"up": {"uv": [4.5, 9, 4, 5], "texture": "#0"},
				"down": {"uv": [5, 5, 4.5, 9], "texture": "#0"}
			}
		},
		{
			"from": [16, -1, 0],
			"to": [18, 4, 16],
			"faces": {
				"north": {"uv": [2, 6, 2.5, 7], "texture": "#0"},
				"east": {"uv": [0, 5, 4, 6], "texture": "#0"},
				"south": {"uv": [2.5, 6, 3, 7], "texture": "#0"},
				"west": {"uv": [5, 0, 9, 1], "texture": "#0"},
				"up": {"uv": [5.5, 9, 5, 5], "texture": "#0"},
				"down": {"uv": [6, 5, 5.5, 9], "texture": "#0"}
			}
		},
		{
			"from": [-2, -1, 16],
			"to": [18, 4, 18],
			"rotation": {"angle": 0, "axis": "y", "origin": [8, 1, 8]},
			"faces": {
				"north": {"uv": [0, 0, 5, 1], "texture": "#0"},
				"east": {"uv": [3, 6, 3.5, 7], "texture": "#0"},
				"south": {"uv": [0, 1, 5, 2], "texture": "#0"},
				"west": {"uv": [6, 3, 6.5, 4], "texture": "#0"},
				"up": {"uv": [10, 1.5, 5, 1], "texture": "#0"},
				"down": {"uv": [10, 1.5, 5, 2], "texture": "#0"}
			}
		},
		{
			"from": [-2, -1, -2],
			"to": [18, 4, 0],
			"rotation": {"angle": 0, "axis": "y", "origin": [8, 1, 8]},
			"faces": {
				"north": {"uv": [0, 2, 5, 3], "texture": "#0"},
				"east": {"uv": [3.5, 6, 4, 7], "texture": "#0"},
				"south": {"uv": [0, 3, 5, 4], "texture": "#0"},
				"west": {"uv": [6, 5, 6.5, 6], "texture": "#0"},
				"up": {"uv": [10, 2.5, 5, 2], "texture": "#0"},
				"down": {"uv": [10, 2.5, 5, 3], "texture": "#0"}
			}
		},
		{
			"from": [-2, 4, -2],
			"to": [0, 6, 2],
			"faces": {
				"north": {"uv": [8, 4.5, 8.5, 5], "texture": "#0"},
				"east": {"uv": [6, 6, 7, 6.5], "texture": "#0"},
				"south": {"uv": [8, 5, 8.5, 5.5], "texture": "#0"},
				"west": {"uv": [6.5, 3, 7.5, 3.5], "texture": "#0"},
				"up": {"uv": [7, 6, 6.5, 5], "texture": "#0"},
				"down": {"uv": [6.5, 6.5, 6, 7.5], "texture": "#0"}
			}
		},
		{
			"from": [0, 4, -2],
			"to": [2, 6, 0],
			"faces": {
				"north": {"uv": [8, 5.5, 8.5, 6], "texture": "#0"},
				"east": {"uv": [6, 8, 6.5, 8.5], "texture": "#0"},
				"south": {"uv": [8, 6, 8.5, 6.5], "texture": "#0"},
				"west": {"uv": [6.5, 8, 7, 8.5], "texture": "#0"},
				"up": {"uv": [7.5, 8.5, 7, 8], "texture": "#0"},
				"down": {"uv": [8, 8, 7.5, 8.5], "texture": "#0"}
			}
		},
		{
			"from": [-2, 4, 14],
			"to": [0, 6, 18],
			"faces": {
				"north": {"uv": [8, 8, 8.5, 8.5], "texture": "#0"},
				"east": {"uv": [6.5, 3.5, 7.5, 4], "texture": "#0"},
				"south": {"uv": [0, 8.5, 0.5, 9], "texture": "#0"},
				"west": {"uv": [6.5, 6.5, 7.5, 7], "texture": "#0"},
				"up": {"uv": [0.5, 8, 0, 7], "texture": "#0"},
				"down": {"uv": [1, 7, 0.5, 8], "texture": "#0"}
			}
		},
		{
			"from": [-2, 4, 6],
			"to": [0, 6, 10],
			"faces": {
				"north": {"uv": [0.5, 8.5, 1, 9], "texture": "#0"},
				"east": {"uv": [1, 7, 2, 7.5], "texture": "#0"},
				"south": {"uv": [1, 8.5, 1.5, 9], "texture": "#0"},
				"west": {"uv": [2, 7, 3, 7.5], "texture": "#0"},
				"up": {"uv": [3.5, 8, 3, 7], "texture": "#0"},
				"down": {"uv": [4, 7, 3.5, 8], "texture": "#0"}
			}
		},
		{
			"from": [0, 4, 16],
			"to": [2, 6, 18],
			"faces": {
				"north": {"uv": [1.5, 8.5, 2, 9], "texture": "#0"},
				"east": {"uv": [2, 8.5, 2.5, 9], "texture": "#0"},
				"south": {"uv": [2.5, 8.5, 3, 9], "texture": "#0"},
				"west": {"uv": [3, 8.5, 3.5, 9], "texture": "#0"},
				"up": {"uv": [9, 3.5, 8.5, 3], "texture": "#0"},
				"down": {"uv": [4, 8.5, 3.5, 9], "texture": "#0"}
			}
		},
		{
			"from": [16, 4, -2],
			"to": [18, 6, 2],
			"rotation": {"angle": 0, "axis": "y", "origin": [0, 3, 8]},
			"faces": {
				"north": {"uv": [8.5, 3.5, 9, 4], "texture": "#0"},
				"east": {"uv": [7, 5, 8, 5.5], "texture": "#0"},
				"south": {"uv": [8.5, 4, 9, 4.5], "texture": "#0"},
				"west": {"uv": [7, 5.5, 8, 6], "texture": "#0"},
				"up": {"uv": [7, 8, 6.5, 7], "texture": "#0"},
				"down": {"uv": [7.5, 7, 7, 8], "texture": "#0"}
			}
		},
		{
			"from": [14, 4, -2],
			"to": [16, 6, 0],
			"rotation": {"angle": 0, "axis": "y", "origin": [0, 3, 8]},
			"faces": {
				"north": {"uv": [8.5, 4.5, 9, 5], "texture": "#0"},
				"east": {"uv": [8.5, 5, 9, 5.5], "texture": "#0"},
				"south": {"uv": [8.5, 5.5, 9, 6], "texture": "#0"},
				"west": {"uv": [6, 8.5, 6.5, 9], "texture": "#0"},
				"up": {"uv": [9, 6.5, 8.5, 6], "texture": "#0"},
				"down": {"uv": [7, 8.5, 6.5, 9], "texture": "#0"}
			}
		},
		{
			"from": [16, 4, 6],
			"to": [18, 6, 10],
			"rotation": {"angle": 0, "axis": "y", "origin": [0, 3, 8]},
			"faces": {
				"north": {"uv": [6, 7.5, 6.5, 8], "texture": "#0"},
				"east": {"uv": [5, 3, 6, 3.5], "texture": "#0"},
				"south": {"uv": [8, 4, 8.5, 4.5], "texture": "#0"},
				"west": {"uv": [5, 3.5, 6, 4], "texture": "#0"},
				"up": {"uv": [0.5, 7, 0, 6], "texture": "#0"},
				"down": {"uv": [1, 6, 0.5, 7], "texture": "#0"}
			}
		},
		{
			"from": [16, 4, 14],
			"to": [18, 6, 18],
			"rotation": {"angle": 0, "axis": "y", "origin": [0, 3, 8]},
			"faces": {
				"north": {"uv": [8.5, 6.5, 9, 7], "texture": "#0"},
				"east": {"uv": [7, 6, 8, 6.5], "texture": "#0"},
				"south": {"uv": [7, 8.5, 7.5, 9], "texture": "#0"},
				"west": {"uv": [1, 7.5, 2, 8], "texture": "#0"},
				"up": {"uv": [2.5, 8.5, 2, 7.5], "texture": "#0"},
				"down": {"uv": [3, 7.5, 2.5, 8.5], "texture": "#0"}
			}
		},
		{
			"from": [14, 4, 16],
			"to": [16, 6, 18],
			"rotation": {"angle": 0, "axis": "y", "origin": [0, 3, 8]},
			"faces": {
				"north": {"uv": [8.5, 7, 9, 7.5], "texture": "#0"},
				"east": {"uv": [7.5, 8.5, 8, 9], "texture": "#0"},
				"south": {"uv": [8.5, 7.5, 9, 8], "texture": "#0"},
				"west": {"uv": [8, 8.5, 8.5, 9], "texture": "#0"},
				"up": {"uv": [9, 8.5, 8.5, 8], "texture": "#0"},
				"down": {"uv": [9, 8.5, 8.5, 9], "texture": "#0"}
			}
		},
		{
			"from": [6, 4, -2],
			"to": [10, 6, 0],
			"rotation": {"angle": 0, "axis": "y", "origin": [8, 3, 8]},
			"faces": {
				"north": {"uv": [7.5, 3, 8.5, 3.5], "texture": "#0"},
				"east": {"uv": [0, 9, 0.5, 9.5], "texture": "#0"},
				"south": {"uv": [7.5, 3.5, 8.5, 4], "texture": "#0"},
				"west": {"uv": [9, 0, 9.5, 0.5], "texture": "#0"},
				"up": {"uv": [8.5, 7, 7.5, 6.5], "texture": "#0"},
				"down": {"uv": [8.5, 7, 7.5, 7.5], "texture": "#0"}
			}
		},
		{
			"from": [6, 4, 16],
			"to": [10, 6, 18],
			"rotation": {"angle": 0, "axis": "y", "origin": [8, 3, 8]},
			"faces": {
				"north": {"uv": [7.5, 7.5, 8.5, 8], "texture": "#0"},
				"east": {"uv": [0.5, 9, 1, 9.5], "texture": "#0"},
				"south": {"uv": [0, 8, 1, 8.5], "texture": "#0"},
				"west": {"uv": [9, 0.5, 9.5, 1], "texture": "#0"},
				"up": {"uv": [2, 8.5, 1, 8], "texture": "#0"},
				"down": {"uv": [4, 8, 3, 8.5], "texture": "#0"}
			}
		}
	],
	"display": {
		"thirdperson_righthand": {
			"rotation": [-21, 0, 0],
			"translation": [0, -1, -3.25],
			"scale": [0.4, 0.4, 0.4]
		},
		"thirdperson_lefthand": {
			"rotation": [-21, 0, 0],
			"translation": [0, -1, -3.25],
			"scale": [0.4, 0.4, 0.4]
		},
		"firstperson_righthand": {
			"translation": [3.5, 2.75, -3.25],
			"scale": [0.4, 0.4, 0.4]
		},
		"firstperson_lefthand": {
			"translation": [3.5, 2.75, -3.25],
			"scale": [0.4, 0.4, 0.4]
		},
		"ground": {
			"scale": [0.4, 0.4, 0.4]
		},
		"gui": {
			"rotation": [16, -16, 0],
			"translation": [0.25, 2.5, 0],
			"scale": [0.5, 0.5, 0.5]
		},
		"head": {
			"translation": [0, 10.25, 0],
			"scale": [0.75, 0.75, 0.75]
		},
		"fixed": {
			"rotation": [-90, 0, 0],
			"translation": [0, 0, -8.75],
			"scale": [0.75, 0.75, 0.75]
		}
	}
}