{
	"credit": "Made with Blockbench",
	"texture_size": [128, 128],
	"textures": {
		"4": "cepice:item/lepsi-helma-creeper"
	},
	"elements": [
		{
			"from": [0.85, 19, -0.156],
			"to": [15.165, 21.8, 15.244],
			"faces": {
				"north": {"uv": [7, 3.375, 8.8125, 3.75], "texture": "#4"},
				"east": {"uv": [0, 7, 1.9375, 7.375], "texture": "#4"},
				"south": {"uv": [7.125, 0.75, 8.9375, 1.125], "texture": "#4"},
				"west": {"uv": [7, 2.25, 8.9375, 2.625], "texture": "#4"},
				"up": {"uv": [4.5625, 5.6875, 2.75, 3.75], "texture": "#4"},
				"down": {"uv": [6.4375, 3.75, 4.625, 5.6875], "texture": "#4"}
			}
		},
		{
			"from": [1.075, 11, 19],
			"to": [14.925, 13, 22.925],
			"rotation": {"angle": 0, "axis": "y", "origin": [0, 0, -2]},
			"faces": {
				"north": {"uv": [0, 6.75, 1.75, 7], "texture": "#4"},
				"east": {"uv": [9.375, 7, 9.875, 7.25], "texture": "#4"},
				"south": {"uv": [7.75, 0.5, 9.5, 0.75], "texture": "#4"},
				"west": {"uv": [7.125, 9.375, 7.625, 9.625], "texture": "#4"},
				"up": {"uv": [1.75, 6.75, 0, 6.25], "texture": "#4"},
				"down": {"uv": [3.5, 6.5, 1.75, 7], "texture": "#4"}
			}
		},
		{
			"from": [14.20687, 11, 18.93117],
			"to": [17.20687, 13, 22.93117],
			"rotation": {"angle": 22.5, "axis": "y", "origin": [14.53187, 12, 21.10617]},
			"faces": {
				"north": {"uv": [4.125, 7.75, 4.5, 8], "texture": "#4"},
				"east": {"uv": [7.625, 9.375, 8.125, 9.625], "texture": "#4"},
				"south": {"uv": [9.625, 2.25, 10, 2.5], "texture": "#4"},
				"west": {"uv": [8.125, 9.375, 8.625, 9.625], "texture": "#4"},
				"up": {"uv": [2.125, 9.625, 1.75, 9.125], "texture": "#4"},
				"down": {"uv": [3.5, 9.125, 3.125, 9.625], "texture": "#4"}
			}
		},
		{
			"from": [14.9695, 11, 18.575],
			"to": [17.9695, 13, 21.575],
			"rotation": {"angle": -22.5, "axis": "y", "origin": [17.35, 12, 21]},
			"faces": {
				"north": {"uv": [3.125, 9.625, 3.5, 9.875], "texture": "#4"},
				"east": {"uv": [9.625, 4.875, 10, 5.125], "texture": "#4"},
				"south": {"uv": [5, 9.625, 5.375, 9.875], "texture": "#4"},
				"west": {"uv": [9.625, 5.125, 10, 5.375], "texture": "#4"},
				"up": {"uv": [3.5, 7.375, 3.125, 7], "texture": "#4"},
				"down": {"uv": [9.75, 5.375, 9.375, 5.75], "texture": "#4"}
			}
		},
		{
			"from": [-1.8305, 11, 18.15],
			"to": [1.1695, 13, 21.15],
			"rotation": {"angle": 22.5, "axis": "y", "origin": [-0.2055, 12, 21.075]},
			"faces": {
				"north": {"uv": [5.375, 9.625, 5.75, 9.875], "texture": "#4"},
				"east": {"uv": [5.75, 9.625, 6.125, 9.875], "texture": "#4"},
				"south": {"uv": [6.125, 9.625, 6.5, 9.875], "texture": "#4"},
				"west": {"uv": [6.5, 9.625, 6.875, 9.875], "texture": "#4"},
				"up": {"uv": [9.75, 6.125, 9.375, 5.75], "texture": "#4"},
				"down": {"uv": [9.75, 6.125, 9.375, 6.5], "texture": "#4"}
			}
		},
		{
			"from": [-1.06813, 11, 19.13117],
			"to": [1.93187, 13, 23.13117],
			"rotation": {"angle": -22.5, "axis": "y", "origin": [2.03187, 12, 20.93117]},
			"faces": {
				"north": {"uv": [6.875, 9.625, 7.25, 9.875], "texture": "#4"},
				"east": {"uv": [9.375, 8.625, 9.875, 8.875], "texture": "#4"},
				"south": {"uv": [7.25, 9.625, 7.625, 9.875], "texture": "#4"},
				"west": {"uv": [9.375, 8.875, 9.875, 9.125], "texture": "#4"},
				"up": {"uv": [9.625, 5.375, 9.25, 4.875], "texture": "#4"},
				"down": {"uv": [9.375, 9.25, 9, 9.75], "texture": "#4"}
			}
		},
		{
			"from": [1, 11, -3],
			"to": [15, 13, 0],
			"rotation": {"angle": 0, "axis": "y", "origin": [0, 0, 4]},
			"faces": {
				"north": {"uv": [2.375, 7.75, 4.125, 8], "texture": "#4"},
				"east": {"uv": [7.625, 9.625, 8, 9.875], "texture": "#4"},
				"south": {"uv": [0, 8, 1.75, 8.25], "texture": "#4"},
				"west": {"uv": [9.625, 7.625, 10, 7.875], "texture": "#4"},
				"up": {"uv": [8.875, 2, 7.125, 1.625], "texture": "#4"},
				"down": {"uv": [8.25, 7.25, 6.5, 7.625], "texture": "#4"}
			}
		},
		{
			"from": [-2.6, 11, -1.5],
			"to": [1.6, 13, 1.5],
			"rotation": {"angle": 45, "axis": "y", "origin": [-0.5, 12, -1.5]},
			"faces": {
				"north": {"uv": [9.375, 9.125, 9.875, 9.375], "texture": "#4"},
				"east": {"uv": [8, 9.625, 8.375, 9.875], "texture": "#4"},
				"south": {"uv": [9.375, 9.375, 9.875, 9.625], "texture": "#4"},
				"west": {"uv": [9.375, 9.625, 9.75, 9.875], "texture": "#4"},
				"up": {"uv": [9.625, 8, 9.125, 7.625], "texture": "#4"},
				"down": {"uv": [9.75, 8.25, 9.25, 8.625], "texture": "#4"}
			}
		},
		{
			"from": [13.7, 11, -3.625],
			"to": [16.5, 13, 0.65],
			"rotation": {"angle": 45, "axis": "y", "origin": [16.5, 12, -1.5]},
			"faces": {
				"north": {"uv": [0.125, 9.75, 0.5, 10], "texture": "#4"},
				"east": {"uv": [1.75, 5.5, 2.3125, 5.75], "texture": "#4"},
				"south": {"uv": [0.5, 9.75, 0.875, 10], "texture": "#4"},
				"west": {"uv": [6.5, 9.375, 7.0625, 9.625], "texture": "#4"},
				"up": {"uv": [5.375, 9.5625, 5, 9], "texture": "#4"},
				"down": {"uv": [5.75, 9, 5.375, 9.5625], "texture": "#4"}
			}
		},
		{
			"from": [-2.83, 11, 0],
			"to": [18.845, 13, 19],
			"rotation": {"angle": 0, "axis": "y", "origin": [8.825, 12, 9.5]},
			"faces": {
				"north": {"uv": [7.125, 1.125, 9.8125, 1.375], "texture": "#4"},
				"east": {"uv": [7.125, 2, 9.5, 2.25], "texture": "#4"},
				"south": {"uv": [7.125, 1.375, 9.8125, 1.625], "texture": "#4"},
				"west": {"uv": [0, 7.75, 2.375, 8], "texture": "#4"},
				"up": {"uv": [2.6875, 2.375, 0, 0], "texture": "#4"},
				"down": {"uv": [2.6875, 2.375, 0, 4.75], "texture": "#4"}
			}
		},
		{
			"from": [-2, 13, 0],
			"to": [18, 19, 15],
			"faces": {
				"north": {"uv": [0, 4.75, 2.5, 5.5], "texture": "#4"},
				"east": {"uv": [5.25, 0.75, 7.125, 1.5], "texture": "#4"},
				"south": {"uv": [5.25, 0, 7.75, 0.75], "texture": "#4"},
				"west": {"uv": [5.25, 1.5, 7.125, 2.25], "texture": "#4"},
				"up": {"uv": [5.25, 1.875, 2.75, 0], "texture": "#4"},
				"down": {"uv": [5.25, 1.875, 2.75, 3.75], "texture": "#4"}
			}
		},
		{
			"from": [11.60331, 13, 19.44386],
			"to": [15.80331, 19, 22.44386],
			"rotation": {"angle": 45, "axis": "y", "origin": [8.03977, 17, 16.03033]},
			"faces": {
				"north": {"uv": [8.25, 4.125, 8.75, 4.875], "texture": "#4"},
				"east": {"uv": [8.5, 5.625, 8.875, 6.375], "texture": "#4"},
				"south": {"uv": [4.625, 8.25, 5.125, 9], "texture": "#4"},
				"west": {"uv": [8.5, 6.375, 8.875, 7.125], "texture": "#4"},
				"up": {"uv": [9.875, 3, 9.375, 2.625], "texture": "#4"},
				"down": {"uv": [9.875, 3, 9.375, 3.375], "texture": "#4"}
			}
		},
		{
			"from": [1.07955, 13, 15.06066],
			"to": [15.07955, 19, 18.06066],
			"rotation": {"angle": 0, "axis": "y", "origin": [8.07955, 16, 16.56066]},
			"faces": {
				"north": {"uv": [5.25, 2.25, 7, 3], "texture": "#4"},
				"east": {"uv": [3.5, 8.625, 3.875, 9.375], "texture": "#4"},
				"south": {"uv": [5.25, 3, 7, 3.75], "texture": "#4"},
				"west": {"uv": [3.875, 8.625, 4.25, 9.375], "texture": "#4"},
				"up": {"uv": [1.75, 7.75, 0, 7.375], "texture": "#4"},
				"down": {"uv": [3.5, 7.375, 1.75, 7.75], "texture": "#4"}
			}
		},
		{
			"from": [1.68249, 13, 8.27305],
			"to": [4.48249, 19, 12.54805],
			"rotation": {"angle": 45, "axis": "y", "origin": [8.03977, 17, 16.03033]},
			"faces": {
				"north": {"uv": [4.25, 8.625, 4.625, 9.375], "texture": "#4"},
				"east": {"uv": [0, 8.25, 0.5625, 9], "texture": "#4"},
				"south": {"uv": [6.625, 8.625, 7, 9.375], "texture": "#4"},
				"west": {"uv": [0.625, 8.25, 1.1875, 9], "texture": "#4"},
				"up": {"uv": [6.125, 9.5625, 5.75, 9], "texture": "#4"},
				"down": {"uv": [6.5, 9, 6.125, 9.5625], "texture": "#4"}
			}
		},
		{
			"from": [-2.6, 13, -1.5],
			"to": [1.6, 19, 1.5],
			"rotation": {"angle": 45, "axis": "y", "origin": [-0.5, 14, -1.5]},
			"faces": {
				"north": {"uv": [8.25, 4.875, 8.75, 5.625], "texture": "#4"},
				"east": {"uv": [7, 8.625, 7.375, 9.375], "texture": "#4"},
				"south": {"uv": [5.125, 8.25, 5.625, 9], "texture": "#4"},
				"west": {"uv": [7.375, 8.625, 7.75, 9.375], "texture": "#4"},
				"up": {"uv": [9.875, 3.75, 9.375, 3.375], "texture": "#4"},
				"down": {"uv": [4, 9.375, 3.5, 9.75], "texture": "#4"}
			}
		},
		{
			"from": [1, 13, -3],
			"to": [15, 19, 0],
			"rotation": {"angle": 0, "axis": "y", "origin": [0, 2, 4]},
			"faces": {
				"north": {"uv": [0, 5.5, 1.75, 6.25], "texture": "#4"},
				"east": {"uv": [7.75, 8.625, 8.125, 9.375], "texture": "#4"},
				"south": {"uv": [1.75, 5.75, 3.5, 6.5], "texture": "#4"},
				"west": {"uv": [8.125, 8.625, 8.5, 9.375], "texture": "#4"},
				"up": {"uv": [6.25, 8, 4.5, 7.625], "texture": "#4"},
				"down": {"uv": [8, 7.625, 6.25, 8], "texture": "#4"}
			}
		},
		{
			"from": [13.7, 13, -3.625],
			"to": [16.5, 19, 0.65],
			"rotation": {"angle": 45, "axis": "y", "origin": [16.5, 14, -1.5]},
			"faces": {
				"north": {"uv": [8.5, 8.625, 8.875, 9.375], "texture": "#4"},
				"east": {"uv": [1.25, 8.25, 1.8125, 9], "texture": "#4"},
				"south": {"uv": [8.75, 4.125, 9.125, 4.875], "texture": "#4"},
				"west": {"uv": [1.875, 8.25, 2.4375, 9], "texture": "#4"},
				"up": {"uv": [9.375, 9.1875, 9, 8.625], "texture": "#4"},
				"down": {"uv": [0.5, 9.125, 0.125, 9.6875], "texture": "#4"}
			}
		},
		{
			"from": [1, 18.50912, -3.23744],
			"to": [15, 20.50912, 0.79256],
			"rotation": {"angle": -45, "axis": "x", "origin": [8, 20.00912, -1.23744]},
			"faces": {
				"north": {"uv": [1.75, 8, 3.5, 8.25], "texture": "#4"},
				"east": {"uv": [1, 9.5, 1.5, 9.75], "texture": "#4"},
				"south": {"uv": [3.5, 8, 5.25, 8.25], "texture": "#4"},
				"west": {"uv": [9.5, 2, 10, 2.25], "texture": "#4"},
				"up": {"uv": [8.25, 4.25, 6.5, 3.75], "texture": "#4"},
				"down": {"uv": [8.25, 4.25, 6.5, 4.75], "texture": "#4"}
			}
		},
		{
			"from": [1, 18.55304, 14.31125],
			"to": [15, 20.54304, 18.28625],
			"rotation": {"angle": 45, "axis": "x", "origin": [8, 20.05304, 16.28625]},
			"faces": {
				"north": {"uv": [5.25, 8, 7, 8.25], "texture": "#4"},
				"east": {"uv": [2.5, 9.5, 3, 9.75], "texture": "#4"},
				"south": {"uv": [7, 8, 8.75, 8.25], "texture": "#4"},
				"west": {"uv": [9.625, 0, 10.125, 0.25], "texture": "#4"},
				"up": {"uv": [8.25, 5.25, 6.5, 4.75], "texture": "#4"},
				"down": {"uv": [8.25, 5.25, 6.5, 5.75], "texture": "#4"}
			}
		},
		{
			"from": [16.19609, 17.83947, 0.03276],
			"to": [20.17109, 20.83947, 15.03276],
			"rotation": {"angle": -45, "axis": "z", "origin": [16.84609, 22.56447, 7.53276]},
			"faces": {
				"north": {"uv": [9.375, 3.75, 9.875, 4.125], "texture": "#4"},
				"east": {"uv": [7, 2.625, 8.875, 3], "texture": "#4"},
				"south": {"uv": [4, 9.375, 4.5, 9.75], "texture": "#4"},
				"west": {"uv": [7, 3, 8.875, 3.375], "texture": "#4"},
				"up": {"uv": [6, 7.625, 5.5, 5.75], "texture": "#4"},
				"down": {"uv": [6.5, 5.75, 6, 7.625], "texture": "#4"}
			}
		},
		{
			"from": [-1.77582, 18.65303, 0.03276],
			"to": [2.22418, 20.65303, 15.03276],
			"rotation": {"angle": 45, "axis": "z", "origin": [0.14918, 19.55303, 7.53276]},
			"faces": {
				"north": {"uv": [0.5, 9.5, 1, 9.75], "texture": "#4"},
				"east": {"uv": [7.75, 0, 9.625, 0.25], "texture": "#4"},
				"south": {"uv": [9.5, 0.5, 10, 0.75], "texture": "#4"},
				"west": {"uv": [7.75, 0.25, 9.625, 0.5], "texture": "#4"},
				"up": {"uv": [5, 7.625, 4.5, 5.75], "texture": "#4"},
				"down": {"uv": [5.5, 5.75, 5, 7.625], "texture": "#4"}
			}
		},
		{
			"from": [6.00455, 13, 17.86066],
			"to": [10.00455, 19.6, 18.86066],
			"rotation": {"angle": 0, "axis": "y", "origin": [8.07955, 16.25, 18.36066]},
			"faces": {
				"north": {"uv": [2.5, 8.25, 3, 9.0625], "texture": "#4"},
				"east": {"uv": [2.5, 4.75, 2.625, 5.5625], "texture": "#4"},
				"south": {"uv": [3, 8.25, 3.5, 9.0625], "texture": "#4"},
				"west": {"uv": [2.625, 4.75, 2.75, 5.5625], "texture": "#4"},
				"up": {"uv": [10.25, 6.375, 9.75, 6.25], "texture": "#4"},
				"down": {"uv": [10.25, 6.375, 9.75, 6.5], "texture": "#4"}
			}
		},
		{
			"from": [6, 20.1806, 14.6104],
			"to": [10, 21.1806, 19.1104],
			"rotation": {"angle": 45, "axis": "x", "origin": [8, 20.6806, 17.0729]},
			"faces": {
				"north": {"uv": [9.75, 7.25, 10.25, 7.375], "texture": "#4"},
				"east": {"uv": [9.625, 1, 10.1875, 1.125], "texture": "#4"},
				"south": {"uv": [9.75, 7.375, 10.25, 7.5], "texture": "#4"},
				"west": {"uv": [9.625, 2.5, 10.1875, 2.625], "texture": "#4"},
				"up": {"uv": [9.25, 5.4375, 8.75, 4.875], "texture": "#4"},
				"down": {"uv": [9.375, 2.625, 8.875, 3.1875], "texture": "#4"}
			}
		},
		{
			"from": [6, 21.775, -0.506],
			"to": [10, 22.775, 15.694],
			"rotation": {"angle": 0, "axis": "y", "origin": [7.85, 22.4, 7.544]},
			"faces": {
				"north": {"uv": [9.75, 7.5, 10.25, 7.625], "texture": "#4"},
				"east": {"uv": [8.75, 8, 10.75, 8.125], "texture": "#4"},
				"south": {"uv": [9.75, 8.25, 10.25, 8.375], "texture": "#4"},
				"west": {"uv": [8.75, 8.125, 10.75, 8.25], "texture": "#4"},
				"up": {"uv": [4, 7.75, 3.5, 5.75], "texture": "#4"},
				"down": {"uv": [4.5, 5.75, 4, 7.75], "texture": "#4"}
			}
		},
		{
			"from": [6, 20.0806, -4.1104],
			"to": [10, 21.0556, 0.5146],
			"rotation": {"angle": -45, "axis": "x", "origin": [8, 20.6806, -2.0729]},
			"faces": {
				"north": {"uv": [9.75, 8.375, 10.25, 8.5], "texture": "#4"},
				"east": {"uv": [9.625, 7.875, 10.1875, 8], "texture": "#4"},
				"south": {"uv": [9.75, 8.5, 10.25, 8.625], "texture": "#4"},
				"west": {"uv": [3.5, 9.75, 4.0625, 9.875], "texture": "#4"},
				"up": {"uv": [9.375, 6.0625, 8.875, 5.5], "texture": "#4"},
				"down": {"uv": [9.375, 6.125, 8.875, 6.6875], "texture": "#4"}
			}
		},
		{
			"from": [5.99545, 13.8, -3.76066],
			"to": [9.99545, 19.525, -2.78566],
			"rotation": {"angle": 0, "axis": "y", "origin": [7.92045, 16.25, -3.36066]},
			"faces": {
				"north": {"uv": [5.625, 8.25, 6.125, 8.9375], "texture": "#4"},
				"east": {"uv": [2, 9.625, 2.125, 10.3125], "texture": "#4"},
				"south": {"uv": [6.125, 8.25, 6.625, 8.9375], "texture": "#4"},
				"west": {"uv": [8.375, 9.625, 8.5, 10.3125], "texture": "#4"},
				"up": {"uv": [10.375, 1.25, 9.875, 1.125], "texture": "#4"},
				"down": {"uv": [10.375, 1.25, 9.875, 1.375], "texture": "#4"}
			}
		},
		{
			"from": [12.00455, 13, 17.86066],
			"to": [13.00455, 19.6, 18.86066],
			"rotation": {"angle": 0, "axis": "y", "origin": [11.07955, 16.25, 18.36066]},
			"faces": {
				"north": {"uv": [4.5, 9.375, 4.625, 10.1875], "texture": "#4"},
				"east": {"uv": [8.625, 9.375, 8.75, 10.1875], "texture": "#4"},
				"south": {"uv": [8.75, 9.375, 8.875, 10.1875], "texture": "#4"},
				"west": {"uv": [1.5, 9.5, 1.625, 10.3125], "texture": "#4"},
				"up": {"uv": [2.5, 5.625, 2.375, 5.5], "texture": "#4"},
				"down": {"uv": [2.5, 5.625, 2.375, 5.75], "texture": "#4"}
			}
		},
		{
			"from": [12, 20.1806, 14.6104],
			"to": [13, 21.1806, 19.1104],
			"rotation": {"angle": 45, "axis": "x", "origin": [11, 20.6806, 17.0729]},
			"faces": {
				"north": {"uv": [2.5, 5.625, 2.625, 5.75], "texture": "#4"},
				"east": {"uv": [9.75, 4.125, 10.3125, 4.25], "texture": "#4"},
				"south": {"uv": [2.625, 5.625, 2.75, 5.75], "texture": "#4"},
				"west": {"uv": [9.75, 4.25, 10.3125, 4.375], "texture": "#4"},
				"up": {"uv": [2.875, 10.3125, 2.75, 9.75], "texture": "#4"},
				"down": {"uv": [3, 9.75, 2.875, 10.3125], "texture": "#4"}
			}
		},
		{
			"from": [12, 21.775, -0.506],
			"to": [13, 22.775, 15.694],
			"rotation": {"angle": 0, "axis": "y", "origin": [10.85, 22.4, 7.544]},
			"faces": {
				"north": {"uv": [8.25, 5.625, 8.375, 5.75], "texture": "#4"},
				"east": {"uv": [8.875, 1.625, 10.875, 1.75], "texture": "#4"},
				"south": {"uv": [8.375, 5.625, 8.5, 5.75], "texture": "#4"},
				"west": {"uv": [8.875, 1.75, 10.875, 1.875], "texture": "#4"},
				"up": {"uv": [9, 10.625, 8.875, 8.625], "texture": "#4"},
				"down": {"uv": [0.125, 9, 0, 11], "texture": "#4"}
			}
		},
		{
			"from": [12, 20.0806, -4.1104],
			"to": [13, 21.0556, 0.5146],
			"rotation": {"angle": -45, "axis": "x", "origin": [11, 20.6806, -2.0729]},
			"faces": {
				"north": {"uv": [8.5, 7.125, 8.625, 7.25], "texture": "#4"},
				"east": {"uv": [9.75, 4.375, 10.3125, 4.5], "texture": "#4"},
				"south": {"uv": [8.625, 7.125, 8.75, 7.25], "texture": "#4"},
				"west": {"uv": [9.75, 4.5, 10.3125, 4.625], "texture": "#4"},
				"up": {"uv": [4.25, 10.3125, 4.125, 9.75], "texture": "#4"},
				"down": {"uv": [4.375, 9.75, 4.25, 10.3125], "texture": "#4"}
			}
		},
		{
			"from": [11.99545, 13.8, -3.76066],
			"to": [12.99545, 19.525, -2.78566],
			"rotation": {"angle": 0, "axis": "y", "origin": [10.92045, 16.25, -3.36066]},
			"faces": {
				"north": {"uv": [8.5, 9.625, 8.625, 10.3125], "texture": "#4"},
				"east": {"uv": [0.875, 9.75, 1, 10.4375], "texture": "#4"},
				"south": {"uv": [1, 9.75, 1.125, 10.4375], "texture": "#4"},
				"west": {"uv": [1.125, 9.75, 1.25, 10.4375], "texture": "#4"},
				"up": {"uv": [8.875, 5.625, 8.75, 5.5], "texture": "#4"},
				"down": {"uv": [8.875, 7.125, 8.75, 7.25], "texture": "#4"}
			}
		},
		{
			"from": [3.00455, 13, 17.86066],
			"to": [4.00455, 19.6, 18.86066],
			"rotation": {"angle": 0, "axis": "y", "origin": [2.07955, 16.25, 18.36066]},
			"faces": {
				"north": {"uv": [1.625, 9.5, 1.75, 10.3125], "texture": "#4"},
				"east": {"uv": [3, 9.5, 3.125, 10.3125], "texture": "#4"},
				"south": {"uv": [1.75, 9.625, 1.875, 10.4375], "texture": "#4"},
				"west": {"uv": [1.875, 9.625, 2, 10.4375], "texture": "#4"},
				"up": {"uv": [9.375, 5.5, 9.25, 5.375], "texture": "#4"},
				"down": {"uv": [10, 3.875, 9.875, 4], "texture": "#4"}
			}
		},
		{
			"from": [3, 20.1806, 14.6104],
			"to": [4, 21.1806, 19.1104],
			"rotation": {"angle": 45, "axis": "x", "origin": [2, 20.6806, 17.0729]},
			"faces": {
				"north": {"uv": [9.875, 4, 10, 4.125], "texture": "#4"},
				"east": {"uv": [9.75, 4.625, 10.3125, 4.75], "texture": "#4"},
				"south": {"uv": [9.875, 5.75, 10, 5.875], "texture": "#4"},
				"west": {"uv": [9.75, 4.75, 10.3125, 4.875], "texture": "#4"},
				"up": {"uv": [4.5, 10.3125, 4.375, 9.75], "texture": "#4"},
				"down": {"uv": [9.875, 5.375, 9.75, 5.9375], "texture": "#4"}
			}
		},
		{
			"from": [3, 21.775, -0.506],
			"to": [4, 22.775, 15.694],
			"rotation": {"angle": 0, "axis": "y", "origin": [1.85, 22.4, 7.544]},
			"faces": {
				"north": {"uv": [9.875, 5.875, 10, 6], "texture": "#4"},
				"east": {"uv": [8.875, 1.875, 10.875, 2], "texture": "#4"},
				"south": {"uv": [7, 9.875, 7.125, 10], "texture": "#4"},
				"west": {"uv": [0.125, 9, 2.125, 9.125], "texture": "#4"},
				"up": {"uv": [2.25, 11, 2.125, 9], "texture": "#4"},
				"down": {"uv": [2.375, 9, 2.25, 11], "texture": "#4"}
			}
		},
		{
			"from": [3, 20.0806, -4.1104],
			"to": [4, 21.0556, 0.5146],
			"rotation": {"angle": -45, "axis": "x", "origin": [2, 20.6806, -2.0729]},
			"faces": {
				"north": {"uv": [9.875, 7, 10, 7.125], "texture": "#4"},
				"east": {"uv": [9.75, 6, 10.3125, 6.125], "texture": "#4"},
				"south": {"uv": [7.125, 9.875, 7.25, 10], "texture": "#4"},
				"west": {"uv": [9.75, 6.125, 10.3125, 6.25], "texture": "#4"},
				"up": {"uv": [9.125, 10.3125, 9, 9.75], "texture": "#4"},
				"down": {"uv": [9.25, 9.75, 9.125, 10.3125], "texture": "#4"}
			}
		},
		{
			"from": [2.99545, 13.8, -3.76066],
			"to": [3.99545, 19.525, -2.78566],
			"rotation": {"angle": 0, "axis": "y", "origin": [1.92045, 16.25, -3.36066]},
			"faces": {
				"north": {"uv": [1.25, 9.75, 1.375, 10.4375], "texture": "#4"},
				"east": {"uv": [1.375, 9.75, 1.5, 10.4375], "texture": "#4"},
				"south": {"uv": [2.5, 9.75, 2.625, 10.4375], "texture": "#4"},
				"west": {"uv": [2.625, 9.75, 2.75, 10.4375], "texture": "#4"},
				"up": {"uv": [10, 7.25, 9.875, 7.125], "texture": "#4"},
				"down": {"uv": [7.375, 9.875, 7.25, 10], "texture": "#4"}
			}
		},
		{
			"from": [0.32955, 11.075, 17.73566],
			"to": [6.92955, 13.975, 18.73566],
			"rotation": {"angle": 0, "axis": "y", "origin": [3.67955, 12.05, 18.23566]},
			"faces": {
				"north": {"uv": [6.625, 8.25, 7.4375, 8.625], "texture": "#4"},
				"east": {"uv": [6.5, 9, 6.625, 9.375], "texture": "#4"},
				"south": {"uv": [8.25, 7.25, 9.0625, 7.625], "texture": "#4"},
				"west": {"uv": [3.625, 9.875, 3.75, 10.25], "texture": "#4"},
				"up": {"uv": [10.4375, 0.375, 9.625, 0.25], "texture": "#4"},
				"down": {"uv": [10.4375, 0.375, 9.625, 0.5], "texture": "#4"}
			}
		},
		{
			"from": [-1.25105, 11.07045, 14.4854],
			"to": [-0.25105, 13.97045, 18.9854],
			"rotation": {"angle": 45, "axis": "y", "origin": [-0.75105, 11.97045, 16.9479]},
			"faces": {
				"north": {"uv": [3.75, 9.875, 3.875, 10.25], "texture": "#4"},
				"east": {"uv": [9, 0.75, 9.5625, 1.125], "texture": "#4"},
				"south": {"uv": [3.875, 9.875, 4, 10.25], "texture": "#4"},
				"west": {"uv": [9, 2.25, 9.5625, 2.625], "texture": "#4"},
				"up": {"uv": [9.375, 10.3125, 9.25, 9.75], "texture": "#4"},
				"down": {"uv": [9.875, 9.625, 9.75, 10.1875], "texture": "#4"}
			}
		},
		{
			"from": [-2.84545, 11, -0.631],
			"to": [-1.84545, 13.91, 15.569],
			"rotation": {"angle": 0, "axis": "y", "origin": [-2.47045, 11.82045, 7.419]},
			"faces": {
				"north": {"uv": [4, 9.875, 4.125, 10.25], "texture": "#4"},
				"east": {"uv": [6.5, 5.75, 8.5, 6.125], "texture": "#4"},
				"south": {"uv": [5, 9.875, 5.125, 10.25], "texture": "#4"},
				"west": {"uv": [6.5, 6.125, 8.5, 6.5], "texture": "#4"},
				"up": {"uv": [2.5, 11, 2.375, 9], "texture": "#4"},
				"down": {"uv": [4.75, 9, 4.625, 11], "texture": "#4"}
			}
		},
		{
			"from": [-1.12605, 11, -4.2354],
			"to": [-0.15105, 13.91, 0.3896],
			"rotation": {"angle": -45, "axis": "y", "origin": [-0.75105, 11.97045, -2.1979]},
			"faces": {
				"north": {"uv": [5.125, 9.875, 5.25, 10.25], "texture": "#4"},
				"east": {"uv": [0.5, 9.125, 1.0625, 9.5], "texture": "#4"},
				"south": {"uv": [5.25, 9.875, 5.375, 10.25], "texture": "#4"},
				"west": {"uv": [1.125, 9.125, 1.6875, 9.5], "texture": "#4"},
				"up": {"uv": [10, 3.1875, 9.875, 2.625], "texture": "#4"},
				"down": {"uv": [3.25, 9.875, 3.125, 10.4375], "texture": "#4"}
			}
		},
		{
			"from": [0.40455, 11, -3.88566],
			"to": [8.92955, 13.91, -2.91066],
			"rotation": {"angle": 0, "axis": "y", "origin": [3.67955, 11.8909, -3.48566]},
			"faces": {
				"north": {"uv": [2, 7, 3.0625, 7.375], "texture": "#4"},
				"east": {"uv": [5.375, 9.875, 5.5, 10.25], "texture": "#4"},
				"south": {"uv": [8, 7.625, 9.0625, 8], "texture": "#4"},
				"west": {"uv": [9.875, 5.375, 10, 5.75], "texture": "#4"},
				"up": {"uv": [10.4375, 6.625, 9.375, 6.5], "texture": "#4"},
				"down": {"uv": [10.4375, 6.625, 9.375, 6.75], "texture": "#4"}
			}
		},
		{
			"from": [9.07045, 11.075, 17.73566],
			"to": [15.67045, 13.975, 18.73566],
			"rotation": {"angle": 0, "axis": "y", "origin": [12.32045, 12.05, 18.23566]},
			"faces": {
				"north": {"uv": [7.5, 8.25, 8.3125, 8.625], "texture": "#4"},
				"east": {"uv": [5.5, 9.875, 5.625, 10.25], "texture": "#4"},
				"south": {"uv": [8.375, 8.25, 9.1875, 8.625], "texture": "#4"},
				"west": {"uv": [5.625, 9.875, 5.75, 10.25], "texture": "#4"},
				"up": {"uv": [10.4375, 0.875, 9.625, 0.75], "texture": "#4"},
				"down": {"uv": [10.4375, 0.875, 9.625, 1], "texture": "#4"}
			}
		},
		{
			"from": [16.25105, 11.07045, 14.4854],
			"to": [17.25105, 13.97045, 18.9854],
			"rotation": {"angle": -45, "axis": "y", "origin": [16.75105, 11.97045, 16.9479]},
			"faces": {
				"north": {"uv": [5.75, 9.875, 5.875, 10.25], "texture": "#4"},
				"east": {"uv": [2.5, 9.125, 3.0625, 9.5], "texture": "#4"},
				"south": {"uv": [5.875, 9.875, 6, 10.25], "texture": "#4"},
				"west": {"uv": [9.125, 4.125, 9.6875, 4.5], "texture": "#4"},
				"up": {"uv": [3.375, 10.4375, 3.25, 9.875], "texture": "#4"},
				"down": {"uv": [10, 3.25, 9.875, 3.8125], "texture": "#4"}
			}
		},
		{
			"from": [17.84545, 11, -0.631],
			"to": [18.84545, 13.91, 15.569],
			"rotation": {"angle": 0, "axis": "y", "origin": [18.47045, 11.82045, 7.419]},
			"faces": {
				"north": {"uv": [6, 9.875, 6.125, 10.25], "texture": "#4"},
				"east": {"uv": [6.5, 6.5, 8.5, 6.875], "texture": "#4"},
				"south": {"uv": [6.125, 9.875, 6.25, 10.25], "texture": "#4"},
				"west": {"uv": [6.5, 6.875, 8.5, 7.25], "texture": "#4"},
				"up": {"uv": [4.875, 11, 4.75, 9], "texture": "#4"},
				"down": {"uv": [5, 9, 4.875, 11], "texture": "#4"}
			}
		},
		{
			"from": [16.15105, 11, -4.2354],
			"to": [17.12605, 13.91, 0.3896],
			"rotation": {"angle": 45, "axis": "y", "origin": [16.75105, 11.97045, -2.1979]},
			"faces": {
				"north": {"uv": [6.25, 9.875, 6.375, 10.25], "texture": "#4"},
				"east": {"uv": [9.125, 4.5, 9.6875, 4.875], "texture": "#4"},
				"south": {"uv": [6.375, 9.875, 6.5, 10.25], "texture": "#4"},
				"west": {"uv": [9.125, 7.25, 9.6875, 7.625], "texture": "#4"},
				"up": {"uv": [3.5, 10.4375, 3.375, 9.875], "texture": "#4"},
				"down": {"uv": [3.625, 9.875, 3.5, 10.4375], "texture": "#4"}
			}
		},
		{
			"from": [7.07045, 11, -3.88566],
			"to": [15.59545, 13.91, -2.91066],
			"rotation": {"angle": 0, "axis": "y", "origin": [12.32045, 11.8909, -3.48566]},
			"faces": {
				"north": {"uv": [3.5, 8.25, 4.5625, 8.625], "texture": "#4"},
				"east": {"uv": [6.5, 9.875, 6.625, 10.25], "texture": "#4"},
				"south": {"uv": [8.25, 3.75, 9.3125, 4.125], "texture": "#4"},
				"west": {"uv": [6.625, 9.875, 6.75, 10.25], "texture": "#4"},
				"up": {"uv": [10.4375, 6.875, 9.375, 6.75], "texture": "#4"},
				"down": {"uv": [10.4375, 6.875, 9.375, 7], "texture": "#4"}
			}
		},
		{
			"from": [6.00455, 13.6, 18.86066],
			"to": [10.00455, 17.6, 19.26066],
			"rotation": {"angle": 0, "axis": "y", "origin": [8.07955, 16.25, 18.36066]},
			"faces": {
				"north": {"uv": [8.875, 3.25, 9.375, 3.75], "texture": "#4"},
				"east": {"uv": [6.75, 9.875, 6.8125, 10.375], "texture": "#4"},
				"south": {"uv": [8.875, 6.75, 9.375, 7.25], "texture": "#4"},
				"west": {"uv": [6.875, 9.875, 6.9375, 10.375], "texture": "#4"},
				"up": {"uv": [10.375, 1.4375, 9.875, 1.375], "texture": "#4"},
				"down": {"uv": [10.375, 1.5, 9.875, 1.5625], "texture": "#4"}
			}
		}
	],
	"display": {
		"thirdperson_righthand": {
			"rotation": [44, 180, 0],
			"translation": [0, -0.75, -3.5],
			"scale": [0.3, 0.3, 0.3]
		},
		"thirdperson_lefthand": {
			"rotation": [44, 180, 0],
			"translation": [0, -0.75, -3.5],
			"scale": [0.3, 0.3, 0.3]
		},
		"firstperson_righthand": {
			"rotation": [-17, -56, 0],
			"translation": [1.75, 0, 0],
			"scale": [0.3, 0.3, 0.3]
		},
		"firstperson_lefthand": {
			"rotation": [-17, -56, 0],
			"translation": [1.75, 0, 0],
			"scale": [0.3, 0.3, 0.3]
		},
		"ground": {
			"translation": [0, -5, 0],
			"scale": [0.4, 0.4, 0.4]
		},
		"gui": {
			"rotation": [10, -11, 0],
			"translation": [0.25, -4.5, 0],
			"scale": [0.6, 0.6, 0.6]
		},
		"head": {
			"rotation": [0, 180, 0],
			"translation": [0, -2, 0],
			"scale": [0.85, 0.85, 0.85]
		},
		"fixed": {
			"rotation": [0, 180, 0],
			"translation": [0, -3.25, 0],
			"scale": [0.8, 0.8, 0.8]
		}
	},
	"groups": [
		{
			"name": "group",
			"origin": [0.14918, 19.55303, 7.53276],
			"color": 0,
			"children": [0, 1, 2, 3, 4, 5, 6, 7, 8, 9, 10, 11, 12, 13, 14, 15, 16, 17, 18, 19, 20]
		},
		{
			"name": "group",
			"origin": [7.92045, 16.25, -3.36066],
			"color": 0,
			"children": [21, 22, 23, 24, 25]
		},
		{
			"name": "group",
			"origin": [10.92045, 16.25, -3.36066],
			"color": 0,
			"children": [26, 27, 28, 29, 30]
		},
		{
			"name": "group",
			"origin": [1.92045, 16.25, -3.36066],
			"color": 0,
			"children": [31, 32, 33, 34, 35]
		},
		{
			"name": "group",
			"origin": [3.67955, 11.8909, -3.48566],
			"color": 0,
			"children": [36, 37, 38, 39, 40]
		},
		{
			"name": "group",
			"origin": [12.32045, 11.8909, -3.48566],
			"color": 0,
			"children": [41, 42, 43, 44, 45]
		},
		46
	]
}