{
	"parent":"item/generated",
	"textures":{
		"layer0":"item/carved_pumpkin"
	},

	"overrides":
	[
	
	{ "predicate": { "custom_model_data": 0   },"model":  "block/carved_pumpkin" },
	{ "predicate": { "custom_model_data": 1   },"model":  "ksiltovky:sm-dopredu/ksil_sm_bila" },
	{ "predicate": { "custom_model_data": 2   },"model":  "ksiltovky:sm-dopredu/ksil_sm_svseda" },
	{ "predicate": { "custom_model_data": 3   },"model":  "ksiltovky:sm-dopredu/ksil_sm_seda" },
	{ "predicate": { "custom_model_data": 4   },"model":  "ksiltovky:sm-dopredu/ksil_sm_cerna" },
	{ "predicate": { "custom_model_data": 5   },"model":  "ksiltovky:sm-dopredu/ksil_sm_brown" },
	{ "predicate": { "custom_model_data": 6   },"model":  "ksiltovky:sm-dopredu/ksil_sm_cervena" },
	{ "predicate": { "custom_model_data": 7   },"model":  "ksiltovky:sm-dopredu/ksil_sm_orange" },
	{ "predicate": { "custom_model_data": 8   },"model":  "ksiltovky:sm-dopredu/ksil_sm_zluta" },
	{ "predicate": { "custom_model_data": 9   },"model":  "ksiltovky:sm-dopredu/ksil_sm_lime" },
	{ "predicate": { "custom_model_data": 10  },"model":  "ksiltovky:sm-dopredu/ksil_sm_green" },
	{ "predicate": { "custom_model_data": 11  },"model":  "ksiltovky:sm-dopredu/ksil_sm_cyan" },
	{ "predicate": { "custom_model_data": 12  },"model":  "ksiltovky:sm-dopredu/ksil_sm_svmodra" },
	{ "predicate": { "custom_model_data": 13  },"model":  "ksiltovky:sm-dopredu/ksil_sm_modra" },
	{ "predicate": { "custom_model_data": 14  },"model":  "ksiltovky:sm-dopredu/ksil_sm_purple" },
	{ "predicate": { "custom_model_data": 15  },"model":  "ksiltovky:sm-dopredu/ksil_sm_magenta" },
	{ "predicate": { "custom_model_data": 16  },"model":  "ksiltovky:sm-dopredu/ksil_sm_pink" },
	{ "predicate": { "custom_model_data": 17  },"model":  "ksiltovky:sm-dozadu/ksil_sm_d_bila" },
	{ "predicate": { "custom_model_data": 18  },"model":  "ksiltovky:sm-dozadu/ksil_sm_d_svseda" },
	{ "predicate": { "custom_model_data": 19  },"model":  "ksiltovky:sm-dozadu/ksil_sm_d_seda" },
	{ "predicate": { "custom_model_data": 20  },"model":  "ksiltovky:sm-dozadu/ksil_sm_d_cerna" },
	{ "predicate": { "custom_model_data": 21  },"model":  "ksiltovky:sm-dozadu/ksil_sm_d_brown" },
	{ "predicate": { "custom_model_data": 22  },"model":  "ksiltovky:sm-dozadu/ksil_sm_d_cervena" },
	{ "predicate": { "custom_model_data": 23  },"model":  "ksiltovky:sm-dozadu/ksil_sm_d_orange" },
	{ "predicate": { "custom_model_data": 24  },"model":  "ksiltovky:sm-dozadu/ksil_sm_d_zluta" },
	{ "predicate": { "custom_model_data": 25  },"model":  "ksiltovky:sm-dozadu/ksil_sm_d_lime" },
	{ "predicate": { "custom_model_data": 26  },"model":  "ksiltovky:sm-dozadu/ksil_sm_d_green" },
	{ "predicate": { "custom_model_data": 27  },"model":  "ksiltovky:sm-dozadu/ksil_sm_d_cyan" },
	{ "predicate": { "custom_model_data": 28  },"model":  "ksiltovky:sm-dozadu/ksil_sm_d_svmodra" },
	{ "predicate": { "custom_model_data": 29  },"model":  "ksiltovky:sm-dozadu/ksil_sm_d_modra" },
	{ "predicate": { "custom_model_data": 30  },"model":  "ksiltovky:sm-dozadu/ksil_sm_d_purple" },
	{ "predicate": { "custom_model_data": 31  },"model":  "ksiltovky:sm-dozadu/ksil_sm_d_magenta" },
	{ "predicate": { "custom_model_data": 32  },"model":  "ksiltovky:sm-dozadu/ksil_sm_d_pink" },
	{ "predicate": { "custom_model_data": 65  },"model":  "deskovky:kral-bila" },
	{ "predicate": { "custom_model_data": 66  },"model":  "deskovky:kral-cerna" },
	{ "predicate": { "custom_model_data": 67  },"model":  "deskovky:kralovna-bila" },
	{ "predicate": { "custom_model_data": 68  },"model":  "deskovky:kralovna-cerna" },
	{ "predicate": { "custom_model_data": 69  },"model":  "deskovky:kun-bila" },
	{ "predicate": { "custom_model_data": 70  },"model":  "deskovky:kun-cerna" },
	{ "predicate": { "custom_model_data": 71  },"model":  "deskovky:pinclik-bila" },
	{ "predicate": { "custom_model_data": 72  },"model":  "deskovky:pinclik-cerna" },
	{ "predicate": { "custom_model_data": 73  },"model":  "deskovky:strelec-bila" },
	{ "predicate": { "custom_model_data": 74  },"model":  "deskovky:strelec-cerna" },
	{ "predicate": { "custom_model_data": 75  },"model":  "deskovky:vez-bila" },
	{ "predicate": { "custom_model_data": 76  },"model":  "deskovky:vez-cerna" },
	{ "predicate": { "custom_model_data": 77  },"model":  "deskovky:dama-mala-bila" },
	{ "predicate": { "custom_model_data": 78  },"model":  "deskovky:dama-mala-cerna" },
	{ "predicate": { "custom_model_data": 79  },"model":  "deskovky:dama-velka-bila" },
	{ "predicate": { "custom_model_data": 80  },"model":  "deskovky:dama-velka-cerna" },
	{ "predicate": { "custom_model_data": 81  },"model":  "deskovky:figurka-cervena" },
	{ "predicate": { "custom_model_data": 82  },"model":  "deskovky:figurka-modra" },
	{ "predicate": { "custom_model_data": 83  },"model":  "deskovky:figurka-zelena" } ,
	{ "predicate": { "custom_model_data": 84  },"model":  "deskovky:figurka-zluta" },
	{ "predicate": { "custom_model_data": 85  },"model":  "postavicky:ghast" },
	{ "predicate": { "custom_model_data": 86  },"model":  "postavicky:ghast-strili" },
	{ "predicate": { "custom_model_data": 87  },"model":  "postavicky:pafrfish" },
	{ "predicate": { "custom_model_data": 88  },"model":  "postavicky:kralovskaryba" },
	{ "predicate": { "custom_model_data": 89  },"model":  "postavicky:creeper" },
	{ "predicate": { "custom_model_data": 90  },"model":  "postavicky:anim-zel-zaba" },
	{ "predicate": { "custom_model_data": 91  },"model":  "postavicky:anim-oran-zaba" },
	{ "predicate": { "custom_model_data": 92  },"model":  "postavicky:anim-bila-zaba" },
	{ "predicate": { "custom_model_data": 93  },"model":  "postavicky:anim-vcela" },
	{ "predicate": { "custom_model_data": 94  },"model":  "postavicky:anim-angy-vcela" },
	{ "predicate": { "custom_model_data": 95  },"model":  "postavicky:warden-figurka" },
	{ "predicate": { "custom_model_data": 96  },"model":  "postavicky:zel-zaba" },
	{ "predicate": { "custom_model_data": 97  },"model":  "postavicky:oran-zaba" },
	{ "predicate": { "custom_model_data": 98  },"model":  "postavicky:bila-zaba" },
	{ "predicate": { "custom_model_data": 99  },"model":  "postavicky:vcela" },
	{ "predicate": { "custom_model_data": 100 },"model":  "postavicky:angy-vcela" },
	{ "predicate": { "custom_model_data": 101 },"model":  "postavicky:johny-figurka" },
	{ "predicate": { "custom_model_data": 102 },"model":  "postavicky:sniffer" },
	{ "predicate": { "custom_model_data": 103 },"model":  "ozdoby:vanocni-cervena" },
	{ "predicate": { "custom_model_data": 104 },"model":  "ozdoby:vanocni-zelena" },
	{ "predicate": { "custom_model_data": 105 },"model":  "cepice:sm_logo" },
	{ "predicate": { "custom_model_data": 106 },"model":  "klenoty:koruna" },
	{ "predicate": { "custom_model_data": 107 },"model":  "cepice:slamak" },
	{ "predicate": { "custom_model_data": 108 },"model":  "cepice:stavebni-helma" },
	{ "predicate": { "custom_model_data": 109 },"model":  "cepice:klobouk" },
	{ "predicate": { "custom_model_data": 110 },"model":  "klenoty:korunka" },
	{ "predicate": { "custom_model_data": 111 },"model":  "cepice:otaznicek" },
	{ "predicate": { "custom_model_data": 112 },"model":  "cepice:krystal" },
	{ "predicate": { "custom_model_data": 114 },"model":  "cepice:animkrystal" },
	{ "predicate": { "custom_model_data": 115 },"model":  "klenoty:techno-koruna" },
	{ "predicate": { "custom_model_data": 116 },"model":  "itemy:kuzel" },
	{ "predicate": { "custom_model_data": 117 },"model":  "cepice:stavebni-helma-creeper" },
	{ "predicate": { "custom_model_data": 118 },"model":  "cepice:lepsi-geova-helma" },
	{ "predicate": { "custom_model_data": 119 },"model":  "cepice:lepsi-creeper-helma" },
	{ "predicate": { "custom_model_data": 120 },"model":  "postavicky:anim-elder-guardian" },
	{ "predicate": { "custom_model_data": 121 },"model":  "postavicky:anim-guardian" },
	{ "predicate": { "custom_model_data": 122 },"model":  "postavicky:dracek" },
	{ "predicate": { "custom_model_data": 123 },"model":  "postavicky:dracek_leta" },
	{ "predicate": { "custom_model_data": 124 },"model":  "postavicky:liska" },
	{ "predicate": { "custom_model_data": 125 },"model":  "postavicky:liska_snezna" },
	{ "predicate": { "custom_model_data": 126 },"model":  "postavicky:liska_spinka" },
	{ "predicate": { "custom_model_data": 127 },"model":  "postavicky:liska_snezna_spinka" },
	{ "predicate": { "custom_model_data": 128 },"model":  "postavicky:wither" },
	{ "predicate": { "custom_model_data": 129 },"model":  "postavicky:anim_allay" },
	{ "predicate": { "custom_model_data": 130 },"model":  "postavicky:anim_angy_vex" },
	{ "predicate": { "custom_model_data": 131 },"model":  "postavicky:anim_vex" },
	{ "predicate": { "custom_model_data": 132 },"model":  "postavicky:koza" },
	{ "predicate": { "custom_model_data": 133 },"model":  "postavicky:vesnican_plains" },
	{ "predicate": { "custom_model_data": 134 },"model":  "postavicky:vesnican_desert" },
	{ "predicate": { "custom_model_data": 135 },"model":  "postavicky:vesnican_jungle" },
	{ "predicate": { "custom_model_data": 136 },"model":  "postavicky:vesnican_savana" },
	{ "predicate": { "custom_model_data": 137 },"model":  "postavicky:vesnican_swamp" },
	{ "predicate": { "custom_model_data": 138 },"model":  "postavicky:vesnican_snow" },
	{ "predicate": { "custom_model_data": 139 },"model":  "postavicky:vesnican_taiga" },
	{ "predicate": { "custom_model_data": 140 },"model":  "postavicky:vesnican_wandering" },
	{ "predicate": { "custom_model_data": 141 },"model":  "postavicky:illageri_evoker" },
	{ "predicate": { "custom_model_data": 142 },"model":  "postavicky:illageri_vindicator" },
	{ "predicate": { "custom_model_data": 143 },"model":  "postavicky:illageri_illusioner" },
	{ "predicate": { "custom_model_data": 144 },"model":  "postavicky:illageri_pillager" },
	{ "predicate": { "custom_model_data": 145 },"model":  "postavicky:zillager_plains" },
	{ "predicate": { "custom_model_data": 146 },"model":  "postavicky:zillager_desert" },
	{ "predicate": { "custom_model_data": 147 },"model":  "postavicky:zillager_jungle" },
	{ "predicate": { "custom_model_data": 148 },"model":  "postavicky:zillager_savanna" },
	{ "predicate": { "custom_model_data": 149 },"model":  "postavicky:zillager_swamp" },
	{ "predicate": { "custom_model_data": 150 },"model":  "postavicky:zillager_snow" },
	{ "predicate": { "custom_model_data": 151 },"model":  "postavicky:zillager_taiga" },
	{ "predicate": { "custom_model_data": 152 },"model":  "halloween:halloween-mec-drevenej" },
	{ "predicate": { "custom_model_data": 153 },"model":  "halloween:halloween-mec-stone" },
	{ "predicate": { "custom_model_data": 154 },"model":  "halloween:halloween-mec-iron" },
	{ "predicate": { "custom_model_data": 155 },"model":  "halloween:halloween-mec-maslovej" },
	{ "predicate": { "custom_model_data": 156 },"model":  "halloween:halloween-mec-dia" },
	{ "predicate": { "custom_model_data": 157 },"model":  "halloween:halloween-mec-netherite" },
	{ "predicate": { "custom_model_data": 159 },"model":  "ozdoby:hvezda" },
	{ "predicate": { "custom_model_data": 160 },"model":  "postavicky:snehulak" },
	{ "predicate": { "custom_model_data": 161 },"model":  "ozdoby:ozdoba_1_cervena" },
	{ "predicate": { "custom_model_data": 162 },"model":  "ozdoby:ozdoba_1_cyan" },
	{ "predicate": { "custom_model_data": 163 },"model":  "ozdoby:ozdoba_1_fialova" },
	{ "predicate": { "custom_model_data": 164 },"model":  "ozdoby:ozdoba_1_modra" },
	{ "predicate": { "custom_model_data": 165 },"model":  "ozdoby:ozdoba_1_oranzova" },
	{ "predicate": { "custom_model_data": 166 },"model":  "ozdoby:ozdoba_1_zelena" },
	{ "predicate": { "custom_model_data": 167 },"model":  "ozdoby:ozdoba_1_zluta" },
	{ "predicate": { "custom_model_data": 168 },"model":  "ozdoby:ozdoba_kulata_cervena" },
	{ "predicate": { "custom_model_data": 169 },"model":  "ozdoby:ozdoba_kulata_modra" },
	{ "predicate": { "custom_model_data": 170 },"model":  "ozdoby:ozdoba_kulata_cyan" },
	{ "predicate": { "custom_model_data": 171 },"model":  "ozdoby:ozdoba_kulata_oranzova" },
	{ "predicate": { "custom_model_data": 172 },"model":  "ozdoby:ozdoba_kulata_zelena" },
	{ "predicate": { "custom_model_data": 173 },"model":  "ozdoby:ozdoba_kulata_ruzova" },
	{ "predicate": { "custom_model_data": 174 },"model":  "ozdoby:ozdoba_kulata_fialova" },
	{ "predicate": { "custom_model_data": 175 },"model":  "ozdoby:stromek" },
	{ "predicate": { "custom_model_data": 176 },"model":  "matus-set:matkullhelma" },
	{ "predicate": { "custom_model_data": 177 },"model":  "bedny:bedna" }
	]
}