{
    "parent": "item/generated",
    "textures": {
        "layer0": "item/leather_horse_armor"
    },
	"overrides": [
	{"predicate": {"custom_model_data": 540000}, "model": "siscu_se:block/broth_water"},
	{"predicate": {"custom_model_data": 548101}, "model": "siscu_se:item/netherite_horse_armor"},
	{"predicate": {"custom_model_data": 548102}, "model": "siscu_se:item/chainmail_horse_armor"},
	{"predicate": {"custom_model_data": 548103}, "model": "siscu_se:item/copper_horse_armor"},
	{"predicate": {"custom_model_data": 548104}, "model": "siscu_se:item/wax_horse_armor"}
	]
}
