{
	"credit": "Made by CiscuLog with Blockbench",
	"parent": "item/leather_horse_armor",
	"textures": {
		"layer0": "siscu_se:block/water_still"
	},
	"elements": [
		{
			"from": [1, 0, 1],
			"to": [15, 2, 15],
			"rotation": {"angle": 0, "axis": "y", "origin": [1, 0, 1]},
			"faces": {
				"north": {"uv": [1, 1, 15, 3], "texture": "#0"},
				"east": {"uv": [1, 1, 15, 3], "texture": "#0"},
				"south": {"uv": [1, 1, 15, 3], "texture": "#0"},
				"west": {"uv": [1, 1, 15, 3], "texture": "#0"},
				"up": {"uv": [1, 1, 15, 15], "texture": "#0"},
				"down": {"uv": [1, 1, 15, 15], "texture": "#0"}
			}
		}
	],
	"display": {
		"ground": {
			"rotation": [90, 0, 0],
			"translation": [0, 5, 0],
			"scale": [0.99, 0.99, 0.99]
		}
	}
}