{
	"credit": "Made with Blockbench",
	"texture_size": [32, 32],
	"textures": {
		"2": "klenoty:item/jablko_textura"
	},
	"elements": [
		{
			"from": [6, 1, 6],
			"to": [11, 3, 11],
			"faces": {
				"north": {"uv": [2.4375, 5, 4.9375, 6], "texture": "#2"},
				"east": {"uv": [2.4375, 5, 4.9375, 6], "texture": "#2"},
				"south": {"uv": [2.4375, 5, 4.9375, 6], "texture": "#2"},
				"west": {"uv": [2.5, 5, 5, 6], "texture": "#2"},
				"up": {"uv": [2.5, 2.5, 0, 0], "texture": "#2"},
				"down": {"uv": [2.5, 2.5, 0, 5], "texture": "#2"}
			}
		},
		{
			"from": [6, 0, 7],
			"to": [7, 1, 10],
			"faces": {
				"north": {"uv": [8, 0, 8.5, 0.5], "texture": "#2"},
				"east": {"uv": [0.5, 6.5, 2, 7], "texture": "#2"},
				"south": {"uv": [8, 0.5, 8.5, 1], "texture": "#2"},
				"west": {"uv": [2, 6.5, 3.5, 7], "texture": "#2"},
				"up": {"uv": [4, 8, 3.5, 6.5], "texture": "#2"},
				"down": {"uv": [4.5, 6.5, 4, 8], "texture": "#2"}
			}
		},
		{
			"from": [7, 0, 6],
			"to": [10, 1, 11],
			"faces": {
				"north": {"uv": [6.5, 6, 8, 6.5], "texture": "#2"},
				"east": {"uv": [5.5, 4, 8, 4.5], "texture": "#2"},
				"south": {"uv": [6.5, 6.5, 8, 7], "texture": "#2"},
				"west": {"uv": [5.5, 4.5, 8, 5], "texture": "#2"},
				"up": {"uv": [4, 2.5, 2.5, 0], "texture": "#2"},
				"down": {"uv": [4, 2.5, 2.5, 5], "texture": "#2"}
			}
		},
		{
			"from": [8, 7, 9],
			"to": [9, 8, 10],
			"faces": {
				"north": {"uv": [1, 8, 1.5, 8.5], "texture": "#2"},
				"east": {"uv": [1.5, 8, 2, 8.5], "texture": "#2"},
				"south": {"uv": [2, 8, 2.5, 8.5], "texture": "#2"},
				"west": {"uv": [2.5, 8, 3, 8.5], "texture": "#2"},
				"up": {"uv": [3.5, 8.5, 3, 8], "texture": "#2"},
				"down": {"uv": [4, 8, 3.5, 8.5], "texture": "#2"}
			}
		},
		{
			"from": [10, 0, 7],
			"to": [11, 1, 10],
			"faces": {
				"north": {"uv": [4, 8, 4.5, 8.5], "texture": "#2"},
				"east": {"uv": [0.5, 7, 2, 7.5], "texture": "#2"},
				"south": {"uv": [8, 4, 8.5, 4.5], "texture": "#2"},
				"west": {"uv": [7, 1, 8.5, 1.5], "texture": "#2"},
				"up": {"uv": [5, 8, 4.5, 6.5], "texture": "#2"},
				"down": {"uv": [7.5, 1.5, 7, 3], "texture": "#2"}
			}
		},
		{
			"from": [10, 3, 7],
			"to": [11, 4, 10],
			"faces": {
				"north": {"uv": [4.5, 8, 5, 8.5], "texture": "#2"},
				"east": {"uv": [2, 7, 3.5, 7.5], "texture": "#2"},
				"south": {"uv": [8, 4.5, 8.5, 5], "texture": "#2"},
				"west": {"uv": [7, 3, 8.5, 3.5], "texture": "#2"},
				"up": {"uv": [7, 8.5, 6.5, 7], "texture": "#2"},
				"down": {"uv": [7.5, 7, 7, 8.5], "texture": "#2"}
			}
		},
		{
			"from": [7, 3, 6],
			"to": [10, 4, 11],
			"faces": {
				"north": {"uv": [7, 3.5, 8.5, 4], "texture": "#2"},
				"east": {"uv": [0, 6, 2.5, 6.5], "texture": "#2"},
				"south": {"uv": [0.5, 7.5, 2, 8], "texture": "#2"},
				"west": {"uv": [2.5, 6, 5, 6.5], "texture": "#2"},
				"up": {"uv": [5.5, 2.5, 4, 0], "texture": "#2"},
				"down": {"uv": [5.5, 2.5, 4, 5], "texture": "#2"}
			}
		},
		{
			"from": [7, 4, 7],
			"to": [10, 5, 10],
			"faces": {
				"north": {"uv": [7.5, 1.5, 9, 2], "texture": "#2"},
				"east": {"uv": [2, 7.5, 3.5, 8], "texture": "#2"},
				"south": {"uv": [7.5, 2, 9, 2.5], "texture": "#2"},
				"west": {"uv": [7.5, 2.5, 9, 3], "texture": "#2"},
				"up": {"uv": [7, 2.5, 5.5, 1], "texture": "#2"},
				"down": {"uv": [7, 2.5, 5.5, 4], "texture": "#2"}
			}
		},
		{
			"from": [6, 3, 7],
			"to": [7, 4, 10],
			"faces": {
				"north": {"uv": [5, 8, 5.5, 8.5], "texture": "#2"},
				"east": {"uv": [7.5, 5, 9, 5.5], "texture": "#2"},
				"south": {"uv": [5.5, 8, 6, 8.5], "texture": "#2"},
				"west": {"uv": [7.5, 5.5, 9, 6], "texture": "#2"},
				"up": {"uv": [8, 8.5, 7.5, 7], "texture": "#2"},
				"down": {"uv": [1, 8, 0.5, 9.5], "texture": "#2"}
			}
		},
		{
			"from": [8, 5, 8],
			"to": [9, 9, 9],
			"faces": {
				"north": {"uv": [5, 6, 5.5, 8], "texture": "#2"},
				"east": {"uv": [5.5, 6, 6, 8], "texture": "#2"},
				"south": {"uv": [6, 6, 6.5, 8], "texture": "#2"},
				"west": {"uv": [0, 6.5, 0.5, 8.5], "texture": "#2"},
				"up": {"uv": [6.5, 8.5, 6, 8], "texture": "#2"},
				"down": {"uv": [8.5, 6, 8, 6.5], "texture": "#2"}
			}
		},
		{
			"from": [8, 7, 7],
			"to": [9, 8, 8],
			"faces": {
				"north": {"uv": [8, 6.5, 8.5, 7], "texture": "#2"},
				"east": {"uv": [8, 7, 8.5, 7.5], "texture": "#2"},
				"south": {"uv": [8, 7.5, 8.5, 8], "texture": "#2"},
				"west": {"uv": [8, 8, 8.5, 8.5], "texture": "#2"},
				"up": {"uv": [0.5, 9, 0, 8.5], "texture": "#2"},
				"down": {"uv": [9, 0, 8.5, 0.5], "texture": "#2"}
			}
		}
	],
	"display": {
		"thirdperson_righthand": {
			"rotation": [23, 90, 0],
			"translation": [-0.5, 5, 3.25]
		},
		"thirdperson_lefthand": {
			"rotation": [23, 90, 0],
			"translation": [-0.5, 5, 3.25]
		},
		"firstperson_righthand": {
			"rotation": [0, 90, 0],
			"translation": [0.25, 7.75, 0.5]
		},
		"firstperson_lefthand": {
			"rotation": [0, 90, 0],
			"translation": [-1, 8.75, 0.5]
		},
		"ground": {
			"translation": [0, 5, 0]
		},
		"gui": {
			"rotation": [21, 66, 0],
			"translation": [-0.5, 5.75, 0.75],
			"scale": [1.5, 1.5, 1.5]
		},
		"head": {
			"rotation": [0, 95, 0],
			"translation": [0, 9, 0]
		},
		"fixed": {
			"rotation": [0, 90, 0],
			"translation": [-1.25, 6.75, -1.75],
			"scale": [2, 2, 2]
		}
	},
	"groups": [
		{
			"name": "group",
			"origin": [0, 0, 0],
			"color": 0,
			"children": [0, 1, 2, 3, 4, 5, 6, 7, 8, 9, 10]
		}
	]
}