{
	"credit": "Made with Blockbench",
	"texture_size": [128, 128],
	"textures": {
		"1": "klenoty:item/mince_medena"
	},
	"elements": [
		{
			"from": [1, 30, 7],
			"to": [4, 31, 8],
			"rotation": {"angle": 0, "axis": "y", "origin": [8, 16, 8.5]},
			"faces": {
				"north": {"uv": [7.375, 4.25, 7.75, 4.375], "texture": "#1"},
				"east": {"uv": [8.5, 3.5, 8.625, 3.625], "texture": "#1"},
				"south": {"uv": [7.375, 4.375, 7.75, 4.5], "texture": "#1"},
				"west": {"uv": [8.5, 3.625, 8.625, 3.75], "texture": "#1"},
				"up": {"uv": [7.75, 4.625, 7.375, 4.5], "texture": "#1"},
				"down": {"uv": [7.75, 4.625, 7.375, 4.75], "texture": "#1"}
			}
		},
		{
			"from": [-4, 27, 7],
			"to": [-2, 28, 8],
			"rotation": {"angle": 0, "axis": "y", "origin": [8, 16, 8.5]},
			"faces": {
				"north": {"uv": [3.5, 8, 3.75, 8.125], "texture": "#1"},
				"east": {"uv": [8.5, 3.75, 8.625, 3.875], "texture": "#1"},
				"south": {"uv": [8, 3.75, 8.25, 3.875], "texture": "#1"},
				"west": {"uv": [3.875, 8.5, 4, 8.625], "texture": "#1"},
				"up": {"uv": [4.25, 8.125, 4, 8], "texture": "#1"},
				"down": {"uv": [8.25, 4.125, 8, 4.25], "texture": "#1"}
			}
		},
		{
			"from": [-1, 29, 7],
			"to": [1, 30, 8],
			"rotation": {"angle": 0, "axis": "y", "origin": [8, 16, 8.5]},
			"faces": {
				"north": {"uv": [8, 5, 8.25, 5.125], "texture": "#1"},
				"east": {"uv": [8.5, 3.875, 8.625, 4], "texture": "#1"},
				"south": {"uv": [8, 5.125, 8.25, 5.25], "texture": "#1"},
				"west": {"uv": [4, 8.5, 4.125, 8.625], "texture": "#1"},
				"up": {"uv": [8.25, 5.375, 8, 5.25], "texture": "#1"},
				"down": {"uv": [6.125, 8, 5.875, 8.125], "texture": "#1"}
			}
		},
		{
			"from": [-6, 24, 7],
			"to": [-5, 26, 8],
			"rotation": {"angle": 0, "axis": "y", "origin": [8, 16, 8.5]},
			"faces": {
				"north": {"uv": [4.25, 8, 4.375, 8.25], "texture": "#1"},
				"east": {"uv": [4.5, 8, 4.625, 8.25], "texture": "#1"},
				"south": {"uv": [5, 8, 5.125, 8.25], "texture": "#1"},
				"west": {"uv": [5.375, 8, 5.5, 8.25], "texture": "#1"},
				"up": {"uv": [8.625, 4.125, 8.5, 4], "texture": "#1"},
				"down": {"uv": [4.25, 8.5, 4.125, 8.625], "texture": "#1"}
			}
		},
		{
			"from": [-9, 18, 7],
			"to": [-8, 21, 8],
			"rotation": {"angle": 0, "axis": "y", "origin": [8, 16, 8.5]},
			"faces": {
				"north": {"uv": [5.375, 7.25, 5.5, 7.625], "texture": "#1"},
				"east": {"uv": [7.375, 4.75, 7.5, 5.125], "texture": "#1"},
				"south": {"uv": [3.75, 7.5, 3.875, 7.875], "texture": "#1"},
				"west": {"uv": [3.875, 7.5, 4, 7.875], "texture": "#1"},
				"up": {"uv": [8.625, 4.25, 8.5, 4.125], "texture": "#1"},
				"down": {"uv": [4.375, 8.5, 4.25, 8.625], "texture": "#1"}
			}
		},
		{
			"from": [-8, 21, 7],
			"to": [-7, 23, 8],
			"rotation": {"angle": 0, "axis": "y", "origin": [8, 16, 8.5]},
			"faces": {
				"north": {"uv": [8, 6.25, 8.125, 6.5], "texture": "#1"},
				"east": {"uv": [8, 6.5, 8.125, 6.75], "texture": "#1"},
				"south": {"uv": [8, 6.75, 8.125, 7], "texture": "#1"},
				"west": {"uv": [7.125, 8, 7.25, 8.25], "texture": "#1"},
				"up": {"uv": [8.625, 4.375, 8.5, 4.25], "texture": "#1"},
				"down": {"uv": [4.5, 8.5, 4.375, 8.625], "texture": "#1"}
			}
		},
		{
			"from": [-7, 23, 7],
			"to": [-6, 24, 8],
			"rotation": {"angle": 0, "axis": "y", "origin": [8, 16, 8.5]},
			"faces": {
				"north": {"uv": [8.5, 4.375, 8.625, 4.5], "texture": "#1"},
				"east": {"uv": [4.5, 8.5, 4.625, 8.625], "texture": "#1"},
				"south": {"uv": [4.625, 8.5, 4.75, 8.625], "texture": "#1"},
				"west": {"uv": [4.75, 8.5, 4.875, 8.625], "texture": "#1"},
				"up": {"uv": [8.625, 4.875, 8.5, 4.75], "texture": "#1"},
				"down": {"uv": [8.625, 4.875, 8.5, 5], "texture": "#1"}
			}
		},
		{
			"from": [-5, 26, 7],
			"to": [-4, 27, 8],
			"rotation": {"angle": 0, "axis": "y", "origin": [8, 16, 8.5]},
			"faces": {
				"north": {"uv": [8.5, 5.125, 8.625, 5.25], "texture": "#1"},
				"east": {"uv": [5.25, 8.5, 5.375, 8.625], "texture": "#1"},
				"south": {"uv": [8.5, 5.25, 8.625, 5.375], "texture": "#1"},
				"west": {"uv": [5.375, 8.5, 5.5, 8.625], "texture": "#1"},
				"up": {"uv": [5.625, 8.625, 5.5, 8.5], "texture": "#1"},
				"down": {"uv": [8.625, 5.5, 8.5, 5.625], "texture": "#1"}
			}
		},
		{
			"from": [-7, 4, 7],
			"to": [-6, 5, 8],
			"rotation": {"angle": 0, "axis": "y", "origin": [8, 16, 8.5]},
			"faces": {
				"north": {"uv": [5.625, 8.5, 5.75, 8.625], "texture": "#1"},
				"east": {"uv": [8.5, 5.625, 8.625, 5.75], "texture": "#1"},
				"south": {"uv": [5.75, 8.5, 5.875, 8.625], "texture": "#1"},
				"west": {"uv": [8.5, 5.75, 8.625, 5.875], "texture": "#1"},
				"up": {"uv": [8.625, 6, 8.5, 5.875], "texture": "#1"},
				"down": {"uv": [8.625, 6, 8.5, 6.125], "texture": "#1"}
			}
		},
		{
			"from": [-2, 28, 7],
			"to": [-1, 29, 8],
			"rotation": {"angle": 0, "axis": "y", "origin": [8, 16, 8.5]},
			"faces": {
				"north": {"uv": [6.125, 8.5, 6.25, 8.625], "texture": "#1"},
				"east": {"uv": [6.25, 8.5, 6.375, 8.625], "texture": "#1"},
				"south": {"uv": [6.5, 8.5, 6.625, 8.625], "texture": "#1"},
				"west": {"uv": [8.5, 6.5, 8.625, 6.625], "texture": "#1"},
				"up": {"uv": [6.75, 8.625, 6.625, 8.5], "texture": "#1"},
				"down": {"uv": [8.625, 6.625, 8.5, 6.75], "texture": "#1"}
			}
		},
		{
			"from": [-6, 2, 7],
			"to": [-5, 4, 8],
			"rotation": {"angle": 0, "axis": "y", "origin": [8, 16, 8.5]},
			"faces": {
				"north": {"uv": [7.25, 8, 7.375, 8.25], "texture": "#1"},
				"east": {"uv": [7.375, 8, 7.5, 8.25], "texture": "#1"},
				"south": {"uv": [7.75, 8, 7.875, 8.25], "texture": "#1"},
				"west": {"uv": [7.875, 8, 8, 8.25], "texture": "#1"},
				"up": {"uv": [7, 8.625, 6.875, 8.5], "texture": "#1"},
				"down": {"uv": [7.125, 8.5, 7, 8.625], "texture": "#1"}
			}
		},
		{
			"from": [-2, -1, 7],
			"to": [-1, 0, 8],
			"rotation": {"angle": 0, "axis": "y", "origin": [8, 16, 8.5]},
			"faces": {
				"north": {"uv": [8.5, 7, 8.625, 7.125], "texture": "#1"},
				"east": {"uv": [7.125, 8.5, 7.25, 8.625], "texture": "#1"},
				"south": {"uv": [8.5, 7.125, 8.625, 7.25], "texture": "#1"},
				"west": {"uv": [7.25, 8.5, 7.375, 8.625], "texture": "#1"},
				"up": {"uv": [8.625, 7.375, 8.5, 7.25], "texture": "#1"},
				"down": {"uv": [7.5, 8.5, 7.375, 8.625], "texture": "#1"}
			}
		},
		{
			"from": [-5, 1, 7],
			"to": [-4, 2, 8],
			"rotation": {"angle": 0, "axis": "y", "origin": [8, 16, 8.5]},
			"faces": {
				"north": {"uv": [8.5, 7.375, 8.625, 7.5], "texture": "#1"},
				"east": {"uv": [7.5, 8.5, 7.625, 8.625], "texture": "#1"},
				"south": {"uv": [7.625, 8.5, 7.75, 8.625], "texture": "#1"},
				"west": {"uv": [8.5, 7.625, 8.625, 7.75], "texture": "#1"},
				"up": {"uv": [8.625, 7.875, 8.5, 7.75], "texture": "#1"},
				"down": {"uv": [8.625, 7.875, 8.5, 8], "texture": "#1"}
			}
		},
		{
			"from": [1, -3, 7],
			"to": [4, -2, 8],
			"rotation": {"angle": 0, "axis": "y", "origin": [8, 16, 8.5]},
			"faces": {
				"north": {"uv": [7.375, 5.125, 7.75, 5.25], "texture": "#1"},
				"east": {"uv": [8, 8.5, 8.125, 8.625], "texture": "#1"},
				"south": {"uv": [4, 7.5, 4.375, 7.625], "texture": "#1"},
				"west": {"uv": [8.5, 8, 8.625, 8.125], "texture": "#1"},
				"up": {"uv": [7.875, 4.875, 7.5, 4.75], "texture": "#1"},
				"down": {"uv": [7.875, 4.875, 7.5, 5], "texture": "#1"}
			}
		},
		{
			"from": [-1, -2, 7],
			"to": [1, -1, 8],
			"rotation": {"angle": 0, "axis": "y", "origin": [8, 16, 8.5]},
			"faces": {
				"north": {"uv": [8, 8, 8.25, 8.125], "texture": "#1"},
				"east": {"uv": [8.125, 8.5, 8.25, 8.625], "texture": "#1"},
				"south": {"uv": [0.75, 8.125, 1, 8.25], "texture": "#1"},
				"west": {"uv": [8.5, 8.125, 8.625, 8.25], "texture": "#1"},
				"up": {"uv": [8.375, 0.875, 8.125, 0.75], "texture": "#1"},
				"down": {"uv": [8.375, 0.875, 8.125, 1], "texture": "#1"}
			}
		},
		{
			"from": [-4, 0, 7],
			"to": [-2, 1, 8],
			"rotation": {"angle": 0, "axis": "y", "origin": [8, 16, 8.5]},
			"faces": {
				"north": {"uv": [1, 8.125, 1.25, 8.25], "texture": "#1"},
				"east": {"uv": [8.25, 8.5, 8.375, 8.625], "texture": "#1"},
				"south": {"uv": [8.125, 1, 8.375, 1.125], "texture": "#1"},
				"west": {"uv": [8.5, 8.25, 8.625, 8.375], "texture": "#1"},
				"up": {"uv": [1.5, 8.25, 1.25, 8.125], "texture": "#1"},
				"down": {"uv": [8.375, 1.625, 8.125, 1.75], "texture": "#1"}
			}
		},
		{
			"from": [-10, 10, 7],
			"to": [-9, 18, 8],
			"rotation": {"angle": 0, "axis": "y", "origin": [8, 16, 8.5]},
			"faces": {
				"north": {"uv": [5, 6, 5.125, 7], "texture": "#1"},
				"east": {"uv": [6.75, 2.25, 6.875, 3.25], "texture": "#1"},
				"south": {"uv": [6.75, 3.25, 6.875, 4.25], "texture": "#1"},
				"west": {"uv": [6.75, 4.25, 6.875, 5.25], "texture": "#1"},
				"up": {"uv": [8.5, 8.625, 8.375, 8.5], "texture": "#1"},
				"down": {"uv": [8.625, 8.375, 8.5, 8.5], "texture": "#1"}
			}
		},
		{
			"from": [4, -4, 7],
			"to": [12, -3, 8],
			"rotation": {"angle": 0, "axis": "y", "origin": [8, 16, 8.5]},
			"faces": {
				"north": {"uv": [6.75, 5.25, 7.75, 5.375], "texture": "#1"},
				"east": {"uv": [8.5, 8.5, 8.625, 8.625], "texture": "#1"},
				"south": {"uv": [6.75, 5.375, 7.75, 5.5], "texture": "#1"},
				"west": {"uv": [8.625, 0, 8.75, 0.125], "texture": "#1"},
				"up": {"uv": [7.75, 5.625, 6.75, 5.5], "texture": "#1"},
				"down": {"uv": [7.75, 5.625, 6.75, 5.75], "texture": "#1"}
			}
		},
		{
			"from": [-9, 7, 7],
			"to": [-8, 10, 8],
			"rotation": {"angle": 0, "axis": "y", "origin": [8, 16, 8.5]},
			"faces": {
				"north": {"uv": [4.375, 7.5, 4.5, 7.875], "texture": "#1"},
				"east": {"uv": [5.125, 7.5, 5.25, 7.875], "texture": "#1"},
				"south": {"uv": [5.25, 7.5, 5.375, 7.875], "texture": "#1"},
				"west": {"uv": [5.75, 7.5, 5.875, 7.875], "texture": "#1"},
				"up": {"uv": [8.75, 0.25, 8.625, 0.125], "texture": "#1"},
				"down": {"uv": [0.375, 8.625, 0.25, 8.75], "texture": "#1"}
			}
		},
		{
			"from": [-8, 5, 7],
			"to": [-7, 7, 8],
			"rotation": {"angle": 0, "axis": "y", "origin": [8, 16, 8.5]},
			"faces": {
				"north": {"uv": [8.125, 1.75, 8.25, 2], "texture": "#1"},
				"east": {"uv": [8.125, 2.25, 8.25, 2.5], "texture": "#1"},
				"south": {"uv": [8.125, 2.5, 8.25, 2.75], "texture": "#1"},
				"west": {"uv": [8.125, 2.75, 8.25, 3], "texture": "#1"},
				"up": {"uv": [8.75, 0.375, 8.625, 0.25], "texture": "#1"},
				"down": {"uv": [0.5, 8.625, 0.375, 8.75], "texture": "#1"}
			}
		},
		{
			"from": [22, 4, 7],
			"to": [23, 5, 8],
			"rotation": {"angle": 0, "axis": "y", "origin": [8, 16, 8.5]},
			"faces": {
				"north": {"uv": [8.625, 0.625, 8.75, 0.75], "texture": "#1"},
				"east": {"uv": [0.875, 8.625, 1, 8.75], "texture": "#1"},
				"south": {"uv": [8.625, 1, 8.75, 1.125], "texture": "#1"},
				"west": {"uv": [1.25, 8.625, 1.375, 8.75], "texture": "#1"},
				"up": {"uv": [8.75, 1.375, 8.625, 1.25], "texture": "#1"},
				"down": {"uv": [1.5, 8.625, 1.375, 8.75], "texture": "#1"}
			}
		},
		{
			"from": [24, 18, 7],
			"to": [25, 21, 8],
			"rotation": {"angle": 0, "axis": "y", "origin": [8, 16, 8.5]},
			"faces": {
				"north": {"uv": [6.125, 7.5, 6.25, 7.875], "texture": "#1"},
				"east": {"uv": [6.25, 7.5, 6.375, 7.875], "texture": "#1"},
				"south": {"uv": [7.5, 6.25, 7.625, 6.625], "texture": "#1"},
				"west": {"uv": [7.5, 6.625, 7.625, 7], "texture": "#1"},
				"up": {"uv": [8.75, 1.5, 8.625, 1.375], "texture": "#1"},
				"down": {"uv": [1.625, 8.625, 1.5, 8.75], "texture": "#1"}
			}
		},
		{
			"from": [17, -1, 7],
			"to": [18, 0, 8],
			"rotation": {"angle": 0, "axis": "y", "origin": [8, 16, 8.5]},
			"faces": {
				"north": {"uv": [8.625, 1.625, 8.75, 1.75], "texture": "#1"},
				"east": {"uv": [1.875, 8.625, 2, 8.75], "texture": "#1"},
				"south": {"uv": [8.625, 1.875, 8.75, 2], "texture": "#1"},
				"west": {"uv": [2, 8.625, 2.125, 8.75], "texture": "#1"},
				"up": {"uv": [8.75, 2.125, 8.625, 2], "texture": "#1"},
				"down": {"uv": [8.75, 2.5, 8.625, 2.625], "texture": "#1"}
			}
		},
		{
			"from": [12, -3, 7],
			"to": [15, -2, 8],
			"rotation": {"angle": 0, "axis": "y", "origin": [8, 16, 8.5]},
			"faces": {
				"north": {"uv": [7.5, 5, 7.875, 5.125], "texture": "#1"},
				"east": {"uv": [8.625, 2.75, 8.75, 2.875], "texture": "#1"},
				"south": {"uv": [6.75, 7.5, 7.125, 7.625], "texture": "#1"},
				"west": {"uv": [2.875, 8.625, 3, 8.75], "texture": "#1"},
				"up": {"uv": [7.875, 7.125, 7.5, 7], "texture": "#1"},
				"down": {"uv": [7.5, 7.5, 7.125, 7.625], "texture": "#1"}
			}
		},
		{
			"from": [15, -2, 7],
			"to": [17, -1, 8],
			"rotation": {"angle": 0, "axis": "y", "origin": [8, 16, 8.5]},
			"faces": {
				"north": {"uv": [8.125, 3, 8.375, 3.125], "texture": "#1"},
				"east": {"uv": [8.625, 2.875, 8.75, 3], "texture": "#1"},
				"south": {"uv": [8.125, 3.125, 8.375, 3.25], "texture": "#1"},
				"west": {"uv": [3, 8.625, 3.125, 8.75], "texture": "#1"},
				"up": {"uv": [8.375, 3.375, 8.125, 3.25], "texture": "#1"},
				"down": {"uv": [3.75, 8.125, 3.5, 8.25], "texture": "#1"}
			}
		},
		{
			"from": [23, 5, 7],
			"to": [24, 7, 8],
			"rotation": {"angle": 0, "axis": "y", "origin": [8, 16, 8.5]},
			"faces": {
				"north": {"uv": [4, 8.125, 4.125, 8.375], "texture": "#1"},
				"east": {"uv": [4.125, 8.125, 4.25, 8.375], "texture": "#1"},
				"south": {"uv": [8.125, 4.25, 8.25, 4.5], "texture": "#1"},
				"west": {"uv": [8.125, 4.5, 8.25, 4.75], "texture": "#1"},
				"up": {"uv": [8.75, 3.25, 8.625, 3.125], "texture": "#1"},
				"down": {"uv": [8.75, 3.25, 8.625, 3.375], "texture": "#1"}
			}
		},
		{
			"from": [22, 23, 7],
			"to": [23, 24, 8],
			"rotation": {"angle": 0, "axis": "y", "origin": [8, 16, 8.5]},
			"faces": {
				"north": {"uv": [3.375, 8.625, 3.5, 8.75], "texture": "#1"},
				"east": {"uv": [3.5, 8.625, 3.625, 8.75], "texture": "#1"},
				"south": {"uv": [8.625, 3.5, 8.75, 3.625], "texture": "#1"},
				"west": {"uv": [3.625, 8.625, 3.75, 8.75], "texture": "#1"},
				"up": {"uv": [8.75, 3.75, 8.625, 3.625], "texture": "#1"},
				"down": {"uv": [3.875, 8.625, 3.75, 8.75], "texture": "#1"}
			}
		},
		{
			"from": [18, 0, 7],
			"to": [20, 1, 8],
			"rotation": {"angle": 0, "axis": "y", "origin": [8, 16, 8.5]},
			"faces": {
				"north": {"uv": [4.625, 8.125, 4.875, 8.25], "texture": "#1"},
				"east": {"uv": [8.625, 3.75, 8.75, 3.875], "texture": "#1"},
				"south": {"uv": [5.5, 8.125, 5.75, 8.25], "texture": "#1"},
				"west": {"uv": [3.875, 8.625, 4, 8.75], "texture": "#1"},
				"up": {"uv": [8.375, 5.625, 8.125, 5.5], "texture": "#1"},
				"down": {"uv": [8.375, 5.625, 8.125, 5.75], "texture": "#1"}
			}
		},
		{
			"from": [21, 24, 7],
			"to": [22, 26, 8],
			"rotation": {"angle": 0, "axis": "y", "origin": [8, 16, 8.5]},
			"faces": {
				"north": {"uv": [4.875, 8.125, 5, 8.375], "texture": "#1"},
				"east": {"uv": [8.125, 5.75, 8.25, 6], "texture": "#1"},
				"south": {"uv": [5.875, 8.125, 6, 8.375], "texture": "#1"},
				"west": {"uv": [6, 8.125, 6.125, 8.375], "texture": "#1"},
				"up": {"uv": [8.75, 4, 8.625, 3.875], "texture": "#1"},
				"down": {"uv": [4.125, 8.625, 4, 8.75], "texture": "#1"}
			}
		},
		{
			"from": [20, 26, 7],
			"to": [21, 27, 8],
			"rotation": {"angle": 0, "axis": "y", "origin": [8, 16, 8.5]},
			"faces": {
				"north": {"uv": [8.625, 4, 8.75, 4.125], "texture": "#1"},
				"east": {"uv": [4.125, 8.625, 4.25, 8.75], "texture": "#1"},
				"south": {"uv": [8.625, 4.125, 8.75, 4.25], "texture": "#1"},
				"west": {"uv": [4.25, 8.625, 4.375, 8.75], "texture": "#1"},
				"up": {"uv": [8.75, 4.375, 8.625, 4.25], "texture": "#1"},
				"down": {"uv": [4.5, 8.625, 4.375, 8.75], "texture": "#1"}
			}
		},
		{
			"from": [20, 1, 7],
			"to": [21, 2, 8],
			"rotation": {"angle": 0, "axis": "y", "origin": [8, 16, 8.5]},
			"faces": {
				"north": {"uv": [8.625, 4.375, 8.75, 4.5], "texture": "#1"},
				"east": {"uv": [4.5, 8.625, 4.625, 8.75], "texture": "#1"},
				"south": {"uv": [8.625, 4.5, 8.75, 4.625], "texture": "#1"},
				"west": {"uv": [4.625, 8.625, 4.75, 8.75], "texture": "#1"},
				"up": {"uv": [8.75, 4.75, 8.625, 4.625], "texture": "#1"},
				"down": {"uv": [4.875, 8.625, 4.75, 8.75], "texture": "#1"}
			}
		},
		{
			"from": [21, 2, 7],
			"to": [22, 4, 8],
			"rotation": {"angle": 0, "axis": "y", "origin": [8, 16, 8.5]},
			"faces": {
				"north": {"uv": [8.125, 6, 8.25, 6.25], "texture": "#1"},
				"east": {"uv": [8.125, 6.25, 8.25, 6.5], "texture": "#1"},
				"south": {"uv": [6.375, 8.125, 6.5, 8.375], "texture": "#1"},
				"west": {"uv": [6.5, 8.125, 6.625, 8.375], "texture": "#1"},
				"up": {"uv": [8.75, 4.875, 8.625, 4.75], "texture": "#1"},
				"down": {"uv": [5, 8.625, 4.875, 8.75], "texture": "#1"}
			}
		},
		{
			"from": [23, 21, 7],
			"to": [24, 23, 8],
			"rotation": {"angle": 0, "axis": "y", "origin": [8, 16, 8.5]},
			"faces": {
				"north": {"uv": [8.125, 6.5, 8.25, 6.75], "texture": "#1"},
				"east": {"uv": [6.625, 8.125, 6.75, 8.375], "texture": "#1"},
				"south": {"uv": [6.75, 8.125, 6.875, 8.375], "texture": "#1"},
				"west": {"uv": [8.125, 6.75, 8.25, 7], "texture": "#1"},
				"up": {"uv": [8.75, 5, 8.625, 4.875], "texture": "#1"},
				"down": {"uv": [5.125, 8.625, 5, 8.75], "texture": "#1"}
			}
		},
		{
			"from": [24, 7, 7],
			"to": [25, 10, 8],
			"rotation": {"angle": 0, "axis": "y", "origin": [8, 16, 8.5]},
			"faces": {
				"north": {"uv": [7.5, 7.125, 7.625, 7.5], "texture": "#1"},
				"east": {"uv": [7.5, 7.5, 7.625, 7.875], "texture": "#1"},
				"south": {"uv": [7.625, 1.25, 7.75, 1.625], "texture": "#1"},
				"west": {"uv": [7.625, 1.625, 7.75, 2], "texture": "#1"},
				"up": {"uv": [8.75, 5.125, 8.625, 5], "texture": "#1"},
				"down": {"uv": [5.25, 8.625, 5.125, 8.75], "texture": "#1"}
			}
		},
		{
			"from": [18, 27, 7],
			"to": [20, 28, 8],
			"rotation": {"angle": 0, "axis": "y", "origin": [8, 16, 8.5]},
			"faces": {
				"north": {"uv": [6.875, 8.125, 7.125, 8.25], "texture": "#1"},
				"east": {"uv": [8.625, 5.125, 8.75, 5.25], "texture": "#1"},
				"south": {"uv": [8.125, 7.125, 8.375, 7.25], "texture": "#1"},
				"west": {"uv": [5.25, 8.625, 5.375, 8.75], "texture": "#1"},
				"up": {"uv": [8.375, 7.375, 8.125, 7.25], "texture": "#1"},
				"down": {"uv": [8.375, 7.375, 8.125, 7.5], "texture": "#1"}
			}
		},
		{
			"from": [17, 28, 7],
			"to": [18, 29, 8],
			"rotation": {"angle": 0, "axis": "y", "origin": [8, 16, 8.5]},
			"faces": {
				"north": {"uv": [8.625, 5.25, 8.75, 5.375], "texture": "#1"},
				"east": {"uv": [5.375, 8.625, 5.5, 8.75], "texture": "#1"},
				"south": {"uv": [8.625, 5.375, 8.75, 5.5], "texture": "#1"},
				"west": {"uv": [5.5, 8.625, 5.625, 8.75], "texture": "#1"},
				"up": {"uv": [8.75, 5.625, 8.625, 5.5], "texture": "#1"},
				"down": {"uv": [5.75, 8.625, 5.625, 8.75], "texture": "#1"}
			}
		},
		{
			"from": [15, 29, 7],
			"to": [17, 30, 8],
			"rotation": {"angle": 0, "axis": "y", "origin": [8, 16, 8.5]},
			"faces": {
				"north": {"uv": [8.125, 7.5, 8.375, 7.625], "texture": "#1"},
				"east": {"uv": [8.625, 5.625, 8.75, 5.75], "texture": "#1"},
				"south": {"uv": [8, 8.125, 8.25, 8.25], "texture": "#1"},
				"west": {"uv": [5.75, 8.625, 5.875, 8.75], "texture": "#1"},
				"up": {"uv": [0.25, 8.375, 0, 8.25], "texture": "#1"},
				"down": {"uv": [0.5, 8.25, 0.25, 8.375], "texture": "#1"}
			}
		},
		{
			"from": [12, 30, 7],
			"to": [15, 31, 8],
			"rotation": {"angle": 0, "axis": "y", "origin": [8, 16, 8.5]},
			"faces": {
				"north": {"uv": [7.625, 2, 8, 2.125], "texture": "#1"},
				"east": {"uv": [8.625, 5.75, 8.75, 5.875], "texture": "#1"},
				"south": {"uv": [7.625, 2.125, 8, 2.25], "texture": "#1"},
				"west": {"uv": [5.875, 8.625, 6, 8.75], "texture": "#1"},
				"up": {"uv": [8, 2.375, 7.625, 2.25], "texture": "#1"},
				"down": {"uv": [8, 2.375, 7.625, 2.5], "texture": "#1"}
			}
		},
		{
			"from": [4, 31, 7],
			"to": [12, 32, 8],
			"rotation": {"angle": 0, "axis": "y", "origin": [8, 16, 8.5]},
			"faces": {
				"north": {"uv": [6.75, 5.75, 7.75, 5.875], "texture": "#1"},
				"east": {"uv": [8.625, 5.875, 8.75, 6], "texture": "#1"},
				"south": {"uv": [6.75, 5.875, 7.75, 6], "texture": "#1"},
				"west": {"uv": [6, 8.625, 6.125, 8.75], "texture": "#1"},
				"up": {"uv": [7.75, 6.125, 6.75, 6], "texture": "#1"},
				"down": {"uv": [7.75, 6.125, 6.75, 6.25], "texture": "#1"}
			}
		},
		{
			"from": [25, 10, 7],
			"to": [26, 18, 8],
			"rotation": {"angle": 0, "axis": "y", "origin": [8, 16, 8.5]},
			"faces": {
				"north": {"uv": [4.625, 6.75, 4.75, 7.75], "texture": "#1"},
				"east": {"uv": [4.75, 6.75, 4.875, 7.75], "texture": "#1"},
				"south": {"uv": [4.875, 6.75, 5, 7.75], "texture": "#1"},
				"west": {"uv": [5.5, 6.75, 5.625, 7.75], "texture": "#1"},
				"up": {"uv": [8.75, 6.125, 8.625, 6], "texture": "#1"},
				"down": {"uv": [6.25, 8.625, 6.125, 8.75], "texture": "#1"}
			}
		},
		{
			"from": [1, 30, 9],
			"to": [4, 31, 10],
			"rotation": {"angle": 0, "axis": "y", "origin": [8, 16, 8.5]},
			"faces": {
				"north": {"uv": [7.625, 2.5, 8, 2.625], "texture": "#1"},
				"east": {"uv": [8.625, 6.125, 8.75, 6.25], "texture": "#1"},
				"south": {"uv": [7.625, 2.625, 8, 2.75], "texture": "#1"},
				"west": {"uv": [6.25, 8.625, 6.375, 8.75], "texture": "#1"},
				"up": {"uv": [8, 2.875, 7.625, 2.75], "texture": "#1"},
				"down": {"uv": [8, 2.875, 7.625, 3], "texture": "#1"}
			}
		},
		{
			"from": [-4, 27, 9],
			"to": [-2, 28, 10],
			"rotation": {"angle": 0, "axis": "y", "origin": [8, 16, 8.5]},
			"faces": {
				"north": {"uv": [8.25, 0.375, 8.5, 0.5], "texture": "#1"},
				"east": {"uv": [8.625, 6.25, 8.75, 6.375], "texture": "#1"},
				"south": {"uv": [8.25, 0.5, 8.5, 0.625], "texture": "#1"},
				"west": {"uv": [6.375, 8.625, 6.5, 8.75], "texture": "#1"},
				"up": {"uv": [1, 8.375, 0.75, 8.25], "texture": "#1"},
				"down": {"uv": [1.25, 8.25, 1, 8.375], "texture": "#1"}
			}
		},
		{
			"from": [-1, 29, 9],
			"to": [1, 30, 10],
			"rotation": {"angle": 0, "axis": "y", "origin": [8, 16, 8.5]},
			"faces": {
				"north": {"uv": [1.25, 8.25, 1.5, 8.375], "texture": "#1"},
				"east": {"uv": [8.625, 6.375, 8.75, 6.5], "texture": "#1"},
				"south": {"uv": [8.25, 1.375, 8.5, 1.5], "texture": "#1"},
				"west": {"uv": [6.5, 8.625, 6.625, 8.75], "texture": "#1"},
				"up": {"uv": [8.5, 1.625, 8.25, 1.5], "texture": "#1"},
				"down": {"uv": [8.5, 1.75, 8.25, 1.875], "texture": "#1"}
			}
		},
		{
			"from": [-6, 24, 9],
			"to": [-5, 26, 10],
			"rotation": {"angle": 0, "axis": "y", "origin": [8, 16, 8.5]},
			"faces": {
				"north": {"uv": [0.5, 8.25, 0.625, 8.5], "texture": "#1"},
				"east": {"uv": [1.875, 8.25, 2, 8.5], "texture": "#1"},
				"south": {"uv": [2, 8.25, 2.125, 8.5], "texture": "#1"},
				"west": {"uv": [2.125, 8.25, 2.25, 8.5], "texture": "#1"},
				"up": {"uv": [8.75, 6.625, 8.625, 6.5], "texture": "#1"},
				"down": {"uv": [6.75, 8.625, 6.625, 8.75], "texture": "#1"}
			}
		},
		{
			"from": [-9, 18, 9],
			"to": [-8, 21, 10],
			"rotation": {"angle": 0, "axis": "y", "origin": [8, 16, 8.5]},
			"faces": {
				"north": {"uv": [7.625, 3, 7.75, 3.375], "texture": "#1"},
				"east": {"uv": [7.625, 3.375, 7.75, 3.75], "texture": "#1"},
				"south": {"uv": [7.625, 3.75, 7.75, 4.125], "texture": "#1"},
				"west": {"uv": [4, 7.625, 4.125, 8], "texture": "#1"},
				"up": {"uv": [8.75, 6.75, 8.625, 6.625], "texture": "#1"},
				"down": {"uv": [6.875, 8.625, 6.75, 8.75], "texture": "#1"}
			}
		},
		{
			"from": [-8, 21, 9],
			"to": [-7, 23, 10],
			"rotation": {"angle": 0, "axis": "y", "origin": [8, 16, 8.5]},
			"faces": {
				"north": {"uv": [8.25, 2.25, 8.375, 2.5], "texture": "#1"},
				"east": {"uv": [8.25, 2.5, 8.375, 2.75], "texture": "#1"},
				"south": {"uv": [8.25, 2.75, 8.375, 3], "texture": "#1"},
				"west": {"uv": [3, 8.25, 3.125, 8.5], "texture": "#1"},
				"up": {"uv": [8.75, 6.875, 8.625, 6.75], "texture": "#1"},
				"down": {"uv": [7, 8.625, 6.875, 8.75], "texture": "#1"}
			}
		},
		{
			"from": [-7, 23, 9],
			"to": [-6, 24, 10],
			"rotation": {"angle": 0, "axis": "y", "origin": [8, 16, 8.5]},
			"faces": {
				"north": {"uv": [8.625, 6.875, 8.75, 7], "texture": "#1"},
				"east": {"uv": [7, 8.625, 7.125, 8.75], "texture": "#1"},
				"south": {"uv": [8.625, 7, 8.75, 7.125], "texture": "#1"},
				"west": {"uv": [7.125, 8.625, 7.25, 8.75], "texture": "#1"},
				"up": {"uv": [8.75, 7.25, 8.625, 7.125], "texture": "#1"},
				"down": {"uv": [7.375, 8.625, 7.25, 8.75], "texture": "#1"}
			}
		},
		{
			"from": [-5, 26, 9],
			"to": [-4, 27, 10],
			"rotation": {"angle": 0, "axis": "y", "origin": [8, 16, 8.5]},
			"faces": {
				"north": {"uv": [8.625, 7.25, 8.75, 7.375], "texture": "#1"},
				"east": {"uv": [7.375, 8.625, 7.5, 8.75], "texture": "#1"},
				"south": {"uv": [8.625, 7.375, 8.75, 7.5], "texture": "#1"},
				"west": {"uv": [7.5, 8.625, 7.625, 8.75], "texture": "#1"},
				"up": {"uv": [8.75, 7.625, 8.625, 7.5], "texture": "#1"},
				"down": {"uv": [7.75, 8.625, 7.625, 8.75], "texture": "#1"}
			}
		},
		{
			"from": [-7, 4, 9],
			"to": [-6, 5, 10],
			"rotation": {"angle": 0, "axis": "y", "origin": [8, 16, 8.5]},
			"faces": {
				"north": {"uv": [8.625, 7.625, 8.75, 7.75], "texture": "#1"},
				"east": {"uv": [7.75, 8.625, 7.875, 8.75], "texture": "#1"},
				"south": {"uv": [8.625, 7.75, 8.75, 7.875], "texture": "#1"},
				"west": {"uv": [7.875, 8.625, 8, 8.75], "texture": "#1"},
				"up": {"uv": [8.75, 8, 8.625, 7.875], "texture": "#1"},
				"down": {"uv": [8.125, 8.625, 8, 8.75], "texture": "#1"}
			}
		},
		{
			"from": [-2, 28, 9],
			"to": [-1, 29, 10],
			"rotation": {"angle": 0, "axis": "y", "origin": [8, 16, 8.5]},
			"faces": {
				"north": {"uv": [8.625, 8, 8.75, 8.125], "texture": "#1"},
				"east": {"uv": [8.125, 8.625, 8.25, 8.75], "texture": "#1"},
				"south": {"uv": [8.625, 8.125, 8.75, 8.25], "texture": "#1"},
				"west": {"uv": [8.25, 8.625, 8.375, 8.75], "texture": "#1"},
				"up": {"uv": [8.75, 8.375, 8.625, 8.25], "texture": "#1"},
				"down": {"uv": [8.5, 8.625, 8.375, 8.75], "texture": "#1"}
			}
		},
		{
			"from": [12, -3, 9],
			"to": [15, -2, 10],
			"rotation": {"angle": 0, "axis": "y", "origin": [8, 16, 8.5]},
			"faces": {
				"north": {"uv": [7.625, 4.125, 8, 4.25], "texture": "#1"},
				"east": {"uv": [8.625, 8.375, 8.75, 8.5], "texture": "#1"},
				"south": {"uv": [7.625, 6.25, 8, 6.375], "texture": "#1"},
				"west": {"uv": [8.5, 8.625, 8.625, 8.75], "texture": "#1"},
				"up": {"uv": [8, 6.5, 7.625, 6.375], "texture": "#1"},
				"down": {"uv": [8, 6.5, 7.625, 6.625], "texture": "#1"}
			}
		},
		{
			"from": [-6, 2, 9],
			"to": [-5, 4, 10],
			"rotation": {"angle": 0, "axis": "y", "origin": [8, 16, 8.5]},
			"faces": {
				"north": {"uv": [3.125, 8.25, 3.25, 8.5], "texture": "#1"},
				"east": {"uv": [3.25, 8.25, 3.375, 8.5], "texture": "#1"},
				"south": {"uv": [3.375, 8.25, 3.5, 8.5], "texture": "#1"},
				"west": {"uv": [3.5, 8.25, 3.625, 8.5], "texture": "#1"},
				"up": {"uv": [8.75, 8.625, 8.625, 8.5], "texture": "#1"},
				"down": {"uv": [8.75, 8.625, 8.625, 8.75], "texture": "#1"}
			}
		},
		{
			"from": [-2, -1, 9],
			"to": [-1, 0, 10],
			"rotation": {"angle": 0, "axis": "y", "origin": [8, 16, 8.5]},
			"faces": {
				"north": {"uv": [0, 8.75, 0.125, 8.875], "texture": "#1"},
				"east": {"uv": [8.75, 0, 8.875, 0.125], "texture": "#1"},
				"south": {"uv": [0.125, 8.75, 0.25, 8.875], "texture": "#1"},
				"west": {"uv": [8.75, 0.125, 8.875, 0.25], "texture": "#1"},
				"up": {"uv": [0.375, 8.875, 0.25, 8.75], "texture": "#1"},
				"down": {"uv": [8.875, 0.25, 8.75, 0.375], "texture": "#1"}
			}
		},
		{
			"from": [-5, 1, 9],
			"to": [-4, 2, 10],
			"rotation": {"angle": 0, "axis": "y", "origin": [8, 16, 8.5]},
			"faces": {
				"north": {"uv": [0.375, 8.75, 0.5, 8.875], "texture": "#1"},
				"east": {"uv": [8.75, 0.375, 8.875, 0.5], "texture": "#1"},
				"south": {"uv": [0.5, 8.75, 0.625, 8.875], "texture": "#1"},
				"west": {"uv": [8.75, 0.5, 8.875, 0.625], "texture": "#1"},
				"up": {"uv": [0.75, 8.875, 0.625, 8.75], "texture": "#1"},
				"down": {"uv": [8.875, 0.625, 8.75, 0.75], "texture": "#1"}
			}
		},
		{
			"from": [1, -3, 9],
			"to": [4, -2, 10],
			"rotation": {"angle": 0, "axis": "y", "origin": [8, 16, 8.5]},
			"faces": {
				"north": {"uv": [7.625, 6.625, 8, 6.75], "texture": "#1"},
				"east": {"uv": [0.75, 8.75, 0.875, 8.875], "texture": "#1"},
				"south": {"uv": [6.75, 7.625, 7.125, 7.75], "texture": "#1"},
				"west": {"uv": [8.75, 0.75, 8.875, 0.875], "texture": "#1"},
				"up": {"uv": [8, 6.875, 7.625, 6.75], "texture": "#1"},
				"down": {"uv": [8, 6.875, 7.625, 7], "texture": "#1"}
			}
		},
		{
			"from": [-1, -2, 9],
			"to": [1, -1, 10],
			"rotation": {"angle": 0, "axis": "y", "origin": [8, 16, 8.5]},
			"faces": {
				"north": {"uv": [8.25, 1.875, 8.5, 2], "texture": "#1"},
				"east": {"uv": [0.875, 8.75, 1, 8.875], "texture": "#1"},
				"south": {"uv": [8.25, 3.375, 8.5, 3.5], "texture": "#1"},
				"west": {"uv": [8.75, 0.875, 8.875, 1], "texture": "#1"},
				"up": {"uv": [3.875, 8.375, 3.625, 8.25], "texture": "#1"},
				"down": {"uv": [8.5, 3.75, 8.25, 3.875], "texture": "#1"}
			}
		},
		{
			"from": [21, 24, 9],
			"to": [22, 26, 10],
			"rotation": {"angle": 0, "axis": "y", "origin": [8, 16, 8.5]},
			"color": 3,
			"faces": {
				"north": {"uv": [0.34766, 0.12891, 0.35547, 0.13672], "texture": "#missing"},
				"east": {"uv": [0.36328, 0.12891, 0.37109, 0.13672], "texture": "#missing"},
				"south": {"uv": [0.37891, 0.12891, 0.38672, 0.13672], "texture": "#missing"},
				"west": {"uv": [0.39453, 0.12891, 0.40234, 0.13672], "texture": "#missing"},
				"up": {"uv": [0.41016, 0.12891, 0.41797, 0.13672], "texture": "#missing"},
				"down": {"uv": [0.42578, 0.12891, 0.43359, 0.13672], "texture": "#missing"}
			}
		},
		{
			"from": [-4, 0, 9],
			"to": [-2, 1, 10],
			"rotation": {"angle": 0, "axis": "y", "origin": [8, 16, 8.5]},
			"faces": {
				"north": {"uv": [8.25, 3.875, 8.5, 4], "texture": "#1"},
				"east": {"uv": [1, 8.75, 1.125, 8.875], "texture": "#1"},
				"south": {"uv": [8.25, 4, 8.5, 4.125], "texture": "#1"},
				"west": {"uv": [8.75, 1, 8.875, 1.125], "texture": "#1"},
				"up": {"uv": [8.5, 4.25, 8.25, 4.125], "texture": "#1"},
				"down": {"uv": [4.5, 8.25, 4.25, 8.375], "texture": "#1"}
			}
		},
		{
			"from": [-10, 10, 9],
			"to": [-9, 18, 10],
			"rotation": {"angle": 0, "axis": "y", "origin": [8, 16, 8.5]},
			"faces": {
				"north": {"uv": [5.625, 6.75, 5.75, 7.75], "texture": "#1"},
				"east": {"uv": [6.75, 6.25, 6.875, 7.25], "texture": "#1"},
				"south": {"uv": [6.375, 6.75, 6.5, 7.75], "texture": "#1"},
				"west": {"uv": [6.5, 6.75, 6.625, 7.75], "texture": "#1"},
				"up": {"uv": [1.25, 8.875, 1.125, 8.75], "texture": "#1"},
				"down": {"uv": [8.875, 1.125, 8.75, 1.25], "texture": "#1"}
			}
		},
		{
			"from": [4, -4, 9],
			"to": [12, -3, 10],
			"rotation": {"angle": 0, "axis": "y", "origin": [8, 16, 8.5]},
			"faces": {
				"north": {"uv": [6.875, 0, 7.875, 0.125], "texture": "#1"},
				"east": {"uv": [1.25, 8.75, 1.375, 8.875], "texture": "#1"},
				"south": {"uv": [6.875, 0.125, 7.875, 0.25], "texture": "#1"},
				"west": {"uv": [8.75, 1.25, 8.875, 1.375], "texture": "#1"},
				"up": {"uv": [7.875, 0.375, 6.875, 0.25], "texture": "#1"},
				"down": {"uv": [7.875, 0.375, 6.875, 0.5], "texture": "#1"}
			}
		},
		{
			"from": [-9, 7, 9],
			"to": [-8, 10, 10],
			"rotation": {"angle": 0, "axis": "y", "origin": [8, 16, 8.5]},
			"faces": {
				"north": {"uv": [4.125, 7.625, 4.25, 8], "texture": "#1"},
				"east": {"uv": [4.25, 7.625, 4.375, 8], "texture": "#1"},
				"south": {"uv": [5.375, 7.625, 5.5, 8], "texture": "#1"},
				"west": {"uv": [7.125, 7.625, 7.25, 8], "texture": "#1"},
				"up": {"uv": [1.5, 8.875, 1.375, 8.75], "texture": "#1"},
				"down": {"uv": [8.875, 1.375, 8.75, 1.5], "texture": "#1"}
			}
		},
		{
			"from": [-8, 5, 9],
			"to": [-7, 7, 10],
			"rotation": {"angle": 0, "axis": "y", "origin": [8, 16, 8.5]},
			"faces": {
				"north": {"uv": [3.875, 8.25, 4, 8.5], "texture": "#1"},
				"east": {"uv": [8.25, 4.25, 8.375, 4.5], "texture": "#1"},
				"south": {"uv": [4.5, 8.25, 4.625, 8.5], "texture": "#1"},
				"west": {"uv": [8.25, 4.5, 8.375, 4.75], "texture": "#1"},
				"up": {"uv": [1.625, 8.875, 1.5, 8.75], "texture": "#1"},
				"down": {"uv": [8.875, 1.5, 8.75, 1.625], "texture": "#1"}
			}
		},
		{
			"from": [22, 4, 9],
			"to": [23, 5, 10],
			"rotation": {"angle": 0, "axis": "y", "origin": [8, 16, 8.5]},
			"faces": {
				"north": {"uv": [1.625, 8.75, 1.75, 8.875], "texture": "#1"},
				"east": {"uv": [8.75, 1.625, 8.875, 1.75], "texture": "#1"},
				"south": {"uv": [1.75, 8.75, 1.875, 8.875], "texture": "#1"},
				"west": {"uv": [8.75, 1.75, 8.875, 1.875], "texture": "#1"},
				"up": {"uv": [2, 8.875, 1.875, 8.75], "texture": "#1"},
				"down": {"uv": [8.875, 1.875, 8.75, 2], "texture": "#1"}
			}
		},
		{
			"from": [24, 18, 9],
			"to": [25, 21, 10],
			"rotation": {"angle": 0, "axis": "y", "origin": [8, 16, 8.5]},
			"faces": {
				"north": {"uv": [7.625, 7.125, 7.75, 7.5], "texture": "#1"},
				"east": {"uv": [7.25, 7.625, 7.375, 8], "texture": "#1"},
				"south": {"uv": [7.375, 7.625, 7.5, 8], "texture": "#1"},
				"west": {"uv": [7.625, 7.5, 7.75, 7.875], "texture": "#1"},
				"up": {"uv": [2.125, 8.875, 2, 8.75], "texture": "#1"},
				"down": {"uv": [8.875, 2, 8.75, 2.125], "texture": "#1"}
			}
		},
		{
			"from": [17, -1, 9],
			"to": [18, 0, 10],
			"rotation": {"angle": 0, "axis": "y", "origin": [8, 16, 8.5]},
			"faces": {
				"north": {"uv": [2.125, 8.75, 2.25, 8.875], "texture": "#1"},
				"east": {"uv": [8.75, 2.125, 8.875, 2.25], "texture": "#1"},
				"south": {"uv": [2.25, 8.75, 2.375, 8.875], "texture": "#1"},
				"west": {"uv": [8.75, 2.25, 8.875, 2.375], "texture": "#1"},
				"up": {"uv": [2.5, 8.875, 2.375, 8.75], "texture": "#1"},
				"down": {"uv": [8.875, 2.375, 8.75, 2.5], "texture": "#1"}
			}
		},
		{
			"from": [15, -2, 9],
			"to": [17, -1, 10],
			"rotation": {"angle": 0, "axis": "y", "origin": [8, 16, 8.5]},
			"faces": {
				"north": {"uv": [4.625, 8.25, 4.875, 8.375], "texture": "#1"},
				"east": {"uv": [2.5, 8.75, 2.625, 8.875], "texture": "#1"},
				"south": {"uv": [8.25, 4.75, 8.5, 4.875], "texture": "#1"},
				"west": {"uv": [8.75, 2.5, 8.875, 2.625], "texture": "#1"},
				"up": {"uv": [8.5, 5, 8.25, 4.875], "texture": "#1"},
				"down": {"uv": [5.25, 8.25, 5, 8.375], "texture": "#1"}
			}
		},
		{
			"from": [23, 5, 9],
			"to": [24, 7, 10],
			"rotation": {"angle": 0, "axis": "y", "origin": [8, 16, 8.5]},
			"faces": {
				"north": {"uv": [8.25, 5, 8.375, 5.25], "texture": "#1"},
				"east": {"uv": [5.25, 8.25, 5.375, 8.5], "texture": "#1"},
				"south": {"uv": [8.25, 5.25, 8.375, 5.5], "texture": "#1"},
				"west": {"uv": [5.375, 8.25, 5.5, 8.5], "texture": "#1"},
				"up": {"uv": [2.75, 8.875, 2.625, 8.75], "texture": "#1"},
				"down": {"uv": [8.875, 2.625, 8.75, 2.75], "texture": "#1"}
			}
		},
		{
			"from": [22, 23, 9],
			"to": [23, 24, 10],
			"rotation": {"angle": 0, "axis": "y", "origin": [8, 16, 8.5]},
			"faces": {
				"north": {"uv": [2.75, 8.75, 2.875, 8.875], "texture": "#1"},
				"east": {"uv": [8.75, 2.75, 8.875, 2.875], "texture": "#1"},
				"south": {"uv": [2.875, 8.75, 3, 8.875], "texture": "#1"},
				"west": {"uv": [8.75, 2.875, 8.875, 3], "texture": "#1"},
				"up": {"uv": [3.125, 8.875, 3, 8.75], "texture": "#1"},
				"down": {"uv": [8.875, 3, 8.75, 3.125], "texture": "#1"}
			}
		},
		{
			"from": [18, 0, 9],
			"to": [20, 1, 10],
			"rotation": {"angle": 0, "axis": "y", "origin": [8, 16, 8.5]},
			"faces": {
				"north": {"uv": [5.5, 8.25, 5.75, 8.375], "texture": "#1"},
				"east": {"uv": [3.125, 8.75, 3.25, 8.875], "texture": "#1"},
				"south": {"uv": [8.25, 5.75, 8.5, 5.875], "texture": "#1"},
				"west": {"uv": [8.75, 3.125, 8.875, 3.25], "texture": "#1"},
				"up": {"uv": [8.5, 6, 8.25, 5.875], "texture": "#1"},
				"down": {"uv": [8.5, 6, 8.25, 6.125], "texture": "#1"}
			}
		},
		{
			"from": [20, 26, 9],
			"to": [21, 27, 10],
			"rotation": {"angle": 0, "axis": "y", "origin": [8, 16, 8.5]},
			"faces": {
				"north": {"uv": [3.25, 8.75, 3.375, 8.875], "texture": "#1"},
				"east": {"uv": [8.75, 3.25, 8.875, 3.375], "texture": "#1"},
				"south": {"uv": [3.375, 8.75, 3.5, 8.875], "texture": "#1"},
				"west": {"uv": [8.75, 3.375, 8.875, 3.5], "texture": "#1"},
				"up": {"uv": [3.625, 8.875, 3.5, 8.75], "texture": "#1"},
				"down": {"uv": [8.875, 3.5, 8.75, 3.625], "texture": "#1"}
			}
		},
		{
			"from": [21, 24, 9],
			"to": [22, 26, 10],
			"rotation": {"angle": 0, "axis": "y", "origin": [8, 16, 8.5]},
			"faces": {
				"north": {"uv": [5.75, 8.25, 5.875, 8.5], "texture": "#1"},
				"east": {"uv": [6.125, 8.25, 6.25, 8.5], "texture": "#1"},
				"south": {"uv": [8.25, 6.125, 8.375, 6.375], "texture": "#1"},
				"west": {"uv": [6.25, 8.25, 6.375, 8.5], "texture": "#1"},
				"up": {"uv": [3.75, 8.875, 3.625, 8.75], "texture": "#1"},
				"down": {"uv": [8.875, 3.625, 8.75, 3.75], "texture": "#1"}
			}
		},
		{
			"from": [20, 1, 9],
			"to": [21, 2, 10],
			"rotation": {"angle": 0, "axis": "y", "origin": [8, 16, 8.5]},
			"faces": {
				"north": {"uv": [3.75, 8.75, 3.875, 8.875], "texture": "#1"},
				"east": {"uv": [8.75, 3.75, 8.875, 3.875], "texture": "#1"},
				"south": {"uv": [3.875, 8.75, 4, 8.875], "texture": "#1"},
				"west": {"uv": [8.75, 3.875, 8.875, 4], "texture": "#1"},
				"up": {"uv": [4.125, 8.875, 4, 8.75], "texture": "#1"},
				"down": {"uv": [8.875, 4, 8.75, 4.125], "texture": "#1"}
			}
		},
		{
			"from": [21, 2, 9],
			"to": [22, 4, 10],
			"rotation": {"angle": 0, "axis": "y", "origin": [8, 16, 8.5]},
			"faces": {
				"north": {"uv": [8.25, 6.375, 8.375, 6.625], "texture": "#1"},
				"east": {"uv": [8.25, 6.625, 8.375, 6.875], "texture": "#1"},
				"south": {"uv": [6.875, 8.25, 7, 8.5], "texture": "#1"},
				"west": {"uv": [8.25, 6.875, 8.375, 7.125], "texture": "#1"},
				"up": {"uv": [4.25, 8.875, 4.125, 8.75], "texture": "#1"},
				"down": {"uv": [8.875, 4.125, 8.75, 4.25], "texture": "#1"}
			}
		},
		{
			"from": [23, 21, 9],
			"to": [24, 23, 10],
			"rotation": {"angle": 0, "axis": "y", "origin": [8, 16, 8.5]},
			"faces": {
				"north": {"uv": [7, 8.25, 7.125, 8.5], "texture": "#1"},
				"east": {"uv": [7.125, 8.25, 7.25, 8.5], "texture": "#1"},
				"south": {"uv": [7.25, 8.25, 7.375, 8.5], "texture": "#1"},
				"west": {"uv": [7.375, 8.25, 7.5, 8.5], "texture": "#1"},
				"up": {"uv": [4.375, 8.875, 4.25, 8.75], "texture": "#1"},
				"down": {"uv": [8.875, 4.25, 8.75, 4.375], "texture": "#1"}
			}
		},
		{
			"from": [24, 7, 9],
			"to": [25, 10, 10],
			"rotation": {"angle": 0, "axis": "y", "origin": [8, 16, 8.5]},
			"faces": {
				"north": {"uv": [1.125, 7.75, 1.25, 8.125], "texture": "#1"},
				"east": {"uv": [1.25, 7.75, 1.375, 8.125], "texture": "#1"},
				"south": {"uv": [7.75, 1.25, 7.875, 1.625], "texture": "#1"},
				"west": {"uv": [1.375, 7.75, 1.5, 8.125], "texture": "#1"},
				"up": {"uv": [4.5, 8.875, 4.375, 8.75], "texture": "#1"},
				"down": {"uv": [8.875, 4.375, 8.75, 4.5], "texture": "#1"}
			}
		},
		{
			"from": [18, 27, 9],
			"to": [20, 28, 10],
			"rotation": {"angle": 0, "axis": "y", "origin": [8, 16, 8.5]},
			"faces": {
				"north": {"uv": [7.5, 8.25, 7.75, 8.375], "texture": "#1"},
				"east": {"uv": [4.5, 8.75, 4.625, 8.875], "texture": "#1"},
				"south": {"uv": [8.25, 7.625, 8.5, 7.75], "texture": "#1"},
				"west": {"uv": [8.75, 4.5, 8.875, 4.625], "texture": "#1"},
				"up": {"uv": [8, 8.375, 7.75, 8.25], "texture": "#1"},
				"down": {"uv": [8.5, 7.75, 8.25, 7.875], "texture": "#1"}
			}
		},
		{
			"from": [17, 28, 9],
			"to": [18, 29, 10],
			"rotation": {"angle": 0, "axis": "y", "origin": [8, 16, 8.5]},
			"faces": {
				"north": {"uv": [4.625, 8.75, 4.75, 8.875], "texture": "#1"},
				"east": {"uv": [8.75, 4.625, 8.875, 4.75], "texture": "#1"},
				"south": {"uv": [4.75, 8.75, 4.875, 8.875], "texture": "#1"},
				"west": {"uv": [8.75, 4.75, 8.875, 4.875], "texture": "#1"},
				"up": {"uv": [5, 8.875, 4.875, 8.75], "texture": "#1"},
				"down": {"uv": [8.875, 4.875, 8.75, 5], "texture": "#1"}
			}
		},
		{
			"from": [15, 29, 9],
			"to": [17, 30, 10],
			"rotation": {"angle": 0, "axis": "y", "origin": [8, 16, 8.5]},
			"faces": {
				"north": {"uv": [8.25, 7.875, 8.5, 8], "texture": "#1"},
				"east": {"uv": [5, 8.75, 5.125, 8.875], "texture": "#1"},
				"south": {"uv": [8, 8.25, 8.25, 8.375], "texture": "#1"},
				"west": {"uv": [8.75, 5, 8.875, 5.125], "texture": "#1"},
				"up": {"uv": [8.5, 8.125, 8.25, 8], "texture": "#1"},
				"down": {"uv": [8.5, 8.125, 8.25, 8.25], "texture": "#1"}
			}
		},
		{
			"from": [12, 30, 9],
			"to": [15, 31, 10],
			"rotation": {"angle": 0, "axis": "y", "origin": [8, 16, 8.5]},
			"faces": {
				"north": {"uv": [1.5, 7.75, 1.875, 7.875], "texture": "#1"},
				"east": {"uv": [5.125, 8.75, 5.25, 8.875], "texture": "#1"},
				"south": {"uv": [7.75, 1.625, 8.125, 1.75], "texture": "#1"},
				"west": {"uv": [8.75, 5.125, 8.875, 5.25], "texture": "#1"},
				"up": {"uv": [8.125, 1.875, 7.75, 1.75], "texture": "#1"},
				"down": {"uv": [2.25, 7.75, 1.875, 7.875], "texture": "#1"}
			}
		},
		{
			"from": [4, 31, 9],
			"to": [12, 32, 10],
			"rotation": {"angle": 0, "axis": "y", "origin": [8, 16, 8.5]},
			"faces": {
				"north": {"uv": [6.875, 0.5, 7.875, 0.625], "texture": "#1"},
				"east": {"uv": [5.25, 8.75, 5.375, 8.875], "texture": "#1"},
				"south": {"uv": [6.875, 0.625, 7.875, 0.75], "texture": "#1"},
				"west": {"uv": [8.75, 5.25, 8.875, 5.375], "texture": "#1"},
				"up": {"uv": [7.875, 0.875, 6.875, 0.75], "texture": "#1"},
				"down": {"uv": [7.875, 0.875, 6.875, 1], "texture": "#1"}
			}
		},
		{
			"from": [25, 10, 9],
			"to": [26, 18, 10],
			"rotation": {"angle": 0, "axis": "y", "origin": [8, 16, 8.5]},
			"faces": {
				"north": {"uv": [6.625, 6.75, 6.75, 7.75], "texture": "#1"},
				"east": {"uv": [6.875, 2.25, 7, 3.25], "texture": "#1"},
				"south": {"uv": [6.875, 3.25, 7, 4.25], "texture": "#1"},
				"west": {"uv": [6.875, 4.25, 7, 5.25], "texture": "#1"},
				"up": {"uv": [5.5, 8.875, 5.375, 8.75], "texture": "#1"},
				"down": {"uv": [8.875, 5.375, 8.75, 5.5], "texture": "#1"}
			}
		},
		{
			"from": [4, -4, 8],
			"to": [12, 32, 9],
			"rotation": {"angle": 0, "axis": "y", "origin": [8, 16, 8]},
			"faces": {
				"north": {"uv": [0, 0, 1, 4.5], "texture": "#1"},
				"east": {"uv": [2.25, 4.25, 2.375, 8.75], "texture": "#1"},
				"south": {"uv": [1, 0, 2, 4.5], "texture": "#1"},
				"west": {"uv": [2.375, 4.25, 2.5, 8.75], "texture": "#1"},
				"up": {"uv": [7.875, 1.125, 6.875, 1], "texture": "#1"},
				"down": {"uv": [7.875, 1.125, 6.875, 1.25], "texture": "#1"}
			}
		},
		{
			"from": [12, -3, 8],
			"to": [15, 31, 9],
			"faces": {
				"north": {"uv": [2, 0, 2.375, 4.25], "texture": "#1"},
				"east": {"uv": [2.5, 4.25, 2.625, 8.5], "texture": "#1"},
				"south": {"uv": [2.375, 0, 2.75, 4.25], "texture": "#1"},
				"west": {"uv": [2.625, 4.25, 2.75, 8.5], "texture": "#1"},
				"up": {"uv": [8.125, 2, 7.75, 1.875], "texture": "#1"},
				"down": {"uv": [8.125, 3, 7.75, 3.125], "texture": "#1"}
			}
		},
		{
			"from": [1, -3, 8],
			"to": [4, 31, 9],
			"faces": {
				"north": {"uv": [2.75, 0, 3.125, 4.25], "texture": "#1"},
				"east": {"uv": [2.75, 4.25, 2.875, 8.5], "texture": "#1"},
				"south": {"uv": [3.125, 0, 3.5, 4.25], "texture": "#1"},
				"west": {"uv": [2.875, 4.25, 3, 8.5], "texture": "#1"},
				"up": {"uv": [8.125, 3.25, 7.75, 3.125], "texture": "#1"},
				"down": {"uv": [8.125, 3.25, 7.75, 3.375], "texture": "#1"}
			}
		},
		{
			"from": [17, -1, 8],
			"to": [18, 29, 9],
			"faces": {
				"north": {"uv": [4.25, 3.5, 4.375, 7.25], "texture": "#1"},
				"east": {"uv": [4.375, 3.5, 4.5, 7.25], "texture": "#1"},
				"south": {"uv": [0, 4.5, 0.125, 8.25], "texture": "#1"},
				"west": {"uv": [4.5, 0, 4.625, 3.75], "texture": "#1"},
				"up": {"uv": [5.625, 8.875, 5.5, 8.75], "texture": "#1"},
				"down": {"uv": [8.875, 5.5, 8.75, 5.625], "texture": "#1"}
			}
		},
		{
			"from": [-2, -1, 8],
			"to": [-1, 29, 9],
			"faces": {
				"north": {"uv": [0.125, 4.5, 0.25, 8.25], "texture": "#1"},
				"east": {"uv": [0.25, 4.5, 0.375, 8.25], "texture": "#1"},
				"south": {"uv": [0.375, 4.5, 0.5, 8.25], "texture": "#1"},
				"west": {"uv": [0.5, 4.5, 0.625, 8.25], "texture": "#1"},
				"up": {"uv": [5.75, 8.875, 5.625, 8.75], "texture": "#1"},
				"down": {"uv": [8.875, 5.625, 8.75, 5.75], "texture": "#1"}
			}
		},
		{
			"from": [18, 0, 8],
			"to": [20, 28, 9],
			"faces": {
				"north": {"uv": [3.75, 4, 4, 7.5], "texture": "#1"},
				"east": {"uv": [0.625, 4.5, 0.75, 8], "texture": "#1"},
				"south": {"uv": [4, 4, 4.25, 7.5], "texture": "#1"},
				"west": {"uv": [0.75, 4.5, 0.875, 8], "texture": "#1"},
				"up": {"uv": [8.5, 8.375, 8.25, 8.25], "texture": "#1"},
				"down": {"uv": [0.25, 8.375, 0, 8.5], "texture": "#1"}
			}
		},
		{
			"from": [20, 1, 8],
			"to": [21, 27, 9],
			"faces": {
				"north": {"uv": [1.125, 4.5, 1.25, 7.75], "texture": "#1"},
				"east": {"uv": [1.25, 4.5, 1.375, 7.75], "texture": "#1"},
				"south": {"uv": [1.375, 4.5, 1.5, 7.75], "texture": "#1"},
				"west": {"uv": [1.5, 4.5, 1.625, 7.75], "texture": "#1"},
				"up": {"uv": [5.875, 8.875, 5.75, 8.75], "texture": "#1"},
				"down": {"uv": [8.875, 5.75, 8.75, 5.875], "texture": "#1"}
			}
		},
		{
			"from": [15, -2, 8],
			"to": [17, 30, 9],
			"faces": {
				"north": {"uv": [3.5, 0, 3.75, 4], "texture": "#1"},
				"east": {"uv": [3, 4.25, 3.125, 8.25], "texture": "#1"},
				"south": {"uv": [3.75, 0, 4, 4], "texture": "#1"},
				"west": {"uv": [3.125, 4.25, 3.25, 8.25], "texture": "#1"},
				"up": {"uv": [8.625, 0.125, 8.375, 0], "texture": "#1"},
				"down": {"uv": [8.625, 0.125, 8.375, 0.25], "texture": "#1"}
			}
		},
		{
			"from": [-5, 1, 8],
			"to": [-4, 27, 9],
			"faces": {
				"north": {"uv": [1.625, 4.5, 1.75, 7.75], "texture": "#1"},
				"east": {"uv": [1.75, 4.5, 1.875, 7.75], "texture": "#1"},
				"south": {"uv": [1.875, 4.5, 2, 7.75], "texture": "#1"},
				"west": {"uv": [4.5, 3.75, 4.625, 7], "texture": "#1"},
				"up": {"uv": [6, 8.875, 5.875, 8.75], "texture": "#1"},
				"down": {"uv": [8.875, 5.875, 8.75, 6], "texture": "#1"}
			}
		},
		{
			"from": [-1, -2, 8],
			"to": [1, 30, 9],
			"faces": {
				"north": {"uv": [4, 0, 4.25, 4], "texture": "#1"},
				"east": {"uv": [3.25, 4.25, 3.375, 8.25], "texture": "#1"},
				"south": {"uv": [3.5, 4, 3.75, 8], "texture": "#1"},
				"west": {"uv": [3.375, 4.25, 3.5, 8.25], "texture": "#1"},
				"up": {"uv": [0.5, 8.5, 0.25, 8.375], "texture": "#1"},
				"down": {"uv": [8.625, 0.25, 8.375, 0.375], "texture": "#1"}
			}
		},
		{
			"from": [-4, 0, 8],
			"to": [-2, 28, 9],
			"faces": {
				"north": {"uv": [4.25, 0, 4.5, 3.5], "texture": "#1"},
				"east": {"uv": [0.875, 4.5, 1, 8], "texture": "#1"},
				"south": {"uv": [2, 4.25, 2.25, 7.75], "texture": "#1"},
				"west": {"uv": [1, 4.5, 1.125, 8], "texture": "#1"},
				"up": {"uv": [0.875, 8.5, 0.625, 8.375], "texture": "#1"},
				"down": {"uv": [8.625, 0.625, 8.375, 0.75], "texture": "#1"}
			}
		},
		{
			"from": [21, 2, 8],
			"to": [22, 26, 9],
			"faces": {
				"north": {"uv": [4.625, 0, 4.75, 3], "texture": "#1"},
				"east": {"uv": [4.625, 3, 4.75, 6], "texture": "#1"},
				"south": {"uv": [4.75, 0, 4.875, 3], "texture": "#1"},
				"west": {"uv": [4.75, 3, 4.875, 6], "texture": "#1"},
				"up": {"uv": [6.125, 8.875, 6, 8.75], "texture": "#1"},
				"down": {"uv": [8.875, 6, 8.75, 6.125], "texture": "#1"}
			}
		},
		{
			"from": [-6, 2, 8],
			"to": [-5, 26, 9],
			"faces": {
				"north": {"uv": [4.875, 0, 5, 3], "texture": "#1"},
				"east": {"uv": [4.875, 3, 5, 6], "texture": "#1"},
				"south": {"uv": [5, 0, 5.125, 3], "texture": "#1"},
				"west": {"uv": [5, 3, 5.125, 6], "texture": "#1"},
				"up": {"uv": [6.25, 8.875, 6.125, 8.75], "texture": "#1"},
				"down": {"uv": [8.875, 6.125, 8.75, 6.25], "texture": "#1"}
			}
		},
		{
			"from": [22, 4, 8],
			"to": [23, 24, 9],
			"faces": {
				"north": {"uv": [5.125, 0, 5.25, 2.5], "texture": "#1"},
				"east": {"uv": [5.125, 2.5, 5.25, 5], "texture": "#1"},
				"south": {"uv": [5.125, 5, 5.25, 7.5], "texture": "#1"},
				"west": {"uv": [5.25, 0, 5.375, 2.5], "texture": "#1"},
				"up": {"uv": [6.375, 8.875, 6.25, 8.75], "texture": "#1"},
				"down": {"uv": [8.875, 6.25, 8.75, 6.375], "texture": "#1"}
			}
		},
		{
			"from": [-8, 5, 8],
			"to": [-7, 23, 9],
			"faces": {
				"north": {"uv": [5.375, 5, 5.5, 7.25], "texture": "#1"},
				"east": {"uv": [5.5, 0, 5.625, 2.25], "texture": "#1"},
				"south": {"uv": [5.5, 2.25, 5.625, 4.5], "texture": "#1"},
				"west": {"uv": [5.5, 4.5, 5.625, 6.75], "texture": "#1"},
				"up": {"uv": [6.5, 8.875, 6.375, 8.75], "texture": "#1"},
				"down": {"uv": [8.875, 6.375, 8.75, 6.5], "texture": "#1"}
			}
		},
		{
			"from": [-7, 4, 8],
			"to": [-6, 24, 9],
			"faces": {
				"north": {"uv": [5.25, 2.5, 5.375, 5], "texture": "#1"},
				"east": {"uv": [5.25, 5, 5.375, 7.5], "texture": "#1"},
				"south": {"uv": [5.375, 0, 5.5, 2.5], "texture": "#1"},
				"west": {"uv": [5.375, 2.5, 5.5, 5], "texture": "#1"},
				"up": {"uv": [6.625, 8.875, 6.5, 8.75], "texture": "#1"},
				"down": {"uv": [8.875, 6.5, 8.75, 6.625], "texture": "#1"}
			}
		},
		{
			"from": [23, 5, 8],
			"to": [24, 23, 9],
			"faces": {
				"north": {"uv": [5.625, 0, 5.75, 2.25], "texture": "#1"},
				"east": {"uv": [5.625, 2.25, 5.75, 4.5], "texture": "#1"},
				"south": {"uv": [5.625, 4.5, 5.75, 6.75], "texture": "#1"},
				"west": {"uv": [5.75, 0, 5.875, 2.25], "texture": "#1"},
				"up": {"uv": [6.75, 8.875, 6.625, 8.75], "texture": "#1"},
				"down": {"uv": [8.875, 6.625, 8.75, 6.75], "texture": "#1"}
			}
		},
		{
			"from": [24, 7, 8],
			"to": [25, 21, 9],
			"faces": {
				"north": {"uv": [5.75, 2.25, 5.875, 4], "texture": "#1"},
				"east": {"uv": [5.75, 4, 5.875, 5.75], "texture": "#1"},
				"south": {"uv": [5.75, 5.75, 5.875, 7.5], "texture": "#1"},
				"west": {"uv": [5.875, 0, 6, 1.75], "texture": "#1"},
				"up": {"uv": [6.875, 8.875, 6.75, 8.75], "texture": "#1"},
				"down": {"uv": [8.875, 6.75, 8.75, 6.875], "texture": "#1"}
			}
		},
		{
			"from": [25, 10, 8],
			"to": [26, 18, 9],
			"faces": {
				"north": {"uv": [6.875, 6.25, 7, 7.25], "texture": "#1"},
				"east": {"uv": [7, 2.25, 7.125, 3.25], "texture": "#1"},
				"south": {"uv": [7, 3.25, 7.125, 4.25], "texture": "#1"},
				"west": {"uv": [7, 4.25, 7.125, 5.25], "texture": "#1"},
				"up": {"uv": [7, 8.875, 6.875, 8.75], "texture": "#1"},
				"down": {"uv": [8.875, 6.875, 8.75, 7], "texture": "#1"}
			}
		},
		{
			"from": [-10, 10, 8],
			"to": [-9, 18, 9],
			"faces": {
				"north": {"uv": [4.5, 7, 4.625, 8], "texture": "#1"},
				"east": {"uv": [5, 7, 5.125, 8], "texture": "#1"},
				"south": {"uv": [5.875, 7, 6, 8], "texture": "#1"},
				"west": {"uv": [6, 7, 6.125, 8], "texture": "#1"},
				"up": {"uv": [7.125, 8.875, 7, 8.75], "texture": "#1"},
				"down": {"uv": [8.875, 7, 8.75, 7.125], "texture": "#1"}
			}
		},
		{
			"from": [-9, 7, 8],
			"to": [-8, 21, 9],
			"faces": {
				"north": {"uv": [5.875, 1.75, 6, 3.5], "texture": "#1"},
				"east": {"uv": [5.875, 3.5, 6, 5.25], "texture": "#1"},
				"south": {"uv": [5.875, 5.25, 6, 7], "texture": "#1"},
				"west": {"uv": [6, 0, 6.125, 1.75], "texture": "#1"},
				"up": {"uv": [7.25, 8.875, 7.125, 8.75], "texture": "#1"},
				"down": {"uv": [8.875, 7.125, 8.75, 7.25], "texture": "#1"}
			}
		},
		{
			"from": [-2, 18, 9],
			"to": [0, 20, 10],
			"faces": {
				"north": {"uv": [6.125, 1.5, 6.375, 1.75], "texture": "#1"},
				"east": {"uv": [8.375, 0.75, 8.5, 1], "texture": "#1"},
				"south": {"uv": [6.875, 1.25, 7.125, 1.5], "texture": "#1"},
				"west": {"uv": [0.875, 8.375, 1, 8.625], "texture": "#1"},
				"up": {"uv": [1.25, 8.5, 1, 8.375], "texture": "#1"},
				"down": {"uv": [8.625, 1, 8.375, 1.125], "texture": "#1"}
			}
		},
		{
			"from": [2, 18, 9],
			"to": [4, 20, 10],
			"faces": {
				"north": {"uv": [6.125, 7, 6.375, 7.25], "texture": "#1"},
				"east": {"uv": [8.375, 1.125, 8.5, 1.375], "texture": "#1"},
				"south": {"uv": [7, 6.25, 7.25, 6.5], "texture": "#1"},
				"west": {"uv": [1.25, 8.375, 1.375, 8.625], "texture": "#1"},
				"up": {"uv": [1.625, 8.5, 1.375, 8.375], "texture": "#1"},
				"down": {"uv": [1.875, 8.375, 1.625, 8.5], "texture": "#1"}
			}
		},
		{
			"from": [4, 18, 9],
			"to": [6, 20, 10],
			"faces": {
				"north": {"uv": [7, 6.5, 7.25, 6.75], "texture": "#1"},
				"east": {"uv": [8.375, 2, 8.5, 2.25], "texture": "#1"},
				"south": {"uv": [7, 6.75, 7.25, 7], "texture": "#1"},
				"west": {"uv": [8.375, 2.25, 8.5, 2.5], "texture": "#1"},
				"up": {"uv": [8.625, 1.75, 8.375, 1.625], "texture": "#1"},
				"down": {"uv": [8.625, 2.5, 8.375, 2.625], "texture": "#1"}
			}
		},
		{
			"from": [11, 18, 9],
			"to": [13, 20, 10],
			"faces": {
				"north": {"uv": [7, 7, 7.25, 7.25], "texture": "#1"},
				"east": {"uv": [8.375, 2.625, 8.5, 2.875], "texture": "#1"},
				"south": {"uv": [7.125, 1.25, 7.375, 1.5], "texture": "#1"},
				"west": {"uv": [8.375, 2.875, 8.5, 3.125], "texture": "#1"},
				"up": {"uv": [8.625, 3.25, 8.375, 3.125], "texture": "#1"},
				"down": {"uv": [8.625, 3.25, 8.375, 3.375], "texture": "#1"}
			}
		},
		{
			"from": [2, 14, 9],
			"to": [4, 16, 10],
			"faces": {
				"north": {"uv": [7.125, 1.5, 7.375, 1.75], "texture": "#1"},
				"east": {"uv": [8.375, 3.5, 8.5, 3.75], "texture": "#1"},
				"south": {"uv": [7.125, 1.75, 7.375, 2], "texture": "#1"},
				"west": {"uv": [3.625, 8.375, 3.75, 8.625], "texture": "#1"},
				"up": {"uv": [4.25, 8.5, 4, 8.375], "texture": "#1"},
				"down": {"uv": [4.5, 8.375, 4.25, 8.5], "texture": "#1"}
			}
		},
		{
			"from": [2, 8, 9],
			"to": [4, 10, 10],
			"faces": {
				"north": {"uv": [7.125, 2, 7.375, 2.25], "texture": "#1"},
				"east": {"uv": [3.75, 8.375, 3.875, 8.625], "texture": "#1"},
				"south": {"uv": [7.125, 2.25, 7.375, 2.5], "texture": "#1"},
				"west": {"uv": [8.375, 4.25, 8.5, 4.5], "texture": "#1"},
				"up": {"uv": [8.625, 4.625, 8.375, 4.5], "texture": "#1"},
				"down": {"uv": [4.875, 8.375, 4.625, 8.5], "texture": "#1"}
			}
		},
		{
			"from": [13, 18, 9],
			"to": [15, 20, 10],
			"faces": {
				"north": {"uv": [7.125, 2.5, 7.375, 2.75], "texture": "#1"},
				"east": {"uv": [4.875, 8.375, 5, 8.625], "texture": "#1"},
				"south": {"uv": [7.125, 2.75, 7.375, 3], "texture": "#1"},
				"west": {"uv": [5, 8.375, 5.125, 8.625], "texture": "#1"},
				"up": {"uv": [8.625, 4.75, 8.375, 4.625], "texture": "#1"},
				"down": {"uv": [8.625, 5, 8.375, 5.125], "texture": "#1"}
			}
		},
		{
			"from": [6, 18, 9],
			"to": [8, 20, 10],
			"faces": {
				"north": {"uv": [7.125, 3, 7.375, 3.25], "texture": "#1"},
				"east": {"uv": [5.125, 8.375, 5.25, 8.625], "texture": "#1"},
				"south": {"uv": [7.125, 3.25, 7.375, 3.5], "texture": "#1"},
				"west": {"uv": [8.375, 5.125, 8.5, 5.375], "texture": "#1"},
				"up": {"uv": [8.625, 5.5, 8.375, 5.375], "texture": "#1"},
				"down": {"uv": [5.75, 8.375, 5.5, 8.5], "texture": "#1"}
			}
		},
		{
			"from": [10, 12, 9],
			"to": [12, 14, 10],
			"faces": {
				"north": {"uv": [7.125, 3.5, 7.375, 3.75], "texture": "#1"},
				"east": {"uv": [8.375, 5.5, 8.5, 5.75], "texture": "#1"},
				"south": {"uv": [7.125, 3.75, 7.375, 4], "texture": "#1"},
				"west": {"uv": [5.875, 8.375, 6, 8.625], "texture": "#1"},
				"up": {"uv": [8.625, 6.25, 8.375, 6.125], "texture": "#1"},
				"down": {"uv": [8.625, 6.25, 8.375, 6.375], "texture": "#1"}
			}
		},
		{
			"from": [15, 18, 9],
			"to": [17, 20, 10],
			"faces": {
				"north": {"uv": [7.125, 4, 7.375, 4.25], "texture": "#1"},
				"east": {"uv": [6, 8.375, 6.125, 8.625], "texture": "#1"},
				"south": {"uv": [7.125, 4.25, 7.375, 4.5], "texture": "#1"},
				"west": {"uv": [6.375, 8.375, 6.5, 8.625], "texture": "#1"},
				"up": {"uv": [8.625, 6.5, 8.375, 6.375], "texture": "#1"},
				"down": {"uv": [6.75, 8.375, 6.5, 8.5], "texture": "#1"}
			}
		},
		{
			"from": [10, 10, 9],
			"to": [12, 12, 10],
			"faces": {
				"north": {"uv": [7.125, 4.5, 7.375, 4.75], "texture": "#1"},
				"east": {"uv": [8.375, 6.5, 8.5, 6.75], "texture": "#1"},
				"south": {"uv": [7.125, 4.75, 7.375, 5], "texture": "#1"},
				"west": {"uv": [6.75, 8.375, 6.875, 8.625], "texture": "#1"},
				"up": {"uv": [8.625, 6.875, 8.375, 6.75], "texture": "#1"},
				"down": {"uv": [8.625, 6.875, 8.375, 7], "texture": "#1"}
			}
		},
		{
			"from": [11, 8, 9],
			"to": [13, 10, 10],
			"faces": {
				"north": {"uv": [7.125, 5, 7.375, 5.25], "texture": "#1"},
				"east": {"uv": [8.375, 7, 8.5, 7.25], "texture": "#1"},
				"south": {"uv": [4.25, 7.25, 4.5, 7.5], "texture": "#1"},
				"west": {"uv": [8.375, 7.25, 8.5, 7.5], "texture": "#1"},
				"up": {"uv": [7.75, 8.5, 7.5, 8.375], "texture": "#1"},
				"down": {"uv": [8.625, 7.5, 8.375, 7.625], "texture": "#1"}
			}
		},
		{
			"from": [13, 8, 9],
			"to": [15, 10, 10],
			"faces": {
				"north": {"uv": [6.125, 7.25, 6.375, 7.5], "texture": "#1"},
				"east": {"uv": [7.75, 8.375, 7.875, 8.625], "texture": "#1"},
				"south": {"uv": [7.25, 6.25, 7.5, 6.5], "texture": "#1"},
				"west": {"uv": [7.875, 8.375, 8, 8.625], "texture": "#1"},
				"up": {"uv": [8.25, 8.5, 8, 8.375], "texture": "#1"},
				"down": {"uv": [8.5, 8.375, 8.25, 8.5], "texture": "#1"}
			}
		},
		{
			"from": [16, 10, 9],
			"to": [18, 12, 10],
			"faces": {
				"north": {"uv": [7.25, 6.5, 7.5, 6.75], "texture": "#1"},
				"east": {"uv": [0, 8.5, 0.125, 8.75], "texture": "#1"},
				"south": {"uv": [6.75, 7.25, 7, 7.5], "texture": "#1"},
				"west": {"uv": [0.125, 8.5, 0.25, 8.75], "texture": "#1"},
				"up": {"uv": [0.5, 8.625, 0.25, 8.5], "texture": "#1"},
				"down": {"uv": [8.75, 0.375, 8.5, 0.5], "texture": "#1"}
			}
		},
		{
			"from": [10, 16, 9],
			"to": [12, 18, 10],
			"faces": {
				"north": {"uv": [7.25, 6.75, 7.5, 7], "texture": "#1"},
				"east": {"uv": [0.5, 8.5, 0.625, 8.75], "texture": "#1"},
				"south": {"uv": [7, 7.25, 7.25, 7.5], "texture": "#1"},
				"west": {"uv": [0.625, 8.5, 0.75, 8.75], "texture": "#1"},
				"up": {"uv": [8.75, 0.625, 8.5, 0.5], "texture": "#1"},
				"down": {"uv": [8.75, 0.75, 8.5, 0.875], "texture": "#1"}
			}
		},
		{
			"from": [15, 8, 9],
			"to": [17, 10, 10],
			"faces": {
				"north": {"uv": [7.25, 7, 7.5, 7.25], "texture": "#1"},
				"east": {"uv": [0.75, 8.5, 0.875, 8.75], "texture": "#1"},
				"south": {"uv": [7.25, 7.25, 7.5, 7.5], "texture": "#1"},
				"west": {"uv": [1, 8.5, 1.125, 8.75], "texture": "#1"},
				"up": {"uv": [8.75, 1, 8.5, 0.875], "texture": "#1"},
				"down": {"uv": [8.75, 1.125, 8.5, 1.25], "texture": "#1"}
			}
		},
		{
			"from": [10, 14, 9],
			"to": [12, 16, 10],
			"faces": {
				"north": {"uv": [7.375, 1.25, 7.625, 1.5], "texture": "#1"},
				"east": {"uv": [1.125, 8.5, 1.25, 8.75], "texture": "#1"},
				"south": {"uv": [7.375, 1.5, 7.625, 1.75], "texture": "#1"},
				"west": {"uv": [8.5, 1.25, 8.625, 1.5], "texture": "#1"},
				"up": {"uv": [1.625, 8.625, 1.375, 8.5], "texture": "#1"},
				"down": {"uv": [8.75, 1.5, 8.5, 1.625], "texture": "#1"}
			}
		},
		{
			"from": [16, 16, 9],
			"to": [18, 18, 10],
			"faces": {
				"north": {"uv": [7.375, 1.75, 7.625, 2], "texture": "#1"},
				"east": {"uv": [1.625, 8.5, 1.75, 8.75], "texture": "#1"},
				"south": {"uv": [7.375, 2, 7.625, 2.25], "texture": "#1"},
				"west": {"uv": [1.75, 8.5, 1.875, 8.75], "texture": "#1"},
				"up": {"uv": [8.75, 1.875, 8.5, 1.75], "texture": "#1"},
				"down": {"uv": [2.125, 8.5, 1.875, 8.625], "texture": "#1"}
			}
		},
		{
			"from": [0, 18, 9],
			"to": [2, 20, 10],
			"faces": {
				"north": {"uv": [7.375, 2.25, 7.625, 2.5], "texture": "#1"},
				"east": {"uv": [8.5, 1.875, 8.625, 2.125], "texture": "#1"},
				"south": {"uv": [7.375, 2.5, 7.625, 2.75], "texture": "#1"},
				"west": {"uv": [2.125, 8.5, 2.25, 8.75], "texture": "#1"},
				"up": {"uv": [8.75, 2.25, 8.5, 2.125], "texture": "#1"},
				"down": {"uv": [8.75, 2.25, 8.5, 2.375], "texture": "#1"}
			}
		},
		{
			"from": [2, 12, 9],
			"to": [4, 14, 10],
			"faces": {
				"north": {"uv": [7.375, 2.75, 7.625, 3], "texture": "#1"},
				"east": {"uv": [2.5, 8.5, 2.625, 8.75], "texture": "#1"},
				"south": {"uv": [7.375, 3, 7.625, 3.25], "texture": "#1"},
				"west": {"uv": [2.625, 8.5, 2.75, 8.75], "texture": "#1"},
				"up": {"uv": [8.75, 2.5, 8.5, 2.375], "texture": "#1"},
				"down": {"uv": [8.75, 2.625, 8.5, 2.75], "texture": "#1"}
			}
		},
		{
			"from": [2, 10, 9],
			"to": [4, 12, 10],
			"faces": {
				"north": {"uv": [7.375, 3.25, 7.625, 3.5], "texture": "#1"},
				"east": {"uv": [2.75, 8.5, 2.875, 8.75], "texture": "#1"},
				"south": {"uv": [7.375, 3.5, 7.625, 3.75], "texture": "#1"},
				"west": {"uv": [8.5, 2.75, 8.625, 3], "texture": "#1"},
				"up": {"uv": [3.125, 8.625, 2.875, 8.5], "texture": "#1"},
				"down": {"uv": [8.75, 3, 8.5, 3.125], "texture": "#1"}
			}
		},
		{
			"from": [2, 16, 9],
			"to": [4, 18, 10],
			"faces": {
				"north": {"uv": [7.375, 3.75, 7.625, 4], "texture": "#1"},
				"east": {"uv": [3.125, 8.5, 3.25, 8.75], "texture": "#1"},
				"south": {"uv": [7.375, 4, 7.625, 4.25], "texture": "#1"},
				"west": {"uv": [3.25, 8.5, 3.375, 8.75], "texture": "#1"},
				"up": {"uv": [3.625, 8.625, 3.375, 8.5], "texture": "#1"},
				"down": {"uv": [8.75, 3.375, 8.5, 3.5], "texture": "#1"}
			}
		},
		{
			"from": [14, 19, 7],
			"to": [17, 22, 8],
			"faces": {
				"north": {"uv": [6, 1.75, 6.375, 2.125], "texture": "#1"},
				"east": {"uv": [7.75, 3.375, 7.875, 3.75], "texture": "#1"},
				"south": {"uv": [6, 2.125, 6.375, 2.5], "texture": "#1"},
				"west": {"uv": [7.75, 3.75, 7.875, 4.125], "texture": "#1"},
				"up": {"uv": [8.125, 4.375, 7.75, 4.25], "texture": "#1"},
				"down": {"uv": [8.125, 4.375, 7.75, 4.5], "texture": "#1"}
			}
		},
		{
			"from": [11, 10, 7],
			"to": [14, 13, 8],
			"faces": {
				"north": {"uv": [6, 2.5, 6.375, 2.875], "texture": "#1"},
				"east": {"uv": [4.625, 7.75, 4.75, 8.125], "texture": "#1"},
				"south": {"uv": [6, 2.875, 6.375, 3.25], "texture": "#1"},
				"west": {"uv": [4.75, 7.75, 4.875, 8.125], "texture": "#1"},
				"up": {"uv": [8.125, 4.625, 7.75, 4.5], "texture": "#1"},
				"down": {"uv": [8.125, 4.625, 7.75, 4.75], "texture": "#1"}
			}
		},
		{
			"from": [2, 10, 7],
			"to": [5, 13, 8],
			"faces": {
				"north": {"uv": [6, 3.25, 6.375, 3.625], "texture": "#1"},
				"east": {"uv": [4.875, 7.75, 5, 8.125], "texture": "#1"},
				"south": {"uv": [6, 3.625, 6.375, 4], "texture": "#1"},
				"west": {"uv": [7.75, 5.125, 7.875, 5.5], "texture": "#1"},
				"up": {"uv": [8.125, 5.625, 7.75, 5.5], "texture": "#1"},
				"down": {"uv": [8.125, 5.625, 7.75, 5.75], "texture": "#1"}
			}
		},
		{
			"from": [8, 7, 7],
			"to": [11, 10, 8],
			"faces": {
				"north": {"uv": [6, 4, 6.375, 4.375], "texture": "#1"},
				"east": {"uv": [5.5, 7.75, 5.625, 8.125], "texture": "#1"},
				"south": {"uv": [6, 4.375, 6.375, 4.75], "texture": "#1"},
				"west": {"uv": [5.625, 7.75, 5.75, 8.125], "texture": "#1"},
				"up": {"uv": [8.125, 5.875, 7.75, 5.75], "texture": "#1"},
				"down": {"uv": [8.125, 5.875, 7.75, 6], "texture": "#1"}
			}
		},
		{
			"from": [5, 7, 7],
			"to": [8, 10, 8],
			"faces": {
				"north": {"uv": [4.625, 6, 5, 6.375], "texture": "#1"},
				"east": {"uv": [6.375, 7.75, 6.5, 8.125], "texture": "#1"},
				"south": {"uv": [6, 4.75, 6.375, 5.125], "texture": "#1"},
				"west": {"uv": [6.5, 7.75, 6.625, 8.125], "texture": "#1"},
				"up": {"uv": [8.125, 6.125, 7.75, 6], "texture": "#1"},
				"down": {"uv": [8.125, 6.125, 7.75, 6.25], "texture": "#1"}
			}
		},
		{
			"from": [2, 7, 7],
			"to": [5, 10, 8],
			"faces": {
				"north": {"uv": [6, 5.125, 6.375, 5.5], "texture": "#1"},
				"east": {"uv": [6.625, 7.75, 6.75, 8.125], "texture": "#1"},
				"south": {"uv": [6, 5.5, 6.375, 5.875], "texture": "#1"},
				"west": {"uv": [6.75, 7.75, 6.875, 8.125], "texture": "#1"},
				"up": {"uv": [8.125, 7.25, 7.75, 7.125], "texture": "#1"},
				"down": {"uv": [8.125, 7.25, 7.75, 7.375], "texture": "#1"}
			}
		},
		{
			"from": [2, 4, 7],
			"to": [5, 7, 8],
			"faces": {
				"north": {"uv": [6, 5.875, 6.375, 6.25], "texture": "#1"},
				"east": {"uv": [6.875, 7.75, 7, 8.125], "texture": "#1"},
				"south": {"uv": [6.125, 0, 6.5, 0.375], "texture": "#1"},
				"west": {"uv": [7, 7.75, 7.125, 8.125], "texture": "#1"},
				"up": {"uv": [8.125, 7.5, 7.75, 7.375], "texture": "#1"},
				"down": {"uv": [8.125, 7.5, 7.75, 7.625], "texture": "#1"}
			}
		},
		{
			"from": [11, 4, 7],
			"to": [14, 7, 8],
			"faces": {
				"north": {"uv": [6.125, 0.375, 6.5, 0.75], "texture": "#1"},
				"east": {"uv": [7.75, 7.625, 7.875, 8], "texture": "#1"},
				"south": {"uv": [6.125, 0.75, 6.5, 1.125], "texture": "#1"},
				"west": {"uv": [7.875, 0, 8, 0.375], "texture": "#1"},
				"up": {"uv": [8.25, 0.5, 7.875, 0.375], "texture": "#1"},
				"down": {"uv": [8.25, 0.5, 7.875, 0.625], "texture": "#1"}
			}
		},
		{
			"from": [11, 7, 7],
			"to": [14, 10, 8],
			"faces": {
				"north": {"uv": [6.125, 1.125, 6.5, 1.5], "texture": "#1"},
				"east": {"uv": [7.875, 0.625, 8, 1], "texture": "#1"},
				"south": {"uv": [6, 6.25, 6.375, 6.625], "texture": "#1"},
				"west": {"uv": [7.875, 1, 8, 1.375], "texture": "#1"},
				"up": {"uv": [8.25, 1.5, 7.875, 1.375], "texture": "#1"},
				"down": {"uv": [1.875, 7.875, 1.5, 8], "texture": "#1"}
			}
		},
		{
			"from": [8, 13, 7],
			"to": [11, 16, 8],
			"faces": {
				"north": {"uv": [6.375, 1.5, 6.75, 1.875], "texture": "#1"},
				"east": {"uv": [1.875, 7.875, 2, 8.25], "texture": "#1"},
				"south": {"uv": [6.375, 1.875, 6.75, 2.25], "texture": "#1"},
				"west": {"uv": [2, 7.875, 2.125, 8.25], "texture": "#1"},
				"up": {"uv": [8.25, 1.625, 7.875, 1.5], "texture": "#1"},
				"down": {"uv": [8.25, 3.375, 7.875, 3.5], "texture": "#1"}
			}
		},
		{
			"from": [5, 13, 7],
			"to": [8, 16, 8],
			"faces": {
				"north": {"uv": [6.375, 2.25, 6.75, 2.625], "texture": "#1"},
				"east": {"uv": [2.125, 7.875, 2.25, 8.25], "texture": "#1"},
				"south": {"uv": [6.375, 2.625, 6.75, 3], "texture": "#1"},
				"west": {"uv": [7.875, 3.5, 8, 3.875], "texture": "#1"},
				"up": {"uv": [8.25, 4, 7.875, 3.875], "texture": "#1"},
				"down": {"uv": [8.25, 4, 7.875, 4.125], "texture": "#1"}
			}
		},
		{
			"from": [5, 10, 7],
			"to": [8, 13, 8],
			"faces": {
				"north": {"uv": [6.375, 3, 6.75, 3.375], "texture": "#1"},
				"east": {"uv": [3.75, 7.875, 3.875, 8.25], "texture": "#1"},
				"south": {"uv": [6.375, 3.375, 6.75, 3.75], "texture": "#1"},
				"west": {"uv": [3.875, 7.875, 4, 8.25], "texture": "#1"},
				"up": {"uv": [8.25, 4.875, 7.875, 4.75], "texture": "#1"},
				"down": {"uv": [8.25, 4.875, 7.875, 5], "texture": "#1"}
			}
		},
		{
			"from": [8, 10, 7],
			"to": [11, 13, 8],
			"faces": {
				"north": {"uv": [6.375, 3.75, 6.75, 4.125], "texture": "#1"},
				"east": {"uv": [4.375, 7.875, 4.5, 8.25], "texture": "#1"},
				"south": {"uv": [6.375, 4.125, 6.75, 4.5], "texture": "#1"},
				"west": {"uv": [7.875, 5, 8, 5.375], "texture": "#1"},
				"up": {"uv": [8.25, 5.5, 7.875, 5.375], "texture": "#1"},
				"down": {"uv": [8.25, 7, 7.875, 7.125], "texture": "#1"}
			}
		},
		{
			"from": [2, 19, 7],
			"to": [5, 22, 8],
			"faces": {
				"north": {"uv": [6.375, 4.5, 6.75, 4.875], "texture": "#1"},
				"east": {"uv": [5.125, 7.875, 5.25, 8.25], "texture": "#1"},
				"south": {"uv": [4.625, 6.375, 5, 6.75], "texture": "#1"},
				"west": {"uv": [5.25, 7.875, 5.375, 8.25], "texture": "#1"},
				"up": {"uv": [8.25, 7.75, 7.875, 7.625], "texture": "#1"},
				"down": {"uv": [8.25, 7.75, 7.875, 7.875], "texture": "#1"}
			}
		},
		{
			"from": [-1, 19, 7],
			"to": [2, 22, 8],
			"faces": {
				"north": {"uv": [6.375, 4.875, 6.75, 5.25], "texture": "#1"},
				"east": {"uv": [5.75, 7.875, 5.875, 8.25], "texture": "#1"},
				"south": {"uv": [6.375, 5.25, 6.75, 5.625], "texture": "#1"},
				"west": {"uv": [6.125, 7.875, 6.25, 8.25], "texture": "#1"},
				"up": {"uv": [8.25, 8, 7.875, 7.875], "texture": "#1"},
				"down": {"uv": [8.375, 0, 8, 0.125], "texture": "#1"}
			}
		},
		{
			"from": [-1, 16, 7],
			"to": [2, 19, 8],
			"faces": {
				"north": {"uv": [6.375, 5.625, 6.75, 6], "texture": "#1"},
				"east": {"uv": [6.25, 7.875, 6.375, 8.25], "texture": "#1"},
				"south": {"uv": [6.375, 6, 6.75, 6.375], "texture": "#1"},
				"west": {"uv": [7.5, 7.875, 7.625, 8.25], "texture": "#1"},
				"up": {"uv": [8.375, 0.25, 8, 0.125], "texture": "#1"},
				"down": {"uv": [8.375, 0.25, 8, 0.375], "texture": "#1"}
			}
		},
		{
			"from": [2, 16, 7],
			"to": [5, 19, 8],
			"faces": {
				"north": {"uv": [6.375, 6.375, 6.75, 6.75], "texture": "#1"},
				"east": {"uv": [7.625, 7.875, 7.75, 8.25], "texture": "#1"},
				"south": {"uv": [6.5, 0, 6.875, 0.375], "texture": "#1"},
				"west": {"uv": [0.625, 8, 0.75, 8.375], "texture": "#1"},
				"up": {"uv": [8.375, 0.75, 8, 0.625], "texture": "#1"},
				"down": {"uv": [1.125, 8, 0.75, 8.125], "texture": "#1"}
			}
		},
		{
			"from": [11, 16, 7],
			"to": [14, 19, 8],
			"faces": {
				"north": {"uv": [6.5, 0.375, 6.875, 0.75], "texture": "#1"},
				"east": {"uv": [8, 0.75, 8.125, 1.125], "texture": "#1"},
				"south": {"uv": [6.5, 0.75, 6.875, 1.125], "texture": "#1"},
				"west": {"uv": [1.5, 8, 1.625, 8.375], "texture": "#1"},
				"up": {"uv": [8.375, 1.25, 8, 1.125], "texture": "#1"},
				"down": {"uv": [8.375, 1.25, 8, 1.375], "texture": "#1"}
			}
		},
		{
			"from": [14, 16, 7],
			"to": [17, 19, 8],
			"faces": {
				"north": {"uv": [6.5, 1.125, 6.875, 1.5], "texture": "#1"},
				"east": {"uv": [1.625, 8, 1.75, 8.375], "texture": "#1"},
				"south": {"uv": [6, 6.625, 6.375, 7], "texture": "#1"},
				"west": {"uv": [1.75, 8, 1.875, 8.375], "texture": "#1"},
				"up": {"uv": [8.375, 2.125, 8, 2], "texture": "#1"},
				"down": {"uv": [8.375, 2.125, 8, 2.25], "texture": "#1"}
			}
		},
		{
			"from": [11, 19, 7],
			"to": [14, 22, 8],
			"faces": {
				"north": {"uv": [6.75, 1.5, 7.125, 1.875], "texture": "#1"},
				"east": {"uv": [8, 2.25, 8.125, 2.625], "texture": "#1"},
				"south": {"uv": [6.75, 1.875, 7.125, 2.25], "texture": "#1"},
				"west": {"uv": [8, 2.625, 8.125, 3], "texture": "#1"},
				"up": {"uv": [8.375, 3.625, 8, 3.5], "texture": "#1"},
				"down": {"uv": [8.375, 3.625, 8, 3.75], "texture": "#1"}
			}
		}
	],
	"display": {
		"thirdperson_righthand": {
			"rotation": [-135, 180, 180],
			"translation": [0, 1.25, 0],
			"scale": [0.08, 0.08, 0.1]
		},
		"thirdperson_lefthand": {
			"rotation": [-135, 180, 180],
			"translation": [0, 1.25, 0],
			"scale": [0.08, 0.08, 0.1]
		},
		"firstperson_righthand": {
			"rotation": [180, 16, 180],
			"scale": [0.15, 0.15, 0.15]
		},
		"firstperson_lefthand": {
			"rotation": [180, 16, 180],
			"scale": [0.15, 0.15, 0.15]
		},
		"ground": {
			"rotation": [180, 5, 180],
			"scale": [0.1, 0.1, 0.1]
		},
		"gui": {
			"rotation": [180, 0, 180],
			"translation": [0, -1.5, -0.75],
			"scale": [0.26, 0.26, 0.26]
		},
		"head": {
			"rotation": [-178.52, -180, -178.66],
			"translation": [0, -1.75, -6.75],
			"scale": [0.4, 0.4, 0.1]
		},
		"fixed": {
			"rotation": [180, 180, 180],
			"translation": [0, -1.75, -0.75],
			"scale": [0.26, 0.26, 0.26]
		}
	},
	"groups": [
		{
			"name": "mince",
			"origin": [8, 8, 8],
			"color": 0,
			"children": [
				{
					"name": "rámy",
					"origin": [0, 0, 0],
					"color": 0,
					"children": [
						{
							"name": "rám",
							"origin": [0, 0, 0],
							"color": 0,
							"children": [
								0,
								1,
								2,
								3,
								4,
								5,
								6,
								7,
								8,
								9,
								10,
								11,
								12,
								13,
								14,
								15,
								16,
								17,
								18,
								19,
								{
									"name": "group",
									"origin": [0, 0, 0],
									"color": 0,
									"children": [
										{
											"name": "group",
											"origin": [0, 0, 0],
											"color": 0,
											"children": [
												{
													"name": "group",
													"origin": [0, 0, 0],
													"color": 0,
													"children": []
												}
											]
										}
									]
								},
								{
									"name": "rám",
									"origin": [0, 0, 0],
									"color": 0,
									"children": [
										20,
										21,
										22,
										23,
										24,
										25,
										26,
										27,
										28,
										29,
										30,
										31,
										32,
										33,
										34,
										35,
										36,
										37,
										38,
										{
											"name": "group",
											"origin": [0, 0, 0],
											"color": 0,
											"children": [
												{
													"name": "group",
													"origin": [0, 0, 0],
													"color": 0,
													"children": [
														{
															"name": "group",
															"origin": [0, 0, 0],
															"color": 0,
															"children": [39]
														}
													]
												}
											]
										}
									]
								}
							]
						},
						{
							"name": "rám",
							"origin": [0, 0, 0],
							"color": 0,
							"children": [
								40,
								41,
								42,
								43,
								44,
								45,
								46,
								47,
								48,
								49,
								50,
								51,
								52,
								53,
								54,
								55,
								56,
								57,
								58,
								59,
								60,
								61,
								{
									"name": "group",
									"origin": [0, 0, 0],
									"color": 0,
									"children": [
										{
											"name": "group",
											"origin": [0, 0, 0],
											"color": 0,
											"children": [
												{
													"name": "group",
													"origin": [0, 0, 0],
													"color": 0,
													"children": []
												}
											]
										}
									]
								},
								{
									"name": "rám",
									"origin": [0, 0, 0],
									"color": 0,
									"children": [
										62,
										63,
										64,
										65,
										66,
										67,
										68,
										69,
										70,
										71,
										72,
										73,
										74,
										75,
										76,
										77,
										78,
										79,
										{
											"name": "group",
											"origin": [0, 0, 0],
											"color": 0,
											"children": [
												{
													"name": "group",
													"origin": [0, 0, 0],
													"color": 0,
													"children": [
														{
															"name": "group",
															"origin": [0, 0, 0],
															"color": 0,
															"children": [80]
														}
													]
												}
											]
										}
									]
								}
							]
						}
					]
				},
				{
					"name": "základ",
					"origin": [0, 0, 0],
					"color": 0,
					"children": [81, 82, 83, 84, 85, 86, 87, 88, 89, 90, 91, 92, 93, 94, 95, 96, 97, 98, 99, 100, 101]
				},
				{
					"name": "obrázky na minci",
					"origin": [0, 0, 0],
					"color": 0,
					"children": [
						{
							"name": "pismenka",
							"origin": [0, 0, 0],
							"color": 0,
							"children": [102, 103, 104, 105, 106, 107, 108, 109, 110, 111, 112, 113, 114, 115, 116, 117, 118, 119, 120, 121, 122, 123]
						},
						{
							"name": "obličej",
							"origin": [0, 0, 0],
							"color": 0,
							"children": [124, 125, 126, 127, 128, 129, 130, 131, 132, 133, 134, 135, 136, 137, 138, 139, 140, 141, 142, 143]
						}
					]
				}
			]
		}
	]
}