{
	"credit": "Made with Blockbench",
	"texture_size": [64, 64],
	"textures": {
		"0": "cepice:item/slamak",
		"particle": "cepice:item/slamak"
	},
	"elements": [
		{
			"from": [0, 0, 0],
			"to": [16, 4, 16],
			"faces": {
				"north": {"uv": [1.5, 8.25, 5.5, 9.25], "texture": "#0"},
				"east": {"uv": [8.5, 6, 12.5, 7], "texture": "#0"},
				"south": {"uv": [8.5, 7, 12.5, 8], "texture": "#0"},
				"west": {"uv": [8.5, 8, 12.5, 9], "texture": "#0"},
				"up": {"uv": [4, 4, 0, 0], "texture": "#0"},
				"down": {"uv": [4, 4, 0, 8], "texture": "#0"}
			}
		},
		{
			"from": [-5, 0, 16],
			"to": [16, 0, 22],
			"faces": {
				"north": {"uv": [0, 0, 5.25, 0], "texture": "#0"},
				"east": {"uv": [0, 0, 1.5, 0], "texture": "#0"},
				"south": {"uv": [0, 0, 5.25, 0], "texture": "#0"},
				"west": {"uv": [0, 0, 1.5, 0], "texture": "#0"},
				"up": {"uv": [9.25, 1.5, 4, 0], "texture": "#0"},
				"down": {"uv": [9.25, 1.5, 4, 3], "texture": "#0"}
			}
		},
		{
			"from": [-6, 0, -5],
			"to": [0, 0, 16],
			"faces": {
				"north": {"uv": [0, 0, 1.5, 0], "texture": "#0"},
				"east": {"uv": [0, 0, 5.25, 0], "texture": "#0"},
				"south": {"uv": [0, 0, 1.5, 0], "texture": "#0"},
				"west": {"uv": [0, 0, 5.25, 0], "texture": "#0"},
				"up": {"uv": [5.5, 8.25, 4, 3], "texture": "#0"},
				"down": {"uv": [7, 3, 5.5, 8.25], "texture": "#0"}
			}
		},
		{
			"from": [0, 0, -6],
			"to": [21, 0, 0],
			"faces": {
				"north": {"uv": [0, 0, 5.25, 0], "texture": "#0"},
				"east": {"uv": [0, 0, 1.5, 0], "texture": "#0"},
				"south": {"uv": [0, 0, 5.25, 0], "texture": "#0"},
				"west": {"uv": [0, 0, 1.5, 0], "texture": "#0"},
				"up": {"uv": [12.25, 4.5, 7, 3], "texture": "#0"},
				"down": {"uv": [12.25, 4.5, 7, 6], "texture": "#0"}
			}
		},
		{
			"from": [16, 0, 0],
			"to": [22, 0, 21],
			"faces": {
				"north": {"uv": [0, 0, 1.5, 0], "texture": "#0"},
				"east": {"uv": [0, 0, 5.25, 0], "texture": "#0"},
				"south": {"uv": [0, 0, 1.5, 0], "texture": "#0"},
				"west": {"uv": [0, 0, 5.25, 0], "texture": "#0"},
				"up": {"uv": [8.5, 11.25, 7, 6], "texture": "#0"},
				"down": {"uv": [1.5, 8, 0, 13.25], "texture": "#0"}
			}
		},
		{
			"from": [-6, 0, 16],
			"to": [-5, 0, 21],
			"faces": {
				"north": {"uv": [0, 0, 0.25, 0], "texture": "#0"},
				"east": {"uv": [0, 0, 1.25, 0], "texture": "#0"},
				"south": {"uv": [0, 0, 0.25, 0], "texture": "#0"},
				"west": {"uv": [0, 0, 1.25, 0], "texture": "#0"},
				"up": {"uv": [5.75, 9.5, 5.5, 8.25], "texture": "#0"},
				"down": {"uv": [6, 8.25, 5.75, 9.5], "texture": "#0"}
			}
		},
		{
			"from": [16, 0, 21],
			"to": [21, 0, 22],
			"faces": {
				"north": {"uv": [0, 0, 1.25, 0], "texture": "#0"},
				"east": {"uv": [0, 0, 0.25, 0], "texture": "#0"},
				"south": {"uv": [0, 0, 1.25, 0], "texture": "#0"},
				"west": {"uv": [0, 0, 0.25, 0], "texture": "#0"},
				"up": {"uv": [2.75, 8.25, 1.5, 8], "texture": "#0"},
				"down": {"uv": [4, 8, 2.75, 8.25], "texture": "#0"}
			}
		},
		{
			"from": [21, 0, -5],
			"to": [22, 0, 0],
			"faces": {
				"north": {"uv": [0, 0, 0.25, 0], "texture": "#0"},
				"east": {"uv": [0, 0, 1.25, 0], "texture": "#0"},
				"south": {"uv": [0, 0, 0.25, 0], "texture": "#0"},
				"west": {"uv": [0, 0, 1.25, 0], "texture": "#0"},
				"up": {"uv": [6.25, 9.5, 6, 8.25], "texture": "#0"},
				"down": {"uv": [6.5, 8.25, 6.25, 9.5], "texture": "#0"}
			}
		},
		{
			"from": [-5, 0, -6],
			"to": [0, 0, -5],
			"faces": {
				"north": {"uv": [0, 0, 1.25, 0], "texture": "#0"},
				"east": {"uv": [0, 0, 0.25, 0], "texture": "#0"},
				"south": {"uv": [0, 0, 1.25, 0], "texture": "#0"},
				"west": {"uv": [0, 0, 0.25, 0], "texture": "#0"},
				"up": {"uv": [9.75, 9.25, 8.5, 9], "texture": "#0"},
				"down": {"uv": [10.5, 0, 9.25, 0.25], "texture": "#0"}
			}
		}
	],
	"display": {
		"thirdperson_righthand": {
			"rotation": [53, 0, 0],
			"translation": [0, 1.5, 1.75],
			"scale": [0.3, 0.3, 0.3]
		},
		"thirdperson_lefthand": {
			"rotation": [53, 0, 0],
			"translation": [0, 1.5, 1.75],
			"scale": [0.3, 0.3, 0.3]
		},
		"firstperson_righthand": {
			"rotation": [0, 31, 0],
			"translation": [0, 5.75, 1],
			"scale": [0.5, 0.5, 0.5]
		},
		"firstperson_lefthand": {
			"rotation": [0, 31, 0],
			"translation": [0, 5.75, 1],
			"scale": [0.5, 0.5, 0.5]
		},
		"ground": {
			"translation": [0, 1, 0],
			"scale": [0.5, 0.5, 0.5]
		},
		"gui": {
			"rotation": [25, 45, 0],
			"translation": [0, 3.75, 0],
			"scale": [0.5, 0.5, 0.5]
		},
		"head": {
			"translation": [0, 11.25, 0]
		},
		"fixed": {
			"translation": [0, 2.25, 0],
			"scale": [0.5, 0.5, 0.5]
		}
	}
}