{
	"credit": "Made with Blockbench",
	"texture_size": [128, 128],
	"textures": {
		"1": "itemy:item/hammer"
	},
	"elements": [
		{
			"from": [11, 29, 18],
			"to": [12, 30, 19],
			"faces": {
				"north": {"uv": [5, 7.625, 5.125, 7.75], "texture": "#1"},
				"east": {"uv": [7.625, 5, 7.75, 5.125], "texture": "#1"},
				"south": {"uv": [5.125, 7.625, 5.25, 7.75], "texture": "#1"},
				"west": {"uv": [7.625, 5.125, 7.75, 5.25], "texture": "#1"},
				"up": {"uv": [5.375, 7.75, 5.25, 7.625], "texture": "#1"},
				"down": {"uv": [7.75, 5.25, 7.625, 5.375], "texture": "#1"}
			}
		},
		{
			"from": [1, 29, -5],
			"to": [2, 30, 20],
			"rotation": {"angle": 0, "axis": "y", "origin": [8, 29.5, 7.5]},
			"faces": {
				"north": {"uv": [6.75, 7.125, 6.875, 7.25], "texture": "#1"},
				"east": {"uv": [4.25, 4.75, 7.375, 4.875], "texture": "#1"},
				"south": {"uv": [6.875, 7.125, 7, 7.25], "texture": "#1"},
				"west": {"uv": [4.25, 4.875, 7.375, 5], "texture": "#1"},
				"up": {"uv": [4.375, 8.125, 4.25, 5], "texture": "#1"},
				"down": {"uv": [4.5, 5, 4.375, 8.125], "texture": "#1"}
			}
		},
		{
			"from": [1, 17, -5],
			"to": [2, 18, 20],
			"rotation": {"angle": 0, "axis": "y", "origin": [8, 29.5, 7.5]},
			"faces": {
				"north": {"uv": [7, 7.125, 7.125, 7.25], "texture": "#1"},
				"east": {"uv": [4.5, 5, 7.625, 5.125], "texture": "#1"},
				"south": {"uv": [7.125, 7.125, 7.25, 7.25], "texture": "#1"},
				"west": {"uv": [4.5, 5.125, 7.625, 5.25], "texture": "#1"},
				"up": {"uv": [3.25, 8.25, 3.125, 5.125], "texture": "#1"},
				"down": {"uv": [3.375, 5.125, 3.25, 8.25], "texture": "#1"}
			}
		},
		{
			"from": [1, 18, -5],
			"to": [2, 29, -4],
			"rotation": {"angle": 0, "axis": "y", "origin": [8, 29.5, 7.5]},
			"faces": {
				"north": {"uv": [2.875, 0, 3, 1.375], "texture": "#1"},
				"east": {"uv": [2.875, 1.375, 3, 2.75], "texture": "#1"},
				"south": {"uv": [3, 0, 3.125, 1.375], "texture": "#1"},
				"west": {"uv": [3, 1.375, 3.125, 2.75], "texture": "#1"},
				"up": {"uv": [0.125, 7.375, 0, 7.25], "texture": "#1"},
				"down": {"uv": [7.375, 0, 7.25, 0.125], "texture": "#1"}
			}
		},
		{
			"from": [1, 18, 19],
			"to": [2, 29, 20],
			"rotation": {"angle": 0, "axis": "y", "origin": [8, 29.5, 7.5]},
			"faces": {
				"north": {"uv": [3.875, 5.125, 4, 6.5], "texture": "#1"},
				"east": {"uv": [4, 5.125, 4.125, 6.5], "texture": "#1"},
				"south": {"uv": [4.125, 5.125, 4.25, 6.5], "texture": "#1"},
				"west": {"uv": [5.25, 3.25, 5.375, 4.625], "texture": "#1"},
				"up": {"uv": [0.25, 7.375, 0.125, 7.25], "texture": "#1"},
				"down": {"uv": [7.375, 0.125, 7.25, 0.25], "texture": "#1"}
			}
		},
		{
			"from": [13, 18, 19],
			"to": [14, 29, 20],
			"rotation": {"angle": 0, "axis": "y", "origin": [8, 29.5, 7.5]},
			"faces": {
				"north": {"uv": [4.5, 5.25, 4.625, 6.625], "texture": "#1"},
				"east": {"uv": [4.625, 5.25, 4.75, 6.625], "texture": "#1"},
				"south": {"uv": [4.75, 5.25, 4.875, 6.625], "texture": "#1"},
				"west": {"uv": [4.875, 5.25, 5, 6.625], "texture": "#1"},
				"up": {"uv": [0.375, 7.375, 0.25, 7.25], "texture": "#1"},
				"down": {"uv": [0.5, 7.25, 0.375, 7.375], "texture": "#1"}
			}
		},
		{
			"from": [13, 18, -5],
			"to": [14, 29, -4],
			"rotation": {"angle": 0, "axis": "y", "origin": [8, 29.5, 7.5]},
			"faces": {
				"north": {"uv": [5, 5.25, 5.125, 6.625], "texture": "#1"},
				"east": {"uv": [5.125, 5.25, 5.25, 6.625], "texture": "#1"},
				"south": {"uv": [5.25, 5.25, 5.375, 6.625], "texture": "#1"},
				"west": {"uv": [5.375, 3.25, 5.5, 4.625], "texture": "#1"},
				"up": {"uv": [0.625, 7.375, 0.5, 7.25], "texture": "#1"},
				"down": {"uv": [7.375, 0.5, 7.25, 0.625], "texture": "#1"}
			}
		},
		{
			"from": [13, 29, -5],
			"to": [14, 30, 20],
			"rotation": {"angle": 0, "axis": "y", "origin": [8, 29.5, 7.5]},
			"faces": {
				"north": {"uv": [0.875, 7.25, 1, 7.375], "texture": "#1"},
				"east": {"uv": [5.25, 3, 8.375, 3.125], "texture": "#1"},
				"south": {"uv": [7.25, 0.875, 7.375, 1], "texture": "#1"},
				"west": {"uv": [5.25, 3.125, 8.375, 3.25], "texture": "#1"},
				"up": {"uv": [3.75, 8.25, 3.625, 5.125], "texture": "#1"},
				"down": {"uv": [3.875, 5.125, 3.75, 8.25], "texture": "#1"}
			}
		},
		{
			"from": [2, 17, 19],
			"to": [13, 18, 20],
			"rotation": {"angle": 0, "axis": "y", "origin": [8, 29.5, 7.5]},
			"faces": {
				"north": {"uv": [5.25, 4.625, 6.625, 4.75], "texture": "#1"},
				"east": {"uv": [1, 7.25, 1.125, 7.375], "texture": "#1"},
				"south": {"uv": [5.375, 5.25, 6.75, 5.375], "texture": "#1"},
				"west": {"uv": [1.125, 7.25, 1.25, 7.375], "texture": "#1"},
				"up": {"uv": [6.75, 5.5, 5.375, 5.375], "texture": "#1"},
				"down": {"uv": [6.875, 3.25, 5.5, 3.375], "texture": "#1"}
			}
		},
		{
			"from": [2, 29, 19],
			"to": [13, 30, 20],
			"rotation": {"angle": 0, "axis": "y", "origin": [8, 29.5, 7.5]},
			"faces": {
				"north": {"uv": [5.5, 3.375, 6.875, 3.5], "texture": "#1"},
				"east": {"uv": [1.25, 7.25, 1.375, 7.375], "texture": "#1"},
				"south": {"uv": [5.5, 3.5, 6.875, 3.625], "texture": "#1"},
				"west": {"uv": [1.375, 7.25, 1.5, 7.375], "texture": "#1"},
				"up": {"uv": [6.875, 3.75, 5.5, 3.625], "texture": "#1"},
				"down": {"uv": [6.875, 3.75, 5.5, 3.875], "texture": "#1"}
			}
		},
		{
			"from": [2, 29, -5],
			"to": [13, 30, -4],
			"rotation": {"angle": 0, "axis": "y", "origin": [8, 29.5, 7.5]},
			"faces": {
				"north": {"uv": [5.5, 3.875, 6.875, 4], "texture": "#1"},
				"east": {"uv": [7.25, 1.375, 7.375, 1.5], "texture": "#1"},
				"south": {"uv": [5.5, 4, 6.875, 4.125], "texture": "#1"},
				"west": {"uv": [1.5, 7.25, 1.625, 7.375], "texture": "#1"},
				"up": {"uv": [6.875, 4.25, 5.5, 4.125], "texture": "#1"},
				"down": {"uv": [6.875, 4.25, 5.5, 4.375], "texture": "#1"}
			}
		},
		{
			"from": [2, 17, -5],
			"to": [13, 18, -4],
			"rotation": {"angle": 0, "axis": "y", "origin": [8, 29.5, 7.5]},
			"faces": {
				"north": {"uv": [5.5, 4.375, 6.875, 4.5], "texture": "#1"},
				"east": {"uv": [7.25, 1.5, 7.375, 1.625], "texture": "#1"},
				"south": {"uv": [5.5, 4.5, 6.875, 4.625], "texture": "#1"},
				"west": {"uv": [7.25, 1.625, 7.375, 1.75], "texture": "#1"},
				"up": {"uv": [6.75, 5.625, 5.375, 5.5], "texture": "#1"},
				"down": {"uv": [1.375, 5.625, 0, 5.75], "texture": "#1"}
			}
		},
		{
			"from": [1, 28, 17],
			"to": [2, 29, 19],
			"rotation": {"angle": 0, "axis": "y", "origin": [8, 29.5, 7.5]},
			"faces": {
				"north": {"uv": [6.75, 7.25, 6.875, 7.375], "texture": "#1"},
				"east": {"uv": [6.75, 5.5, 7, 5.625], "texture": "#1"},
				"south": {"uv": [7.25, 6.75, 7.375, 6.875], "texture": "#1"},
				"west": {"uv": [6.125, 6.75, 6.375, 6.875], "texture": "#1"},
				"up": {"uv": [6.5, 7, 6.375, 6.75], "texture": "#1"},
				"down": {"uv": [6.75, 6.75, 6.625, 7], "texture": "#1"}
			}
		},
		{
			"from": [1, 27, 18],
			"to": [2, 28, 19],
			"rotation": {"angle": 0, "axis": "y", "origin": [8, 29.5, 7.5]},
			"faces": {
				"north": {"uv": [6.875, 7.25, 7, 7.375], "texture": "#1"},
				"east": {"uv": [7.25, 6.875, 7.375, 7], "texture": "#1"},
				"south": {"uv": [7, 7.25, 7.125, 7.375], "texture": "#1"},
				"west": {"uv": [7.25, 7, 7.375, 7.125], "texture": "#1"},
				"up": {"uv": [7.25, 7.375, 7.125, 7.25], "texture": "#1"},
				"down": {"uv": [7.375, 7.125, 7.25, 7.25], "texture": "#1"}
			}
		},
		{
			"from": [1, 28, -4],
			"to": [2, 29, -2],
			"rotation": {"angle": 0, "axis": "y", "origin": [8, 29.5, 7.5]},
			"faces": {
				"north": {"uv": [7.25, 7.25, 7.375, 7.375], "texture": "#1"},
				"east": {"uv": [6.75, 6.375, 7, 6.5], "texture": "#1"},
				"south": {"uv": [0, 7.375, 0.125, 7.5], "texture": "#1"},
				"west": {"uv": [6.75, 6.75, 7, 6.875], "texture": "#1"},
				"up": {"uv": [0.75, 7.125, 0.625, 6.875], "texture": "#1"},
				"down": {"uv": [0.875, 6.875, 0.75, 7.125], "texture": "#1"}
			}
		},
		{
			"from": [1, 27, -4],
			"to": [2, 28, -3],
			"rotation": {"angle": 0, "axis": "y", "origin": [8, 29.5, 7.5]},
			"faces": {
				"north": {"uv": [7.375, 0, 7.5, 0.125], "texture": "#1"},
				"east": {"uv": [0.125, 7.375, 0.25, 7.5], "texture": "#1"},
				"south": {"uv": [7.375, 0.125, 7.5, 0.25], "texture": "#1"},
				"west": {"uv": [0.25, 7.375, 0.375, 7.5], "texture": "#1"},
				"up": {"uv": [7.5, 0.375, 7.375, 0.25], "texture": "#1"},
				"down": {"uv": [0.5, 7.375, 0.375, 7.5], "texture": "#1"}
			}
		},
		{
			"from": [1, 18, -4],
			"to": [2, 19, -2],
			"rotation": {"angle": 0, "axis": "y", "origin": [8, 29.5, 7.5]},
			"faces": {
				"north": {"uv": [7.375, 0.375, 7.5, 0.5], "texture": "#1"},
				"east": {"uv": [1.375, 6.875, 1.625, 7], "texture": "#1"},
				"south": {"uv": [0.5, 7.375, 0.625, 7.5], "texture": "#1"},
				"west": {"uv": [6.875, 1.375, 7.125, 1.5], "texture": "#1"},
				"up": {"uv": [1, 7.125, 0.875, 6.875], "texture": "#1"},
				"down": {"uv": [1.75, 6.875, 1.625, 7.125], "texture": "#1"}
			}
		},
		{
			"from": [1, 19, -4],
			"to": [2, 20, -3],
			"rotation": {"angle": 0, "axis": "y", "origin": [8, 29.5, 7.5]},
			"faces": {
				"north": {"uv": [7.375, 0.5, 7.5, 0.625], "texture": "#1"},
				"east": {"uv": [0.625, 7.375, 0.75, 7.5], "texture": "#1"},
				"south": {"uv": [7.375, 0.625, 7.5, 0.75], "texture": "#1"},
				"west": {"uv": [0.75, 7.375, 0.875, 7.5], "texture": "#1"},
				"up": {"uv": [7.5, 0.875, 7.375, 0.75], "texture": "#1"},
				"down": {"uv": [1, 7.375, 0.875, 7.5], "texture": "#1"}
			}
		},
		{
			"from": [1, 19, 18],
			"to": [2, 20, 19],
			"rotation": {"angle": 0, "axis": "y", "origin": [8, 29.5, 7.5]},
			"faces": {
				"north": {"uv": [7.375, 0.875, 7.5, 1], "texture": "#1"},
				"east": {"uv": [1, 7.375, 1.125, 7.5], "texture": "#1"},
				"south": {"uv": [7.375, 1, 7.5, 1.125], "texture": "#1"},
				"west": {"uv": [1.125, 7.375, 1.25, 7.5], "texture": "#1"},
				"up": {"uv": [7.5, 1.25, 7.375, 1.125], "texture": "#1"},
				"down": {"uv": [1.375, 7.375, 1.25, 7.5], "texture": "#1"}
			}
		},
		{
			"from": [1, 18, 17],
			"to": [2, 19, 19],
			"rotation": {"angle": 0, "axis": "y", "origin": [8, 29.5, 7.5]},
			"faces": {
				"north": {"uv": [7.375, 1.25, 7.5, 1.375], "texture": "#1"},
				"east": {"uv": [6.875, 1.875, 7.125, 2], "texture": "#1"},
				"south": {"uv": [1.375, 7.375, 1.5, 7.5], "texture": "#1"},
				"west": {"uv": [6.875, 2.125, 7.125, 2.25], "texture": "#1"},
				"up": {"uv": [7, 2.5, 6.875, 2.25], "texture": "#1"},
				"down": {"uv": [2.625, 6.875, 2.5, 7.125], "texture": "#1"}
			}
		},
		{
			"from": [13, 19, 18],
			"to": [14, 20, 19],
			"rotation": {"angle": 0, "axis": "y", "origin": [8, 29.5, 7.5]},
			"faces": {
				"north": {"uv": [7.375, 1.375, 7.5, 1.5], "texture": "#1"},
				"east": {"uv": [1.5, 7.375, 1.625, 7.5], "texture": "#1"},
				"south": {"uv": [7.375, 1.5, 7.5, 1.625], "texture": "#1"},
				"west": {"uv": [1.625, 7.375, 1.75, 7.5], "texture": "#1"},
				"up": {"uv": [7.5, 1.75, 7.375, 1.625], "texture": "#1"},
				"down": {"uv": [1.875, 7.375, 1.75, 7.5], "texture": "#1"}
			}
		},
		{
			"from": [13, 18, 17],
			"to": [14, 19, 19],
			"rotation": {"angle": 0, "axis": "y", "origin": [8, 29.5, 7.5]},
			"faces": {
				"north": {"uv": [7.375, 1.75, 7.5, 1.875], "texture": "#1"},
				"east": {"uv": [6.875, 2.5, 7.125, 2.625], "texture": "#1"},
				"south": {"uv": [1.875, 7.375, 2, 7.5], "texture": "#1"},
				"west": {"uv": [6.875, 3.25, 7.125, 3.375], "texture": "#1"},
				"up": {"uv": [2.75, 7.125, 2.625, 6.875], "texture": "#1"},
				"down": {"uv": [7, 3.375, 6.875, 3.625], "texture": "#1"}
			}
		},
		{
			"from": [13, 27, 18],
			"to": [14, 28, 19],
			"rotation": {"angle": 0, "axis": "y", "origin": [8, 29.5, 7.5]},
			"faces": {
				"north": {"uv": [7.375, 1.875, 7.5, 2], "texture": "#1"},
				"east": {"uv": [2, 7.375, 2.125, 7.5], "texture": "#1"},
				"south": {"uv": [7.375, 2, 7.5, 2.125], "texture": "#1"},
				"west": {"uv": [2.125, 7.375, 2.25, 7.5], "texture": "#1"},
				"up": {"uv": [7.5, 2.25, 7.375, 2.125], "texture": "#1"},
				"down": {"uv": [2.375, 7.375, 2.25, 7.5], "texture": "#1"}
			}
		},
		{
			"from": [13, 28, 17],
			"to": [14, 29, 19],
			"rotation": {"angle": 0, "axis": "y", "origin": [8, 29.5, 7.5]},
			"faces": {
				"north": {"uv": [7.375, 2.25, 7.5, 2.375], "texture": "#1"},
				"east": {"uv": [6.875, 3.625, 7.125, 3.75], "texture": "#1"},
				"south": {"uv": [2.375, 7.375, 2.5, 7.5], "texture": "#1"},
				"west": {"uv": [6.875, 3.75, 7.125, 3.875], "texture": "#1"},
				"up": {"uv": [4, 7.125, 3.875, 6.875], "texture": "#1"},
				"down": {"uv": [7, 3.875, 6.875, 4.125], "texture": "#1"}
			}
		},
		{
			"from": [13, 28, -4],
			"to": [14, 29, -2],
			"rotation": {"angle": 0, "axis": "y", "origin": [8, 29.5, 7.5]},
			"faces": {
				"north": {"uv": [7.375, 2.375, 7.5, 2.5], "texture": "#1"},
				"east": {"uv": [4, 6.875, 4.25, 7], "texture": "#1"},
				"south": {"uv": [2.5, 7.375, 2.625, 7.5], "texture": "#1"},
				"west": {"uv": [6.875, 4.125, 7.125, 4.25], "texture": "#1"},
				"up": {"uv": [7, 4.5, 6.875, 4.25], "texture": "#1"},
				"down": {"uv": [7, 5.25, 6.875, 5.5], "texture": "#1"}
			}
		},
		{
			"from": [13, 27, -4],
			"to": [14, 28, -3],
			"rotation": {"angle": 0, "axis": "y", "origin": [8, 29.5, 7.5]},
			"faces": {
				"north": {"uv": [7.375, 2.5, 7.5, 2.625], "texture": "#1"},
				"east": {"uv": [2.625, 7.375, 2.75, 7.5], "texture": "#1"},
				"south": {"uv": [7.375, 2.625, 7.5, 2.75], "texture": "#1"},
				"west": {"uv": [7.375, 3.25, 7.5, 3.375], "texture": "#1"},
				"up": {"uv": [7.5, 3.5, 7.375, 3.375], "texture": "#1"},
				"down": {"uv": [7.5, 3.5, 7.375, 3.625], "texture": "#1"}
			}
		},
		{
			"from": [13, 19, -4],
			"to": [14, 20, -3],
			"rotation": {"angle": 0, "axis": "y", "origin": [8, 29.5, 7.5]},
			"faces": {
				"north": {"uv": [7.375, 3.625, 7.5, 3.75], "texture": "#1"},
				"east": {"uv": [7.375, 3.75, 7.5, 3.875], "texture": "#1"},
				"south": {"uv": [3.875, 7.375, 4, 7.5], "texture": "#1"},
				"west": {"uv": [7.375, 3.875, 7.5, 4], "texture": "#1"},
				"up": {"uv": [4.125, 7.5, 4, 7.375], "texture": "#1"},
				"down": {"uv": [7.5, 4, 7.375, 4.125], "texture": "#1"}
			}
		},
		{
			"from": [13, 18, -4],
			"to": [14, 19, -2],
			"rotation": {"angle": 0, "axis": "y", "origin": [8, 29.5, 7.5]},
			"faces": {
				"north": {"uv": [4.125, 7.375, 4.25, 7.5], "texture": "#1"},
				"east": {"uv": [6.875, 4.5, 7.125, 4.625], "texture": "#1"},
				"south": {"uv": [7.375, 4.125, 7.5, 4.25], "texture": "#1"},
				"west": {"uv": [6.875, 5.625, 7.125, 5.75], "texture": "#1"},
				"up": {"uv": [5.875, 7.125, 5.75, 6.875], "texture": "#1"},
				"down": {"uv": [7, 5.75, 6.875, 6], "texture": "#1"}
			}
		},
		{
			"from": [12, 19, -5],
			"to": [13, 20, -4],
			"rotation": {"angle": 0, "axis": "y", "origin": [8, 29.5, 7.5]},
			"faces": {
				"north": {"uv": [7.125, 7.375, 7.25, 7.5], "texture": "#1"},
				"east": {"uv": [7.375, 7.125, 7.5, 7.25], "texture": "#1"},
				"south": {"uv": [7.25, 7.375, 7.375, 7.5], "texture": "#1"},
				"west": {"uv": [7.375, 7.25, 7.5, 7.375], "texture": "#1"},
				"up": {"uv": [7.5, 7.5, 7.375, 7.375], "texture": "#1"},
				"down": {"uv": [0.125, 7.5, 0, 7.625], "texture": "#1"}
			}
		},
		{
			"from": [11, 18, -5],
			"to": [13, 19, -4],
			"rotation": {"angle": 0, "axis": "y", "origin": [8, 29.5, 7.5]},
			"faces": {
				"north": {"uv": [6.875, 6.25, 7.125, 6.375], "texture": "#1"},
				"east": {"uv": [7.5, 0, 7.625, 0.125], "texture": "#1"},
				"south": {"uv": [0.125, 7, 0.375, 7.125], "texture": "#1"},
				"west": {"uv": [0.125, 7.5, 0.25, 7.625], "texture": "#1"},
				"up": {"uv": [1.375, 7.125, 1.125, 7], "texture": "#1"},
				"down": {"uv": [1.625, 7, 1.375, 7.125], "texture": "#1"}
			}
		},
		{
			"from": [2, 18, -5],
			"to": [4, 19, -4],
			"rotation": {"angle": 0, "axis": "y", "origin": [8, 29.5, 7.5]},
			"faces": {
				"north": {"uv": [7, 1.625, 7.25, 1.75], "texture": "#1"},
				"east": {"uv": [7.5, 0.125, 7.625, 0.25], "texture": "#1"},
				"south": {"uv": [7, 1.75, 7.25, 1.875], "texture": "#1"},
				"west": {"uv": [0.25, 7.5, 0.375, 7.625], "texture": "#1"},
				"up": {"uv": [2.375, 7.125, 2.125, 7], "texture": "#1"},
				"down": {"uv": [7.25, 2.25, 7, 2.375], "texture": "#1"}
			}
		},
		{
			"from": [2, 19, -5],
			"to": [3, 20, -4],
			"rotation": {"angle": 0, "axis": "y", "origin": [8, 29.5, 7.5]},
			"faces": {
				"north": {"uv": [7.5, 0.25, 7.625, 0.375], "texture": "#1"},
				"east": {"uv": [0.375, 7.5, 0.5, 7.625], "texture": "#1"},
				"south": {"uv": [7.5, 0.375, 7.625, 0.5], "texture": "#1"},
				"west": {"uv": [0.5, 7.5, 0.625, 7.625], "texture": "#1"},
				"up": {"uv": [7.625, 0.625, 7.5, 0.5], "texture": "#1"},
				"down": {"uv": [0.75, 7.5, 0.625, 7.625], "texture": "#1"}
			}
		},
		{
			"from": [2, 27, -5],
			"to": [3, 28, -4],
			"rotation": {"angle": 0, "axis": "y", "origin": [8, 29.5, 7.5]},
			"faces": {
				"north": {"uv": [7.5, 0.625, 7.625, 0.75], "texture": "#1"},
				"east": {"uv": [0.75, 7.5, 0.875, 7.625], "texture": "#1"},
				"south": {"uv": [7.5, 0.75, 7.625, 0.875], "texture": "#1"},
				"west": {"uv": [0.875, 7.5, 1, 7.625], "texture": "#1"},
				"up": {"uv": [7.625, 1, 7.5, 0.875], "texture": "#1"},
				"down": {"uv": [1.125, 7.5, 1, 7.625], "texture": "#1"}
			}
		},
		{
			"from": [2, 28, -5],
			"to": [4, 29, -4],
			"rotation": {"angle": 0, "axis": "y", "origin": [8, 29.5, 7.5]},
			"faces": {
				"north": {"uv": [7, 2.375, 7.25, 2.5], "texture": "#1"},
				"east": {"uv": [7.5, 1, 7.625, 1.125], "texture": "#1"},
				"south": {"uv": [7, 2.625, 7.25, 2.75], "texture": "#1"},
				"west": {"uv": [1.125, 7.5, 1.25, 7.625], "texture": "#1"},
				"up": {"uv": [7.25, 3.5, 7, 3.375], "texture": "#1"},
				"down": {"uv": [7.25, 3.5, 7, 3.625], "texture": "#1"}
			}
		},
		{
			"from": [12, 27, -5],
			"to": [13, 28, -4],
			"rotation": {"angle": 0, "axis": "y", "origin": [8, 29.5, 7.5]},
			"faces": {
				"north": {"uv": [7.5, 1.125, 7.625, 1.25], "texture": "#1"},
				"east": {"uv": [1.25, 7.5, 1.375, 7.625], "texture": "#1"},
				"south": {"uv": [7.5, 1.25, 7.625, 1.375], "texture": "#1"},
				"west": {"uv": [1.375, 7.5, 1.5, 7.625], "texture": "#1"},
				"up": {"uv": [7.625, 1.5, 7.5, 1.375], "texture": "#1"},
				"down": {"uv": [1.625, 7.5, 1.5, 7.625], "texture": "#1"}
			}
		},
		{
			"from": [11, 28, -5],
			"to": [13, 29, -4],
			"rotation": {"angle": 0, "axis": "y", "origin": [8, 29.5, 7.5]},
			"faces": {
				"north": {"uv": [7, 3.875, 7.25, 4], "texture": "#1"},
				"east": {"uv": [7.5, 1.5, 7.625, 1.625], "texture": "#1"},
				"south": {"uv": [4, 7, 4.25, 7.125], "texture": "#1"},
				"west": {"uv": [1.625, 7.5, 1.75, 7.625], "texture": "#1"},
				"up": {"uv": [7.25, 4.125, 7, 4], "texture": "#1"},
				"down": {"uv": [7.25, 4.25, 7, 4.375], "texture": "#1"}
			}
		},
		{
			"from": [12, 27, 19],
			"to": [13, 28, 20],
			"rotation": {"angle": 0, "axis": "y", "origin": [8, 29.5, 7.5]},
			"faces": {
				"north": {"uv": [7.5, 1.625, 7.625, 1.75], "texture": "#1"},
				"east": {"uv": [1.75, 7.5, 1.875, 7.625], "texture": "#1"},
				"south": {"uv": [7.5, 1.75, 7.625, 1.875], "texture": "#1"},
				"west": {"uv": [1.875, 7.5, 2, 7.625], "texture": "#1"},
				"up": {"uv": [7.625, 2, 7.5, 1.875], "texture": "#1"},
				"down": {"uv": [2.125, 7.5, 2, 7.625], "texture": "#1"}
			}
		},
		{
			"from": [2, 19, 19],
			"to": [3, 20, 20],
			"rotation": {"angle": 0, "axis": "y", "origin": [8, 29.5, 7.5]},
			"faces": {
				"north": {"uv": [7.5, 2, 7.625, 2.125], "texture": "#1"},
				"east": {"uv": [2.125, 7.5, 2.25, 7.625], "texture": "#1"},
				"south": {"uv": [7.5, 2.125, 7.625, 2.25], "texture": "#1"},
				"west": {"uv": [2.25, 7.5, 2.375, 7.625], "texture": "#1"},
				"up": {"uv": [7.625, 2.375, 7.5, 2.25], "texture": "#1"},
				"down": {"uv": [2.5, 7.5, 2.375, 7.625], "texture": "#1"}
			}
		},
		{
			"from": [2, 18, 19],
			"to": [4, 19, 20],
			"rotation": {"angle": 0, "axis": "y", "origin": [8, 29.5, 7.5]},
			"faces": {
				"north": {"uv": [7, 4.375, 7.25, 4.5], "texture": "#1"},
				"east": {"uv": [7.5, 2.375, 7.625, 2.5], "texture": "#1"},
				"south": {"uv": [4.5, 7, 4.75, 7.125], "texture": "#1"},
				"west": {"uv": [2.5, 7.5, 2.625, 7.625], "texture": "#1"},
				"up": {"uv": [7.25, 4.75, 7, 4.625], "texture": "#1"},
				"down": {"uv": [5, 7, 4.75, 7.125], "texture": "#1"}
			}
		},
		{
			"from": [11, 18, 19],
			"to": [13, 19, 20],
			"rotation": {"angle": 0, "axis": "y", "origin": [8, 29.5, 7.5]},
			"faces": {
				"north": {"uv": [5, 7, 5.25, 7.125], "texture": "#1"},
				"east": {"uv": [7.5, 2.5, 7.625, 2.625], "texture": "#1"},
				"south": {"uv": [5.25, 7, 5.5, 7.125], "texture": "#1"},
				"west": {"uv": [2.625, 7.5, 2.75, 7.625], "texture": "#1"},
				"up": {"uv": [7.25, 5.375, 7, 5.25], "texture": "#1"},
				"down": {"uv": [7.25, 5.375, 7, 5.5], "texture": "#1"}
			}
		},
		{
			"from": [12, 19, 19],
			"to": [13, 20, 20],
			"rotation": {"angle": 0, "axis": "y", "origin": [8, 29.5, 7.5]},
			"faces": {
				"north": {"uv": [7.5, 2.625, 7.625, 2.75], "texture": "#1"},
				"east": {"uv": [7.5, 3.25, 7.625, 3.375], "texture": "#1"},
				"south": {"uv": [7.5, 3.375, 7.625, 3.5], "texture": "#1"},
				"west": {"uv": [7.5, 3.5, 7.625, 3.625], "texture": "#1"},
				"up": {"uv": [7.625, 3.75, 7.5, 3.625], "texture": "#1"},
				"down": {"uv": [7.625, 3.75, 7.5, 3.875], "texture": "#1"}
			}
		},
		{
			"from": [11, 28, 19],
			"to": [13, 29, 20],
			"rotation": {"angle": 0, "axis": "y", "origin": [8, 29.5, 7.5]},
			"faces": {
				"north": {"uv": [5.5, 7, 5.75, 7.125], "texture": "#1"},
				"east": {"uv": [3.875, 7.5, 4, 7.625], "texture": "#1"},
				"south": {"uv": [7, 5.5, 7.25, 5.625], "texture": "#1"},
				"west": {"uv": [7.5, 3.875, 7.625, 4], "texture": "#1"},
				"up": {"uv": [7.25, 5.875, 7, 5.75], "texture": "#1"},
				"down": {"uv": [7.25, 5.875, 7, 6], "texture": "#1"}
			}
		},
		{
			"from": [2, 28, 19],
			"to": [4, 29, 20],
			"rotation": {"angle": 0, "axis": "y", "origin": [8, 29.5, 7.5]},
			"faces": {
				"north": {"uv": [7, 6, 7.25, 6.125], "texture": "#1"},
				"east": {"uv": [4, 7.5, 4.125, 7.625], "texture": "#1"},
				"south": {"uv": [7, 6.125, 7.25, 6.25], "texture": "#1"},
				"west": {"uv": [7.5, 4, 7.625, 4.125], "texture": "#1"},
				"up": {"uv": [7.25, 6.5, 7, 6.375], "texture": "#1"},
				"down": {"uv": [7.25, 6.5, 7, 6.625], "texture": "#1"}
			}
		},
		{
			"from": [2, 27, 19],
			"to": [3, 28, 20],
			"rotation": {"angle": 0, "axis": "y", "origin": [8, 29.5, 7.5]},
			"faces": {
				"north": {"uv": [4.125, 7.5, 4.25, 7.625], "texture": "#1"},
				"east": {"uv": [7.5, 4.125, 7.625, 4.25], "texture": "#1"},
				"south": {"uv": [7.5, 4.25, 7.625, 4.375], "texture": "#1"},
				"west": {"uv": [7.5, 4.375, 7.625, 4.5], "texture": "#1"},
				"up": {"uv": [4.625, 7.625, 4.5, 7.5], "texture": "#1"},
				"down": {"uv": [7.625, 4.5, 7.5, 4.625], "texture": "#1"}
			}
		},
		{
			"from": [3, 17, -4],
			"to": [4, 18, -3],
			"faces": {
				"north": {"uv": [7.625, 0.375, 7.75, 0.5], "texture": "#1"},
				"east": {"uv": [0.5, 7.625, 0.625, 7.75], "texture": "#1"},
				"south": {"uv": [7.625, 0.5, 7.75, 0.625], "texture": "#1"},
				"west": {"uv": [0.625, 7.625, 0.75, 7.75], "texture": "#1"},
				"up": {"uv": [7.75, 0.75, 7.625, 0.625], "texture": "#1"},
				"down": {"uv": [0.875, 7.625, 0.75, 7.75], "texture": "#1"}
			}
		},
		{
			"from": [2, 17, -4],
			"to": [3, 18, -2],
			"faces": {
				"north": {"uv": [7.625, 0.75, 7.75, 0.875], "texture": "#1"},
				"east": {"uv": [7.125, 1.25, 7.375, 1.375], "texture": "#1"},
				"south": {"uv": [0.875, 7.625, 1, 7.75], "texture": "#1"},
				"west": {"uv": [1.375, 7.125, 1.625, 7.25], "texture": "#1"},
				"up": {"uv": [7.25, 1.625, 7.125, 1.375], "texture": "#1"},
				"down": {"uv": [1.75, 7.125, 1.625, 7.375], "texture": "#1"}
			}
		},
		{
			"from": [11, 17, -4],
			"to": [12, 18, -3],
			"faces": {
				"north": {"uv": [7.625, 0.875, 7.75, 1], "texture": "#1"},
				"east": {"uv": [1, 7.625, 1.125, 7.75], "texture": "#1"},
				"south": {"uv": [7.625, 1, 7.75, 1.125], "texture": "#1"},
				"west": {"uv": [1.125, 7.625, 1.25, 7.75], "texture": "#1"},
				"up": {"uv": [7.75, 1.25, 7.625, 1.125], "texture": "#1"},
				"down": {"uv": [1.375, 7.625, 1.25, 7.75], "texture": "#1"}
			}
		},
		{
			"from": [12, 17, -4],
			"to": [13, 18, -2],
			"faces": {
				"north": {"uv": [7.625, 1.25, 7.75, 1.375], "texture": "#1"},
				"east": {"uv": [1.75, 7.125, 2, 7.25], "texture": "#1"},
				"south": {"uv": [1.375, 7.625, 1.5, 7.75], "texture": "#1"},
				"west": {"uv": [7.125, 1.875, 7.375, 2], "texture": "#1"},
				"up": {"uv": [2.125, 7.375, 2, 7.125], "texture": "#1"},
				"down": {"uv": [7.25, 2, 7.125, 2.25], "texture": "#1"}
			}
		},
		{
			"from": [11, 17, 18],
			"to": [12, 18, 19],
			"faces": {
				"north": {"uv": [7.625, 1.375, 7.75, 1.5], "texture": "#1"},
				"east": {"uv": [1.5, 7.625, 1.625, 7.75], "texture": "#1"},
				"south": {"uv": [7.625, 1.5, 7.75, 1.625], "texture": "#1"},
				"west": {"uv": [1.625, 7.625, 1.75, 7.75], "texture": "#1"},
				"up": {"uv": [7.75, 1.75, 7.625, 1.625], "texture": "#1"},
				"down": {"uv": [1.875, 7.625, 1.75, 7.75], "texture": "#1"}
			}
		},
		{
			"from": [12, 17, 17],
			"to": [13, 18, 19],
			"faces": {
				"north": {"uv": [7.625, 1.75, 7.75, 1.875], "texture": "#1"},
				"east": {"uv": [2.125, 7.125, 2.375, 7.25], "texture": "#1"},
				"south": {"uv": [1.875, 7.625, 2, 7.75], "texture": "#1"},
				"west": {"uv": [2.5, 7.125, 2.75, 7.25], "texture": "#1"},
				"up": {"uv": [7.25, 3.875, 7.125, 3.625], "texture": "#1"},
				"down": {"uv": [4, 7.125, 3.875, 7.375], "texture": "#1"}
			}
		},
		{
			"from": [3, 17, 18],
			"to": [4, 18, 19],
			"faces": {
				"north": {"uv": [7.625, 1.875, 7.75, 2], "texture": "#1"},
				"east": {"uv": [2, 7.625, 2.125, 7.75], "texture": "#1"},
				"south": {"uv": [7.625, 2, 7.75, 2.125], "texture": "#1"},
				"west": {"uv": [2.125, 7.625, 2.25, 7.75], "texture": "#1"},
				"up": {"uv": [7.75, 2.25, 7.625, 2.125], "texture": "#1"},
				"down": {"uv": [2.375, 7.625, 2.25, 7.75], "texture": "#1"}
			}
		},
		{
			"from": [2, 17, 17],
			"to": [3, 18, 19],
			"faces": {
				"north": {"uv": [7.625, 2.25, 7.75, 2.375], "texture": "#1"},
				"east": {"uv": [7.125, 2.5, 7.375, 2.625], "texture": "#1"},
				"south": {"uv": [2.375, 7.625, 2.5, 7.75], "texture": "#1"},
				"west": {"uv": [7.125, 3.25, 7.375, 3.375], "texture": "#1"},
				"up": {"uv": [4.125, 7.375, 4, 7.125], "texture": "#1"},
				"down": {"uv": [4.25, 7.125, 4.125, 7.375], "texture": "#1"}
			}
		},
		{
			"from": [3, 29, 18],
			"to": [4, 30, 19],
			"faces": {
				"north": {"uv": [7.625, 2.375, 7.75, 2.5], "texture": "#1"},
				"east": {"uv": [2.5, 7.625, 2.625, 7.75], "texture": "#1"},
				"south": {"uv": [7.625, 2.5, 7.75, 2.625], "texture": "#1"},
				"west": {"uv": [2.625, 7.625, 2.75, 7.75], "texture": "#1"},
				"up": {"uv": [7.75, 2.75, 7.625, 2.625], "texture": "#1"},
				"down": {"uv": [7.75, 3.25, 7.625, 3.375], "texture": "#1"}
			}
		},
		{
			"from": [3, 29, -4],
			"to": [4, 30, -3],
			"faces": {
				"north": {"uv": [7.625, 3.375, 7.75, 3.5], "texture": "#1"},
				"east": {"uv": [7.625, 3.5, 7.75, 3.625], "texture": "#1"},
				"south": {"uv": [7.625, 3.625, 7.75, 3.75], "texture": "#1"},
				"west": {"uv": [7.625, 3.75, 7.75, 3.875], "texture": "#1"},
				"up": {"uv": [4, 7.75, 3.875, 7.625], "texture": "#1"},
				"down": {"uv": [7.75, 3.875, 7.625, 4], "texture": "#1"}
			}
		},
		{
			"from": [2, 29, -4],
			"to": [3, 30, -2],
			"faces": {
				"north": {"uv": [4, 7.625, 4.125, 7.75], "texture": "#1"},
				"east": {"uv": [7.125, 4.125, 7.375, 4.25], "texture": "#1"},
				"south": {"uv": [7.625, 4, 7.75, 4.125], "texture": "#1"},
				"west": {"uv": [4.5, 7.125, 4.75, 7.25], "texture": "#1"},
				"up": {"uv": [4.875, 7.375, 4.75, 7.125], "texture": "#1"},
				"down": {"uv": [5, 7.125, 4.875, 7.375], "texture": "#1"}
			}
		},
		{
			"from": [11, 29, -4],
			"to": [12, 30, -3],
			"faces": {
				"north": {"uv": [4.125, 7.625, 4.25, 7.75], "texture": "#1"},
				"east": {"uv": [7.625, 4.125, 7.75, 4.25], "texture": "#1"},
				"south": {"uv": [7.625, 4.25, 7.75, 4.375], "texture": "#1"},
				"west": {"uv": [7.625, 4.375, 7.75, 4.5], "texture": "#1"},
				"up": {"uv": [4.625, 7.75, 4.5, 7.625], "texture": "#1"},
				"down": {"uv": [7.75, 4.5, 7.625, 4.625], "texture": "#1"}
			}
		},
		{
			"from": [12, 29, -4],
			"to": [13, 30, -2],
			"faces": {
				"north": {"uv": [4.625, 7.625, 4.75, 7.75], "texture": "#1"},
				"east": {"uv": [7.125, 4.5, 7.375, 4.625], "texture": "#1"},
				"south": {"uv": [7.625, 4.625, 7.75, 4.75], "texture": "#1"},
				"west": {"uv": [5, 7.125, 5.25, 7.25], "texture": "#1"},
				"up": {"uv": [5.375, 7.375, 5.25, 7.125], "texture": "#1"},
				"down": {"uv": [5.5, 7.125, 5.375, 7.375], "texture": "#1"}
			}
		},
		{
			"from": [2, 29, 17],
			"to": [3, 30, 19],
			"faces": {
				"north": {"uv": [4.75, 7.625, 4.875, 7.75], "texture": "#1"},
				"east": {"uv": [5.5, 7.125, 5.75, 7.25], "texture": "#1"},
				"south": {"uv": [7.625, 4.75, 7.75, 4.875], "texture": "#1"},
				"west": {"uv": [7.125, 5.625, 7.375, 5.75], "texture": "#1"},
				"up": {"uv": [5.875, 7.375, 5.75, 7.125], "texture": "#1"},
				"down": {"uv": [6, 7.125, 5.875, 7.375], "texture": "#1"}
			}
		},
		{
			"from": [13, 17, -5],
			"to": [14, 18, 20],
			"rotation": {"angle": 0, "axis": "y", "origin": [8, 29.5, 7.5]},
			"faces": {
				"north": {"uv": [7.25, 0.625, 7.375, 0.75], "texture": "#1"},
				"east": {"uv": [5.25, 2.75, 8.375, 2.875], "texture": "#1"},
				"south": {"uv": [7.25, 0.75, 7.375, 0.875], "texture": "#1"},
				"west": {"uv": [5.25, 2.875, 8.375, 3], "texture": "#1"},
				"up": {"uv": [3.5, 8.25, 3.375, 5.125], "texture": "#1"},
				"down": {"uv": [3.625, 5.125, 3.5, 8.25], "texture": "#1"}
			}
		},
		{
			"from": [12, 29, 17],
			"to": [13, 30, 19],
			"faces": {
				"north": {"uv": [4.875, 7.625, 5, 7.75], "texture": "#1"},
				"east": {"uv": [6, 7.125, 6.25, 7.25], "texture": "#1"},
				"south": {"uv": [7.625, 4.875, 7.75, 5], "texture": "#1"},
				"west": {"uv": [7.125, 6.25, 7.375, 6.375], "texture": "#1"},
				"up": {"uv": [6.375, 7.375, 6.25, 7.125], "texture": "#1"},
				"down": {"uv": [6.625, 7.125, 6.5, 7.375], "texture": "#1"}
			}
		},
		{
			"from": [3.5, 19.5, -5],
			"to": [11.5, 27.5, -4],
			"rotation": {"angle": 0, "axis": "y", "origin": [8, 29.5, 7.5]},
			"faces": {
				"north": {"uv": [4.25, 2.75, 5.25, 3.75], "texture": "#1"},
				"east": {"uv": [5.625, 0.75, 5.75, 1.75], "texture": "#1"},
				"south": {"uv": [4.25, 3.75, 5.25, 4.75], "texture": "#1"},
				"west": {"uv": [1.375, 5.625, 1.5, 6.625], "texture": "#1"},
				"up": {"uv": [2.5, 5.75, 1.5, 5.625], "texture": "#1"},
				"down": {"uv": [6.625, 1.75, 5.625, 1.875], "texture": "#1"}
			}
		},
		{
			"from": [6, 25, 19],
			"to": [7, 26, 20],
			"rotation": {"angle": 0, "axis": "y", "origin": [8, 29.5, 7.5]},
			"faces": {
				"north": {"uv": [4.75, 7.5, 4.875, 7.625], "texture": "#1"},
				"east": {"uv": [7.5, 4.75, 7.625, 4.875], "texture": "#1"},
				"south": {"uv": [4.875, 7.5, 5, 7.625], "texture": "#1"},
				"west": {"uv": [7.5, 4.875, 7.625, 5], "texture": "#1"},
				"up": {"uv": [5.125, 7.625, 5, 7.5], "texture": "#1"},
				"down": {"uv": [5.25, 7.5, 5.125, 7.625], "texture": "#1"}
			}
		},
		{
			"from": [4, 26, 19],
			"to": [6, 27, 20],
			"rotation": {"angle": 0, "axis": "y", "origin": [8, 29.5, 7.5]},
			"faces": {
				"north": {"uv": [7, 6.625, 7.25, 6.75], "texture": "#1"},
				"east": {"uv": [4.625, 7.5, 4.75, 7.625], "texture": "#1"},
				"south": {"uv": [7, 6.75, 7.25, 6.875], "texture": "#1"},
				"west": {"uv": [7.5, 4.625, 7.625, 4.75], "texture": "#1"},
				"up": {"uv": [7.25, 7, 7, 6.875], "texture": "#1"},
				"down": {"uv": [7.25, 7, 7, 7.125], "texture": "#1"}
			}
		},
		{
			"from": [3, 24, 19],
			"to": [4, 26, 20],
			"rotation": {"angle": 0, "axis": "y", "origin": [8, 29.5, 7.5]},
			"faces": {
				"north": {"uv": [2.375, 7, 2.5, 7.25], "texture": "#1"},
				"east": {"uv": [6.375, 7, 6.5, 7.25], "texture": "#1"},
				"south": {"uv": [6.625, 7, 6.75, 7.25], "texture": "#1"},
				"west": {"uv": [7.125, 0, 7.25, 0.25], "texture": "#1"},
				"up": {"uv": [5.375, 7.625, 5.25, 7.5], "texture": "#1"},
				"down": {"uv": [7.625, 5.25, 7.5, 5.375], "texture": "#1"}
			}
		},
		{
			"from": [4, 23, 19],
			"to": [6, 24, 20],
			"rotation": {"angle": 0, "axis": "y", "origin": [8, 29.5, 7.5]},
			"faces": {
				"north": {"uv": [0.125, 7.125, 0.375, 7.25], "texture": "#1"},
				"east": {"uv": [5.375, 7.5, 5.5, 7.625], "texture": "#1"},
				"south": {"uv": [7.125, 0.25, 7.375, 0.375], "texture": "#1"},
				"west": {"uv": [7.5, 5.375, 7.625, 5.5], "texture": "#1"},
				"up": {"uv": [0.625, 7.25, 0.375, 7.125], "texture": "#1"},
				"down": {"uv": [7.375, 0.375, 7.125, 0.5], "texture": "#1"}
			}
		},
		{
			"from": [6, 21, 19],
			"to": [7, 23, 20],
			"rotation": {"angle": 0, "axis": "y", "origin": [8, 29.5, 7.5]},
			"faces": {
				"north": {"uv": [7.125, 0.5, 7.25, 0.75], "texture": "#1"},
				"east": {"uv": [0.625, 7.125, 0.75, 7.375], "texture": "#1"},
				"south": {"uv": [0.75, 7.125, 0.875, 7.375], "texture": "#1"},
				"west": {"uv": [7.125, 0.75, 7.25, 1], "texture": "#1"},
				"up": {"uv": [5.625, 7.625, 5.5, 7.5], "texture": "#1"},
				"down": {"uv": [7.625, 5.5, 7.5, 5.625], "texture": "#1"}
			}
		},
		{
			"from": [4, 20, 19],
			"to": [6, 21, 20],
			"rotation": {"angle": 0, "axis": "y", "origin": [8, 29.5, 7.5]},
			"faces": {
				"north": {"uv": [0.875, 7.125, 1.125, 7.25], "texture": "#1"},
				"east": {"uv": [5.625, 7.5, 5.75, 7.625], "texture": "#1"},
				"south": {"uv": [7.125, 1, 7.375, 1.125], "texture": "#1"},
				"west": {"uv": [7.5, 5.625, 7.625, 5.75], "texture": "#1"},
				"up": {"uv": [1.375, 7.25, 1.125, 7.125], "texture": "#1"},
				"down": {"uv": [7.375, 1.125, 7.125, 1.25], "texture": "#1"}
			}
		},
		{
			"from": [3, 21, 19],
			"to": [4, 22, 20],
			"rotation": {"angle": 0, "axis": "y", "origin": [8, 29.5, 7.5]},
			"faces": {
				"north": {"uv": [5.75, 7.5, 5.875, 7.625], "texture": "#1"},
				"east": {"uv": [7.5, 5.75, 7.625, 5.875], "texture": "#1"},
				"south": {"uv": [5.875, 7.5, 6, 7.625], "texture": "#1"},
				"west": {"uv": [7.5, 5.875, 7.625, 6], "texture": "#1"},
				"up": {"uv": [6.125, 7.625, 6, 7.5], "texture": "#1"},
				"down": {"uv": [7.625, 6, 7.5, 6.125], "texture": "#1"}
			}
		},
		{
			"from": [7, 20, 19],
			"to": [8, 27, 20],
			"rotation": {"angle": 0, "axis": "y", "origin": [8, 29.5, 7.5]},
			"faces": {
				"north": {"uv": [2.125, 5.75, 2.25, 6.625], "texture": "#1"},
				"east": {"uv": [2.25, 5.75, 2.375, 6.625], "texture": "#1"},
				"south": {"uv": [2.375, 5.75, 2.5, 6.625], "texture": "#1"},
				"west": {"uv": [5.75, 5.625, 5.875, 6.5], "texture": "#1"},
				"up": {"uv": [6.25, 7.625, 6.125, 7.5], "texture": "#1"},
				"down": {"uv": [7.625, 6.125, 7.5, 6.25], "texture": "#1"}
			}
		},
		{
			"from": [9, 24, 19],
			"to": [10, 25, 20],
			"rotation": {"angle": 0, "axis": "y", "origin": [8, 29.5, 7.5]},
			"faces": {
				"north": {"uv": [7.125, 7.5, 7.25, 7.625], "texture": "#1"},
				"east": {"uv": [7.5, 7.125, 7.625, 7.25], "texture": "#1"},
				"south": {"uv": [7.25, 7.5, 7.375, 7.625], "texture": "#1"},
				"west": {"uv": [7.5, 7.25, 7.625, 7.375], "texture": "#1"},
				"up": {"uv": [7.5, 7.625, 7.375, 7.5], "texture": "#1"},
				"down": {"uv": [7.625, 7.375, 7.5, 7.5], "texture": "#1"}
			}
		},
		{
			"from": [11, 20, 19],
			"to": [12, 27, 20],
			"rotation": {"angle": 0, "axis": "y", "origin": [8, 29.5, 7.5]},
			"faces": {
				"north": {"uv": [5.875, 0.75, 6, 1.625], "texture": "#1"},
				"east": {"uv": [5.875, 1.875, 6, 2.75], "texture": "#1"},
				"south": {"uv": [5.875, 5.625, 6, 6.5], "texture": "#1"},
				"west": {"uv": [6, 0, 6.125, 0.875], "texture": "#1"},
				"up": {"uv": [6.375, 7.625, 6.25, 7.5], "texture": "#1"},
				"down": {"uv": [7.625, 6.25, 7.5, 6.375], "texture": "#1"}
			}
		},
		{
			"from": [10, 25, 19],
			"to": [11, 26, 20],
			"rotation": {"angle": 0, "axis": "y", "origin": [8, 29.5, 7.5]},
			"faces": {
				"north": {"uv": [6.75, 7.5, 6.875, 7.625], "texture": "#1"},
				"east": {"uv": [7.5, 6.75, 7.625, 6.875], "texture": "#1"},
				"south": {"uv": [6.875, 7.5, 7, 7.625], "texture": "#1"},
				"west": {"uv": [7.5, 6.875, 7.625, 7], "texture": "#1"},
				"up": {"uv": [7.125, 7.625, 7, 7.5], "texture": "#1"},
				"down": {"uv": [7.625, 7, 7.5, 7.125], "texture": "#1"}
			}
		},
		{
			"from": [8, 25, 19],
			"to": [9, 26, 20],
			"rotation": {"angle": 0, "axis": "y", "origin": [8, 29.5, 7.5]},
			"faces": {
				"north": {"uv": [6.375, 7.5, 6.5, 7.625], "texture": "#1"},
				"east": {"uv": [7.5, 6.375, 7.625, 6.5], "texture": "#1"},
				"south": {"uv": [6.5, 7.5, 6.625, 7.625], "texture": "#1"},
				"west": {"uv": [7.5, 6.5, 7.625, 6.625], "texture": "#1"},
				"up": {"uv": [6.75, 7.625, 6.625, 7.5], "texture": "#1"},
				"down": {"uv": [7.625, 6.625, 7.5, 6.75], "texture": "#1"}
			}
		},
		{
			"from": [9, 29, 6],
			"to": [10, 30, 9],
			"faces": {
				"north": {"uv": [5.75, 7.625, 5.875, 7.75], "texture": "#1"},
				"east": {"uv": [6.75, 1.5, 7.125, 1.625], "texture": "#1"},
				"south": {"uv": [7.625, 5.75, 7.75, 5.875], "texture": "#1"},
				"west": {"uv": [6.75, 2, 7.125, 2.125], "texture": "#1"},
				"up": {"uv": [2, 7.125, 1.875, 6.75], "texture": "#1"},
				"down": {"uv": [2.125, 6.75, 2, 7.125], "texture": "#1"}
			}
		},
		{
			"from": [5, 17, 9],
			"to": [10, 18, 10],
			"faces": {
				"north": {"uv": [6.125, 6.375, 6.75, 6.5], "texture": "#1"},
				"east": {"uv": [7.625, 0, 7.75, 0.125], "texture": "#1"},
				"south": {"uv": [6.5, 0, 7.125, 0.125], "texture": "#1"},
				"west": {"uv": [0.125, 7.625, 0.25, 7.75], "texture": "#1"},
				"up": {"uv": [7.125, 0.25, 6.5, 0.125], "texture": "#1"},
				"down": {"uv": [7.125, 0.25, 6.5, 0.375], "texture": "#1"}
			}
		},
		{
			"from": [5, 17, 6],
			"to": [6, 18, 9],
			"faces": {
				"north": {"uv": [7.625, 0.125, 7.75, 0.25], "texture": "#1"},
				"east": {"uv": [5.125, 6.625, 5.5, 6.75], "texture": "#1"},
				"south": {"uv": [0.25, 7.625, 0.375, 7.75], "texture": "#1"},
				"west": {"uv": [6.125, 6.625, 6.5, 6.75], "texture": "#1"},
				"up": {"uv": [5.625, 7, 5.5, 6.625], "texture": "#1"},
				"down": {"uv": [5.75, 6.625, 5.625, 7], "texture": "#1"}
			}
		},
		{
			"from": [5, 17, 5],
			"to": [10, 18, 6],
			"faces": {
				"north": {"uv": [5.75, 1.625, 6.375, 1.75], "texture": "#1"},
				"east": {"uv": [7.5, 7.5, 7.625, 7.625], "texture": "#1"},
				"south": {"uv": [6, 2.625, 6.625, 2.75], "texture": "#1"},
				"west": {"uv": [0, 7.625, 0.125, 7.75], "texture": "#1"},
				"up": {"uv": [6.75, 1.625, 6.125, 1.5], "texture": "#1"},
				"down": {"uv": [7, 1.625, 6.375, 1.75], "texture": "#1"}
			}
		},
		{
			"from": [2, 18, -4],
			"to": [13, 29, 19],
			"rotation": {"angle": 0, "axis": "y", "origin": [8, 29.5, 7.5]},
			"faces": {
				"north": {"uv": [4.25, 0, 5.625, 1.375], "texture": "#1"},
				"east": {"uv": [0, 0, 2.875, 1.375], "texture": "#1"},
				"south": {"uv": [4.25, 1.375, 5.625, 2.75], "texture": "#1"},
				"west": {"uv": [0, 1.375, 2.875, 2.75], "texture": "#1"},
				"up": {"uv": [1.375, 5.625, 0, 2.75], "texture": "#1"},
				"down": {"uv": [2.75, 2.75, 1.375, 5.625], "texture": "#1"}
			}
		},
		{
			"from": [5, 29, 9],
			"to": [10, 30, 10],
			"faces": {
				"north": {"uv": [6.5, 0.875, 7.125, 1], "texture": "#1"},
				"east": {"uv": [5.625, 7.625, 5.75, 7.75], "texture": "#1"},
				"south": {"uv": [6.5, 1, 7.125, 1.125], "texture": "#1"},
				"west": {"uv": [7.625, 5.625, 7.75, 5.75], "texture": "#1"},
				"up": {"uv": [7.125, 1.25, 6.5, 1.125], "texture": "#1"},
				"down": {"uv": [7.125, 1.25, 6.5, 1.375], "texture": "#1"}
			}
		},
		{
			"from": [5, 29, 5],
			"to": [10, 30, 6],
			"faces": {
				"north": {"uv": [6.5, 0.375, 7.125, 0.5], "texture": "#1"},
				"east": {"uv": [5.375, 7.625, 5.5, 7.75], "texture": "#1"},
				"south": {"uv": [6.5, 0.5, 7.125, 0.625], "texture": "#1"},
				"west": {"uv": [7.625, 5.375, 7.75, 5.5], "texture": "#1"},
				"up": {"uv": [7.125, 0.75, 6.5, 0.625], "texture": "#1"},
				"down": {"uv": [7.125, 0.75, 6.5, 0.875], "texture": "#1"}
			}
		},
		{
			"from": [5, 29, 6],
			"to": [6, 30, 9],
			"faces": {
				"north": {"uv": [5.5, 7.625, 5.625, 7.75], "texture": "#1"},
				"east": {"uv": [0.625, 6.75, 1, 6.875], "texture": "#1"},
				"south": {"uv": [7.625, 5.5, 7.75, 5.625], "texture": "#1"},
				"west": {"uv": [1.375, 6.75, 1.75, 6.875], "texture": "#1"},
				"up": {"uv": [1.125, 7.125, 1, 6.75], "texture": "#1"},
				"down": {"uv": [1.875, 6.75, 1.75, 7.125], "texture": "#1"}
			}
		},
		{
			"from": [6, -10, 6],
			"to": [9, 31, 9],
			"faces": {
				"north": {"uv": [2.75, 2.75, 3.125, 7.875], "texture": "#1"},
				"east": {"uv": [3.125, 0, 3.5, 5.125], "texture": "#1"},
				"south": {"uv": [3.5, 0, 3.875, 5.125], "texture": "#1"},
				"west": {"uv": [3.875, 0, 4.25, 5.125], "texture": "#1"},
				"up": {"uv": [6, 0.375, 5.625, 0], "texture": "#1"},
				"down": {"uv": [6, 0.375, 5.625, 0.75], "texture": "#1"}
			}
		},
		{
			"from": [9, 17, 6],
			"to": [10, 18, 9],
			"faces": {
				"north": {"uv": [7.625, 0.25, 7.75, 0.375], "texture": "#1"},
				"east": {"uv": [6.625, 6.5, 7, 6.625], "texture": "#1"},
				"south": {"uv": [0.375, 7.625, 0.5, 7.75], "texture": "#1"},
				"west": {"uv": [6.625, 6.625, 7, 6.75], "texture": "#1"},
				"up": {"uv": [0.5, 7.125, 0.375, 6.75], "texture": "#1"},
				"down": {"uv": [0.625, 6.75, 0.5, 7.125], "texture": "#1"}
			}
		},
		{
			"from": [1, 20, 16],
			"to": [2, 27, 17],
			"rotation": {"angle": 0, "axis": "y", "origin": [30.5, 23.5, 8.5]},
			"faces": {
				"north": {"uv": [0.25, 5.75, 0.375, 6.625], "texture": "#1"},
				"east": {"uv": [0.375, 5.75, 0.5, 6.625], "texture": "#1"},
				"south": {"uv": [0.5, 5.75, 0.625, 6.625], "texture": "#1"},
				"west": {"uv": [0.625, 5.75, 0.75, 6.625], "texture": "#1"},
				"up": {"uv": [4.75, 7.375, 4.625, 7.25], "texture": "#1"},
				"down": {"uv": [7.375, 4.625, 7.25, 4.75], "texture": "#1"}
			}
		},
		{
			"from": [1, 22, 15],
			"to": [2, 23, 16],
			"rotation": {"angle": 0, "axis": "y", "origin": [30.5, 23.5, 8.5]},
			"faces": {
				"north": {"uv": [7.25, 6.125, 7.375, 6.25], "texture": "#1"},
				"east": {"uv": [6.375, 7.25, 6.5, 7.375], "texture": "#1"},
				"south": {"uv": [7.25, 6.375, 7.375, 6.5], "texture": "#1"},
				"west": {"uv": [7.25, 6.5, 7.375, 6.625], "texture": "#1"},
				"up": {"uv": [6.75, 7.375, 6.625, 7.25], "texture": "#1"},
				"down": {"uv": [7.375, 6.625, 7.25, 6.75], "texture": "#1"}
			}
		},
		{
			"from": [1, 23, 14],
			"to": [2, 24, 15],
			"rotation": {"angle": 0, "axis": "y", "origin": [30.5, 23.5, 8.5]},
			"faces": {
				"north": {"uv": [5.625, 7.25, 5.75, 7.375], "texture": "#1"},
				"east": {"uv": [7.25, 5.75, 7.375, 5.875], "texture": "#1"},
				"south": {"uv": [7.25, 5.875, 7.375, 6], "texture": "#1"},
				"west": {"uv": [6, 7.25, 6.125, 7.375], "texture": "#1"},
				"up": {"uv": [7.375, 6.125, 7.25, 6], "texture": "#1"},
				"down": {"uv": [6.25, 7.25, 6.125, 7.375], "texture": "#1"}
			}
		},
		{
			"from": [1, 24, 13],
			"to": [2, 25, 14],
			"rotation": {"angle": 0, "axis": "y", "origin": [30.5, 23.5, 8.5]},
			"faces": {
				"north": {"uv": [5, 7.25, 5.125, 7.375], "texture": "#1"},
				"east": {"uv": [5.125, 7.25, 5.25, 7.375], "texture": "#1"},
				"south": {"uv": [7.25, 5.25, 7.375, 5.375], "texture": "#1"},
				"west": {"uv": [7.25, 5.375, 7.375, 5.5], "texture": "#1"},
				"up": {"uv": [5.625, 7.375, 5.5, 7.25], "texture": "#1"},
				"down": {"uv": [7.375, 5.5, 7.25, 5.625], "texture": "#1"}
			}
		},
		{
			"from": [1, 20, 12],
			"to": [2, 27, 13],
			"rotation": {"angle": 0, "axis": "y", "origin": [30.5, 23.5, 8.5]},
			"faces": {
				"north": {"uv": [5.5, 5.625, 5.625, 6.5], "texture": "#1"},
				"east": {"uv": [5.625, 5.625, 5.75, 6.5], "texture": "#1"},
				"south": {"uv": [0, 5.75, 0.125, 6.625], "texture": "#1"},
				"west": {"uv": [0.125, 5.75, 0.25, 6.625], "texture": "#1"},
				"up": {"uv": [7.375, 4.5, 7.25, 4.375], "texture": "#1"},
				"down": {"uv": [4.625, 7.25, 4.5, 7.375], "texture": "#1"}
			}
		},
		{
			"from": [1, 20, 9],
			"to": [2, 26, 10],
			"rotation": {"angle": 0, "axis": "y", "origin": [30.5, 23.5, 8.5]},
			"faces": {
				"north": {"uv": [6.125, 0.75, 6.25, 1.5], "texture": "#1"},
				"east": {"uv": [6.125, 1.875, 6.25, 2.625], "texture": "#1"},
				"south": {"uv": [6.125, 5.625, 6.25, 6.375], "texture": "#1"},
				"west": {"uv": [6.25, 0, 6.375, 0.75], "texture": "#1"},
				"up": {"uv": [7.375, 3.625, 7.25, 3.5], "texture": "#1"},
				"down": {"uv": [7.375, 3.625, 7.25, 3.75], "texture": "#1"}
			}
		},
		{
			"from": [1, 23, 6],
			"to": [2, 24, 9],
			"rotation": {"angle": 0, "axis": "y", "origin": [30.5, 23.5, 8.5]},
			"faces": {
				"north": {"uv": [7.25, 4, 7.375, 4.125], "texture": "#1"},
				"east": {"uv": [6.5, 6, 6.875, 6.125], "texture": "#1"},
				"south": {"uv": [7.25, 4.25, 7.375, 4.375], "texture": "#1"},
				"west": {"uv": [6.125, 6.5, 6.5, 6.625], "texture": "#1"},
				"up": {"uv": [6.625, 6.875, 6.5, 6.5], "texture": "#1"},
				"down": {"uv": [0.125, 6.625, 0, 7], "texture": "#1"}
			}
		},
		{
			"from": [1, 26, 6],
			"to": [2, 27, 9],
			"rotation": {"angle": 0, "axis": "y", "origin": [30.5, 23.5, 8.5]},
			"faces": {
				"north": {"uv": [7.25, 3.75, 7.375, 3.875], "texture": "#1"},
				"east": {"uv": [6.5, 5.75, 6.875, 5.875], "texture": "#1"},
				"south": {"uv": [7.25, 3.875, 7.375, 4], "texture": "#1"},
				"west": {"uv": [6.5, 5.875, 6.875, 6], "texture": "#1"},
				"up": {"uv": [5.875, 6.875, 5.75, 6.5], "texture": "#1"},
				"down": {"uv": [6, 6.5, 5.875, 6.875], "texture": "#1"}
			}
		},
		{
			"from": [1, 20, 5],
			"to": [2, 26, 6],
			"rotation": {"angle": 0, "axis": "y", "origin": [30.5, 23.5, 8.5]},
			"faces": {
				"north": {"uv": [6, 0.875, 6.125, 1.625], "texture": "#1"},
				"east": {"uv": [6, 1.875, 6.125, 2.625], "texture": "#1"},
				"south": {"uv": [6, 5.625, 6.125, 6.375], "texture": "#1"},
				"west": {"uv": [6.125, 0, 6.25, 0.75], "texture": "#1"},
				"up": {"uv": [7.375, 2.75, 7.25, 2.625], "texture": "#1"},
				"down": {"uv": [7.375, 3.375, 7.25, 3.5], "texture": "#1"}
			}
		},
		{
			"from": [1, 24, 2],
			"to": [2, 26, 3],
			"rotation": {"angle": 0, "axis": "y", "origin": [30.5, 23.5, 8.5]},
			"faces": {
				"north": {"uv": [6.75, 2.125, 6.875, 2.375], "texture": "#1"},
				"east": {"uv": [4.5, 6.75, 4.625, 7], "texture": "#1"},
				"south": {"uv": [4.625, 6.75, 4.75, 7], "texture": "#1"},
				"west": {"uv": [4.75, 6.75, 4.875, 7], "texture": "#1"},
				"up": {"uv": [2.25, 7.375, 2.125, 7.25], "texture": "#1"},
				"down": {"uv": [7.375, 2.125, 7.25, 2.25], "texture": "#1"}
			}
		},
		{
			"from": [1, 26, -1],
			"to": [2, 27, 2],
			"rotation": {"angle": 0, "axis": "y", "origin": [30.5, 23.5, 8.5]},
			"faces": {
				"north": {"uv": [1.875, 7.25, 2, 7.375], "texture": "#1"},
				"east": {"uv": [6.5, 1.375, 6.875, 1.5], "texture": "#1"},
				"south": {"uv": [7.25, 2, 7.375, 2.125], "texture": "#1"},
				"west": {"uv": [6.5, 1.875, 6.875, 2], "texture": "#1"},
				"up": {"uv": [6.625, 2.375, 6.5, 2], "texture": "#1"},
				"down": {"uv": [2.625, 6.5, 2.5, 6.875], "texture": "#1"}
			}
		},
		{
			"from": [1, 20, -2],
			"to": [2, 27, -1],
			"rotation": {"angle": 0, "axis": "y", "origin": [30.5, 23.5, 8.5]},
			"faces": {
				"north": {"uv": [5.625, 1.875, 5.75, 2.75], "texture": "#1"},
				"east": {"uv": [2.5, 5.625, 2.625, 6.5], "texture": "#1"},
				"south": {"uv": [2.625, 5.625, 2.75, 6.5], "texture": "#1"},
				"west": {"uv": [5.375, 5.625, 5.5, 6.5], "texture": "#1"},
				"up": {"uv": [1.875, 7.375, 1.75, 7.25], "texture": "#1"},
				"down": {"uv": [7.375, 1.75, 7.25, 1.875], "texture": "#1"}
			}
		},
		{
			"from": [1, 23, -1],
			"to": [2, 24, 2],
			"rotation": {"angle": 0, "axis": "y", "origin": [30.5, 23.5, 8.5]},
			"faces": {
				"north": {"uv": [2.5, 7.25, 2.625, 7.375], "texture": "#1"},
				"east": {"uv": [5.375, 6.5, 5.75, 6.625], "texture": "#1"},
				"south": {"uv": [2.625, 7.25, 2.75, 7.375], "texture": "#1"},
				"west": {"uv": [6.5, 5.625, 6.875, 5.75], "texture": "#1"},
				"up": {"uv": [4.125, 6.875, 4, 6.5], "texture": "#1"},
				"down": {"uv": [4.25, 6.5, 4.125, 6.875], "texture": "#1"}
			}
		},
		{
			"from": [1, 21, 2],
			"to": [2, 23, 3],
			"rotation": {"angle": 0, "axis": "y", "origin": [30.5, 23.5, 8.5]},
			"faces": {
				"north": {"uv": [5.125, 6.75, 5.25, 7], "texture": "#1"},
				"east": {"uv": [5.25, 6.75, 5.375, 7], "texture": "#1"},
				"south": {"uv": [6.75, 5.25, 6.875, 5.5], "texture": "#1"},
				"west": {"uv": [5.375, 6.75, 5.5, 7], "texture": "#1"},
				"up": {"uv": [2.5, 7.375, 2.375, 7.25], "texture": "#1"},
				"down": {"uv": [7.375, 2.375, 7.25, 2.5], "texture": "#1"}
			}
		},
		{
			"from": [1, 20, -1],
			"to": [2, 21, 2],
			"rotation": {"angle": 0, "axis": "y", "origin": [30.5, 23.5, 8.5]},
			"faces": {
				"north": {"uv": [2.25, 7.25, 2.375, 7.375], "texture": "#1"},
				"east": {"uv": [6.5, 2.375, 6.875, 2.5], "texture": "#1"},
				"south": {"uv": [7.25, 2.25, 7.375, 2.375], "texture": "#1"},
				"west": {"uv": [6.5, 2.5, 6.875, 2.625], "texture": "#1"},
				"up": {"uv": [2.75, 6.875, 2.625, 6.5], "texture": "#1"},
				"down": {"uv": [4, 6.5, 3.875, 6.875], "texture": "#1"}
			}
		},
		{
			"from": [13, 20, 16],
			"to": [14, 27, 17],
			"rotation": {"angle": 0, "axis": "y", "origin": [8, 29.5, 7.5]},
			"faces": {
				"north": {"uv": [1.75, 5.75, 1.875, 6.625], "texture": "#1"},
				"east": {"uv": [1.875, 5.75, 2, 6.625], "texture": "#1"},
				"south": {"uv": [5.75, 1.875, 5.875, 2.75], "texture": "#1"},
				"west": {"uv": [2, 5.75, 2.125, 6.625], "texture": "#1"},
				"up": {"uv": [7, 7.5, 6.875, 7.375], "texture": "#1"},
				"down": {"uv": [7.5, 6.875, 7.375, 7], "texture": "#1"}
			}
		},
		{
			"from": [13, 26, 13],
			"to": [14, 27, 16],
			"rotation": {"angle": 0, "axis": "y", "origin": [8, 29.5, 7.5]},
			"faces": {
				"north": {"uv": [6.75, 7.375, 6.875, 7.5], "texture": "#1"},
				"east": {"uv": [6.625, 1.75, 7, 1.875], "texture": "#1"},
				"south": {"uv": [7.375, 6.75, 7.5, 6.875], "texture": "#1"},
				"west": {"uv": [6.625, 2.625, 7, 2.75], "texture": "#1"},
				"up": {"uv": [2.375, 7, 2.25, 6.625], "texture": "#1"},
				"down": {"uv": [2.5, 6.625, 2.375, 7], "texture": "#1"}
			}
		},
		{
			"from": [13, 24, 12],
			"to": [14, 26, 13],
			"rotation": {"angle": 0, "axis": "y", "origin": [8, 29.5, 7.5]},
			"faces": {
				"north": {"uv": [6.5, 6.875, 6.625, 7.125], "texture": "#1"},
				"east": {"uv": [6.75, 6.875, 6.875, 7.125], "texture": "#1"},
				"south": {"uv": [6.875, 6.875, 7, 7.125], "texture": "#1"},
				"west": {"uv": [0, 7, 0.125, 7.25], "texture": "#1"},
				"up": {"uv": [6.75, 7.5, 6.625, 7.375], "texture": "#1"},
				"down": {"uv": [7.5, 6.625, 7.375, 6.75], "texture": "#1"}
			}
		},
		{
			"from": [13, 23, 13],
			"to": [14, 24, 16],
			"rotation": {"angle": 0, "axis": "y", "origin": [8, 29.5, 7.5]},
			"faces": {
				"north": {"uv": [6.375, 7.375, 6.5, 7.5], "texture": "#1"},
				"east": {"uv": [1.375, 6.625, 1.75, 6.75], "texture": "#1"},
				"south": {"uv": [7.375, 6.375, 7.5, 6.5], "texture": "#1"},
				"west": {"uv": [1.75, 6.625, 2.125, 6.75], "texture": "#1"},
				"up": {"uv": [6.75, 2.375, 6.625, 2], "texture": "#1"},
				"down": {"uv": [2.25, 6.625, 2.125, 7], "texture": "#1"}
			}
		},
		{
			"from": [13, 21, 12],
			"to": [14, 23, 13],
			"rotation": {"angle": 0, "axis": "y", "origin": [8, 29.5, 7.5]},
			"faces": {
				"north": {"uv": [5.875, 6.875, 6, 7.125], "texture": "#1"},
				"east": {"uv": [6.875, 6, 7, 6.25], "texture": "#1"},
				"south": {"uv": [6.125, 6.875, 6.25, 7.125], "texture": "#1"},
				"west": {"uv": [6.25, 6.875, 6.375, 7.125], "texture": "#1"},
				"up": {"uv": [6.625, 7.5, 6.5, 7.375], "texture": "#1"},
				"down": {"uv": [7.5, 6.5, 7.375, 6.625], "texture": "#1"}
			}
		},
		{
			"from": [13, 20, 13],
			"to": [14, 21, 16],
			"rotation": {"angle": 0, "axis": "y", "origin": [8, 29.5, 7.5]},
			"faces": {
				"north": {"uv": [7, 7.375, 7.125, 7.5], "texture": "#1"},
				"east": {"uv": [4.5, 6.625, 4.875, 6.75], "texture": "#1"},
				"south": {"uv": [7.375, 7, 7.5, 7.125], "texture": "#1"},
				"west": {"uv": [6.625, 4.625, 7, 4.75], "texture": "#1"},
				"up": {"uv": [5, 7, 4.875, 6.625], "texture": "#1"},
				"down": {"uv": [5.125, 6.625, 5, 7], "texture": "#1"}
			}
		},
		{
			"from": [13, 20, 9],
			"to": [14, 26, 10],
			"rotation": {"angle": 0, "axis": "y", "origin": [8, 29.5, 7.5]},
			"faces": {
				"north": {"uv": [6.375, 0.75, 6.5, 1.5], "texture": "#1"},
				"east": {"uv": [6.375, 1.875, 6.5, 2.625], "texture": "#1"},
				"south": {"uv": [6.375, 5.625, 6.5, 6.375], "texture": "#1"},
				"west": {"uv": [6, 6.375, 6.125, 7.125], "texture": "#1"},
				"up": {"uv": [6.25, 7.5, 6.125, 7.375], "texture": "#1"},
				"down": {"uv": [7.5, 6.125, 7.375, 6.25], "texture": "#1"}
			}
		},
		{
			"from": [13, 23, 6],
			"to": [14, 24, 9],
			"rotation": {"angle": 0, "axis": "y", "origin": [8, 29.5, 7.5]},
			"faces": {
				"north": {"uv": [6.25, 7.375, 6.375, 7.5], "texture": "#1"},
				"east": {"uv": [0.375, 6.625, 0.75, 6.75], "texture": "#1"},
				"south": {"uv": [7.375, 6.25, 7.5, 6.375], "texture": "#1"},
				"west": {"uv": [0.75, 6.625, 1.125, 6.75], "texture": "#1"},
				"up": {"uv": [1.25, 7, 1.125, 6.625], "texture": "#1"},
				"down": {"uv": [1.375, 6.625, 1.25, 7], "texture": "#1"}
			}
		},
		{
			"from": [13, 20, 5],
			"to": [14, 26, 6],
			"rotation": {"angle": 0, "axis": "y", "origin": [8, 29.5, 7.5]},
			"faces": {
				"north": {"uv": [6.25, 0.75, 6.375, 1.5], "texture": "#1"},
				"east": {"uv": [6.25, 1.875, 6.375, 2.625], "texture": "#1"},
				"south": {"uv": [6.25, 5.625, 6.375, 6.375], "texture": "#1"},
				"west": {"uv": [6.375, 0, 6.5, 0.75], "texture": "#1"},
				"up": {"uv": [6, 7.5, 5.875, 7.375], "texture": "#1"},
				"down": {"uv": [7.5, 5.875, 7.375, 6], "texture": "#1"}
			}
		},
		{
			"from": [13, 26, 6],
			"to": [14, 27, 9],
			"rotation": {"angle": 0, "axis": "y", "origin": [8, 29.5, 7.5]},
			"faces": {
				"north": {"uv": [6, 7.375, 6.125, 7.5], "texture": "#1"},
				"east": {"uv": [6.5, 6.125, 6.875, 6.25], "texture": "#1"},
				"south": {"uv": [7.375, 6, 7.5, 6.125], "texture": "#1"},
				"west": {"uv": [6.5, 6.25, 6.875, 6.375], "texture": "#1"},
				"up": {"uv": [0.25, 7, 0.125, 6.625], "texture": "#1"},
				"down": {"uv": [0.375, 6.625, 0.25, 7], "texture": "#1"}
			}
		},
		{
			"from": [13, 20, 2],
			"to": [14, 27, 3],
			"rotation": {"angle": 0, "axis": "y", "origin": [8, 29.5, 7.5]},
			"faces": {
				"north": {"uv": [1.125, 5.75, 1.25, 6.625], "texture": "#1"},
				"east": {"uv": [1.25, 5.75, 1.375, 6.625], "texture": "#1"},
				"south": {"uv": [1.5, 5.75, 1.625, 6.625], "texture": "#1"},
				"west": {"uv": [1.625, 5.75, 1.75, 6.625], "texture": "#1"},
				"up": {"uv": [5.875, 7.5, 5.75, 7.375], "texture": "#1"},
				"down": {"uv": [7.5, 5.75, 7.375, 5.875], "texture": "#1"}
			}
		},
		{
			"from": [13, 24, 1],
			"to": [14, 25, 2],
			"rotation": {"angle": 0, "axis": "y", "origin": [8, 29.5, 7.5]},
			"faces": {
				"north": {"uv": [5.375, 7.375, 5.5, 7.5], "texture": "#1"},
				"east": {"uv": [7.375, 5.375, 7.5, 5.5], "texture": "#1"},
				"south": {"uv": [5.5, 7.375, 5.625, 7.5], "texture": "#1"},
				"west": {"uv": [7.375, 5.5, 7.5, 5.625], "texture": "#1"},
				"up": {"uv": [5.75, 7.5, 5.625, 7.375], "texture": "#1"},
				"down": {"uv": [7.5, 5.625, 7.375, 5.75], "texture": "#1"}
			}
		},
		{
			"from": [13, 23, 0],
			"to": [14, 24, 1],
			"rotation": {"angle": 0, "axis": "y", "origin": [8, 29.5, 7.5]},
			"faces": {
				"north": {"uv": [7.375, 4.25, 7.5, 4.375], "texture": "#1"},
				"east": {"uv": [7.375, 4.375, 7.5, 4.5], "texture": "#1"},
				"south": {"uv": [4.5, 7.375, 4.625, 7.5], "texture": "#1"},
				"west": {"uv": [7.375, 4.5, 7.5, 4.625], "texture": "#1"},
				"up": {"uv": [4.75, 7.5, 4.625, 7.375], "texture": "#1"},
				"down": {"uv": [7.5, 4.625, 7.375, 4.75], "texture": "#1"}
			}
		},
		{
			"from": [13, 22, -1],
			"to": [14, 23, 0],
			"rotation": {"angle": 0, "axis": "y", "origin": [8, 29.5, 7.5]},
			"faces": {
				"north": {"uv": [4.875, 7.375, 5, 7.5], "texture": "#1"},
				"east": {"uv": [7.375, 4.875, 7.5, 5], "texture": "#1"},
				"south": {"uv": [5, 7.375, 5.125, 7.5], "texture": "#1"},
				"west": {"uv": [5.125, 7.375, 5.25, 7.5], "texture": "#1"},
				"up": {"uv": [5.375, 7.5, 5.25, 7.375], "texture": "#1"},
				"down": {"uv": [7.5, 5.25, 7.375, 5.375], "texture": "#1"}
			}
		},
		{
			"from": [13, 20, -2],
			"to": [14, 27, -1],
			"rotation": {"angle": 0, "axis": "y", "origin": [8, 29.5, 7.5]},
			"faces": {
				"north": {"uv": [0.75, 5.75, 0.875, 6.625], "texture": "#1"},
				"east": {"uv": [5.75, 0.75, 5.875, 1.625], "texture": "#1"},
				"south": {"uv": [0.875, 5.75, 1, 6.625], "texture": "#1"},
				"west": {"uv": [1, 5.75, 1.125, 6.625], "texture": "#1"},
				"up": {"uv": [4.875, 7.5, 4.75, 7.375], "texture": "#1"},
				"down": {"uv": [7.5, 4.75, 7.375, 4.875], "texture": "#1"}
			}
		}
	],
	"display": {
		"thirdperson_righthand": {
			"rotation": [15, 0, 0],
			"translation": [0, 2.75, 1.5],
			"scale": [0.4, 0.4, 0.4]
		},
		"thirdperson_lefthand": {
			"rotation": [15, 0, 0],
			"translation": [0, 2.75, 1.5],
			"scale": [0.4, 0.4, 0.4]
		},
		"firstperson_righthand": {
			"rotation": [0, 160, 0],
			"scale": [0.4, 0.4, 0.4]
		},
		"firstperson_lefthand": {
			"rotation": [0, -6, 0],
			"scale": [0.4, 0.4, 0.4]
		},
		"ground": {
			"rotation": [65, 0, 0],
			"translation": [0, -0.25, 0],
			"scale": [0.5, 0.5, 0.5]
		},
		"gui": {
			"rotation": [0, 90, 0],
			"translation": [0, -0.5, 0],
			"scale": [0.35, 0.35, 0.35]
		},
		"head": {
			"rotation": [0, 90, 0],
			"translation": [0, -3, 0]
		},
		"fixed": {
			"rotation": [0, 90, 0],
			"translation": [1.75, -1.25, -2.25],
			"scale": [0.5, 0.5, 0.5]
		}
	},
	"groups": [
		{
			"name": "hamr",
			"origin": [8, 8, 8],
			"color": 0,
			"children": [
				{
					"name": "ram",
					"origin": [0, 0, 0],
					"color": 0,
					"children": [
						0,
						1,
						2,
						3,
						4,
						5,
						6,
						7,
						8,
						9,
						10,
						11,
						12,
						13,
						14,
						15,
						16,
						17,
						18,
						19,
						20,
						21,
						22,
						23,
						24,
						25,
						26,
						27,
						28,
						29,
						30,
						31,
						32,
						33,
						34,
						35,
						36,
						37,
						38,
						39,
						40,
						41,
						42,
						43,
						44,
						45,
						46,
						47,
						48,
						49,
						50,
						51,
						52,
						53,
						54,
						55,
						56,
						57,
						58,
						59
					]
				},
				{
					"name": "obrazky",
					"origin": [8, 29.5, 7.5],
					"color": 0,
					"children": [60, 61, 62, 63, 64, 65, 66, 67, 68, 69, 70, 71, 72]
				},
				{
					"name": "hamma",
					"origin": [0, 0, 0],
					"color": 0,
					"children": [73, 74, 75, 76, 77, 78, 79, 80, 81, 82]
				},
				{
					"name": "BAN",
					"origin": [8, 29.5, 7.5],
					"color": 0,
					"children": [83, 84, 85, 86, 87, 88, 89, 90, 91, 92, 93, 94, 95, 96, 97, 98, 99, 100, 101, 102, 103, 104, 105, 106, 107, 108, 109, 110, 111, 112]
				}
			]
		}
	]
}