{
	"credit": "Made with Blockbench",
	"texture_size": [64, 64],
	"textures": {
		"1": "itemy:item/kuzelovita",
		"particle": "itemy:item/kuzelovita"
	},
	"elements": [
		{
			"from": [-1, 0, -1],
			"to": [17, 2, 17],
			"faces": {
				"north": {"uv": [9.5, 7.75, 14, 8.25], "texture": "#1"},
				"east": {"uv": [9, 9.75, 13.5, 10.25], "texture": "#1"},
				"south": {"uv": [9, 10.25, 13.5, 10.75], "texture": "#1"},
				"west": {"uv": [10.5, 3.75, 15, 4.25], "texture": "#1"},
				"up": {"uv": [4.5, 4.5, 0, 0], "texture": "#1"},
				"down": {"uv": [4.5, 4.5, 0, 9], "texture": "#1"}
			}
		},
		{
			"from": [2, 2, 2],
			"to": [14, 7, 14],
			"faces": {
				"north": {"uv": [7.5, 4, 10.5, 5.25], "texture": "#1"},
				"east": {"uv": [4.5, 8.5, 7.5, 9.75], "texture": "#1"},
				"south": {"uv": [7.5, 8.5, 10.5, 9.75], "texture": "#1"},
				"west": {"uv": [0, 9, 3, 10.25], "texture": "#1"},
				"up": {"uv": [7.5, 3, 4.5, 0], "texture": "#1"},
				"down": {"uv": [7.5, 3, 4.5, 6], "texture": "#1"}
			}
		},
		{
			"from": [3, 7, 3],
			"to": [13, 12, 13],
			"faces": {
				"north": {"uv": [9.5, 0, 12, 1.25], "texture": "#1"},
				"east": {"uv": [9.5, 1.25, 12, 2.5], "texture": "#1"},
				"south": {"uv": [9.5, 2.5, 12, 3.75], "texture": "#1"},
				"west": {"uv": [9.5, 5.25, 12, 6.5], "texture": "#1"},
				"up": {"uv": [7, 8.5, 4.5, 6], "texture": "#1"},
				"down": {"uv": [9.5, 6, 7, 8.5], "texture": "#1"}
			}
		},
		{
			"from": [4, 12, 4],
			"to": [12, 17, 12],
			"faces": {
				"north": {"uv": [9.5, 6.5, 11.5, 7.75], "texture": "#1"},
				"east": {"uv": [3, 9.75, 5, 11], "texture": "#1"},
				"south": {"uv": [5, 9.75, 7, 11], "texture": "#1"},
				"west": {"uv": [7, 9.75, 9, 11], "texture": "#1"},
				"up": {"uv": [9.5, 2, 7.5, 0], "texture": "#1"},
				"down": {"uv": [9.5, 2, 7.5, 4], "texture": "#1"}
			}
		},
		{
			"from": [5, 17, 5],
			"to": [11, 22, 11],
			"faces": {
				"north": {"uv": [10.5, 8.25, 12, 9.5], "texture": "#1"},
				"east": {"uv": [9, 10.75, 10.5, 12], "texture": "#1"},
				"south": {"uv": [10.5, 10.75, 12, 12], "texture": "#1"},
				"west": {"uv": [3, 11, 4.5, 12.25], "texture": "#1"},
				"up": {"uv": [1.5, 11.75, 0, 10.25], "texture": "#1"},
				"down": {"uv": [3, 10.25, 1.5, 11.75], "texture": "#1"}
			}
		},
		{
			"from": [6, 22, 6],
			"to": [10, 28, 10],
			"faces": {
				"north": {"uv": [4.5, 11, 5.5, 12.5], "texture": "#1"},
				"east": {"uv": [5.5, 11, 6.5, 12.5], "texture": "#1"},
				"south": {"uv": [6.5, 11, 7.5, 12.5], "texture": "#1"},
				"west": {"uv": [7.5, 11, 8.5, 12.5], "texture": "#1"},
				"up": {"uv": [11.5, 5.25, 10.5, 4.25], "texture": "#1"},
				"down": {"uv": [12.5, 4.25, 11.5, 5.25], "texture": "#1"}
			}
		}
	],
	"display": {
		"thirdperson_righthand": {
			"rotation": [35, 45, 0],
			"translation": [0, -0.5, 0.5],
			"scale": [0.25, 0.25, 0.25]
		},
		"thirdperson_lefthand": {
			"rotation": [35, 45, 0],
			"translation": [0, -0.5, 0.5],
			"scale": [0.25, 0.25, 0.25]
		},
		"firstperson_righthand": {
			"rotation": [-5, 0, 0],
			"translation": [0.25, 1.75, 0],
			"scale": [0.5, 0.5, 0.5]
		},
		"firstperson_lefthand": {
			"rotation": [-5, 0, 0],
			"translation": [0.25, 1.75, 0],
			"scale": [0.5, 0.5, 0.5]
		},
		"ground": {
			"scale": [0.5, 0.5, 0.5]
		},
		"gui": {
			"rotation": [12, 70, 0],
			"translation": [0, -2.75, 0],
			"scale": [0.5, 0.5, 0.5]
		},
		"fixed": {
			"rotation": [-90, 0, 0],
			"translation": [0, 0, -9.75],
			"scale": [1.2, 1.2, 1.2]
		}
	}
}