{
  "parent": "minecraft:block/small_dripleaf_top",
  "display": {
    "thirdperson_righthand": {
      "rotation": [ 0, 0, 0 ],
      "translation": [ 0, 4, 1 ],
      "scale": [ 0.55, 0.55, 0.55 ]
    },
    "firstperson_righthand": {
      "rotation": [ 0, 45, 0 ],
      "translation": [ 0, 3.2, 0 ],
      "scale": [ 0.40, 0.40, 0.40 ]
    }
  },
  "overrides": [
	{"predicate": {"custom_model_data": 548101}, "model": "siscu_se:item/dripleaf_hand_0"},
	{"predicate": {"custom_model_data": 548102}, "model": "siscu_se:item/dripleaf_head_0"},
	{"predicate": {"custom_model_data": 548110}, "model": "siscu_se:item/bogged_shrooms"}
  ]
}
