{
	"credit": "Made with Blockbench",
	"texture_size": [64, 64],
	"textures": {
		"0": "klenoty:item/klic",
		"particle": "klenoty:item/klic"
	},
	"elements": [
		{
			"from": [6, -16, 8],
			"to": [10, 20, 10],
			"rotation": {"angle": 0, "axis": "y", "origin": [6, 2.75, 30]},
			"faces": {
				"north": {"uv": [0, 0, 1, 9], "texture": "#0"},
				"east": {"uv": [4, 0, 4.5, 9], "texture": "#0"},
				"south": {"uv": [1, 0, 2, 9], "texture": "#0"},
				"west": {"uv": [4.5, 0, 5, 9], "texture": "#0"},
				"up": {"uv": [10.75, 11, 9.75, 10.5], "texture": "#0"},
				"down": {"uv": [2, 10.75, 1, 11.25], "texture": "#0"}
			}
		},
		{
			"from": [7, -16, 7],
			"to": [9, 21, 8],
			"rotation": {"angle": 0, "axis": "y", "origin": [6, 2.75, 30]},
			"faces": {
				"north": {"uv": [2, 0, 2.5, 9.25], "texture": "#0"},
				"east": {"uv": [5, 0, 5.25, 9.25], "texture": "#0"},
				"south": {"uv": [2.5, 0, 3, 9.25], "texture": "#0"},
				"west": {"uv": [5.25, 0, 5.5, 9.25], "texture": "#0"},
				"up": {"uv": [1.5, 9.25, 1, 9], "texture": "#0"},
				"down": {"uv": [2, 9, 1.5, 9.25], "texture": "#0"}
			}
		},
		{
			"from": [7, -16, 10],
			"to": [9, 21, 11],
			"rotation": {"angle": 0, "axis": "y", "origin": [6, 2.75, 30]},
			"faces": {
				"north": {"uv": [3, 0, 3.5, 9.25], "texture": "#0"},
				"east": {"uv": [5.5, 0, 5.75, 9.25], "texture": "#0"},
				"south": {"uv": [3.5, 0, 4, 9.25], "texture": "#0"},
				"west": {"uv": [5.75, 0, 6, 9.25], "texture": "#0"},
				"up": {"uv": [4.5, 9.25, 4, 9], "texture": "#0"},
				"down": {"uv": [5, 9, 4.5, 9.25], "texture": "#0"}
			}
		},
		{
			"from": [4, 28, 8],
			"to": [12, 30, 10],
			"rotation": {"angle": 0, "axis": "y", "origin": [6, 27, 30]},
			"faces": {
				"north": {"uv": [7, 4, 9, 4.5], "texture": "#0"},
				"east": {"uv": [5.25, 9.25, 5.75, 9.75], "texture": "#0"},
				"south": {"uv": [7, 4.5, 9, 5], "texture": "#0"},
				"west": {"uv": [5, 11.5, 5.5, 12], "texture": "#0"},
				"up": {"uv": [9, 5.5, 7, 5], "texture": "#0"},
				"down": {"uv": [9, 5.5, 7, 6], "texture": "#0"}
			}
		},
		{
			"from": [2, 30, 7],
			"to": [14, 31, 8],
			"rotation": {"angle": 0, "axis": "y", "origin": [6, 27, 30]},
			"faces": {
				"north": {"uv": [9, 7, 12, 7.25], "texture": "#0"},
				"east": {"uv": [11.25, 12, 11.5, 12.25], "texture": "#0"},
				"south": {"uv": [9, 7.25, 12, 7.5], "texture": "#0"},
				"west": {"uv": [12, 11.25, 12.25, 11.5], "texture": "#0"},
				"up": {"uv": [12, 7.75, 9, 7.5], "texture": "#0"},
				"down": {"uv": [12, 7.75, 9, 8], "texture": "#0"}
			}
		},
		{
			"from": [2, 30, 10],
			"to": [14, 31, 11],
			"rotation": {"angle": 0, "axis": "y", "origin": [6, 27, 30]},
			"faces": {
				"north": {"uv": [9, 6, 12, 6.25], "texture": "#0"},
				"east": {"uv": [12, 10.25, 12.25, 10.5], "texture": "#0"},
				"south": {"uv": [9, 6.25, 12, 6.5], "texture": "#0"},
				"west": {"uv": [12, 11, 12.25, 11.25], "texture": "#0"},
				"up": {"uv": [12, 6.75, 9, 6.5], "texture": "#0"},
				"down": {"uv": [12, 6.75, 9, 7], "texture": "#0"}
			}
		},
		{
			"from": [0, 22, 8],
			"to": [4, 30, 10],
			"rotation": {"angle": 0, "axis": "z", "origin": [6, 24, 30]},
			"faces": {
				"north": {"uv": [6, 0, 7, 2], "texture": "#0"},
				"east": {"uv": [7, 6, 7.5, 8], "texture": "#0"},
				"south": {"uv": [6, 2, 7, 4], "texture": "#0"},
				"west": {"uv": [7.5, 6, 8, 8], "texture": "#0"},
				"up": {"uv": [3, 11.25, 2, 10.75], "texture": "#0"},
				"down": {"uv": [11.75, 10.5, 10.75, 11], "texture": "#0"}
			}
		},
		{
			"from": [1, 22, 7],
			"to": [3, 30, 8],
			"rotation": {"angle": 0, "axis": "z", "origin": [6, 24, 30]},
			"faces": {
				"north": {"uv": [6, 8, 6.5, 10], "texture": "#0"},
				"east": {"uv": [3, 10.75, 3.25, 12.75], "texture": "#0"},
				"south": {"uv": [8, 6, 8.5, 8], "texture": "#0"},
				"west": {"uv": [3.25, 10.75, 3.5, 12.75], "texture": "#0"},
				"up": {"uv": [10.5, 4, 10, 3.75], "texture": "#0"},
				"down": {"uv": [11, 3.75, 10.5, 4], "texture": "#0"}
			}
		},
		{
			"from": [1, 22, 10],
			"to": [3, 30, 11],
			"rotation": {"angle": 0, "axis": "z", "origin": [6, 24, 30]},
			"faces": {
				"north": {"uv": [6.5, 8, 7, 10], "texture": "#0"},
				"east": {"uv": [0, 11, 0.25, 13], "texture": "#0"},
				"south": {"uv": [7, 8, 7.5, 10], "texture": "#0"},
				"west": {"uv": [0.25, 11, 0.5, 13], "texture": "#0"},
				"up": {"uv": [11.5, 6, 11, 5.75], "texture": "#0"},
				"down": {"uv": [12, 5.75, 11.5, 6], "texture": "#0"}
			}
		},
		{
			"from": [13, 22, 10],
			"to": [15, 30, 11],
			"rotation": {"angle": 0, "axis": "z", "origin": [6, 24, 30]},
			"faces": {
				"north": {"uv": [7.5, 8, 8, 10], "texture": "#0"},
				"east": {"uv": [0.5, 11, 0.75, 13], "texture": "#0"},
				"south": {"uv": [8, 8, 8.5, 10], "texture": "#0"},
				"west": {"uv": [0.75, 11, 1, 13], "texture": "#0"},
				"up": {"uv": [12.5, 4.5, 12, 4.25], "texture": "#0"},
				"down": {"uv": [12.5, 4.5, 12, 4.75], "texture": "#0"}
			}
		},
		{
			"from": [12, 22, 8],
			"to": [16, 30, 10],
			"rotation": {"angle": 0, "axis": "z", "origin": [6, 24, 30]},
			"faces": {
				"north": {"uv": [6, 4, 7, 6], "texture": "#0"},
				"east": {"uv": [8.5, 6, 9, 8], "texture": "#0"},
				"south": {"uv": [6, 6, 7, 8], "texture": "#0"},
				"west": {"uv": [8.5, 8, 9, 10], "texture": "#0"},
				"up": {"uv": [4.5, 11.5, 3.5, 11], "texture": "#0"},
				"down": {"uv": [12, 3.75, 11, 4.25], "texture": "#0"}
			}
		},
		{
			"from": [13, 22, 7],
			"to": [15, 30, 8],
			"rotation": {"angle": 0, "axis": "z", "origin": [6, 24, 30]},
			"faces": {
				"north": {"uv": [0, 9, 0.5, 11], "texture": "#0"},
				"east": {"uv": [4.5, 11, 4.75, 13], "texture": "#0"},
				"south": {"uv": [0.5, 9, 1, 11], "texture": "#0"},
				"west": {"uv": [4.75, 11, 5, 13], "texture": "#0"},
				"up": {"uv": [12.5, 5, 12, 4.75], "texture": "#0"},
				"down": {"uv": [5.5, 12, 5, 12.25], "texture": "#0"}
			}
		},
		{
			"from": [2, 30, 8],
			"to": [14, 32, 10],
			"rotation": {"angle": 0, "axis": "y", "origin": [6, 27, 30]},
			"faces": {
				"north": {"uv": [7, 0, 10, 0.5], "texture": "#0"},
				"east": {"uv": [5.5, 11.5, 6, 12], "texture": "#0"},
				"south": {"uv": [7, 0.5, 10, 1], "texture": "#0"},
				"west": {"uv": [6, 11.5, 6.5, 12], "texture": "#0"},
				"up": {"uv": [10, 1.5, 7, 1], "texture": "#0"},
				"down": {"uv": [10, 1.5, 7, 2], "texture": "#0"}
			}
		},
		{
			"from": [3, 29, 7],
			"to": [13, 30, 8],
			"rotation": {"angle": 0, "axis": "y", "origin": [6, 27, 30]},
			"faces": {
				"north": {"uv": [9, 9.5, 11.5, 9.75], "texture": "#0"},
				"east": {"uv": [11.5, 12, 11.75, 12.25], "texture": "#0"},
				"south": {"uv": [1, 9.75, 3.5, 10], "texture": "#0"},
				"west": {"uv": [12, 11.5, 12.25, 11.75], "texture": "#0"},
				"up": {"uv": [6, 10, 3.5, 9.75], "texture": "#0"},
				"down": {"uv": [11.5, 9.75, 9, 10], "texture": "#0"}
			}
		},
		{
			"from": [3, 29, 10],
			"to": [13, 30, 11],
			"rotation": {"angle": 0, "axis": "y", "origin": [6, 27, 30]},
			"faces": {
				"north": {"uv": [10, 0, 12.5, 0.25], "texture": "#0"},
				"east": {"uv": [11.75, 12, 12, 12.25], "texture": "#0"},
				"south": {"uv": [10, 0.25, 12.5, 0.5], "texture": "#0"},
				"west": {"uv": [12, 11.75, 12.25, 12], "texture": "#0"},
				"up": {"uv": [12.5, 0.75, 10, 0.5], "texture": "#0"},
				"down": {"uv": [12.5, 0.75, 10, 1], "texture": "#0"}
			}
		},
		{
			"from": [4, 22, 8],
			"to": [12, 24, 10],
			"rotation": {"angle": 0, "axis": "z", "origin": [6, 18, 30]},
			"faces": {
				"north": {"uv": [9, 4, 11, 4.5], "texture": "#0"},
				"east": {"uv": [6.5, 11.5, 7, 12], "texture": "#0"},
				"south": {"uv": [9, 4.5, 11, 5], "texture": "#0"},
				"west": {"uv": [7, 11.5, 7.5, 12], "texture": "#0"},
				"up": {"uv": [11, 5.5, 9, 5], "texture": "#0"},
				"down": {"uv": [11, 5.5, 9, 6], "texture": "#0"}
			}
		},
		{
			"from": [2, 21, 7],
			"to": [14, 22, 8],
			"rotation": {"angle": 0, "axis": "z", "origin": [6, 18, 30]},
			"faces": {
				"north": {"uv": [9, 8, 12, 8.25], "texture": "#0"},
				"east": {"uv": [12, 12, 12.25, 12.25], "texture": "#0"},
				"south": {"uv": [9, 8.25, 12, 8.5], "texture": "#0"},
				"west": {"uv": [1, 12.25, 1.25, 12.5], "texture": "#0"},
				"up": {"uv": [12, 8.75, 9, 8.5], "texture": "#0"},
				"down": {"uv": [12, 8.75, 9, 9], "texture": "#0"}
			}
		},
		{
			"from": [2, 21, 10],
			"to": [14, 22, 11],
			"rotation": {"angle": 0, "axis": "z", "origin": [6, 18, 30]},
			"faces": {
				"north": {"uv": [9, 9, 12, 9.25], "texture": "#0"},
				"east": {"uv": [1.25, 12.25, 1.5, 12.5], "texture": "#0"},
				"south": {"uv": [1, 9.25, 4, 9.5], "texture": "#0"},
				"west": {"uv": [1.5, 12.25, 1.75, 12.5], "texture": "#0"},
				"up": {"uv": [12, 9.5, 9, 9.25], "texture": "#0"},
				"down": {"uv": [4, 9.5, 1, 9.75], "texture": "#0"}
			}
		},
		{
			"from": [2, 20, 8],
			"to": [14, 22, 10],
			"rotation": {"angle": 0, "axis": "z", "origin": [6, 18, 30]},
			"faces": {
				"north": {"uv": [7, 2, 10, 2.5], "texture": "#0"},
				"east": {"uv": [7.5, 11.5, 8, 12], "texture": "#0"},
				"south": {"uv": [7, 2.5, 10, 3], "texture": "#0"},
				"west": {"uv": [8, 11.5, 8.5, 12], "texture": "#0"},
				"up": {"uv": [10, 3.5, 7, 3], "texture": "#0"},
				"down": {"uv": [10, 3.5, 7, 4], "texture": "#0"}
			}
		},
		{
			"from": [3, 22, 7],
			"to": [13, 23, 8],
			"rotation": {"angle": 0, "axis": "z", "origin": [6, 18, 30]},
			"faces": {
				"north": {"uv": [1, 10, 3.5, 10.25], "texture": "#0"},
				"east": {"uv": [1.75, 12.25, 2, 12.5], "texture": "#0"},
				"south": {"uv": [10, 1, 12.5, 1.25], "texture": "#0"},
				"west": {"uv": [2, 12.25, 2.25, 12.5], "texture": "#0"},
				"up": {"uv": [12.5, 1.5, 10, 1.25], "texture": "#0"},
				"down": {"uv": [12.5, 1.5, 10, 1.75], "texture": "#0"}
			}
		},
		{
			"from": [3, 22, 10],
			"to": [13, 23, 11],
			"rotation": {"angle": 0, "axis": "z", "origin": [6, 18, 30]},
			"faces": {
				"north": {"uv": [10, 1.75, 12.5, 2], "texture": "#0"},
				"east": {"uv": [2.25, 12.25, 2.5, 12.5], "texture": "#0"},
				"south": {"uv": [10, 2, 12.5, 2.25], "texture": "#0"},
				"west": {"uv": [2.5, 12.25, 2.75, 12.5], "texture": "#0"},
				"up": {"uv": [12.5, 2.5, 10, 2.25], "texture": "#0"},
				"down": {"uv": [12.5, 2.5, 10, 2.75], "texture": "#0"}
			}
		},
		{
			"from": [1, 30, 8],
			"to": [2, 31, 10],
			"rotation": {"angle": 0, "axis": "y", "origin": [6, 24, 30]},
			"faces": {
				"north": {"uv": [2.75, 12.25, 3, 12.5], "texture": "#0"},
				"east": {"uv": [12, 5, 12.5, 5.25], "texture": "#0"},
				"south": {"uv": [12.25, 2.75, 12.5, 3], "texture": "#0"},
				"west": {"uv": [12, 5.25, 12.5, 5.5], "texture": "#0"},
				"up": {"uv": [6, 9.75, 5.75, 9.25], "texture": "#0"},
				"down": {"uv": [5.75, 12, 5.5, 12.5], "texture": "#0"}
			}
		},
		{
			"from": [1, 21, 8],
			"to": [2, 22, 10],
			"rotation": {"angle": 0, "axis": "y", "origin": [6, 24, 30]},
			"faces": {
				"north": {"uv": [12.25, 3, 12.5, 3.25], "texture": "#0"},
				"east": {"uv": [12, 5.5, 12.5, 5.75], "texture": "#0"},
				"south": {"uv": [12.25, 3.25, 12.5, 3.5], "texture": "#0"},
				"west": {"uv": [5.75, 12, 6.25, 12.25], "texture": "#0"},
				"up": {"uv": [12.25, 6.25, 12, 5.75], "texture": "#0"},
				"down": {"uv": [6.5, 12, 6.25, 12.5], "texture": "#0"}
			}
		},
		{
			"from": [11, 24, 8],
			"to": [12, 25, 10],
			"rotation": {"angle": 0, "axis": "y", "origin": [6, 24, 30]},
			"faces": {
				"north": {"uv": [12.25, 3.5, 12.5, 3.75], "texture": "#0"},
				"east": {"uv": [12, 6.25, 12.5, 6.5], "texture": "#0"},
				"south": {"uv": [5, 12.25, 5.25, 12.5], "texture": "#0"},
				"west": {"uv": [6.5, 12, 7, 12.25], "texture": "#0"},
				"up": {"uv": [12.25, 7, 12, 6.5], "texture": "#0"},
				"down": {"uv": [7.25, 12, 7, 12.5], "texture": "#0"}
			}
		},
		{
			"from": [11, 27, 8],
			"to": [12, 28, 10],
			"rotation": {"angle": 0, "axis": "y", "origin": [6, 24, 30]},
			"faces": {
				"north": {"uv": [5.25, 12.25, 5.5, 12.5], "texture": "#0"},
				"east": {"uv": [12, 7, 12.5, 7.25], "texture": "#0"},
				"south": {"uv": [5.75, 12.25, 6, 12.5], "texture": "#0"},
				"west": {"uv": [7.25, 12, 7.75, 12.25], "texture": "#0"},
				"up": {"uv": [12.25, 7.75, 12, 7.25], "texture": "#0"},
				"down": {"uv": [8, 12, 7.75, 12.5], "texture": "#0"}
			}
		},
		{
			"from": [14, 21, 8],
			"to": [15, 22, 10],
			"rotation": {"angle": 0, "axis": "y", "origin": [6, 24, 30]},
			"faces": {
				"north": {"uv": [12.25, 5.75, 12.5, 6], "texture": "#0"},
				"east": {"uv": [12, 7.75, 12.5, 8], "texture": "#0"},
				"south": {"uv": [6, 12.25, 6.25, 12.5], "texture": "#0"},
				"west": {"uv": [8, 12, 8.5, 12.25], "texture": "#0"},
				"up": {"uv": [12.25, 8.5, 12, 8], "texture": "#0"},
				"down": {"uv": [8.75, 12, 8.5, 12.5], "texture": "#0"}
			}
		},
		{
			"from": [14, 30, 8],
			"to": [15, 31, 10],
			"rotation": {"angle": 0, "axis": "y", "origin": [6, 24, 30]},
			"faces": {
				"north": {"uv": [12.25, 6, 12.5, 6.25], "texture": "#0"},
				"east": {"uv": [12, 8.5, 12.5, 8.75], "texture": "#0"},
				"south": {"uv": [6.5, 12.25, 6.75, 12.5], "texture": "#0"},
				"west": {"uv": [8.75, 12, 9.25, 12.25], "texture": "#0"},
				"up": {"uv": [12.25, 9.25, 12, 8.75], "texture": "#0"},
				"down": {"uv": [9.5, 12, 9.25, 12.5], "texture": "#0"}
			}
		},
		{
			"from": [4, 27, 8],
			"to": [5, 28, 10],
			"rotation": {"angle": 0, "axis": "y", "origin": [6, 24, 30]},
			"faces": {
				"north": {"uv": [12.25, 6.5, 12.5, 6.75], "texture": "#0"},
				"east": {"uv": [12, 9.25, 12.5, 9.5], "texture": "#0"},
				"south": {"uv": [6.75, 12.25, 7, 12.5], "texture": "#0"},
				"west": {"uv": [9.5, 12, 10, 12.25], "texture": "#0"},
				"up": {"uv": [12.25, 10, 12, 9.5], "texture": "#0"},
				"down": {"uv": [10.25, 12, 10, 12.5], "texture": "#0"}
			}
		},
		{
			"from": [4, 24, 8],
			"to": [5, 25, 10],
			"rotation": {"angle": 0, "axis": "y", "origin": [6, 24, 30]},
			"faces": {
				"north": {"uv": [12.25, 6.75, 12.5, 7], "texture": "#0"},
				"east": {"uv": [12, 10, 12.5, 10.25], "texture": "#0"},
				"south": {"uv": [7.25, 12.25, 7.5, 12.5], "texture": "#0"},
				"west": {"uv": [10.25, 12, 10.75, 12.25], "texture": "#0"},
				"up": {"uv": [11, 12.5, 10.75, 12], "texture": "#0"},
				"down": {"uv": [11.25, 12, 11, 12.5], "texture": "#0"}
			}
		},
		{
			"from": [3, 28, 7],
			"to": [4, 29, 8],
			"rotation": {"angle": 0, "axis": "y", "origin": [6, 24, 30]},
			"faces": {
				"north": {"uv": [12.25, 7.25, 12.5, 7.5], "texture": "#0"},
				"east": {"uv": [7.5, 12.25, 7.75, 12.5], "texture": "#0"},
				"south": {"uv": [12.25, 7.5, 12.5, 7.75], "texture": "#0"},
				"west": {"uv": [8, 12.25, 8.25, 12.5], "texture": "#0"},
				"up": {"uv": [12.5, 8.25, 12.25, 8], "texture": "#0"},
				"down": {"uv": [8.5, 12.25, 8.25, 12.5], "texture": "#0"}
			}
		},
		{
			"from": [3, 23, 7],
			"to": [4, 24, 8],
			"rotation": {"angle": 0, "axis": "y", "origin": [6, 24, 30]},
			"faces": {
				"north": {"uv": [12.25, 8.25, 12.5, 8.5], "texture": "#0"},
				"east": {"uv": [8.75, 12.25, 9, 12.5], "texture": "#0"},
				"south": {"uv": [12.25, 8.75, 12.5, 9], "texture": "#0"},
				"west": {"uv": [9, 12.25, 9.25, 12.5], "texture": "#0"},
				"up": {"uv": [12.5, 9.25, 12.25, 9], "texture": "#0"},
				"down": {"uv": [9.75, 12.25, 9.5, 12.5], "texture": "#0"}
			}
		},
		{
			"from": [12, 28, 7],
			"to": [13, 29, 8],
			"rotation": {"angle": 0, "axis": "y", "origin": [6, 24, 30]},
			"faces": {
				"north": {"uv": [12.25, 9.5, 12.5, 9.75], "texture": "#0"},
				"east": {"uv": [9.75, 12.25, 10, 12.5], "texture": "#0"},
				"south": {"uv": [12.25, 9.75, 12.5, 10], "texture": "#0"},
				"west": {"uv": [10.25, 12.25, 10.5, 12.5], "texture": "#0"},
				"up": {"uv": [12.5, 10.5, 12.25, 10.25], "texture": "#0"},
				"down": {"uv": [10.75, 12.25, 10.5, 12.5], "texture": "#0"}
			}
		},
		{
			"from": [12, 23, 7],
			"to": [13, 24, 8],
			"rotation": {"angle": 0, "axis": "y", "origin": [6, 24, 30]},
			"faces": {
				"north": {"uv": [12.25, 10.5, 12.5, 10.75], "texture": "#0"},
				"east": {"uv": [12.25, 10.75, 12.5, 11], "texture": "#0"},
				"south": {"uv": [12.25, 11, 12.5, 11.25], "texture": "#0"},
				"west": {"uv": [11.25, 12.25, 11.5, 12.5], "texture": "#0"},
				"up": {"uv": [12.5, 11.5, 12.25, 11.25], "texture": "#0"},
				"down": {"uv": [11.75, 12.25, 11.5, 12.5], "texture": "#0"}
			}
		},
		{
			"from": [12, 28, 10],
			"to": [13, 29, 11],
			"rotation": {"angle": 0, "axis": "y", "origin": [6, 24, 30]},
			"faces": {
				"north": {"uv": [12.25, 11.5, 12.5, 11.75], "texture": "#0"},
				"east": {"uv": [11.75, 12.25, 12, 12.5], "texture": "#0"},
				"south": {"uv": [12.25, 11.75, 12.5, 12], "texture": "#0"},
				"west": {"uv": [12, 12.25, 12.25, 12.5], "texture": "#0"},
				"up": {"uv": [12.5, 12.25, 12.25, 12], "texture": "#0"},
				"down": {"uv": [12.5, 12.25, 12.25, 12.5], "texture": "#0"}
			}
		},
		{
			"from": [12, 23, 10],
			"to": [13, 24, 11],
			"rotation": {"angle": 0, "axis": "y", "origin": [6, 24, 30]},
			"faces": {
				"north": {"uv": [12.5, 0, 12.75, 0.25], "texture": "#0"},
				"east": {"uv": [12.5, 0.25, 12.75, 0.5], "texture": "#0"},
				"south": {"uv": [12.5, 0.5, 12.75, 0.75], "texture": "#0"},
				"west": {"uv": [12.5, 0.75, 12.75, 1], "texture": "#0"},
				"up": {"uv": [1.25, 12.75, 1, 12.5], "texture": "#0"},
				"down": {"uv": [12.75, 1, 12.5, 1.25], "texture": "#0"}
			}
		},
		{
			"from": [3, 28, 10],
			"to": [4, 29, 11],
			"rotation": {"angle": 0, "axis": "y", "origin": [6, 24, 30]},
			"faces": {
				"north": {"uv": [1.25, 12.5, 1.5, 12.75], "texture": "#0"},
				"east": {"uv": [12.5, 1.25, 12.75, 1.5], "texture": "#0"},
				"south": {"uv": [1.5, 12.5, 1.75, 12.75], "texture": "#0"},
				"west": {"uv": [12.5, 1.5, 12.75, 1.75], "texture": "#0"},
				"up": {"uv": [2, 12.75, 1.75, 12.5], "texture": "#0"},
				"down": {"uv": [12.75, 1.75, 12.5, 2], "texture": "#0"}
			}
		},
		{
			"from": [3, 23, 10],
			"to": [4, 24, 11],
			"rotation": {"angle": 0, "axis": "y", "origin": [6, 24, 30]},
			"faces": {
				"north": {"uv": [2, 12.5, 2.25, 12.75], "texture": "#0"},
				"east": {"uv": [12.5, 2, 12.75, 2.25], "texture": "#0"},
				"south": {"uv": [2.25, 12.5, 2.5, 12.75], "texture": "#0"},
				"west": {"uv": [12.5, 2.25, 12.75, 2.5], "texture": "#0"},
				"up": {"uv": [2.75, 12.75, 2.5, 12.5], "texture": "#0"},
				"down": {"uv": [12.75, 2.5, 12.5, 2.75], "texture": "#0"}
			}
		},
		{
			"from": [10, -12, 8],
			"to": [15, -10, 10],
			"rotation": {"angle": 0, "axis": "y", "origin": [6, 2.75, 30]},
			"faces": {
				"north": {"uv": [4, 9.25, 5.25, 9.75], "texture": "#0"},
				"east": {"uv": [8.5, 11.5, 9, 12], "texture": "#0"},
				"south": {"uv": [10, 2.75, 11.25, 3.25], "texture": "#0"},
				"west": {"uv": [9, 11.5, 9.5, 12], "texture": "#0"},
				"up": {"uv": [11.25, 3.75, 10, 3.25], "texture": "#0"},
				"down": {"uv": [4.75, 10, 3.5, 10.5], "texture": "#0"}
			}
		},
		{
			"from": [10, -8, 8],
			"to": [15, -6, 10],
			"rotation": {"angle": 0, "axis": "y", "origin": [6, 2.75, 30]},
			"faces": {
				"north": {"uv": [4.75, 10, 6, 10.5], "texture": "#0"},
				"east": {"uv": [9.5, 11.5, 10, 12], "texture": "#0"},
				"south": {"uv": [6, 10, 7.25, 10.5], "texture": "#0"},
				"west": {"uv": [11.5, 9.5, 12, 10], "texture": "#0"},
				"up": {"uv": [8.5, 10.5, 7.25, 10], "texture": "#0"},
				"down": {"uv": [9.75, 10, 8.5, 10.5], "texture": "#0"}
			}
		},
		{
			"from": [10, -10, 8],
			"to": [14, -8, 10],
			"rotation": {"angle": 0, "axis": "y", "origin": [6, 2.75, 30]},
			"faces": {
				"north": {"uv": [11, 4.25, 12, 4.75], "texture": "#0"},
				"east": {"uv": [10, 11.5, 10.5, 12], "texture": "#0"},
				"south": {"uv": [11, 4.75, 12, 5.25], "texture": "#0"},
				"west": {"uv": [10.5, 11.5, 11, 12], "texture": "#0"},
				"up": {"uv": [6, 11.5, 5, 11], "texture": "#0"},
				"down": {"uv": [12, 5.25, 11, 5.75], "texture": "#0"}
			}
		},
		{
			"from": [10, -14, 8],
			"to": [14, -12, 10],
			"rotation": {"angle": 0, "axis": "y", "origin": [6, 2.75, 30]},
			"faces": {
				"north": {"uv": [6, 11, 7, 11.5], "texture": "#0"},
				"east": {"uv": [11, 11.5, 11.5, 12], "texture": "#0"},
				"south": {"uv": [7, 11, 8, 11.5], "texture": "#0"},
				"west": {"uv": [11.5, 11.5, 12, 12], "texture": "#0"},
				"up": {"uv": [9, 11.5, 8, 11], "texture": "#0"},
				"down": {"uv": [10, 11, 9, 11.5], "texture": "#0"}
			}
		},
		{
			"from": [2, -14, 8],
			"to": [6, -12, 10],
			"rotation": {"angle": 0, "axis": "y", "origin": [12.25, 7, 9]},
			"faces": {
				"north": {"uv": [10, 11, 11, 11.5], "texture": "#0"},
				"east": {"uv": [1, 11.75, 1.5, 12.25], "texture": "#0"},
				"south": {"uv": [11, 10, 12, 10.5], "texture": "#0"},
				"west": {"uv": [1.5, 11.75, 2, 12.25], "texture": "#0"},
				"up": {"uv": [12, 11.5, 11, 11], "texture": "#0"},
				"down": {"uv": [2, 11.25, 1, 11.75], "texture": "#0"}
			}
		},
		{
			"from": [1, -12, 8],
			"to": [6, -10, 10],
			"rotation": {"angle": 0, "axis": "y", "origin": [12.25, 7, 9]},
			"faces": {
				"north": {"uv": [9.75, 10, 11, 10.5], "texture": "#0"},
				"east": {"uv": [2, 11.75, 2.5, 12.25], "texture": "#0"},
				"south": {"uv": [1, 10.25, 2.25, 10.75], "texture": "#0"},
				"west": {"uv": [2.5, 11.75, 3, 12.25], "texture": "#0"},
				"up": {"uv": [3.5, 10.75, 2.25, 10.25], "texture": "#0"},
				"down": {"uv": [4.75, 10.5, 3.5, 11], "texture": "#0"}
			}
		},
		{
			"from": [1, -8, 8],
			"to": [6, -6, 10],
			"rotation": {"angle": 0, "axis": "y", "origin": [12.25, 7, 9]},
			"faces": {
				"north": {"uv": [4.75, 10.5, 6, 11], "texture": "#0"},
				"east": {"uv": [11.75, 10.5, 12.25, 11], "texture": "#0"},
				"south": {"uv": [6, 10.5, 7.25, 11], "texture": "#0"},
				"west": {"uv": [3.5, 12, 4, 12.5], "texture": "#0"},
				"up": {"uv": [8.5, 11, 7.25, 10.5], "texture": "#0"},
				"down": {"uv": [9.75, 10.5, 8.5, 11], "texture": "#0"}
			}
		},
		{
			"from": [2, -10, 8],
			"to": [6, -8, 10],
			"rotation": {"angle": 0, "axis": "y", "origin": [12.25, 7, 9]},
			"faces": {
				"north": {"uv": [2, 11.25, 3, 11.75], "texture": "#0"},
				"east": {"uv": [12, 3.75, 12.5, 4.25], "texture": "#0"},
				"south": {"uv": [11.25, 2.75, 12.25, 3.25], "texture": "#0"},
				"west": {"uv": [4, 12, 4.5, 12.5], "texture": "#0"},
				"up": {"uv": [12.25, 3.75, 11.25, 3.25], "texture": "#0"},
				"down": {"uv": [4.5, 11.5, 3.5, 12], "texture": "#0"}
			}
		}
	],
	"display": {
		"thirdperson_righthand": {
			"rotation": [173, 90, 0],
			"translation": [0, 3.75, 0.75],
			"scale": [0.2, 0.2, 0.2]
		},
		"thirdperson_lefthand": {
			"rotation": [173, 90, 0],
			"translation": [0, 3.75, 0.75],
			"scale": [0.2, 0.2, 0.2]
		},
		"firstperson_righthand": {
			"rotation": [100, 90, 0],
			"translation": [0, 3.75, 0.75],
			"scale": [0.2, 0.2, 0.2]
		},
		"firstperson_lefthand": {
			"rotation": [100, 90, 0],
			"translation": [0, 3.75, 0.75],
			"scale": [0.2, 0.2, 0.2]
		},
		"ground": {
			"rotation": [80, 90, 0],
			"translation": [0, 1.75, 0],
			"scale": [0.5, 0.5, 0.5]
		},
		"gui": {
			"rotation": [0, 0, -45],
			"translation": [-0.5, -0.25, 0],
			"scale": [0.4, 0.4, 0.4]
		},
		"head": {
			"rotation": [90, 90, 0],
			"translation": [0, 19.25, 0]
		},
		"fixed": {
			"scale": [0.4, 0.4, 0.4]
		}
	}
}