{
	"credit": "Made with Blockbench",
	"texture_size": [64, 64],
	"textures": {
		"0": "klenoty:item/korunka",
		"particle": "klenoty:item/korunka"
	},
	"elements": [
		{
			"from": [5, -3, 15],
			"to": [11, 2, 16],
			"faces": {
				"north": {"uv": [0, 0, 1.5, 1.25], "texture": "#0"},
				"east": {"uv": [0.75, 6.75, 1, 8], "texture": "#0"},
				"south": {"uv": [0, 1.25, 1.5, 2.5], "texture": "#0"},
				"west": {"uv": [1, 6.75, 1.25, 8], "texture": "#0"},
				"up": {"uv": [8, 3.75, 6.5, 3.5], "texture": "#0"},
				"down": {"uv": [8, 3.75, 6.5, 4], "texture": "#0"}
			}
		},
		{
			"from": [5, -3, 0],
			"to": [11, 2, 1],
			"faces": {
				"north": {"uv": [1.5, 0, 3, 1.25], "texture": "#0"},
				"east": {"uv": [6.75, 1, 7, 2.25], "texture": "#0"},
				"south": {"uv": [1.5, 1.25, 3, 2.5], "texture": "#0"},
				"west": {"uv": [1.25, 6.75, 1.5, 8], "texture": "#0"},
				"up": {"uv": [8, 4.25, 6.5, 4], "texture": "#0"},
				"down": {"uv": [8, 4.25, 6.5, 4.5], "texture": "#0"}
			}
		},
		{
			"from": [0, -3, 5],
			"to": [1, 2, 11],
			"rotation": {"angle": 0, "axis": "y", "origin": [8, 0.5, 8]},
			"faces": {
				"north": {"uv": [6.75, 2.25, 7, 3.5], "texture": "#0"},
				"east": {"uv": [0, 2.5, 1.5, 3.75], "texture": "#0"},
				"south": {"uv": [6.25, 6.75, 6.5, 8], "texture": "#0"},
				"west": {"uv": [1.5, 2.5, 3, 3.75], "texture": "#0"},
				"up": {"uv": [5.25, 8, 5, 6.5], "texture": "#0"},
				"down": {"uv": [5.5, 6.5, 5.25, 8], "texture": "#0"}
			}
		},
		{
			"from": [15, -3, 5],
			"to": [16, 2, 11],
			"rotation": {"angle": 0, "axis": "y", "origin": [8, 0.5, 8]},
			"faces": {
				"north": {"uv": [6.5, 6.75, 6.75, 8], "texture": "#0"},
				"east": {"uv": [3, 0, 4.5, 1.25], "texture": "#0"},
				"south": {"uv": [6.75, 6.75, 7, 8], "texture": "#0"},
				"west": {"uv": [3, 1.25, 4.5, 2.5], "texture": "#0"},
				"up": {"uv": [5.75, 8, 5.5, 6.5], "texture": "#0"},
				"down": {"uv": [6, 6.5, 5.75, 8], "texture": "#0"}
			}
		},
		{
			"from": [3, -3, 1],
			"to": [5, 2, 2],
			"faces": {
				"north": {"uv": [4, 4, 4.5, 5.25], "texture": "#0"},
				"east": {"uv": [7, 1, 7.25, 2.25], "texture": "#0"},
				"south": {"uv": [0, 4.5, 0.5, 5.75], "texture": "#0"},
				"west": {"uv": [7, 2.25, 7.25, 3.5], "texture": "#0"},
				"up": {"uv": [7, 5.25, 6.5, 5], "texture": "#0"},
				"down": {"uv": [9.75, 1.75, 9.25, 2], "texture": "#0"}
			}
		},
		{
			"from": [11, -3, 1],
			"to": [13, 2, 2],
			"faces": {
				"north": {"uv": [4.5, 0, 5, 1.25], "texture": "#0"},
				"east": {"uv": [7, 5, 7.25, 6.25], "texture": "#0"},
				"south": {"uv": [0.5, 4.5, 1, 5.75], "texture": "#0"},
				"west": {"uv": [7, 6.25, 7.25, 7.5], "texture": "#0"},
				"up": {"uv": [9.75, 2.25, 9.25, 2], "texture": "#0"},
				"down": {"uv": [9.75, 2.25, 9.25, 2.5], "texture": "#0"}
			}
		},
		{
			"from": [11, -3, 14],
			"to": [13, 2, 15],
			"faces": {
				"north": {"uv": [1, 4.5, 1.5, 5.75], "texture": "#0"},
				"east": {"uv": [0, 7.25, 0.25, 8.5], "texture": "#0"},
				"south": {"uv": [4.5, 1.25, 5, 2.5], "texture": "#0"},
				"west": {"uv": [0.25, 7.25, 0.5, 8.5], "texture": "#0"},
				"up": {"uv": [9.75, 2.75, 9.25, 2.5], "texture": "#0"},
				"down": {"uv": [9.75, 2.75, 9.25, 3], "texture": "#0"}
			}
		},
		{
			"from": [3, -3, 14],
			"to": [5, 2, 15],
			"faces": {
				"north": {"uv": [1.5, 4.5, 2, 5.75], "texture": "#0"},
				"east": {"uv": [0.5, 7.25, 0.75, 8.5], "texture": "#0"},
				"south": {"uv": [2, 4.5, 2.5, 5.75], "texture": "#0"},
				"west": {"uv": [7.25, 1, 7.5, 2.25], "texture": "#0"},
				"up": {"uv": [9.75, 3.25, 9.25, 3], "texture": "#0"},
				"down": {"uv": [9.75, 3.25, 9.25, 3.5], "texture": "#0"}
			}
		},
		{
			"from": [14, -3, 3],
			"to": [15, 2, 5],
			"rotation": {"angle": 0, "axis": "y", "origin": [8, 0.5, 8]},
			"faces": {
				"north": {"uv": [7.25, 2.25, 7.5, 3.5], "texture": "#0"},
				"east": {"uv": [2.5, 4.5, 3, 5.75], "texture": "#0"},
				"south": {"uv": [7.25, 4.5, 7.5, 5.75], "texture": "#0"},
				"west": {"uv": [4.5, 4, 5, 5.25], "texture": "#0"},
				"up": {"uv": [9.5, 4, 9.25, 3.5], "texture": "#0"},
				"down": {"uv": [4.25, 9.25, 4, 9.75], "texture": "#0"}
			}
		},
		{
			"from": [14, -3, 11],
			"to": [15, 2, 13],
			"rotation": {"angle": 0, "axis": "y", "origin": [8, 0.5, 8]},
			"faces": {
				"north": {"uv": [7.25, 5.75, 7.5, 7], "texture": "#0"},
				"east": {"uv": [3, 4.75, 3.5, 6], "texture": "#0"},
				"south": {"uv": [6, 7.25, 6.25, 8.5], "texture": "#0"},
				"west": {"uv": [3.5, 4.75, 4, 6], "texture": "#0"},
				"up": {"uv": [9.5, 4.5, 9.25, 4], "texture": "#0"},
				"down": {"uv": [4.5, 9.25, 4.25, 9.75], "texture": "#0"}
			}
		},
		{
			"from": [1, -3, 3],
			"to": [2, 2, 5],
			"rotation": {"angle": 0, "axis": "y", "origin": [8, 0.5, 8]},
			"faces": {
				"north": {"uv": [7.25, 7, 7.5, 8.25], "texture": "#0"},
				"east": {"uv": [5, 0, 5.5, 1.25], "texture": "#0"},
				"south": {"uv": [7.5, 0, 7.75, 1.25], "texture": "#0"},
				"west": {"uv": [5, 1.25, 5.5, 2.5], "texture": "#0"},
				"up": {"uv": [4.75, 9.75, 4.5, 9.25], "texture": "#0"},
				"down": {"uv": [9.5, 4.5, 9.25, 5], "texture": "#0"}
			}
		},
		{
			"from": [1, -3, 11],
			"to": [2, 2, 13],
			"rotation": {"angle": 0, "axis": "y", "origin": [8, 0.5, 8]},
			"faces": {
				"north": {"uv": [7.5, 1.25, 7.75, 2.5], "texture": "#0"},
				"east": {"uv": [5, 2.5, 5.5, 3.75], "texture": "#0"},
				"south": {"uv": [1.5, 7.5, 1.75, 8.75], "texture": "#0"},
				"west": {"uv": [5, 3.75, 5.5, 5], "texture": "#0"},
				"up": {"uv": [5, 9.75, 4.75, 9.25], "texture": "#0"},
				"down": {"uv": [5.25, 9.25, 5, 9.75], "texture": "#0"}
			}
		},
		{
			"from": [2, -3, 2],
			"to": [3, 2, 3],
			"faces": {
				"north": {"uv": [1.75, 7.5, 2, 8.75], "texture": "#0"},
				"east": {"uv": [2, 7.5, 2.25, 8.75], "texture": "#0"},
				"south": {"uv": [2.25, 7.5, 2.5, 8.75], "texture": "#0"},
				"west": {"uv": [2.5, 7.5, 2.75, 8.75], "texture": "#0"},
				"up": {"uv": [0.25, 9.75, 0, 9.5], "texture": "#0"},
				"down": {"uv": [0.5, 9.5, 0.25, 9.75], "texture": "#0"}
			}
		},
		{
			"from": [13, -3, 2],
			"to": [14, 2, 3],
			"faces": {
				"north": {"uv": [2.75, 7.5, 3, 8.75], "texture": "#0"},
				"east": {"uv": [7.5, 4.5, 7.75, 5.75], "texture": "#0"},
				"south": {"uv": [7.5, 5.75, 7.75, 7], "texture": "#0"},
				"west": {"uv": [7, 7.5, 7.25, 8.75], "texture": "#0"},
				"up": {"uv": [0.75, 9.75, 0.5, 9.5], "texture": "#0"},
				"down": {"uv": [1, 9.5, 0.75, 9.75], "texture": "#0"}
			}
		},
		{
			"from": [13, -3, 13],
			"to": [14, 2, 14],
			"faces": {
				"north": {"uv": [7.5, 7, 7.75, 8.25], "texture": "#0"},
				"east": {"uv": [7.75, 0, 8, 1.25], "texture": "#0"},
				"south": {"uv": [7.75, 1.25, 8, 2.5], "texture": "#0"},
				"west": {"uv": [3, 7.75, 3.25, 9], "texture": "#0"},
				"up": {"uv": [9.75, 1, 9.5, 0.75], "texture": "#0"},
				"down": {"uv": [1.25, 9.5, 1, 9.75], "texture": "#0"}
			}
		},
		{
			"from": [2, -3, 13],
			"to": [3, 2, 14],
			"faces": {
				"north": {"uv": [3.25, 7.75, 3.5, 9], "texture": "#0"},
				"east": {"uv": [3.5, 7.75, 3.75, 9], "texture": "#0"},
				"south": {"uv": [3.75, 7.75, 4, 9], "texture": "#0"},
				"west": {"uv": [7.75, 4.5, 8, 5.75], "texture": "#0"},
				"up": {"uv": [9.75, 1.25, 9.5, 1], "texture": "#0"},
				"down": {"uv": [1.5, 9.5, 1.25, 9.75], "texture": "#0"}
			}
		},
		{
			"from": [5.5, 2, 15],
			"to": [10.5, 4, 16],
			"faces": {
				"north": {"uv": [5, 5, 6.25, 5.5], "texture": "#0"},
				"east": {"uv": [9.25, 5, 9.5, 5.5], "texture": "#0"},
				"south": {"uv": [5.5, 0, 6.75, 0.5], "texture": "#0"},
				"west": {"uv": [5.25, 9.25, 5.5, 9.75], "texture": "#0"},
				"up": {"uv": [8.75, 2.75, 7.5, 2.5], "texture": "#0"},
				"down": {"uv": [8.75, 2.75, 7.5, 3], "texture": "#0"}
			}
		},
		{
			"from": [15, 2, 5.5],
			"to": [16, 4, 10.5],
			"rotation": {"angle": 0, "axis": "y", "origin": [8, 0.5, 8]},
			"faces": {
				"north": {"uv": [5.5, 9.25, 5.75, 9.75], "texture": "#0"},
				"east": {"uv": [5.5, 0.5, 6.75, 1], "texture": "#0"},
				"south": {"uv": [9.25, 5.5, 9.5, 6], "texture": "#0"},
				"west": {"uv": [5.5, 1, 6.75, 1.5], "texture": "#0"},
				"up": {"uv": [8, 7, 7.75, 5.75], "texture": "#0"},
				"down": {"uv": [8, 7, 7.75, 8.25], "texture": "#0"}
			}
		},
		{
			"from": [5.5, 2, 0],
			"to": [10.5, 4, 1],
			"faces": {
				"north": {"uv": [5.5, 1.5, 6.75, 2], "texture": "#0"},
				"east": {"uv": [5.75, 9.25, 6, 9.75], "texture": "#0"},
				"south": {"uv": [5.5, 2, 6.75, 2.5], "texture": "#0"},
				"west": {"uv": [9.25, 6, 9.5, 6.5], "texture": "#0"},
				"up": {"uv": [8.75, 3.25, 7.5, 3], "texture": "#0"},
				"down": {"uv": [8.75, 3.25, 7.5, 3.5], "texture": "#0"}
			}
		},
		{
			"from": [0, 2, 5.5],
			"to": [1, 4, 10.5],
			"rotation": {"angle": 0, "axis": "y", "origin": [8, 0.5, 8]},
			"faces": {
				"north": {"uv": [6.25, 9.25, 6.5, 9.75], "texture": "#0"},
				"east": {"uv": [5.5, 2.5, 6.75, 3], "texture": "#0"},
				"south": {"uv": [6.5, 9.25, 6.75, 9.75], "texture": "#0"},
				"west": {"uv": [5.5, 3, 6.75, 3.5], "texture": "#0"},
				"up": {"uv": [8.25, 1.25, 8, 0], "texture": "#0"},
				"down": {"uv": [1, 8, 0.75, 9.25], "texture": "#0"}
			}
		},
		{
			"from": [15, 4, 6],
			"to": [16, 7, 10],
			"rotation": {"angle": 0, "axis": "y", "origin": [8, 0.5, 8]},
			"faces": {
				"north": {"uv": [9, 4.75, 9.25, 5.5], "texture": "#0"},
				"east": {"uv": [3, 2.5, 4, 3.25], "texture": "#0"},
				"south": {"uv": [9, 5.5, 9.25, 6.25], "texture": "#0"},
				"west": {"uv": [3, 3.25, 4, 4], "texture": "#0"},
				"up": {"uv": [6.25, 4.5, 6, 3.5], "texture": "#0"},
				"down": {"uv": [7, 8, 6.75, 9], "texture": "#0"}
			}
		},
		{
			"from": [0, 4, 6],
			"to": [1, 7, 10],
			"rotation": {"angle": 0, "axis": "y", "origin": [8, 0.5, 8]},
			"faces": {
				"north": {"uv": [9, 6.25, 9.25, 7], "texture": "#0"},
				"east": {"uv": [0, 3.75, 1, 4.5], "texture": "#0"},
				"south": {"uv": [6.75, 9, 7, 9.75], "texture": "#0"},
				"west": {"uv": [1, 3.75, 2, 4.5], "texture": "#0"},
				"up": {"uv": [8.25, 8.25, 8, 7.25], "texture": "#0"},
				"down": {"uv": [8.5, 0, 8.25, 1], "texture": "#0"}
			}
		},
		{
			"from": [6, 4, 15],
			"to": [10, 7, 16],
			"faces": {
				"north": {"uv": [2, 3.75, 3, 4.5], "texture": "#0"},
				"east": {"uv": [9, 7, 9.25, 7.75], "texture": "#0"},
				"south": {"uv": [4, 2.5, 5, 3.25], "texture": "#0"},
				"west": {"uv": [9, 7.75, 9.25, 8.5], "texture": "#0"},
				"up": {"uv": [9.25, 1.25, 8.25, 1], "texture": "#0"},
				"down": {"uv": [9.25, 1.25, 8.25, 1.5], "texture": "#0"}
			}
		},
		{
			"from": [6, 4, 0],
			"to": [10, 7, 1],
			"faces": {
				"north": {"uv": [3, 4, 4, 4.75], "texture": "#0"},
				"east": {"uv": [9, 8.5, 9.25, 9.25], "texture": "#0"},
				"south": {"uv": [4, 3.25, 5, 4], "texture": "#0"},
				"west": {"uv": [8.75, 9, 9, 9.75], "texture": "#0"},
				"up": {"uv": [9.25, 1.75, 8.25, 1.5], "texture": "#0"},
				"down": {"uv": [9.25, 1.75, 8.25, 2], "texture": "#0"}
			}
		},
		{
			"from": [0, 9, 7],
			"to": [1, 13, 9],
			"rotation": {"angle": 0, "axis": "y", "origin": [8, 0.5, 8]},
			"faces": {
				"north": {"uv": [8.25, 3.5, 8.5, 4.5], "texture": "#0"},
				"east": {"uv": [4, 5.25, 4.5, 6.25], "texture": "#0"},
				"south": {"uv": [8.25, 4.5, 8.5, 5.5], "texture": "#0"},
				"west": {"uv": [4.5, 5.25, 5, 6.25], "texture": "#0"},
				"up": {"uv": [9.5, 7, 9.25, 6.5], "texture": "#0"},
				"down": {"uv": [9.5, 7, 9.25, 7.5], "texture": "#0"}
			}
		},
		{
			"from": [15, 9, 7],
			"to": [16, 13, 9],
			"rotation": {"angle": 0, "axis": "y", "origin": [8, 0.5, 8]},
			"faces": {
				"north": {"uv": [8.25, 5.5, 8.5, 6.5], "texture": "#0"},
				"east": {"uv": [5.5, 3.5, 6, 4.5], "texture": "#0"},
				"south": {"uv": [8.25, 6.5, 8.5, 7.5], "texture": "#0"},
				"west": {"uv": [5, 5.5, 5.5, 6.5], "texture": "#0"},
				"up": {"uv": [7.5, 9.75, 7.25, 9.25], "texture": "#0"},
				"down": {"uv": [7.75, 9.25, 7.5, 9.75], "texture": "#0"}
			}
		},
		{
			"from": [7, 9, 0],
			"to": [9, 13, 1],
			"faces": {
				"north": {"uv": [5.5, 5.5, 6, 6.5], "texture": "#0"},
				"east": {"uv": [7.25, 8.25, 7.5, 9.25], "texture": "#0"},
				"south": {"uv": [0, 5.75, 0.5, 6.75], "texture": "#0"},
				"west": {"uv": [7.5, 8.25, 7.75, 9.25], "texture": "#0"},
				"up": {"uv": [9.75, 7.75, 9.25, 7.5], "texture": "#0"},
				"down": {"uv": [8.25, 9.25, 7.75, 9.5], "texture": "#0"}
			}
		},
		{
			"from": [7, 9, 15],
			"to": [9, 13, 16],
			"faces": {
				"north": {"uv": [0.5, 5.75, 1, 6.75], "texture": "#0"},
				"east": {"uv": [8.25, 7.5, 8.5, 8.5], "texture": "#0"},
				"south": {"uv": [1, 5.75, 1.5, 6.75], "texture": "#0"},
				"west": {"uv": [7.75, 8.25, 8, 9.25], "texture": "#0"},
				"up": {"uv": [9.75, 8, 9.25, 7.75], "texture": "#0"},
				"down": {"uv": [9.75, 8, 9.25, 8.25], "texture": "#0"}
			}
		},
		{
			"from": [0, 13, 7.5],
			"to": [1, 18, 8.5],
			"rotation": {"angle": 0, "axis": "y", "origin": [8, 0.5, 8]},
			"faces": {
				"north": {"uv": [1, 8, 1.25, 9.25], "texture": "#0"},
				"east": {"uv": [1.25, 8, 1.5, 9.25], "texture": "#0"},
				"south": {"uv": [8, 1.25, 8.25, 2.5], "texture": "#0"},
				"west": {"uv": [8, 3.5, 8.25, 4.75], "texture": "#0"},
				"up": {"uv": [9.75, 1.5, 9.5, 1.25], "texture": "#0"},
				"down": {"uv": [9.75, 1.5, 9.5, 1.75], "texture": "#0"}
			}
		},
		{
			"from": [15, 13, 7.5],
			"to": [16, 18, 8.5],
			"rotation": {"angle": 0, "axis": "y", "origin": [8, 0.5, 8]},
			"faces": {
				"north": {"uv": [4, 8, 4.25, 9.25], "texture": "#0"},
				"east": {"uv": [4.25, 8, 4.5, 9.25], "texture": "#0"},
				"south": {"uv": [4.5, 8, 4.75, 9.25], "texture": "#0"},
				"west": {"uv": [4.75, 8, 5, 9.25], "texture": "#0"},
				"up": {"uv": [9.75, 3.75, 9.5, 3.5], "texture": "#0"},
				"down": {"uv": [9.75, 3.75, 9.5, 4], "texture": "#0"}
			}
		},
		{
			"from": [7.5, 13, 0],
			"to": [8.5, 18, 1],
			"faces": {
				"north": {"uv": [8, 4.75, 8.25, 6], "texture": "#0"},
				"east": {"uv": [5, 8, 5.25, 9.25], "texture": "#0"},
				"south": {"uv": [5.25, 8, 5.5, 9.25], "texture": "#0"},
				"west": {"uv": [5.5, 8, 5.75, 9.25], "texture": "#0"},
				"up": {"uv": [9.75, 4.25, 9.5, 4], "texture": "#0"},
				"down": {"uv": [9.75, 4.25, 9.5, 4.5], "texture": "#0"}
			}
		},
		{
			"from": [7.5, 13, 15],
			"to": [8.5, 18, 16],
			"faces": {
				"north": {"uv": [5.75, 8, 6, 9.25], "texture": "#0"},
				"east": {"uv": [8, 6, 8.25, 7.25], "texture": "#0"},
				"south": {"uv": [6.25, 8, 6.5, 9.25], "texture": "#0"},
				"west": {"uv": [6.5, 8, 6.75, 9.25], "texture": "#0"},
				"up": {"uv": [9.75, 4.75, 9.5, 4.5], "texture": "#0"},
				"down": {"uv": [9.75, 4.75, 9.5, 5], "texture": "#0"}
			}
		},
		{
			"from": [13, 2, 2],
			"to": [14, 9, 3],
			"faces": {
				"north": {"uv": [1.5, 5.75, 1.75, 7.5], "texture": "#0"},
				"east": {"uv": [1.75, 5.75, 2, 7.5], "texture": "#0"},
				"south": {"uv": [2, 5.75, 2.25, 7.5], "texture": "#0"},
				"west": {"uv": [2.25, 5.75, 2.5, 7.5], "texture": "#0"},
				"up": {"uv": [9.75, 5.25, 9.5, 5], "texture": "#0"},
				"down": {"uv": [9.75, 5.25, 9.5, 5.5], "texture": "#0"}
			}
		},
		{
			"from": [2, 2, 2],
			"to": [3, 9, 3],
			"faces": {
				"north": {"uv": [2.5, 5.75, 2.75, 7.5], "texture": "#0"},
				"east": {"uv": [2.75, 5.75, 3, 7.5], "texture": "#0"},
				"south": {"uv": [3, 6, 3.25, 7.75], "texture": "#0"},
				"west": {"uv": [3.25, 6, 3.5, 7.75], "texture": "#0"},
				"up": {"uv": [9.75, 5.75, 9.5, 5.5], "texture": "#0"},
				"down": {"uv": [9.75, 5.75, 9.5, 6], "texture": "#0"}
			}
		},
		{
			"from": [2, 2, 13],
			"to": [3, 9, 14],
			"faces": {
				"north": {"uv": [3.5, 6, 3.75, 7.75], "texture": "#0"},
				"east": {"uv": [3.75, 6, 4, 7.75], "texture": "#0"},
				"south": {"uv": [6, 5.5, 6.25, 7.25], "texture": "#0"},
				"west": {"uv": [6.25, 3.5, 6.5, 5.25], "texture": "#0"},
				"up": {"uv": [6.25, 9.75, 6, 9.5], "texture": "#0"},
				"down": {"uv": [9.75, 6, 9.5, 6.25], "texture": "#0"}
			}
		},
		{
			"from": [13, 2, 13],
			"to": [14, 9, 14],
			"faces": {
				"north": {"uv": [4, 6.25, 4.25, 8], "texture": "#0"},
				"east": {"uv": [4.25, 6.25, 4.5, 8], "texture": "#0"},
				"south": {"uv": [4.5, 6.25, 4.75, 8], "texture": "#0"},
				"west": {"uv": [4.75, 6.25, 5, 8], "texture": "#0"},
				"up": {"uv": [9.75, 6.5, 9.5, 6.25], "texture": "#0"},
				"down": {"uv": [9.75, 6.5, 9.5, 6.75], "texture": "#0"}
			}
		},
		{
			"from": [1, 2, 3],
			"to": [2, 6, 4],
			"rotation": {"angle": 0, "axis": "y", "origin": [8, 4, 8]},
			"faces": {
				"north": {"uv": [8, 8.25, 8.25, 9.25], "texture": "#0"},
				"east": {"uv": [0, 8.5, 0.25, 9.5], "texture": "#0"},
				"south": {"uv": [8.5, 0, 8.75, 1], "texture": "#0"},
				"west": {"uv": [0.25, 8.5, 0.5, 9.5], "texture": "#0"},
				"up": {"uv": [9.75, 7, 9.5, 6.75], "texture": "#0"},
				"down": {"uv": [9.75, 7, 9.5, 7.25], "texture": "#0"}
			}
		},
		{
			"from": [1, 2, 12],
			"to": [2, 6, 13],
			"rotation": {"angle": 0, "axis": "y", "origin": [8, 4, 8]},
			"faces": {
				"north": {"uv": [0.5, 8.5, 0.75, 9.5], "texture": "#0"},
				"east": {"uv": [8.5, 3.5, 8.75, 4.5], "texture": "#0"},
				"south": {"uv": [8.5, 4.5, 8.75, 5.5], "texture": "#0"},
				"west": {"uv": [8.5, 5.5, 8.75, 6.5], "texture": "#0"},
				"up": {"uv": [9.75, 7.5, 9.5, 7.25], "texture": "#0"},
				"down": {"uv": [8, 9.5, 7.75, 9.75], "texture": "#0"}
			}
		},
		{
			"from": [14, 2, 12],
			"to": [15, 6, 13],
			"rotation": {"angle": 0, "axis": "y", "origin": [8, 4, 8]},
			"faces": {
				"north": {"uv": [6, 8.5, 6.25, 9.5], "texture": "#0"},
				"east": {"uv": [8.5, 6.5, 8.75, 7.5], "texture": "#0"},
				"south": {"uv": [8.5, 7.5, 8.75, 8.5], "texture": "#0"},
				"west": {"uv": [8.25, 8.5, 8.5, 9.5], "texture": "#0"},
				"up": {"uv": [8.25, 9.75, 8, 9.5], "texture": "#0"},
				"down": {"uv": [8.5, 9.5, 8.25, 9.75], "texture": "#0"}
			}
		},
		{
			"from": [14, 2, 3],
			"to": [15, 6, 4],
			"rotation": {"angle": 0, "axis": "y", "origin": [8, 4, 8]},
			"faces": {
				"north": {"uv": [8.5, 8.5, 8.75, 9.5], "texture": "#0"},
				"east": {"uv": [8.75, 0, 9, 1], "texture": "#0"},
				"south": {"uv": [1.5, 8.75, 1.75, 9.75], "texture": "#0"},
				"west": {"uv": [1.75, 8.75, 2, 9.75], "texture": "#0"},
				"up": {"uv": [9.75, 8.5, 9.5, 8.25], "texture": "#0"},
				"down": {"uv": [8.75, 9.5, 8.5, 9.75], "texture": "#0"}
			}
		},
		{
			"from": [3, 2, 14],
			"to": [4, 6, 15],
			"faces": {
				"north": {"uv": [2, 8.75, 2.25, 9.75], "texture": "#0"},
				"east": {"uv": [8.75, 2, 9, 3], "texture": "#0"},
				"south": {"uv": [2.25, 8.75, 2.5, 9.75], "texture": "#0"},
				"west": {"uv": [2.5, 8.75, 2.75, 9.75], "texture": "#0"},
				"up": {"uv": [9.75, 8.75, 9.5, 8.5], "texture": "#0"},
				"down": {"uv": [9.75, 8.75, 9.5, 9], "texture": "#0"}
			}
		},
		{
			"from": [12, 2, 14],
			"to": [13, 6, 15],
			"faces": {
				"north": {"uv": [2.75, 8.75, 3, 9.75], "texture": "#0"},
				"east": {"uv": [8.75, 3, 9, 4], "texture": "#0"},
				"south": {"uv": [8.75, 4, 9, 5], "texture": "#0"},
				"west": {"uv": [8.75, 5, 9, 6], "texture": "#0"},
				"up": {"uv": [9.75, 9.25, 9.5, 9], "texture": "#0"},
				"down": {"uv": [9.75, 9.25, 9.5, 9.5], "texture": "#0"}
			}
		},
		{
			"from": [3, 2, 1],
			"to": [4, 6, 2],
			"faces": {
				"north": {"uv": [8.75, 6, 9, 7], "texture": "#0"},
				"east": {"uv": [7, 8.75, 7.25, 9.75], "texture": "#0"},
				"south": {"uv": [8.75, 7, 9, 8], "texture": "#0"},
				"west": {"uv": [8.75, 8, 9, 9], "texture": "#0"},
				"up": {"uv": [9.75, 9.75, 9.5, 9.5], "texture": "#0"},
				"down": {"uv": [0.25, 9.75, 0, 10], "texture": "#0"}
			}
		},
		{
			"from": [12, 2, 1],
			"to": [13, 6, 2],
			"faces": {
				"north": {"uv": [9, 0, 9.25, 1], "texture": "#0"},
				"east": {"uv": [9, 2, 9.25, 3], "texture": "#0"},
				"south": {"uv": [3, 9, 3.25, 10], "texture": "#0"},
				"west": {"uv": [9, 3, 9.25, 4], "texture": "#0"},
				"up": {"uv": [0.5, 10, 0.25, 9.75], "texture": "#0"},
				"down": {"uv": [0.75, 9.75, 0.5, 10], "texture": "#0"}
			}
		},
		{
			"from": [6.5, 7, 15],
			"to": [9.5, 9, 16],
			"faces": {
				"north": {"uv": [6.5, 4.5, 7.25, 5], "texture": "#0"},
				"east": {"uv": [9.25, 8.25, 9.5, 8.75], "texture": "#0"},
				"south": {"uv": [0, 6.75, 0.75, 7.25], "texture": "#0"},
				"west": {"uv": [9.25, 8.75, 9.5, 9.25], "texture": "#0"},
				"up": {"uv": [10, 0.25, 9.25, 0], "texture": "#0"},
				"down": {"uv": [10, 0.25, 9.25, 0.5], "texture": "#0"}
			}
		},
		{
			"from": [6.5, 7, 0],
			"to": [9.5, 9, 1],
			"faces": {
				"north": {"uv": [6.75, 0, 7.5, 0.5], "texture": "#0"},
				"east": {"uv": [9, 9.25, 9.25, 9.75], "texture": "#0"},
				"south": {"uv": [6.75, 0.5, 7.5, 1], "texture": "#0"},
				"west": {"uv": [9.25, 9.25, 9.5, 9.75], "texture": "#0"},
				"up": {"uv": [10, 0.75, 9.25, 0.5], "texture": "#0"},
				"down": {"uv": [1.5, 9.25, 0.75, 9.5], "texture": "#0"}
			}
		},
		{
			"from": [0, 7, 6.5],
			"to": [1, 9, 9.5],
			"rotation": {"angle": 0, "axis": "y", "origin": [8, 0.5, 8]},
			"faces": {
				"north": {"uv": [8.25, 2, 8.5, 2.5], "texture": "#0"},
				"east": {"uv": [5.5, 4.5, 6.25, 5], "texture": "#0"},
				"south": {"uv": [8.5, 2, 8.75, 2.5], "texture": "#0"},
				"west": {"uv": [6.25, 5.25, 7, 5.75], "texture": "#0"},
				"up": {"uv": [3.5, 9.75, 3.25, 9], "texture": "#0"},
				"down": {"uv": [3.75, 9, 3.5, 9.75], "texture": "#0"}
			}
		},
		{
			"from": [15, 7, 6.5],
			"to": [16, 9, 9.5],
			"rotation": {"angle": 0, "axis": "y", "origin": [8, 0.5, 8]},
			"faces": {
				"north": {"uv": [9.25, 0.75, 9.5, 1.25], "texture": "#0"},
				"east": {"uv": [6.25, 5.75, 7, 6.25], "texture": "#0"},
				"south": {"uv": [9.25, 1.25, 9.5, 1.75], "texture": "#0"},
				"west": {"uv": [6.25, 6.25, 7, 6.75], "texture": "#0"},
				"up": {"uv": [4, 9.75, 3.75, 9], "texture": "#0"},
				"down": {"uv": [9.25, 4, 9, 4.75], "texture": "#0"}
			}
		}
	],
	"display": {
		"thirdperson_righthand": {
			"rotation": [-90, 0, 0],
			"translation": [0, -2, -2.75],
			"scale": [0.35, 0.35, 0.35]
		},
		"thirdperson_lefthand": {
			"rotation": [-90, 0, 0],
			"translation": [0, -2, -2.75],
			"scale": [0.35, 0.35, 0.35]
		},
		"firstperson_righthand": {
			"rotation": [0, 11, 11],
			"translation": [5, 1.5, -2.75],
			"scale": [0.35, 0.35, 0.35]
		},
		"firstperson_lefthand": {
			"rotation": [0, 11, 11],
			"translation": [5, 1.5, -2.75],
			"scale": [0.35, 0.35, 0.35]
		},
		"ground": {
			"translation": [0, 1, 0],
			"scale": [0.5, 0.5, 0.5]
		},
		"gui": {
			"rotation": [0, 15, 0],
			"scale": [0.7, 0.7, 0.7]
		},
		"head": {
			"translation": [0, 10.75, 0],
			"scale": [0.4, 0.45, 0.4]
		},
		"fixed": {
			"scale": [0.6, 0.9, 0.6]
		}
	}
}