{
	"credit": "Made with Blockbench",
	"texture_size": [64, 64],
	"textures": {
		"0": "matus-set:item/matkulllopata",
		"particle": "matus-set:item/matkulllopata"
	},
	"elements": [
		{
			"from": [6.5, -15, 6.5],
			"to": [9.5, -3, 9.5],
			"rotation": {"angle": 0, "axis": "y", "origin": [0, -13, 0]},
			"faces": {
				"north": {"uv": [6.25, 3, 7, 6], "texture": "#0"},
				"east": {"uv": [3.75, 6.25, 4.5, 9.25], "texture": "#0"},
				"south": {"uv": [4.5, 6.25, 5.25, 9.25], "texture": "#0"},
				"west": {"uv": [6.25, 6, 7, 9], "texture": "#0"},
				"up": {"uv": [12.75, 10, 12, 9.25], "texture": "#0"},
				"down": {"uv": [11.25, 12, 10.5, 12.75], "texture": "#0"}
			}
		},
		{
			"from": [6, -3, 6],
			"to": [10, 9, 10],
			"rotation": {"angle": 0, "axis": "y", "origin": [0, -13, 0]},
			"faces": {
				"north": {"uv": [5.25, 4.5, 6.25, 7.5], "texture": "#0"},
				"east": {"uv": [5.5, 0, 6.5, 3], "texture": "#0"},
				"south": {"uv": [1.75, 6.25, 2.75, 9.25], "texture": "#0"},
				"west": {"uv": [2.75, 6.25, 3.75, 9.25], "texture": "#0"},
				"up": {"uv": [4, 11, 3, 10], "texture": "#0"},
				"down": {"uv": [11, 9.5, 10, 10.5], "texture": "#0"}
			}
		},
		{
			"from": [5, 7, 5],
			"to": [11, 13, 11],
			"rotation": {"angle": 45, "axis": "z", "origin": [8, 10, 8]},
			"faces": {
				"north": {"uv": [6.5, 0, 8, 1.5], "texture": "#0"},
				"east": {"uv": [6.5, 1.5, 8, 3], "texture": "#0"},
				"south": {"uv": [0, 7, 1.5, 8.5], "texture": "#0"},
				"west": {"uv": [7, 3, 8.5, 4.5], "texture": "#0"},
				"up": {"uv": [8.5, 6, 7, 4.5], "texture": "#0"},
				"down": {"uv": [8.5, 6, 7, 7.5], "texture": "#0"}
			}
		},
		{
			"from": [20.75, 1.5, 4.4],
			"to": [25.25, 6, 11.65],
			"rotation": {"angle": 45, "axis": "z", "origin": [8, -11.25, 8.025]},
			"faces": {
				"north": {"uv": [8.75, 9.5, 9.875, 10.625], "texture": "#0"},
				"east": {"uv": [7, 7.5, 8.8125, 8.625], "texture": "#0"},
				"south": {"uv": [9.75, 1.25, 10.875, 2.375], "texture": "#0"},
				"west": {"uv": [8, 0, 9.8125, 1.125], "texture": "#0"},
				"up": {"uv": [1.125, 10.3125, 0, 8.5], "texture": "#0"},
				"down": {"uv": [9.625, 1.25, 8.5, 3.0625], "texture": "#0"}
			}
		},
		{
			"from": [3.75, -15.5, 6],
			"to": [8.25, -11, 10],
			"rotation": {"angle": 45, "axis": "z", "origin": [8, -11.25, 8]},
			"faces": {
				"north": {"uv": [4.75, 9.75, 5.875, 10.875], "texture": "#0"},
				"east": {"uv": [5.25, 7.5, 6.25, 8.625], "texture": "#0"},
				"south": {"uv": [10, 0, 11.125, 1.125], "texture": "#0"},
				"west": {"uv": [6, 9.75, 7, 10.875], "texture": "#0"},
				"up": {"uv": [2.875, 4.5, 1.75, 3.5], "texture": "#0"},
				"down": {"uv": [2.375, 10, 1.25, 11], "texture": "#0"}
			}
		},
		{
			"from": [4.75, -14.5, 5.4],
			"to": [7.25, -12, 10.65],
			"rotation": {"angle": 45, "axis": "z", "origin": [8, -11.25, 8.025]},
			"faces": {
				"north": {"uv": [6.75, 12.25, 7.375, 12.875], "texture": "#0"},
				"east": {"uv": [10.75, 7.75, 12.0625, 8.375], "texture": "#0"},
				"south": {"uv": [0, 12.5, 0.625, 13.125], "texture": "#0"},
				"west": {"uv": [1, 11, 2.3125, 11.625], "texture": "#0"},
				"up": {"uv": [6.125, 4.3125, 5.5, 3], "texture": "#0"},
				"down": {"uv": [3.625, 11, 3, 12.3125], "texture": "#0"}
			}
		},
		{
			"from": [5.38, 3, 5.38],
			"to": [10.63, 5, 10.63],
			"faces": {
				"north": {"uv": [11.5, 4.25, 12.8125, 4.75], "texture": "#0"},
				"east": {"uv": [11.5, 11, 12.8125, 11.5], "texture": "#0"},
				"south": {"uv": [11.5, 11.5, 12.8125, 12], "texture": "#0"},
				"west": {"uv": [1, 11.75, 2.3125, 12.25], "texture": "#0"},
				"up": {"uv": [9.8125, 4.5625, 8.5, 3.25], "texture": "#0"},
				"down": {"uv": [9.8125, 4.75, 8.5, 6.0625], "texture": "#0"}
			}
		},
		{
			"from": [6.38, -4, 6.38],
			"to": [9.63, -3.75, 9.63],
			"faces": {
				"north": {"uv": [5.25, 8.75, 6.0625, 8.8125], "texture": "#0"},
				"east": {"uv": [10.5, 4.5, 11.3125, 4.5625], "texture": "#0"},
				"south": {"uv": [10.75, 8.5, 11.5625, 8.5625], "texture": "#0"},
				"west": {"uv": [11, 10.25, 11.8125, 10.3125], "texture": "#0"},
				"up": {"uv": [11.8125, 2.0625, 11, 1.25], "texture": "#0"},
				"down": {"uv": [5.3125, 11, 4.5, 11.8125], "texture": "#0"}
			}
		},
		{
			"from": [6.38, -6, 6.38],
			"to": [9.63, -5.75, 9.63],
			"faces": {
				"north": {"uv": [12.5, 2.25, 13.3125, 2.3125], "texture": "#0"},
				"east": {"uv": [12.5, 2.5, 13.3125, 2.5625], "texture": "#0"},
				"south": {"uv": [2.75, 12.5, 3.5625, 12.5625], "texture": "#0"},
				"west": {"uv": [12.5, 2.75, 13.3125, 2.8125], "texture": "#0"},
				"up": {"uv": [6.3125, 11.8125, 5.5, 11], "texture": "#0"},
				"down": {"uv": [11.8125, 9.25, 11, 10.0625], "texture": "#0"}
			}
		},
		{
			"from": [6.38, -8, 6.38],
			"to": [9.63, -7.75, 9.63],
			"faces": {
				"north": {"uv": [12.5, 3, 13.3125, 3.0625], "texture": "#0"},
				"east": {"uv": [12.5, 3.25, 13.3125, 3.3125], "texture": "#0"},
				"south": {"uv": [12.5, 3.5, 13.3125, 3.5625], "texture": "#0"},
				"west": {"uv": [12.5, 3.75, 13.3125, 3.8125], "texture": "#0"},
				"up": {"uv": [11.3125, 11.8125, 10.5, 11], "texture": "#0"},
				"down": {"uv": [12.0625, 0, 11.25, 0.8125], "texture": "#0"}
			}
		},
		{
			"from": [6.38, -10, 6.38],
			"to": [9.63, -9.75, 9.63],
			"faces": {
				"north": {"uv": [12.5, 4, 13.3125, 4.0625], "texture": "#0"},
				"east": {"uv": [12.5, 7.25, 13.3125, 7.3125], "texture": "#0"},
				"south": {"uv": [12.5, 7.5, 13.3125, 7.5625], "texture": "#0"},
				"west": {"uv": [8.5, 12.5, 9.3125, 12.5625], "texture": "#0"},
				"up": {"uv": [7.3125, 12.0625, 6.5, 11.25], "texture": "#0"},
				"down": {"uv": [0.8125, 11.5, 0, 12.3125], "texture": "#0"}
			}
		},
		{
			"from": [6.38, -12, 6.38],
			"to": [9.63, -11.75, 9.63],
			"faces": {
				"north": {"uv": [1.75, 12.75, 2.5625, 12.8125], "texture": "#0"},
				"east": {"uv": [2.75, 12.75, 3.5625, 12.8125], "texture": "#0"},
				"south": {"uv": [12.75, 4.75, 13.5625, 4.8125], "texture": "#0"},
				"west": {"uv": [12.75, 5, 13.5625, 5.0625], "texture": "#0"},
				"up": {"uv": [12.3125, 3.0625, 11.5, 2.25], "texture": "#0"},
				"down": {"uv": [12.3125, 3.25, 11.5, 4.0625], "texture": "#0"}
			}
		},
		{
			"from": [4.5, 11.5, 7.501],
			"to": [7.5, 14.5, 8.503],
			"rotation": {"angle": -45, "axis": "z", "origin": [3.5, 13.5, 8]},
			"faces": {
				"north": {"uv": [7, 10.25, 8, 11.25], "texture": "#0"},
				"east": {"uv": [8, 12, 8.5, 13], "texture": "#0"},
				"south": {"uv": [0, 10.5, 1, 11.5], "texture": "#0"},
				"west": {"uv": [9.5, 12, 10, 13], "texture": "#0"},
				"up": {"uv": [13, 10.5, 12, 10], "texture": "#0"},
				"down": {"uv": [2.75, 12.25, 1.75, 12.75], "texture": "#0"}
			}
		},
		{
			"from": [8.5, 11.5, 7.501],
			"to": [11.5, 14.5, 8.503],
			"rotation": {"angle": 45, "axis": "z", "origin": [12.5, 13.5, 8]},
			"faces": {
				"north": {"uv": [10.5, 2.5, 11.5, 3.5], "texture": "#0"},
				"east": {"uv": [12.25, 4.75, 12.75, 5.75], "texture": "#0"},
				"south": {"uv": [10.5, 3.5, 11.5, 4.5], "texture": "#0"},
				"west": {"uv": [6.25, 12.25, 6.75, 13.25], "texture": "#0"},
				"up": {"uv": [13.25, 8.25, 12.25, 7.75], "texture": "#0"},
				"down": {"uv": [13.25, 8.25, 12.25, 8.75], "texture": "#0"}
			}
		},
		{
			"from": [8.5, 10.5, 7.4998],
			"to": [16.5, 18.5, 8.4998],
			"rotation": {"angle": -45, "axis": "z", "origin": [8, 19, 8]},
			"faces": {
				"north": {"uv": [3.25, 0, 5.5, 2.25], "texture": "#0"},
				"east": {"uv": [2.5, 10, 3, 12.25], "texture": "#0"},
				"south": {"uv": [3.25, 2.25, 5.5, 4.5], "texture": "#0"},
				"west": {"uv": [10, 2.5, 10.5, 4.75], "texture": "#0"},
				"up": {"uv": [12.25, 5.25, 10, 4.75], "texture": "#0"},
				"down": {"uv": [12.25, 5.25, 10, 5.75], "texture": "#0"}
			}
		},
		{
			"from": [6.5, 16.5, 7.5021],
			"to": [12.5, 22.5, 8.5043],
			"rotation": {"angle": -45, "axis": "z", "origin": [8, 19, 8]},
			"faces": {
				"north": {"uv": [0, 3.5, 1.75, 5.25], "texture": "#0"},
				"east": {"uv": [8, 1.25, 8.5, 3], "texture": "#0"},
				"south": {"uv": [1.75, 4.5, 3.5, 6.25], "texture": "#0"},
				"west": {"uv": [4, 10, 4.5, 11.75], "texture": "#0"},
				"up": {"uv": [11.75, 6.25, 10, 5.75], "texture": "#0"},
				"down": {"uv": [12.25, 8.75, 10.5, 9.25], "texture": "#0"}
			}
		},
		{
			"from": [6.58, 20.74, 7.5],
			"to": [9.41, 22.54, 8.5],
			"rotation": {"angle": 0, "axis": "y", "origin": [8.70711, 22.53553, 8]},
			"faces": {
				"north": {"uv": [11.75, 5.75, 12.6875, 6.4375], "texture": "#0"},
				"east": {"uv": [1.25, 8.5, 1.75, 9.1875], "texture": "#0"},
				"south": {"uv": [11.75, 6.5, 12.6875, 7.1875], "texture": "#0"},
				"west": {"uv": [10, 12.25, 10.5, 12.9375], "texture": "#0"},
				"up": {"uv": [13.1875, 9.25, 12.25, 8.75], "texture": "#0"},
				"down": {"uv": [13.1875, 10.5, 12.25, 11], "texture": "#0"}
			}
		},
		{
			"from": [4.5, 14.5, 7.5002],
			"to": [10.5, 20.5, 8.5022],
			"rotation": {"angle": -45, "axis": "z", "origin": [8, 19, 8]},
			"faces": {
				"north": {"uv": [3.5, 4.5, 5.25, 6.25], "texture": "#0"},
				"east": {"uv": [8, 10.25, 8.5, 12], "texture": "#0"},
				"south": {"uv": [0, 5.25, 1.75, 7], "texture": "#0"},
				"west": {"uv": [10, 10.5, 10.5, 12.25], "texture": "#0"},
				"up": {"uv": [12.25, 11, 10.5, 10.5], "texture": "#0"},
				"down": {"uv": [12.5, 7.25, 10.75, 7.75], "texture": "#0"}
			}
		},
		{
			"from": [2.345, 12.635, 7.501],
			"to": [13.655, 18.285, 8.499],
			"faces": {
				"north": {"uv": [0, 0, 3.0625, 1.6875], "texture": "#0"},
				"east": {"uv": [8.5, 10.75, 9, 12.4375], "texture": "#0"},
				"south": {"uv": [0, 1.75, 3.0625, 3.4375], "texture": "#0"},
				"west": {"uv": [9, 10.75, 9.5, 12.4375], "texture": "#0"},
				"up": {"uv": [11.5625, 6.75, 8.5, 6.25], "texture": "#0"},
				"down": {"uv": [11.5625, 6.75, 8.5, 7.25], "texture": "#0"}
			}
		},
		{
			"from": [0.5, 6.5, 6.5],
			"to": [7.5, 9.5, 9.5],
			"rotation": {"angle": -22.5, "axis": "z", "origin": [4.5, 7, 8]},
			"faces": {
				"north": {"uv": [7, 8.75, 8.75, 9.5], "texture": "#0"},
				"east": {"uv": [11.25, 12, 12, 12.75], "texture": "#0"},
				"south": {"uv": [8.75, 8.75, 10.5, 9.5], "texture": "#0"},
				"west": {"uv": [12, 12, 12.75, 12.75], "texture": "#0"},
				"up": {"uv": [7, 9.75, 5.25, 9], "texture": "#0"},
				"down": {"uv": [10.75, 7.25, 9, 8], "texture": "#0"}
			}
		},
		{
			"from": [0, 8.5, 7],
			"to": [2, 13.5, 9],
			"rotation": {"angle": 22.5, "axis": "z", "origin": [1.5, 11, 8]},
			"faces": {
				"north": {"uv": [9.5, 10.75, 10, 12], "texture": "#0"},
				"east": {"uv": [7.5, 11.25, 8, 12.5], "texture": "#0"},
				"south": {"uv": [3.75, 11.75, 4.25, 13], "texture": "#0"},
				"west": {"uv": [12, 1, 12.5, 2.25], "texture": "#0"},
				"up": {"uv": [5.25, 9.75, 4.75, 9.25], "texture": "#0"},
				"down": {"uv": [13, 0.75, 12.5, 1.25], "texture": "#0"}
			}
		},
		{
			"from": [8.5, 6.5, 6.5],
			"to": [15.5, 9.5, 9.5],
			"rotation": {"angle": 22.5, "axis": "z", "origin": [11.5, 7, 8]},
			"faces": {
				"north": {"uv": [9, 8, 10.75, 8.75], "texture": "#0"},
				"east": {"uv": [12.25, 0, 13, 0.75], "texture": "#0"},
				"south": {"uv": [1.25, 9.25, 3, 10], "texture": "#0"},
				"west": {"uv": [1, 12.25, 1.75, 13], "texture": "#0"},
				"up": {"uv": [4.75, 10, 3, 9.25], "texture": "#0"},
				"down": {"uv": [8.75, 9.5, 7, 10.25], "texture": "#0"}
			}
		},
		{
			"from": [14, 8.5, 7],
			"to": [16, 13.5, 9],
			"rotation": {"angle": -22.5, "axis": "z", "origin": [14.5, 11, 8]},
			"faces": {
				"north": {"uv": [4.25, 12, 4.75, 13.25], "texture": "#0"},
				"east": {"uv": [4.75, 12, 5.25, 13.25], "texture": "#0"},
				"south": {"uv": [5.25, 12, 5.75, 13.25], "texture": "#0"},
				"west": {"uv": [5.75, 12, 6.25, 13.25], "texture": "#0"},
				"up": {"uv": [13, 1.75, 12.5, 1.25], "texture": "#0"},
				"down": {"uv": [13, 1.75, 12.5, 2.25], "texture": "#0"}
			}
		}
	],
	"display": {
		"thirdperson_righthand": {
			"rotation": [0, 86, 0],
			"translation": [0, 5.75, 1.75],
			"scale": [0.5, 0.5, 0.5]
		},
		"thirdperson_lefthand": {
			"rotation": [0, 86, 0],
			"translation": [0, 5.75, 1.75],
			"scale": [0.5, 0.5, 0.5]
		},
		"firstperson_righthand": {
			"rotation": [-15, 105, 0],
			"translation": [1.25, 6.5, 0.25],
			"scale": [0.5, 0.5, 0.5]
		},
		"firstperson_lefthand": {
			"rotation": [-15, 105, 0],
			"translation": [1.25, 6.5, 0.25],
			"scale": [0.5, 0.5, 0.5]
		},
		"ground": {
			"rotation": [0, 0, 50],
			"translation": [-1, 4.25, 0],
			"scale": [0.5, 0.5, 0.5]
		},
		"gui": {
			"rotation": [0, 0, -50],
			"translation": [1.75, 1.25, 0],
			"scale": [0.5, 0.5, 0.5]
		},
		"head": {
			"rotation": [0, 0, 50],
			"translation": [0, 15.5, 0],
			"scale": [0.5, 0.5, 0.5]
		},
		"fixed": {
			"rotation": [0, 0, 50],
			"translation": [-1.25, 1.25, 0],
			"scale": [0.5, 0.5, 0.5]
		}
	}
}