{
	"credit": "Made with Blockbench",
	"texture_size": [256, 256],
	"textures": {
		"1": "ozdoby:item/stribrna-blbost",
		"2": "ozdoby:item/ozdoba-cyan",
		"particle": "ozdoby:item/stribrna-blbost"
	},
	"elements": [
		{
			"from": [5, 19, 7],
			"to": [11, 21, 9],
			"faces": {
				"north": {"uv": [0, 0, 6, 2], "texture": "#1"},
				"east": {"uv": [0, 10, 2, 12], "texture": "#1"},
				"south": {"uv": [0, 2, 6, 4], "texture": "#1"},
				"west": {"uv": [10, 0, 12, 2], "texture": "#1"},
				"up": {"uv": [6, 6, 0, 4], "texture": "#1"},
				"down": {"uv": [6, 6, 0, 8], "texture": "#1"}
			}
		},
		{
			"from": [6, 19, 6],
			"to": [10, 21, 7],
			"faces": {
				"north": {"uv": [0, 8, 4, 10], "texture": "#1"},
				"east": {"uv": [12, 10, 13, 12], "texture": "#1"},
				"south": {"uv": [4, 8, 8, 10], "texture": "#1"},
				"west": {"uv": [11, 12, 12, 14], "texture": "#1"},
				"up": {"uv": [10, 11, 6, 10], "texture": "#1"},
				"down": {"uv": [14, 7, 10, 8], "texture": "#1"}
			}
		},
		{
			"from": [7, 19, 10],
			"to": [9, 21, 11],
			"faces": {
				"north": {"uv": [10, 3, 12, 5], "texture": "#1"},
				"east": {"uv": [8, 12, 9, 14], "texture": "#1"},
				"south": {"uv": [10, 5, 12, 7], "texture": "#1"},
				"west": {"uv": [12, 8, 13, 10], "texture": "#1"},
				"up": {"uv": [14, 7, 12, 6], "texture": "#1"},
				"down": {"uv": [11, 12, 9, 13], "texture": "#1"}
			}
		},
		{
			"from": [6, 19, 9],
			"to": [10, 21, 10],
			"faces": {
				"north": {"uv": [6, 4, 10, 6], "texture": "#1"},
				"east": {"uv": [6, 12, 7, 14], "texture": "#1"},
				"south": {"uv": [6, 6, 10, 8], "texture": "#1"},
				"west": {"uv": [7, 12, 8, 14], "texture": "#1"},
				"up": {"uv": [6, 11, 2, 10], "texture": "#1"},
				"down": {"uv": [14, 2, 10, 3], "texture": "#1"}
			}
		},
		{
			"from": [7, 19, 5],
			"to": [9, 21, 6],
			"faces": {
				"north": {"uv": [10, 10, 12, 12], "texture": "#1"},
				"east": {"uv": [12, 12, 13, 14], "texture": "#1"},
				"south": {"uv": [2, 11, 4, 13], "texture": "#1"},
				"west": {"uv": [0, 13, 1, 15], "texture": "#1"},
				"up": {"uv": [3, 14, 1, 13], "texture": "#1"},
				"down": {"uv": [5, 13, 3, 14], "texture": "#1"}
			}
		},
		{
			"from": [7, 0, 5],
			"to": [9, 1, 6],
			"faces": {
				"north": {"uv": [2.625, 3.375, 2.75, 3.4375], "texture": "#2"},
				"east": {"uv": [3, 10.25, 3.0625, 10.3125], "texture": "#2"},
				"south": {"uv": [2.625, 3.4375, 2.75, 3.5], "texture": "#2"},
				"west": {"uv": [3.0625, 10.25, 3.125, 10.3125], "texture": "#2"},
				"up": {"uv": [4.125, 5.9375, 4, 5.875], "texture": "#2"},
				"down": {"uv": [4.125, 5.9375, 4, 6], "texture": "#2"}
			}
		},
		{
			"from": [6, 0, 6],
			"to": [10, 1, 7],
			"faces": {
				"north": {"uv": [2.375, 4.25, 2.625, 4.3125], "texture": "#2"},
				"east": {"uv": [3.125, 10.25, 3.1875, 10.3125], "texture": "#2"},
				"south": {"uv": [2.375, 4.3125, 2.625, 4.375], "texture": "#2"},
				"west": {"uv": [3.1875, 10.25, 3.25, 10.3125], "texture": "#2"},
				"up": {"uv": [4.625, 2.5625, 4.375, 2.5], "texture": "#2"},
				"down": {"uv": [4.625, 2.5625, 4.375, 2.625], "texture": "#2"}
			}
		},
		{
			"from": [7, 0, 10],
			"to": [9, 1, 11],
			"faces": {
				"north": {"uv": [6.375, 3.875, 6.5, 3.9375], "texture": "#2"},
				"east": {"uv": [3.25, 10.25, 3.3125, 10.3125], "texture": "#2"},
				"south": {"uv": [6.375, 3.9375, 6.5, 4], "texture": "#2"},
				"west": {"uv": [3.3125, 10.25, 3.375, 10.3125], "texture": "#2"},
				"up": {"uv": [4, 7.0625, 3.875, 7], "texture": "#2"},
				"down": {"uv": [7.125, 6.25, 7, 6.3125], "texture": "#2"}
			}
		},
		{
			"from": [6, 0, 9],
			"to": [10, 1, 10],
			"faces": {
				"north": {"uv": [4.375, 2.625, 4.625, 2.6875], "texture": "#2"},
				"east": {"uv": [3.375, 10.25, 3.4375, 10.3125], "texture": "#2"},
				"south": {"uv": [4.375, 2.6875, 4.625, 2.75], "texture": "#2"},
				"west": {"uv": [3.4375, 10.25, 3.5, 10.3125], "texture": "#2"},
				"up": {"uv": [4.375, 4.4375, 4.125, 4.375], "texture": "#2"},
				"down": {"uv": [4.375, 4.4375, 4.125, 4.5], "texture": "#2"}
			}
		},
		{
			"from": [5, 0, 7],
			"to": [11, 1, 9],
			"faces": {
				"north": {"uv": [6.375, 1.875, 6.75, 1.9375], "texture": "#2"},
				"east": {"uv": [7, 6.3125, 7.125, 6.375], "texture": "#2"},
				"south": {"uv": [6.375, 1.9375, 6.75, 2], "texture": "#2"},
				"west": {"uv": [3.875, 7.0625, 4, 7.125], "texture": "#2"},
				"up": {"uv": [4.125, 0.875, 3.75, 0.75], "texture": "#2"},
				"down": {"uv": [4.5, 0.75, 4.125, 0.875], "texture": "#2"}
			}
		},
		{
			"from": [12, 18, 5],
			"to": [13, 19, 11],
			"faces": {
				"north": {"uv": [3.5, 10.25, 3.5625, 10.3125], "texture": "#2"},
				"east": {"uv": [6.375, 2, 6.75, 2.0625], "texture": "#2"},
				"south": {"uv": [3.5625, 10.25, 3.625, 10.3125], "texture": "#2"},
				"west": {"uv": [6.375, 2.0625, 6.75, 2.125], "texture": "#2"},
				"up": {"uv": [0.8125, 4.75, 0.75, 4.375], "texture": "#2"},
				"down": {"uv": [0.875, 4.375, 0.8125, 4.75], "texture": "#2"}
			}
		},
		{
			"from": [11, 18, 4],
			"to": [12, 19, 12],
			"faces": {
				"north": {"uv": [3.625, 10.25, 3.6875, 10.3125], "texture": "#2"},
				"east": {"uv": [4.625, 3.25, 5.125, 3.3125], "texture": "#2"},
				"south": {"uv": [3.6875, 10.25, 3.75, 10.3125], "texture": "#2"},
				"west": {"uv": [4.625, 3.3125, 5.125, 3.375], "texture": "#2"},
				"up": {"uv": [2.6875, 3.375, 2.625, 2.875], "texture": "#2"},
				"down": {"uv": [2.75, 2.875, 2.6875, 3.375], "texture": "#2"}
			}
		},
		{
			"from": [5, 18, 3],
			"to": [11, 19, 13],
			"faces": {
				"north": {"uv": [6.375, 2.125, 6.75, 2.1875], "texture": "#2"},
				"east": {"uv": [2.5, 7, 3.125, 7.0625], "texture": "#2"},
				"south": {"uv": [6.375, 2.1875, 6.75, 2.25], "texture": "#2"},
				"west": {"uv": [2.5, 7.0625, 3.125, 7.125], "texture": "#2"},
				"up": {"uv": [9.625, 4.375, 9.25, 3.75], "texture": "#2"},
				"down": {"uv": [7.875, 9.25, 7.5, 9.875], "texture": "#2"}
			}
		},
		{
			"from": [4, 18, 4],
			"to": [5, 19, 12],
			"faces": {
				"north": {"uv": [3.75, 10.25, 3.8125, 10.3125], "texture": "#2"},
				"east": {"uv": [4.625, 3.375, 5.125, 3.4375], "texture": "#2"},
				"south": {"uv": [3.8125, 10.25, 3.875, 10.3125], "texture": "#2"},
				"west": {"uv": [4.625, 3.4375, 5.125, 3.5], "texture": "#2"},
				"up": {"uv": [2.4375, 4.25, 2.375, 3.75], "texture": "#2"},
				"down": {"uv": [2.5, 3.75, 2.4375, 4.25], "texture": "#2"}
			}
		},
		{
			"from": [3, 18, 5],
			"to": [4, 19, 11],
			"faces": {
				"north": {"uv": [3.875, 10.25, 3.9375, 10.3125], "texture": "#2"},
				"east": {"uv": [2.75, 7.125, 3.125, 7.1875], "texture": "#2"},
				"south": {"uv": [3.9375, 10.25, 4, 10.3125], "texture": "#2"},
				"west": {"uv": [2.75, 7.1875, 3.125, 7.25], "texture": "#2"},
				"up": {"uv": [2.3125, 5.125, 2.25, 4.75], "texture": "#2"},
				"down": {"uv": [2.375, 4.75, 2.3125, 5.125], "texture": "#2"}
			}
		},
		{
			"from": [4, 1, 4],
			"to": [5, 2, 12],
			"faces": {
				"north": {"uv": [4, 10.25, 4.0625, 10.3125], "texture": "#2"},
				"east": {"uv": [5.625, 2.875, 6.125, 2.9375], "texture": "#2"},
				"south": {"uv": [4.0625, 10.25, 4.125, 10.3125], "texture": "#2"},
				"west": {"uv": [5.625, 2.9375, 6.125, 3], "texture": "#2"},
				"up": {"uv": [2.5625, 4.25, 2.5, 3.75], "texture": "#2"},
				"down": {"uv": [2.625, 3.75, 2.5625, 4.25], "texture": "#2"}
			}
		},
		{
			"from": [5, 1, 3],
			"to": [11, 2, 13],
			"faces": {
				"north": {"uv": [2.75, 7.25, 3.125, 7.3125], "texture": "#2"},
				"east": {"uv": [3, 9.6875, 3.625, 9.75], "texture": "#2"},
				"south": {"uv": [2.75, 7.3125, 3.125, 7.375], "texture": "#2"},
				"west": {"uv": [0.75, 9.9375, 1.375, 10], "texture": "#2"},
				"up": {"uv": [8.25, 9.875, 7.875, 9.25], "texture": "#2"},
				"down": {"uv": [8.625, 9.25, 8.25, 9.875], "texture": "#2"}
			}
		},
		{
			"from": [3, 1, 5],
			"to": [4, 2, 11],
			"faces": {
				"north": {"uv": [4.125, 10.25, 4.1875, 10.3125], "texture": "#2"},
				"east": {"uv": [2.75, 7.375, 3.125, 7.4375], "texture": "#2"},
				"south": {"uv": [4.1875, 10.25, 4.25, 10.3125], "texture": "#2"},
				"west": {"uv": [2.75, 7.4375, 3.125, 7.5], "texture": "#2"},
				"up": {"uv": [5.5625, 1.125, 5.5, 0.75], "texture": "#2"},
				"down": {"uv": [5.625, 0.75, 5.5625, 1.125], "texture": "#2"}
			}
		},
		{
			"from": [11, 1, 4],
			"to": [12, 2, 12],
			"faces": {
				"north": {"uv": [4.25, 10.25, 4.3125, 10.3125], "texture": "#2"},
				"east": {"uv": [5.625, 3, 6.125, 3.0625], "texture": "#2"},
				"south": {"uv": [4.3125, 10.25, 4.375, 10.3125], "texture": "#2"},
				"west": {"uv": [5.625, 3.0625, 6.125, 3.125], "texture": "#2"},
				"up": {"uv": [4.0625, 5.875, 4, 5.375], "texture": "#2"},
				"down": {"uv": [4.125, 5.375, 4.0625, 5.875], "texture": "#2"}
			}
		},
		{
			"from": [12, 1, 5],
			"to": [13, 2, 11],
			"faces": {
				"north": {"uv": [4.375, 10.25, 4.4375, 10.3125], "texture": "#2"},
				"east": {"uv": [3.375, 7.5, 3.75, 7.5625], "texture": "#2"},
				"south": {"uv": [4.4375, 10.25, 4.5, 10.3125], "texture": "#2"},
				"west": {"uv": [3.375, 7.5625, 3.75, 7.625], "texture": "#2"},
				"up": {"uv": [5.6875, 1.125, 5.625, 0.75], "texture": "#2"},
				"down": {"uv": [5.75, 0.75, 5.6875, 1.125], "texture": "#2"}
			}
		},
		{
			"from": [13, 17, 4],
			"to": [14, 18, 12],
			"faces": {
				"north": {"uv": [4.5, 10.25, 4.5625, 10.3125], "texture": "#2"},
				"east": {"uv": [5.625, 3.125, 6.125, 3.1875], "texture": "#2"},
				"south": {"uv": [4.5625, 10.25, 4.625, 10.3125], "texture": "#2"},
				"west": {"uv": [5.625, 3.1875, 6.125, 3.25], "texture": "#2"},
				"up": {"uv": [3.1875, 6.375, 3.125, 5.875], "texture": "#2"},
				"down": {"uv": [3.25, 5.875, 3.1875, 6.375], "texture": "#2"}
			}
		},
		{
			"from": [2, 17, 4],
			"to": [3, 18, 12],
			"faces": {
				"north": {"uv": [4.625, 10.25, 4.6875, 10.3125], "texture": "#2"},
				"east": {"uv": [6.5, 4.75, 7, 4.8125], "texture": "#2"},
				"south": {"uv": [4.6875, 10.25, 4.75, 10.3125], "texture": "#2"},
				"west": {"uv": [6.5, 4.8125, 7, 4.875], "texture": "#2"},
				"up": {"uv": [6.1875, 4, 6.125, 3.5], "texture": "#2"},
				"down": {"uv": [6.25, 3.5, 6.1875, 4], "texture": "#2"}
			}
		},
		{
			"from": [4, 17, 13],
			"to": [12, 18, 14],
			"rotation": {"angle": 0, "axis": "y", "origin": [8, 2.5, 8]},
			"faces": {
				"north": {"uv": [6.5, 4.875, 7, 4.9375], "texture": "#2"},
				"east": {"uv": [4.75, 10.25, 4.8125, 10.3125], "texture": "#2"},
				"south": {"uv": [6.5, 4.9375, 7, 5], "texture": "#2"},
				"west": {"uv": [4.8125, 10.25, 4.875, 10.3125], "texture": "#2"},
				"up": {"uv": [7, 5.0625, 6.5, 5], "texture": "#2"},
				"down": {"uv": [7, 5.0625, 6.5, 5.125], "texture": "#2"}
			}
		},
		{
			"from": [4, 17, 2],
			"to": [12, 18, 3],
			"rotation": {"angle": 0, "axis": "y", "origin": [8, 2.5, 8]},
			"faces": {
				"north": {"uv": [6.75, 2.5, 7.25, 2.5625], "texture": "#2"},
				"east": {"uv": [4.875, 10.25, 4.9375, 10.3125], "texture": "#2"},
				"south": {"uv": [6.75, 2.5625, 7.25, 2.625], "texture": "#2"},
				"west": {"uv": [4.9375, 10.25, 5, 10.3125], "texture": "#2"},
				"up": {"uv": [7.25, 2.6875, 6.75, 2.625], "texture": "#2"},
				"down": {"uv": [7.25, 2.6875, 6.75, 2.75], "texture": "#2"}
			}
		},
		{
			"from": [3, 17, 3],
			"to": [13, 18, 13],
			"rotation": {"angle": 0, "axis": "y", "origin": [8, 2.5, 8]},
			"faces": {
				"north": {"uv": [7.125, 9.9375, 7.75, 10], "texture": "#2"},
				"east": {"uv": [7.75, 9.9375, 8.375, 10], "texture": "#2"},
				"south": {"uv": [8.375, 9.9375, 9, 10], "texture": "#2"},
				"west": {"uv": [9, 9.9375, 9.625, 10], "texture": "#2"},
				"up": {"uv": [4.25, 9.75, 3.625, 9.125], "texture": "#2"},
				"down": {"uv": [9.625, 9.125, 9, 9.75], "texture": "#2"}
			}
		},
		{
			"from": [1, 17, 7],
			"to": [2, 18, 9],
			"rotation": {"angle": 0, "axis": "y", "origin": [8, 2.5, 8]},
			"faces": {
				"north": {"uv": [5, 10.25, 5.0625, 10.3125], "texture": "#2"},
				"east": {"uv": [7.875, 5.875, 8, 5.9375], "texture": "#2"},
				"south": {"uv": [5.0625, 10.25, 5.125, 10.3125], "texture": "#2"},
				"west": {"uv": [7.875, 5.9375, 8, 6], "texture": "#2"},
				"up": {"uv": [7.9375, 6.125, 7.875, 6], "texture": "#2"},
				"down": {"uv": [7.9375, 6.125, 7.875, 6.25], "texture": "#2"}
			}
		},
		{
			"from": [14, 17, 7],
			"to": [15, 18, 9],
			"rotation": {"angle": 0, "axis": "y", "origin": [8, 2.5, 8]},
			"faces": {
				"north": {"uv": [5.125, 10.25, 5.1875, 10.3125], "texture": "#2"},
				"east": {"uv": [5.125, 8, 5.25, 8.0625], "texture": "#2"},
				"south": {"uv": [5.1875, 10.25, 5.25, 10.3125], "texture": "#2"},
				"west": {"uv": [5.125, 8.0625, 5.25, 8.125], "texture": "#2"},
				"up": {"uv": [8, 6.125, 7.9375, 6], "texture": "#2"},
				"down": {"uv": [8, 6.125, 7.9375, 6.25], "texture": "#2"}
			}
		},
		{
			"from": [7, 17, 1],
			"to": [9, 18, 2],
			"rotation": {"angle": 0, "axis": "y", "origin": [8, 2.5, 8]},
			"faces": {
				"north": {"uv": [0.5, 8.5, 0.625, 8.5625], "texture": "#2"},
				"east": {"uv": [5.25, 10.25, 5.3125, 10.3125], "texture": "#2"},
				"south": {"uv": [8.5, 1.5, 8.625, 1.5625], "texture": "#2"},
				"west": {"uv": [5.3125, 10.25, 5.375, 10.3125], "texture": "#2"},
				"up": {"uv": [8.625, 1.625, 8.5, 1.5625], "texture": "#2"},
				"down": {"uv": [8.625, 1.625, 8.5, 1.6875], "texture": "#2"}
			}
		},
		{
			"from": [7, 17, 14],
			"to": [9, 18, 15],
			"rotation": {"angle": 0, "axis": "y", "origin": [8, 2.5, 8]},
			"faces": {
				"north": {"uv": [8.5, 1.6875, 8.625, 1.75], "texture": "#2"},
				"east": {"uv": [5.375, 10.25, 5.4375, 10.3125], "texture": "#2"},
				"south": {"uv": [8.5, 1.75, 8.625, 1.8125], "texture": "#2"},
				"west": {"uv": [5.4375, 10.25, 5.5, 10.3125], "texture": "#2"},
				"up": {"uv": [8.625, 1.875, 8.5, 1.8125], "texture": "#2"},
				"down": {"uv": [8.375, 8.5, 8.25, 8.5625], "texture": "#2"}
			}
		},
		{
			"from": [13, 2, 4],
			"to": [14, 3, 12],
			"faces": {
				"north": {"uv": [5.5, 10.25, 5.5625, 10.3125], "texture": "#2"},
				"east": {"uv": [6.75, 2.75, 7.25, 2.8125], "texture": "#2"},
				"south": {"uv": [5.5625, 10.25, 5.625, 10.3125], "texture": "#2"},
				"west": {"uv": [6.75, 2.8125, 7.25, 2.875], "texture": "#2"},
				"up": {"uv": [6.3125, 4, 6.25, 3.5], "texture": "#2"},
				"down": {"uv": [6.375, 3.5, 6.3125, 4], "texture": "#2"}
			}
		},
		{
			"from": [2, 2, 4],
			"to": [3, 3, 12],
			"faces": {
				"north": {"uv": [5.625, 10.25, 5.6875, 10.3125], "texture": "#2"},
				"east": {"uv": [7.875, 3.125, 8.375, 3.1875], "texture": "#2"},
				"south": {"uv": [5.6875, 10.25, 5.75, 10.3125], "texture": "#2"},
				"west": {"uv": [7.875, 3.1875, 8.375, 3.25], "texture": "#2"},
				"up": {"uv": [0.6875, 6.875, 0.625, 6.375], "texture": "#2"},
				"down": {"uv": [0.75, 6.375, 0.6875, 6.875], "texture": "#2"}
			}
		},
		{
			"from": [4, 2, 13],
			"to": [12, 3, 14],
			"rotation": {"angle": 0, "axis": "y", "origin": [8, 2.5, 8]},
			"faces": {
				"north": {"uv": [7.875, 3.25, 8.375, 3.3125], "texture": "#2"},
				"east": {"uv": [5.75, 10.25, 5.8125, 10.3125], "texture": "#2"},
				"south": {"uv": [7.875, 3.3125, 8.375, 3.375], "texture": "#2"},
				"west": {"uv": [5.8125, 10.25, 5.875, 10.3125], "texture": "#2"},
				"up": {"uv": [8.375, 3.4375, 7.875, 3.375], "texture": "#2"},
				"down": {"uv": [8.375, 3.4375, 7.875, 3.5], "texture": "#2"}
			}
		},
		{
			"from": [4, 2, 2],
			"to": [12, 3, 3],
			"rotation": {"angle": 0, "axis": "y", "origin": [8, 2.5, 8]},
			"faces": {
				"north": {"uv": [0, 9.5, 0.5, 9.5625], "texture": "#2"},
				"east": {"uv": [5.875, 10.25, 5.9375, 10.3125], "texture": "#2"},
				"south": {"uv": [0, 9.5625, 0.5, 9.625], "texture": "#2"},
				"west": {"uv": [10.25, 5.875, 10.3125, 5.9375], "texture": "#2"},
				"up": {"uv": [3.625, 9.6875, 3.125, 9.625], "texture": "#2"},
				"down": {"uv": [1.375, 9.6875, 0.875, 9.75], "texture": "#2"}
			}
		},
		{
			"from": [3, 2, 3],
			"to": [13, 3, 13],
			"rotation": {"angle": 0, "axis": "y", "origin": [8, 2.5, 8]},
			"faces": {
				"north": {"uv": [9.625, 9.9375, 10.25, 10], "texture": "#2"},
				"east": {"uv": [0, 10, 0.625, 10.0625], "texture": "#2"},
				"south": {"uv": [0.625, 10, 1.25, 10.0625], "texture": "#2"},
				"west": {"uv": [2.125, 10, 2.75, 10.0625], "texture": "#2"},
				"up": {"uv": [9.875, 2.125, 9.25, 1.5], "texture": "#2"},
				"down": {"uv": [9.875, 3.125, 9.25, 3.75], "texture": "#2"}
			}
		},
		{
			"from": [1, 2, 7],
			"to": [2, 3, 9],
			"rotation": {"angle": 0, "axis": "y", "origin": [8, 2.5, 8]},
			"faces": {
				"north": {"uv": [5.9375, 10.25, 6, 10.3125], "texture": "#2"},
				"east": {"uv": [0.5, 8.5625, 0.625, 8.625], "texture": "#2"},
				"south": {"uv": [10.25, 5.9375, 10.3125, 6], "texture": "#2"},
				"west": {"uv": [8.25, 8.5625, 8.375, 8.625], "texture": "#2"},
				"up": {"uv": [0.5625, 8.75, 0.5, 8.625], "texture": "#2"},
				"down": {"uv": [0.625, 8.625, 0.5625, 8.75], "texture": "#2"}
			}
		},
		{
			"from": [14, 2, 7],
			"to": [15, 3, 9],
			"rotation": {"angle": 0, "axis": "y", "origin": [8, 2.5, 8]},
			"faces": {
				"north": {"uv": [6, 10.25, 6.0625, 10.3125], "texture": "#2"},
				"east": {"uv": [0.5, 8.75, 0.625, 8.8125], "texture": "#2"},
				"south": {"uv": [10.25, 6, 10.3125, 6.0625], "texture": "#2"},
				"west": {"uv": [0.5, 8.8125, 0.625, 8.875], "texture": "#2"},
				"up": {"uv": [0.5625, 9, 0.5, 8.875], "texture": "#2"},
				"down": {"uv": [0.625, 8.875, 0.5625, 9], "texture": "#2"}
			}
		},
		{
			"from": [7, 2, 1],
			"to": [9, 3, 2],
			"rotation": {"angle": 0, "axis": "y", "origin": [8, 2.5, 8]},
			"faces": {
				"north": {"uv": [8.875, 5, 9, 5.0625], "texture": "#2"},
				"east": {"uv": [6.0625, 10.25, 6.125, 10.3125], "texture": "#2"},
				"south": {"uv": [8.875, 5.0625, 9, 5.125], "texture": "#2"},
				"west": {"uv": [10.25, 6.0625, 10.3125, 6.125], "texture": "#2"},
				"up": {"uv": [9, 5.1875, 8.875, 5.125], "texture": "#2"},
				"down": {"uv": [9, 5.1875, 8.875, 5.25], "texture": "#2"}
			}
		},
		{
			"from": [7, 2, 14],
			"to": [9, 3, 15],
			"rotation": {"angle": 0, "axis": "y", "origin": [8, 2.5, 8]},
			"faces": {
				"north": {"uv": [8.875, 5.25, 9, 5.3125], "texture": "#2"},
				"east": {"uv": [6.125, 10.25, 6.1875, 10.3125], "texture": "#2"},
				"south": {"uv": [8.875, 5.3125, 9, 5.375], "texture": "#2"},
				"west": {"uv": [10.25, 6.125, 10.3125, 6.1875], "texture": "#2"},
				"up": {"uv": [0.625, 9.0625, 0.5, 9], "texture": "#2"},
				"down": {"uv": [3.75, 9, 3.625, 9.0625], "texture": "#2"}
			}
		},
		{
			"from": [4, 3, 1],
			"to": [12, 4, 15],
			"rotation": {"angle": 0, "axis": "y", "origin": [8, 2.5, 8]},
			"faces": {
				"north": {"uv": [0.875, 9.75, 1.375, 9.8125], "texture": "#2"},
				"east": {"uv": [4.5, 1.5, 5.375, 1.5625], "texture": "#2"},
				"south": {"uv": [0.875, 9.8125, 1.375, 9.875], "texture": "#2"},
				"west": {"uv": [4.5, 1.5625, 5.375, 1.625], "texture": "#2"},
				"up": {"uv": [9.375, 7.25, 8.875, 6.375], "texture": "#2"},
				"down": {"uv": [9.5, 0, 9, 0.875], "texture": "#2"}
			}
		},
		{
			"from": [1, 3, 4],
			"to": [15, 4, 12],
			"rotation": {"angle": 0, "axis": "y", "origin": [8, 2.5, 8]},
			"faces": {
				"north": {"uv": [4.5, 1.625, 5.375, 1.6875], "texture": "#2"},
				"east": {"uv": [0.875, 9.875, 1.375, 9.9375], "texture": "#2"},
				"south": {"uv": [4.5, 1.6875, 5.375, 1.75], "texture": "#2"},
				"west": {"uv": [5.125, 9.875, 5.625, 9.9375], "texture": "#2"},
				"up": {"uv": [9.875, 2.75, 9, 2.25], "texture": "#2"},
				"down": {"uv": [3.625, 9, 2.75, 9.5], "texture": "#2"}
			}
		},
		{
			"from": [2, 3, 3],
			"to": [14, 4, 13],
			"rotation": {"angle": 0, "axis": "y", "origin": [8, 2.5, 8]},
			"faces": {
				"north": {"uv": [9.875, 1.6875, 10.625, 1.75], "texture": "#2"},
				"east": {"uv": [2.75, 10, 3.375, 10.0625], "texture": "#2"},
				"south": {"uv": [9.875, 1.75, 10.625, 1.8125], "texture": "#2"},
				"west": {"uv": [3.375, 10, 4, 10.0625], "texture": "#2"},
				"up": {"uv": [4.5, 9.125, 3.75, 8.5], "texture": "#2"},
				"down": {"uv": [7.625, 8.5, 6.875, 9.125], "texture": "#2"}
			}
		},
		{
			"from": [3, 3, 2],
			"to": [13, 4, 14],
			"rotation": {"angle": 0, "axis": "y", "origin": [8, 3.5, 8]},
			"faces": {
				"north": {"uv": [4, 10, 4.625, 10.0625], "texture": "#2"},
				"east": {"uv": [9.875, 1.8125, 10.625, 1.875], "texture": "#2"},
				"south": {"uv": [4.625, 10, 5.25, 10.0625], "texture": "#2"},
				"west": {"uv": [9.875, 1.875, 10.625, 1.9375], "texture": "#2"},
				"up": {"uv": [8.25, 9.25, 7.625, 8.5], "texture": "#2"},
				"down": {"uv": [9.25, 1.5, 8.625, 2.25], "texture": "#2"}
			}
		},
		{
			"from": [7, 3, 0],
			"to": [9, 4, 1],
			"rotation": {"angle": 0, "axis": "y", "origin": [8, 2.5, 8]},
			"faces": {
				"north": {"uv": [0.5, 9.0625, 0.625, 9.125], "texture": "#2"},
				"east": {"uv": [6.1875, 10.25, 6.25, 10.3125], "texture": "#2"},
				"south": {"uv": [3.625, 9.0625, 3.75, 9.125], "texture": "#2"},
				"west": {"uv": [10.25, 6.1875, 10.3125, 6.25], "texture": "#2"},
				"up": {"uv": [7.625, 9.1875, 7.5, 9.125], "texture": "#2"},
				"down": {"uv": [7.625, 9.1875, 7.5, 9.25], "texture": "#2"}
			}
		},
		{
			"from": [7, 3, 15],
			"to": [9, 4, 16],
			"rotation": {"angle": 0, "axis": "y", "origin": [8, 2.5, 8]},
			"faces": {
				"north": {"uv": [7.375, 9.5, 7.5, 9.5625], "texture": "#2"},
				"east": {"uv": [6.25, 10.25, 6.3125, 10.3125], "texture": "#2"},
				"south": {"uv": [7.375, 9.5625, 7.5, 9.625], "texture": "#2"},
				"west": {"uv": [10.25, 6.25, 10.3125, 6.3125], "texture": "#2"},
				"up": {"uv": [7.375, 9.6875, 7.25, 9.625], "texture": "#2"},
				"down": {"uv": [7.5, 9.625, 7.375, 9.6875], "texture": "#2"}
			}
		},
		{
			"from": [15, 3, 7],
			"to": [16, 4, 9],
			"rotation": {"angle": 0, "axis": "y", "origin": [8, 3.5, 8]},
			"faces": {
				"north": {"uv": [6.3125, 10.25, 6.375, 10.3125], "texture": "#2"},
				"east": {"uv": [7.25, 9.6875, 7.375, 9.75], "texture": "#2"},
				"south": {"uv": [10.25, 6.3125, 10.3125, 6.375], "texture": "#2"},
				"west": {"uv": [7.375, 9.6875, 7.5, 9.75], "texture": "#2"},
				"up": {"uv": [7.3125, 9.875, 7.25, 9.75], "texture": "#2"},
				"down": {"uv": [7.375, 9.75, 7.3125, 9.875], "texture": "#2"}
			}
		},
		{
			"from": [0, 3, 7],
			"to": [1, 4, 9],
			"rotation": {"angle": 0, "axis": "y", "origin": [8, 3.5, 8]},
			"faces": {
				"north": {"uv": [6.375, 10.25, 6.4375, 10.3125], "texture": "#2"},
				"east": {"uv": [7.375, 9.75, 7.5, 9.8125], "texture": "#2"},
				"south": {"uv": [6.4375, 10.25, 6.5, 10.3125], "texture": "#2"},
				"west": {"uv": [7.375, 9.8125, 7.5, 9.875], "texture": "#2"},
				"up": {"uv": [1.3125, 10.125, 1.25, 10], "texture": "#2"},
				"down": {"uv": [1.375, 10, 1.3125, 10.125], "texture": "#2"}
			}
		},
		{
			"from": [15, 16, 7],
			"to": [16, 17, 9],
			"rotation": {"angle": 0, "axis": "y", "origin": [8, 3.5, 8]},
			"faces": {
				"north": {"uv": [6.5, 10.25, 6.5625, 10.3125], "texture": "#2"},
				"east": {"uv": [1.25, 10.125, 1.375, 10.1875], "texture": "#2"},
				"south": {"uv": [6.5625, 10.25, 6.625, 10.3125], "texture": "#2"},
				"west": {"uv": [8.125, 10.1875, 8.25, 10.25], "texture": "#2"},
				"up": {"uv": [8.3125, 10.3125, 8.25, 10.1875], "texture": "#2"},
				"down": {"uv": [8.375, 10.1875, 8.3125, 10.3125], "texture": "#2"}
			}
		},
		{
			"from": [0, 16, 7],
			"to": [1, 17, 9],
			"rotation": {"angle": 0, "axis": "y", "origin": [8, 3.5, 8]},
			"faces": {
				"north": {"uv": [6.625, 10.25, 6.6875, 10.3125], "texture": "#2"},
				"east": {"uv": [8.375, 10.1875, 8.5, 10.25], "texture": "#2"},
				"south": {"uv": [6.6875, 10.25, 6.75, 10.3125], "texture": "#2"},
				"west": {"uv": [8.5, 10.1875, 8.625, 10.25], "texture": "#2"},
				"up": {"uv": [8.6875, 10.3125, 8.625, 10.1875], "texture": "#2"},
				"down": {"uv": [8.75, 10.1875, 8.6875, 10.3125], "texture": "#2"}
			}
		},
		{
			"from": [4, 16, 1],
			"to": [12, 17, 15],
			"rotation": {"angle": 0, "axis": "y", "origin": [8, 2.5, 8]},
			"faces": {
				"north": {"uv": [5.125, 9.9375, 5.625, 10], "texture": "#2"},
				"east": {"uv": [5.5, 1.125, 6.375, 1.1875], "texture": "#2"},
				"south": {"uv": [7.75, 10.125, 8.25, 10.1875], "texture": "#2"},
				"west": {"uv": [5.5, 1.1875, 6.375, 1.25], "texture": "#2"},
				"up": {"uv": [9.5, 5.875, 9, 5], "texture": "#2"},
				"down": {"uv": [5.625, 9, 5.125, 9.875], "texture": "#2"}
			}
		},
		{
			"from": [1, 16, 4],
			"to": [15, 17, 12],
			"rotation": {"angle": 0, "axis": "y", "origin": [8, 2.5, 8]},
			"faces": {
				"north": {"uv": [5.5, 1.25, 6.375, 1.3125], "texture": "#2"},
				"east": {"uv": [8.25, 10.125, 8.75, 10.1875], "texture": "#2"},
				"south": {"uv": [5.5, 1.3125, 6.375, 1.375], "texture": "#2"},
				"west": {"uv": [8.75, 10.125, 9.25, 10.1875], "texture": "#2"},
				"up": {"uv": [9.875, 9.125, 9, 8.625], "texture": "#2"},
				"down": {"uv": [1.375, 9.125, 0.5, 9.625], "texture": "#2"}
			}
		},
		{
			"from": [2, 16, 3],
			"to": [14, 17, 13],
			"rotation": {"angle": 0, "axis": "y", "origin": [8, 2.5, 8]},
			"faces": {
				"north": {"uv": [9.875, 1.9375, 10.625, 2], "texture": "#2"},
				"east": {"uv": [6.375, 10, 7, 10.0625], "texture": "#2"},
				"south": {"uv": [9.875, 2, 10.625, 2.0625], "texture": "#2"},
				"west": {"uv": [7, 10, 7.625, 10.0625], "texture": "#2"},
				"up": {"uv": [9, 9.25, 8.25, 8.625], "texture": "#2"},
				"down": {"uv": [9.625, 4.375, 8.875, 5], "texture": "#2"}
			}
		},
		{
			"from": [3, 16, 2],
			"to": [13, 17, 14],
			"rotation": {"angle": 0, "axis": "y", "origin": [8, 3.5, 8]},
			"faces": {
				"north": {"uv": [10, 7.25, 10.625, 7.3125], "texture": "#2"},
				"east": {"uv": [9.875, 2.0625, 10.625, 2.125], "texture": "#2"},
				"south": {"uv": [10, 7.3125, 10.625, 7.375], "texture": "#2"},
				"west": {"uv": [2.125, 9.875, 2.875, 9.9375], "texture": "#2"},
				"up": {"uv": [2.75, 9.625, 2.125, 8.875], "texture": "#2"},
				"down": {"uv": [5.125, 8.875, 4.5, 9.625], "texture": "#2"}
			}
		},
		{
			"from": [7, 16, 0],
			"to": [9, 17, 1],
			"rotation": {"angle": 0, "axis": "y", "origin": [8, 2.5, 8]},
			"faces": {
				"north": {"uv": [8.75, 10.1875, 8.875, 10.25], "texture": "#2"},
				"east": {"uv": [6.75, 10.25, 6.8125, 10.3125], "texture": "#2"},
				"south": {"uv": [8.875, 10.1875, 9, 10.25], "texture": "#2"},
				"west": {"uv": [6.8125, 10.25, 6.875, 10.3125], "texture": "#2"},
				"up": {"uv": [9.125, 10.25, 9, 10.1875], "texture": "#2"},
				"down": {"uv": [9.25, 10.1875, 9.125, 10.25], "texture": "#2"}
			}
		},
		{
			"from": [7, 16, 15],
			"to": [9, 17, 16],
			"rotation": {"angle": 0, "axis": "y", "origin": [8, 2.5, 8]},
			"faces": {
				"north": {"uv": [9.25, 10.1875, 9.375, 10.25], "texture": "#2"},
				"east": {"uv": [6.875, 10.25, 6.9375, 10.3125], "texture": "#2"},
				"south": {"uv": [9.375, 10.1875, 9.5, 10.25], "texture": "#2"},
				"west": {"uv": [6.9375, 10.25, 7, 10.3125], "texture": "#2"},
				"up": {"uv": [9.625, 10.25, 9.5, 10.1875], "texture": "#2"},
				"down": {"uv": [9.75, 10.1875, 9.625, 10.25], "texture": "#2"}
			}
		},
		{
			"from": [3, 4, 1],
			"to": [13, 5, 15],
			"rotation": {"angle": 0, "axis": "y", "origin": [8, 3.5, 8]},
			"faces": {
				"north": {"uv": [10, 7.375, 10.625, 7.4375], "texture": "#2"},
				"east": {"uv": [5.5, 1.375, 6.375, 1.4375], "texture": "#2"},
				"south": {"uv": [10, 7.4375, 10.625, 7.5], "texture": "#2"},
				"west": {"uv": [5.5, 1.4375, 6.375, 1.5], "texture": "#2"},
				"up": {"uv": [2.75, 8.875, 2.125, 8], "texture": "#2"},
				"down": {"uv": [5.125, 8, 4.5, 8.875], "texture": "#2"}
			}
		},
		{
			"from": [4, 4, 0],
			"to": [12, 5, 16],
			"rotation": {"angle": 0, "axis": "y", "origin": [8, 4.5, 8]},
			"faces": {
				"north": {"uv": [9.25, 10.125, 9.75, 10.1875], "texture": "#2"},
				"east": {"uv": [9.5, 0.25, 10.5, 0.3125], "texture": "#2"},
				"south": {"uv": [9.75, 10.125, 10.25, 10.1875], "texture": "#2"},
				"west": {"uv": [9.5, 0.3125, 10.5, 0.375], "texture": "#2"},
				"up": {"uv": [6.875, 9.125, 6.375, 8.125], "texture": "#2"},
				"down": {"uv": [8.875, 4.375, 8.375, 5.375], "texture": "#2"}
			}
		},
		{
			"from": [0, 4, 4],
			"to": [16, 5, 12],
			"rotation": {"angle": 0, "axis": "y", "origin": [8, 3.5, 8]},
			"faces": {
				"north": {"uv": [9.5, 0.375, 10.5, 0.4375], "texture": "#2"},
				"east": {"uv": [10.125, 9.875, 10.625, 9.9375], "texture": "#2"},
				"south": {"uv": [9.5, 0.4375, 10.5, 0.5], "texture": "#2"},
				"west": {"uv": [10.125, 10, 10.625, 10.0625], "texture": "#2"},
				"up": {"uv": [9.375, 8.125, 8.375, 7.625], "texture": "#2"},
				"down": {"uv": [9.375, 8.125, 8.375, 8.625], "texture": "#2"}
			}
		},
		{
			"from": [1, 4, 3],
			"to": [15, 5, 13],
			"rotation": {"angle": 0, "axis": "y", "origin": [8, 4.5, 8]},
			"faces": {
				"north": {"uv": [1.375, 5.75, 2.25, 5.8125], "texture": "#2"},
				"east": {"uv": [10, 7.5, 10.625, 7.5625], "texture": "#2"},
				"south": {"uv": [1.375, 5.8125, 2.25, 5.875], "texture": "#2"},
				"west": {"uv": [10, 7.5625, 10.625, 7.625], "texture": "#2"},
				"up": {"uv": [8.875, 7, 8, 6.375], "texture": "#2"},
				"down": {"uv": [8.875, 7, 8, 7.625], "texture": "#2"}
			}
		},
		{
			"from": [2, 4, 2],
			"to": [14, 5, 14],
			"rotation": {"angle": 0, "axis": "y", "origin": [8, 3.5, 8]},
			"faces": {
				"north": {"uv": [9.875, 2.25, 10.625, 2.3125], "texture": "#2"},
				"east": {"uv": [9.875, 2.3125, 10.625, 2.375], "texture": "#2"},
				"south": {"uv": [9.875, 2.375, 10.625, 2.4375], "texture": "#2"},
				"west": {"uv": [9.875, 2.4375, 10.625, 2.5], "texture": "#2"},
				"up": {"uv": [8.375, 4.25, 7.625, 3.5], "texture": "#2"},
				"down": {"uv": [7.625, 7.75, 6.875, 8.5], "texture": "#2"}
			}
		},
		{
			"from": [3, 15, 1],
			"to": [13, 16, 15],
			"rotation": {"angle": 0, "axis": "y", "origin": [8, 3.5, 8]},
			"faces": {
				"north": {"uv": [7.625, 10, 8.25, 10.0625], "texture": "#2"},
				"east": {"uv": [2.75, 9.5, 3.625, 9.5625], "texture": "#2"},
				"south": {"uv": [8.25, 10, 8.875, 10.0625], "texture": "#2"},
				"west": {"uv": [2.75, 9.5625, 3.625, 9.625], "texture": "#2"},
				"up": {"uv": [5.75, 9, 5.125, 8.125], "texture": "#2"},
				"down": {"uv": [6.375, 8.125, 5.75, 9], "texture": "#2"}
			}
		},
		{
			"from": [4, 15, 0],
			"to": [12, 16, 16],
			"rotation": {"angle": 0, "axis": "y", "origin": [8, 4.5, 8]},
			"faces": {
				"north": {"uv": [10.125, 10.0625, 10.625, 10.125], "texture": "#2"},
				"east": {"uv": [9.5, 0.5, 10.5, 0.5625], "texture": "#2"},
				"south": {"uv": [0, 10.1875, 0.5, 10.25], "texture": "#2"},
				"west": {"uv": [9.5, 0.5625, 10.5, 0.625], "texture": "#2"},
				"up": {"uv": [0.5, 9.5, 0, 8.5], "texture": "#2"},
				"down": {"uv": [9, 0, 8.5, 1], "texture": "#2"}
			}
		},
		{
			"from": [0, 15, 4],
			"to": [16, 16, 12],
			"rotation": {"angle": 0, "axis": "y", "origin": [8, 3.5, 8]},
			"faces": {
				"north": {"uv": [9.5, 0.625, 10.5, 0.6875], "texture": "#2"},
				"east": {"uv": [0.5, 10.1875, 1, 10.25], "texture": "#2"},
				"south": {"uv": [9.5, 0.6875, 10.5, 0.75], "texture": "#2"},
				"west": {"uv": [2.125, 10.1875, 2.625, 10.25], "texture": "#2"},
				"up": {"uv": [9.5, 1.5, 8.5, 1], "texture": "#2"},
				"down": {"uv": [3.75, 8.5, 2.75, 9], "texture": "#2"}
			}
		},
		{
			"from": [1, 15, 3],
			"to": [15, 16, 13],
			"rotation": {"angle": 0, "axis": "y", "origin": [8, 4.5, 8]},
			"faces": {
				"north": {"uv": [4.25, 9.625, 5.125, 9.6875], "texture": "#2"},
				"east": {"uv": [8.875, 10, 9.5, 10.0625], "texture": "#2"},
				"south": {"uv": [9.625, 4.5, 10.5, 4.5625], "texture": "#2"},
				"west": {"uv": [9.5, 10, 10.125, 10.0625], "texture": "#2"},
				"up": {"uv": [9.25, 3.75, 8.375, 3.125], "texture": "#2"},
				"down": {"uv": [9.25, 3.75, 8.375, 4.375], "texture": "#2"}
			}
		},
		{
			"from": [2, 15, 2],
			"to": [14, 16, 14],
			"rotation": {"angle": 0, "axis": "y", "origin": [8, 3.5, 8]},
			"faces": {
				"north": {"uv": [9.875, 2.5, 10.625, 2.5625], "texture": "#2"},
				"east": {"uv": [9.875, 2.5625, 10.625, 2.625], "texture": "#2"},
				"south": {"uv": [9.875, 2.625, 10.625, 2.6875], "texture": "#2"},
				"west": {"uv": [9.875, 2.6875, 10.625, 2.75], "texture": "#2"},
				"up": {"uv": [8.375, 8.5, 7.625, 7.75], "texture": "#2"},
				"down": {"uv": [8.625, 1.875, 7.875, 2.625], "texture": "#2"}
			}
		},
		{
			"from": [-1, 5, 5],
			"to": [17, 6, 11],
			"rotation": {"angle": 0, "axis": "y", "origin": [8, 3.5, 8]},
			"faces": {
				"north": {"uv": [9, 0.875, 10.125, 0.9375], "texture": "#2"},
				"east": {"uv": [3.375, 7.625, 3.75, 7.6875], "texture": "#2"},
				"south": {"uv": [9, 0.9375, 10.125, 1], "texture": "#2"},
				"west": {"uv": [3.375, 7.6875, 3.75, 7.75], "texture": "#2"},
				"up": {"uv": [10, 7.625, 8.875, 7.25], "texture": "#2"},
				"down": {"uv": [10.125, 2.75, 9, 3.125], "texture": "#2"}
			}
		},
		{
			"from": [5, 5, -1],
			"to": [11, 6, 17],
			"rotation": {"angle": 0, "axis": "y", "origin": [8, 5.5, 8]},
			"faces": {
				"north": {"uv": [3.375, 7.75, 3.75, 7.8125], "texture": "#2"},
				"east": {"uv": [9.125, 6.25, 10.25, 6.3125], "texture": "#2"},
				"south": {"uv": [3.375, 7.8125, 3.75, 7.875], "texture": "#2"},
				"west": {"uv": [9.125, 6.3125, 10.25, 6.375], "texture": "#2"},
				"up": {"uv": [6, 10.125, 5.625, 9], "texture": "#2"},
				"down": {"uv": [6.375, 9, 6, 10.125], "texture": "#2"}
			}
		},
		{
			"from": [3, 5, 0],
			"to": [13, 6, 16],
			"rotation": {"angle": 0, "axis": "y", "origin": [8, 5.5, 8]},
			"faces": {
				"north": {"uv": [0, 10.0625, 0.625, 10.125], "texture": "#2"},
				"east": {"uv": [9.5, 0.75, 10.5, 0.8125], "texture": "#2"},
				"south": {"uv": [0.625, 10.0625, 1.25, 10.125], "texture": "#2"},
				"west": {"uv": [9.5, 0.8125, 10.5, 0.875], "texture": "#2"},
				"up": {"uv": [5.875, 8.125, 5.25, 7.125], "texture": "#2"},
				"down": {"uv": [7.875, 2.5, 7.25, 3.5], "texture": "#2"}
			}
		},
		{
			"from": [0, 5, 3],
			"to": [16, 6, 13],
			"rotation": {"angle": 0, "axis": "y", "origin": [8, 5.5, 8]},
			"faces": {
				"north": {"uv": [9.5, 1, 10.5, 1.0625], "texture": "#2"},
				"east": {"uv": [2.125, 10.0625, 2.75, 10.125], "texture": "#2"},
				"south": {"uv": [9.5, 1.0625, 10.5, 1.125], "texture": "#2"},
				"west": {"uv": [2.75, 10.0625, 3.375, 10.125], "texture": "#2"},
				"up": {"uv": [8.5, 0.625, 7.5, 0], "texture": "#2"},
				"down": {"uv": [8.5, 0.625, 7.5, 1.25], "texture": "#2"}
			}
		},
		{
			"from": [1, 5, 2],
			"to": [15, 6, 14],
			"rotation": {"angle": 0, "axis": "y", "origin": [8, 5.5, 8]},
			"faces": {
				"north": {"uv": [9.625, 4.5625, 10.5, 4.625], "texture": "#2"},
				"east": {"uv": [2.875, 9.875, 3.625, 9.9375], "texture": "#2"},
				"south": {"uv": [9.625, 4.625, 10.5, 4.6875], "texture": "#2"},
				"west": {"uv": [9.875, 3.125, 10.625, 3.1875], "texture": "#2"},
				"up": {"uv": [7.875, 5.5, 7, 4.75], "texture": "#2"},
				"down": {"uv": [7.875, 5.5, 7, 6.25], "texture": "#2"}
			}
		},
		{
			"from": [2, 5, 1],
			"to": [14, 6, 15],
			"rotation": {"angle": 0, "axis": "y", "origin": [8, 5.5, 8]},
			"faces": {
				"north": {"uv": [9.875, 3.1875, 10.625, 3.25], "texture": "#2"},
				"east": {"uv": [9.625, 4.6875, 10.5, 4.75], "texture": "#2"},
				"south": {"uv": [9.875, 3.25, 10.625, 3.3125], "texture": "#2"},
				"west": {"uv": [9.625, 4.75, 10.5, 4.8125], "texture": "#2"},
				"up": {"uv": [2, 8, 1.25, 7.125], "texture": "#2"},
				"down": {"uv": [2.75, 7.125, 2, 8], "texture": "#2"}
			}
		},
		{
			"from": [2, 14, 1],
			"to": [14, 15, 15],
			"rotation": {"angle": 0, "axis": "y", "origin": [8, 5.5, 8]},
			"faces": {
				"north": {"uv": [9.875, 3.3125, 10.625, 3.375], "texture": "#2"},
				"east": {"uv": [9.625, 4.8125, 10.5, 4.875], "texture": "#2"},
				"south": {"uv": [9.875, 3.375, 10.625, 3.4375], "texture": "#2"},
				"west": {"uv": [9.625, 4.875, 10.5, 4.9375], "texture": "#2"},
				"up": {"uv": [4.5, 8, 3.75, 7.125], "texture": "#2"},
				"down": {"uv": [5.25, 7.125, 4.5, 8], "texture": "#2"}
			}
		},
		{
			"from": [-1, 14, 5],
			"to": [17, 15, 11],
			"rotation": {"angle": 0, "axis": "y", "origin": [8, 3.5, 8]},
			"faces": {
				"north": {"uv": [9.25, 2.125, 10.375, 2.1875], "texture": "#2"},
				"east": {"uv": [3.375, 7.875, 3.75, 7.9375], "texture": "#2"},
				"south": {"uv": [9.25, 2.1875, 10.375, 2.25], "texture": "#2"},
				"west": {"uv": [3.375, 7.9375, 3.75, 8], "texture": "#2"},
				"up": {"uv": [10.25, 6.25, 9.125, 5.875], "texture": "#2"},
				"down": {"uv": [7.5, 9.125, 6.375, 9.5], "texture": "#2"}
			}
		},
		{
			"from": [5, 14, -1],
			"to": [11, 15, 17],
			"rotation": {"angle": 0, "axis": "y", "origin": [8, 5.5, 8]},
			"faces": {
				"north": {"uv": [8, 7.625, 8.375, 7.6875], "texture": "#2"},
				"east": {"uv": [9.375, 6.375, 10.5, 6.4375], "texture": "#2"},
				"south": {"uv": [8, 7.6875, 8.375, 7.75], "texture": "#2"},
				"west": {"uv": [9.375, 6.4375, 10.5, 6.5], "texture": "#2"},
				"up": {"uv": [1.75, 10.25, 1.375, 9.125], "texture": "#2"},
				"down": {"uv": [2.125, 9.125, 1.75, 10.25], "texture": "#2"}
			}
		},
		{
			"from": [3, 14, 0],
			"to": [13, 15, 16],
			"rotation": {"angle": 0, "axis": "y", "origin": [8, 5.5, 8]},
			"faces": {
				"north": {"uv": [3.375, 10.0625, 4, 10.125], "texture": "#2"},
				"east": {"uv": [9.5, 1.125, 10.5, 1.1875], "texture": "#2"},
				"south": {"uv": [4, 10.0625, 4.625, 10.125], "texture": "#2"},
				"west": {"uv": [9.5, 1.1875, 10.5, 1.25], "texture": "#2"},
				"up": {"uv": [0.625, 8.5, 0, 7.5], "texture": "#2"},
				"down": {"uv": [3.375, 7.5, 2.75, 8.5], "texture": "#2"}
			}
		},
		{
			"from": [0, 14, 3],
			"to": [16, 15, 13],
			"rotation": {"angle": 0, "axis": "y", "origin": [8, 5.5, 8]},
			"faces": {
				"north": {"uv": [9.5, 1.25, 10.5, 1.3125], "texture": "#2"},
				"east": {"uv": [4.625, 10.0625, 5.25, 10.125], "texture": "#2"},
				"south": {"uv": [9.5, 1.3125, 10.5, 1.375], "texture": "#2"},
				"west": {"uv": [6.375, 10.0625, 7, 10.125], "texture": "#2"},
				"up": {"uv": [8.5, 1.875, 7.5, 1.25], "texture": "#2"},
				"down": {"uv": [6.875, 7.5, 5.875, 8.125], "texture": "#2"}
			}
		},
		{
			"from": [1, 14, 2],
			"to": [15, 15, 14],
			"rotation": {"angle": 0, "axis": "y", "origin": [8, 5.5, 8]},
			"faces": {
				"north": {"uv": [9.625, 4.9375, 10.5, 5], "texture": "#2"},
				"east": {"uv": [9.875, 3.4375, 10.625, 3.5], "texture": "#2"},
				"south": {"uv": [6.375, 9.625, 7.25, 9.6875], "texture": "#2"},
				"west": {"uv": [9.875, 3.5, 10.625, 3.5625], "texture": "#2"},
				"up": {"uv": [8, 7, 7.125, 6.25], "texture": "#2"},
				"down": {"uv": [8, 7, 7.125, 7.75], "texture": "#2"}
			}
		},
		{
			"from": [4, 6, -1],
			"to": [12, 7, 17],
			"rotation": {"angle": 0, "axis": "y", "origin": [8, 5.5, 8]},
			"faces": {
				"north": {"uv": [2.625, 10.1875, 3.125, 10.25], "texture": "#2"},
				"east": {"uv": [9.375, 6.5, 10.5, 6.5625], "texture": "#2"},
				"south": {"uv": [3.125, 10.1875, 3.625, 10.25], "texture": "#2"},
				"west": {"uv": [9.375, 6.5625, 10.5, 6.625], "texture": "#2"},
				"up": {"uv": [8.375, 5.375, 7.875, 4.25], "texture": "#2"},
				"down": {"uv": [1.125, 8, 0.625, 9.125], "texture": "#2"}
			}
		},
		{
			"from": [-1, 6, 4],
			"to": [17, 7, 12],
			"rotation": {"angle": 0, "axis": "y", "origin": [8, 6.5, 8]},
			"faces": {
				"north": {"uv": [9.375, 6.625, 10.5, 6.6875], "texture": "#2"},
				"east": {"uv": [3.625, 10.1875, 4.125, 10.25], "texture": "#2"},
				"south": {"uv": [9.375, 6.6875, 10.5, 6.75], "texture": "#2"},
				"west": {"uv": [4.125, 10.1875, 4.625, 10.25], "texture": "#2"},
				"up": {"uv": [9, 3.125, 7.875, 2.625], "texture": "#2"},
				"down": {"uv": [9, 5.375, 7.875, 5.875], "texture": "#2"}
			}
		},
		{
			"from": [2, 6, 0],
			"to": [14, 7, 16],
			"rotation": {"angle": 0, "axis": "y", "origin": [8, 5.5, 8]},
			"faces": {
				"north": {"uv": [9.875, 3.5625, 10.625, 3.625], "texture": "#2"},
				"east": {"uv": [9.5, 1.375, 10.5, 1.4375], "texture": "#2"},
				"south": {"uv": [3.625, 9.875, 4.375, 9.9375], "texture": "#2"},
				"west": {"uv": [9.5, 1.4375, 10.5, 1.5], "texture": "#2"},
				"up": {"uv": [4.375, 2.75, 3.625, 1.75], "texture": "#2"},
				"down": {"uv": [1.625, 3.75, 0.875, 4.75], "texture": "#2"}
			}
		},
		{
			"from": [0, 6, 2],
			"to": [16, 7, 14],
			"rotation": {"angle": 0, "axis": "y", "origin": [8, 5.5, 8]},
			"faces": {
				"north": {"uv": [9.5, 5, 10.5, 5.0625], "texture": "#2"},
				"east": {"uv": [9.875, 3.625, 10.625, 3.6875], "texture": "#2"},
				"south": {"uv": [9.5, 5.0625, 10.5, 5.125], "texture": "#2"},
				"west": {"uv": [9.875, 3.6875, 10.625, 3.75], "texture": "#2"},
				"up": {"uv": [4.625, 3.5, 3.625, 2.75], "texture": "#2"},
				"down": {"uv": [4.75, 0, 3.75, 0.75], "texture": "#2"}
			}
		},
		{
			"from": [1, 6, 1],
			"to": [15, 7, 15],
			"rotation": {"angle": 0, "axis": "y", "origin": [8, 5.5, 8]},
			"faces": {
				"north": {"uv": [9.625, 9.125, 10.5, 9.1875], "texture": "#2"},
				"east": {"uv": [9.625, 9.1875, 10.5, 9.25], "texture": "#2"},
				"south": {"uv": [9.625, 9.25, 10.5, 9.3125], "texture": "#2"},
				"west": {"uv": [9.625, 9.3125, 10.5, 9.375], "texture": "#2"},
				"up": {"uv": [1.875, 2.875, 1, 2], "texture": "#2"},
				"down": {"uv": [0.875, 2.625, 0, 3.5], "texture": "#2"}
			}
		},
		{
			"from": [4, 13, -1],
			"to": [12, 14, 17],
			"rotation": {"angle": 0, "axis": "y", "origin": [8, 5.5, 8]},
			"faces": {
				"north": {"uv": [4.625, 10.1875, 5.125, 10.25], "texture": "#2"},
				"east": {"uv": [9.375, 6.75, 10.5, 6.8125], "texture": "#2"},
				"south": {"uv": [5.125, 10.1875, 5.625, 10.25], "texture": "#2"},
				"west": {"uv": [9.375, 6.8125, 10.5, 6.875], "texture": "#2"},
				"up": {"uv": [1.625, 9.125, 1.125, 8], "texture": "#2"},
				"down": {"uv": [2.125, 8, 1.625, 9.125], "texture": "#2"}
			}
		},
		{
			"from": [-1, 13, 4],
			"to": [17, 14, 12],
			"rotation": {"angle": 0, "axis": "y", "origin": [8, 6.5, 8]},
			"faces": {
				"north": {"uv": [9.375, 6.875, 10.5, 6.9375], "texture": "#2"},
				"east": {"uv": [5.625, 10.1875, 6.125, 10.25], "texture": "#2"},
				"south": {"uv": [9.375, 6.9375, 10.5, 7], "texture": "#2"},
				"west": {"uv": [6.125, 10.1875, 6.625, 10.25], "texture": "#2"},
				"up": {"uv": [4.5, 8.5, 3.375, 8], "texture": "#2"},
				"down": {"uv": [9.125, 5.875, 8, 6.375], "texture": "#2"}
			}
		},
		{
			"from": [2, 13, 0],
			"to": [14, 14, 16],
			"rotation": {"angle": 0, "axis": "y", "origin": [8, 5.5, 8]},
			"faces": {
				"north": {"uv": [4.375, 9.875, 5.125, 9.9375], "texture": "#2"},
				"east": {"uv": [9.5, 5.125, 10.5, 5.1875], "texture": "#2"},
				"south": {"uv": [6.375, 9.875, 7.125, 9.9375], "texture": "#2"},
				"west": {"uv": [9.5, 5.1875, 10.5, 5.25], "texture": "#2"},
				"up": {"uv": [2.375, 4.75, 1.625, 3.75], "texture": "#2"},
				"down": {"uv": [0.75, 4.375, 0, 5.375], "texture": "#2"}
			}
		},
		{
			"from": [0, 13, 2],
			"to": [16, 14, 14],
			"rotation": {"angle": 0, "axis": "y", "origin": [8, 5.5, 8]},
			"faces": {
				"north": {"uv": [9.5, 5.25, 10.5, 5.3125], "texture": "#2"},
				"east": {"uv": [7.125, 9.875, 7.875, 9.9375], "texture": "#2"},
				"south": {"uv": [9.5, 5.3125, 10.5, 5.375], "texture": "#2"},
				"west": {"uv": [7.875, 9.875, 8.625, 9.9375], "texture": "#2"},
				"up": {"uv": [5.375, 2.5, 4.375, 1.75], "texture": "#2"},
				"down": {"uv": [3.375, 4.375, 2.375, 5.125], "texture": "#2"}
			}
		},
		{
			"from": [1, 13, 1],
			"to": [15, 14, 15],
			"rotation": {"angle": 0, "axis": "y", "origin": [8, 5.5, 8]},
			"faces": {
				"north": {"uv": [9.625, 9.375, 10.5, 9.4375], "texture": "#2"},
				"east": {"uv": [9.625, 9.4375, 10.5, 9.5], "texture": "#2"},
				"south": {"uv": [9.625, 9.5, 10.5, 9.5625], "texture": "#2"},
				"west": {"uv": [9.625, 9.5625, 10.5, 9.625], "texture": "#2"},
				"up": {"uv": [3.625, 1.75, 2.75, 0.875], "texture": "#2"},
				"down": {"uv": [3.625, 1.75, 2.75, 2.625], "texture": "#2"}
			}
		},
		{
			"from": [3, 7, -1],
			"to": [13, 8, 17],
			"rotation": {"angle": 0, "axis": "y", "origin": [8, 5.5, 8]},
			"faces": {
				"north": {"uv": [7, 10.0625, 7.625, 10.125], "texture": "#2"},
				"east": {"uv": [9.375, 7, 10.5, 7.0625], "texture": "#2"},
				"south": {"uv": [7.625, 10.0625, 8.25, 10.125], "texture": "#2"},
				"west": {"uv": [9.375, 7.0625, 10.5, 7.125], "texture": "#2"},
				"up": {"uv": [6.375, 1.125, 5.75, 0], "texture": "#2"},
				"down": {"uv": [1.375, 5.75, 0.75, 6.875], "texture": "#2"}
			}
		},
		{
			"from": [17, 12, 7],
			"to": [18, 13, 9],
			"rotation": {"angle": 0, "axis": "y", "origin": [8, 7.5, 8]},
			"faces": {
				"north": {"uv": [7, 10.25, 7.0625, 10.3125], "texture": "#2"},
				"east": {"uv": [9.75, 10.1875, 9.875, 10.25], "texture": "#2"},
				"south": {"uv": [7.0625, 10.25, 7.125, 10.3125], "texture": "#2"},
				"west": {"uv": [9.875, 10.1875, 10, 10.25], "texture": "#2"},
				"up": {"uv": [10.0625, 10.3125, 10, 10.1875], "texture": "#2"},
				"down": {"uv": [10.125, 10.1875, 10.0625, 10.3125], "texture": "#2"}
			}
		},
		{
			"from": [-2, 12, 7],
			"to": [-1, 13, 9],
			"rotation": {"angle": 0, "axis": "y", "origin": [8, 7.5, 8]},
			"faces": {
				"north": {"uv": [7.125, 10.25, 7.1875, 10.3125], "texture": "#2"},
				"east": {"uv": [10.125, 10.1875, 10.25, 10.25], "texture": "#2"},
				"south": {"uv": [7.1875, 10.25, 7.25, 10.3125], "texture": "#2"},
				"west": {"uv": [0, 10.25, 0.125, 10.3125], "texture": "#2"},
				"up": {"uv": [0.1875, 10.375, 0.125, 10.25], "texture": "#2"},
				"down": {"uv": [0.25, 10.25, 0.1875, 10.375], "texture": "#2"}
			}
		},
		{
			"from": [7, 12, -2],
			"to": [9, 13, -1],
			"rotation": {"angle": 0, "axis": "y", "origin": [8, 2.5, 8]},
			"faces": {
				"north": {"uv": [0.25, 10.25, 0.375, 10.3125], "texture": "#2"},
				"east": {"uv": [7.25, 10.25, 7.3125, 10.3125], "texture": "#2"},
				"south": {"uv": [0.375, 10.25, 0.5, 10.3125], "texture": "#2"},
				"west": {"uv": [7.3125, 10.25, 7.375, 10.3125], "texture": "#2"},
				"up": {"uv": [0.625, 10.3125, 0.5, 10.25], "texture": "#2"},
				"down": {"uv": [0.75, 10.25, 0.625, 10.3125], "texture": "#2"}
			}
		},
		{
			"from": [7, 12, 17],
			"to": [9, 13, 18],
			"rotation": {"angle": 0, "axis": "y", "origin": [8, 2.5, 8]},
			"faces": {
				"north": {"uv": [0.75, 10.25, 0.875, 10.3125], "texture": "#2"},
				"east": {"uv": [7.375, 10.25, 7.4375, 10.3125], "texture": "#2"},
				"south": {"uv": [0.875, 10.25, 1, 10.3125], "texture": "#2"},
				"west": {"uv": [7.4375, 10.25, 7.5, 10.3125], "texture": "#2"},
				"up": {"uv": [1.125, 10.3125, 1, 10.25], "texture": "#2"},
				"down": {"uv": [1.25, 10.25, 1.125, 10.3125], "texture": "#2"}
			}
		},
		{
			"from": [1, 12, 1],
			"to": [15, 13, 15],
			"rotation": {"angle": 0, "axis": "y", "origin": [8, 5.5, 8]},
			"faces": {
				"north": {"uv": [9.625, 9.625, 10.5, 9.6875], "texture": "#2"},
				"east": {"uv": [0, 9.6875, 0.875, 9.75], "texture": "#2"},
				"south": {"uv": [2.125, 9.6875, 3, 9.75], "texture": "#2"},
				"west": {"uv": [4.25, 9.6875, 5.125, 9.75], "texture": "#2"},
				"up": {"uv": [3.625, 3.5, 2.75, 2.625], "texture": "#2"},
				"down": {"uv": [3.75, 0, 2.875, 0.875], "texture": "#2"}
			}
		},
		{
			"from": [2, 12, 0],
			"to": [14, 13, 16],
			"rotation": {"angle": 0, "axis": "y", "origin": [8, 5.5, 8]},
			"faces": {
				"north": {"uv": [8.625, 9.875, 9.375, 9.9375], "texture": "#2"},
				"east": {"uv": [9.5, 5.375, 10.5, 5.4375], "texture": "#2"},
				"south": {"uv": [9.875, 8.625, 10.625, 8.6875], "texture": "#2"},
				"west": {"uv": [9.5, 5.4375, 10.5, 5.5], "texture": "#2"},
				"up": {"uv": [4.125, 5.375, 3.375, 4.375], "texture": "#2"},
				"down": {"uv": [5.125, 3.5, 4.375, 4.5], "texture": "#2"}
			}
		},
		{
			"from": [0, 12, 2],
			"to": [16, 13, 14],
			"rotation": {"angle": 0, "axis": "y", "origin": [8, 5.5, 8]},
			"faces": {
				"north": {"uv": [9.5, 5.5, 10.5, 5.5625], "texture": "#2"},
				"east": {"uv": [9.875, 8.6875, 10.625, 8.75], "texture": "#2"},
				"south": {"uv": [9.5, 5.5625, 10.5, 5.625], "texture": "#2"},
				"west": {"uv": [9.875, 8.75, 10.625, 8.8125], "texture": "#2"},
				"up": {"uv": [5.5, 1.5, 4.5, 0.75], "texture": "#2"},
				"down": {"uv": [5.125, 4.5, 4.125, 5.25], "texture": "#2"}
			}
		},
		{
			"from": [-1, 12, 3],
			"to": [17, 13, 13],
			"rotation": {"angle": 0, "axis": "y", "origin": [8, 7.5, 8]},
			"faces": {
				"north": {"uv": [9.375, 7.125, 10.5, 7.1875], "texture": "#2"},
				"east": {"uv": [8.25, 10.0625, 8.875, 10.125], "texture": "#2"},
				"south": {"uv": [9.375, 7.1875, 10.5, 7.25], "texture": "#2"},
				"west": {"uv": [8.875, 10.0625, 9.5, 10.125], "texture": "#2"},
				"up": {"uv": [6.75, 2.875, 5.625, 2.25], "texture": "#2"},
				"down": {"uv": [2.5, 5.875, 1.375, 6.5], "texture": "#2"}
			}
		},
		{
			"from": [3, 12, -1],
			"to": [13, 13, 17],
			"rotation": {"angle": 0, "axis": "y", "origin": [8, 5.5, 8]},
			"faces": {
				"north": {"uv": [9.5, 10.0625, 10.125, 10.125], "texture": "#2"},
				"east": {"uv": [9.375, 7.625, 10.5, 7.6875], "texture": "#2"},
				"south": {"uv": [0, 10.125, 0.625, 10.1875], "texture": "#2"},
				"west": {"uv": [9.375, 7.6875, 10.5, 7.75], "texture": "#2"},
				"up": {"uv": [3.125, 7, 2.5, 5.875], "texture": "#2"},
				"down": {"uv": [6.5, 4, 5.875, 5.125], "texture": "#2"}
			}
		},
		{
			"from": [-1, 7, 3],
			"to": [17, 8, 13],
			"rotation": {"angle": 0, "axis": "y", "origin": [8, 7.5, 8]},
			"faces": {
				"north": {"uv": [9.375, 7.75, 10.5, 7.8125], "texture": "#2"},
				"east": {"uv": [0.625, 10.125, 1.25, 10.1875], "texture": "#2"},
				"south": {"uv": [9.375, 7.8125, 10.5, 7.875], "texture": "#2"},
				"west": {"uv": [10.125, 0.875, 10.75, 0.9375], "texture": "#2"},
				"up": {"uv": [7, 5.75, 5.875, 5.125], "texture": "#2"},
				"down": {"uv": [7, 5.75, 5.875, 6.375], "texture": "#2"}
			}
		},
		{
			"from": [0, 7, 2],
			"to": [16, 8, 14],
			"rotation": {"angle": 0, "axis": "y", "origin": [8, 5.5, 8]},
			"faces": {
				"north": {"uv": [9.5, 5.625, 10.5, 5.6875], "texture": "#2"},
				"east": {"uv": [9.875, 8.8125, 10.625, 8.875], "texture": "#2"},
				"south": {"uv": [9.5, 5.6875, 10.5, 5.75], "texture": "#2"},
				"west": {"uv": [9.875, 8.875, 10.625, 8.9375], "texture": "#2"},
				"up": {"uv": [5.625, 3.25, 4.625, 2.5], "texture": "#2"},
				"down": {"uv": [5.75, 0, 4.75, 0.75], "texture": "#2"}
			}
		},
		{
			"from": [2, 7, 0],
			"to": [14, 8, 16],
			"rotation": {"angle": 0, "axis": "y", "origin": [8, 5.5, 8]},
			"faces": {
				"north": {"uv": [9.875, 8.9375, 10.625, 9], "texture": "#2"},
				"east": {"uv": [9.5, 5.75, 10.5, 5.8125], "texture": "#2"},
				"south": {"uv": [9.875, 9, 10.625, 9.0625], "texture": "#2"},
				"west": {"uv": [9.5, 5.8125, 10.5, 5.875], "texture": "#2"},
				"up": {"uv": [1.5, 5.75, 0.75, 4.75], "texture": "#2"},
				"down": {"uv": [2.25, 4.75, 1.5, 5.75], "texture": "#2"}
			}
		},
		{
			"from": [1, 7, 1],
			"to": [15, 8, 15],
			"rotation": {"angle": 0, "axis": "y", "origin": [8, 5.5, 8]},
			"faces": {
				"north": {"uv": [6.375, 9.6875, 7.25, 9.75], "texture": "#2"},
				"east": {"uv": [9.625, 9.6875, 10.5, 9.75], "texture": "#2"},
				"south": {"uv": [0, 9.75, 0.875, 9.8125], "texture": "#2"},
				"west": {"uv": [2.125, 9.75, 3, 9.8125], "texture": "#2"},
				"up": {"uv": [1.75, 3.75, 0.875, 2.875], "texture": "#2"},
				"down": {"uv": [2.625, 2.875, 1.75, 3.75], "texture": "#2"}
			}
		},
		{
			"from": [7, 7, 17],
			"to": [9, 8, 18],
			"rotation": {"angle": 0, "axis": "y", "origin": [8, 2.5, 8]},
			"faces": {
				"north": {"uv": [1.25, 10.25, 1.375, 10.3125], "texture": "#2"},
				"east": {"uv": [7.5, 10.25, 7.5625, 10.3125], "texture": "#2"},
				"south": {"uv": [1.375, 10.25, 1.5, 10.3125], "texture": "#2"},
				"west": {"uv": [7.5625, 10.25, 7.625, 10.3125], "texture": "#2"},
				"up": {"uv": [1.625, 10.3125, 1.5, 10.25], "texture": "#2"},
				"down": {"uv": [1.75, 10.25, 1.625, 10.3125], "texture": "#2"}
			}
		},
		{
			"from": [7, 7, -2],
			"to": [9, 8, -1],
			"rotation": {"angle": 0, "axis": "y", "origin": [8, 2.5, 8]},
			"faces": {
				"north": {"uv": [1.75, 10.25, 1.875, 10.3125], "texture": "#2"},
				"east": {"uv": [7.625, 10.25, 7.6875, 10.3125], "texture": "#2"},
				"south": {"uv": [1.875, 10.25, 2, 10.3125], "texture": "#2"},
				"west": {"uv": [7.6875, 10.25, 7.75, 10.3125], "texture": "#2"},
				"up": {"uv": [2.125, 10.3125, 2, 10.25], "texture": "#2"},
				"down": {"uv": [2.25, 10.25, 2.125, 10.3125], "texture": "#2"}
			}
		},
		{
			"from": [-2, 7, 7],
			"to": [-1, 8, 9],
			"rotation": {"angle": 0, "axis": "y", "origin": [8, 7.5, 8]},
			"faces": {
				"north": {"uv": [7.75, 10.25, 7.8125, 10.3125], "texture": "#2"},
				"east": {"uv": [2.25, 10.25, 2.375, 10.3125], "texture": "#2"},
				"south": {"uv": [7.8125, 10.25, 7.875, 10.3125], "texture": "#2"},
				"west": {"uv": [2.375, 10.25, 2.5, 10.3125], "texture": "#2"},
				"up": {"uv": [2.5625, 10.375, 2.5, 10.25], "texture": "#2"},
				"down": {"uv": [2.625, 10.25, 2.5625, 10.375], "texture": "#2"}
			}
		},
		{
			"from": [17, 7, 7],
			"to": [18, 8, 9],
			"rotation": {"angle": 0, "axis": "y", "origin": [8, 7.5, 8]},
			"faces": {
				"north": {"uv": [7.875, 10.25, 7.9375, 10.3125], "texture": "#2"},
				"east": {"uv": [2.625, 10.25, 2.75, 10.3125], "texture": "#2"},
				"south": {"uv": [7.9375, 10.25, 8, 10.3125], "texture": "#2"},
				"west": {"uv": [2.75, 10.25, 2.875, 10.3125], "texture": "#2"},
				"up": {"uv": [2.9375, 10.375, 2.875, 10.25], "texture": "#2"},
				"down": {"uv": [3, 10.25, 2.9375, 10.375], "texture": "#2"}
			}
		},
		{
			"from": [3, 8, -1],
			"to": [13, 9, 17],
			"rotation": {"angle": 0, "axis": "y", "origin": [8, 5.5, 8]},
			"faces": {
				"north": {"uv": [10.125, 0.9375, 10.75, 1], "texture": "#2"},
				"east": {"uv": [9.375, 7.875, 10.5, 7.9375], "texture": "#2"},
				"south": {"uv": [2.125, 10.125, 2.75, 10.1875], "texture": "#2"},
				"west": {"uv": [9.375, 7.9375, 10.5, 8], "texture": "#2"},
				"up": {"uv": [4.625, 7.125, 4, 6], "texture": "#2"},
				"down": {"uv": [5.25, 6, 4.625, 7.125], "texture": "#2"}
			}
		},
		{
			"from": [-1, 8, 3],
			"to": [17, 9, 13],
			"rotation": {"angle": 0, "axis": "y", "origin": [8, 7.5, 8]},
			"faces": {
				"north": {"uv": [9.375, 8, 10.5, 8.0625], "texture": "#2"},
				"east": {"uv": [2.75, 10.125, 3.375, 10.1875], "texture": "#2"},
				"south": {"uv": [9.375, 8.0625, 10.5, 8.125], "texture": "#2"},
				"west": {"uv": [10.125, 2.75, 10.75, 2.8125], "texture": "#2"},
				"up": {"uv": [7.25, 3.5, 6.125, 2.875], "texture": "#2"},
				"down": {"uv": [7.5, 0, 6.375, 0.625], "texture": "#2"}
			}
		},
		{
			"from": [0, 8, 2],
			"to": [16, 9, 14],
			"rotation": {"angle": 0, "axis": "y", "origin": [8, 5.5, 8]},
			"faces": {
				"north": {"uv": [6.375, 9.5, 7.375, 9.5625], "texture": "#2"},
				"east": {"uv": [9.875, 9.0625, 10.625, 9.125], "texture": "#2"},
				"south": {"uv": [6.375, 9.5625, 7.375, 9.625], "texture": "#2"},
				"west": {"uv": [9.375, 9.875, 10.125, 9.9375], "texture": "#2"},
				"up": {"uv": [3.25, 5.875, 2.25, 5.125], "texture": "#2"},
				"down": {"uv": [6.125, 3.25, 5.125, 4], "texture": "#2"}
			}
		},
		{
			"from": [2, 8, 0],
			"to": [14, 9, 16],
			"rotation": {"angle": 0, "axis": "y", "origin": [8, 5.5, 8]},
			"faces": {
				"north": {"uv": [0, 9.9375, 0.75, 10], "texture": "#2"},
				"east": {"uv": [0, 9.625, 1, 9.6875], "texture": "#2"},
				"south": {"uv": [2.125, 9.9375, 2.875, 10], "texture": "#2"},
				"west": {"uv": [2.125, 9.625, 3.125, 9.6875], "texture": "#2"},
				"up": {"uv": [5.875, 5, 5.125, 4], "texture": "#2"},
				"down": {"uv": [5.875, 5, 5.125, 6], "texture": "#2"}
			}
		},
		{
			"from": [1, 8, 1],
			"to": [15, 9, 15],
			"rotation": {"angle": 0, "axis": "y", "origin": [8, 5.5, 8]},
			"faces": {
				"north": {"uv": [3, 9.75, 3.875, 9.8125], "texture": "#2"},
				"east": {"uv": [3.875, 9.75, 4.75, 9.8125], "texture": "#2"},
				"south": {"uv": [6.375, 9.75, 7.25, 9.8125], "texture": "#2"},
				"west": {"uv": [8.625, 9.75, 9.5, 9.8125], "texture": "#2"},
				"up": {"uv": [0.875, 4.375, 0, 3.5], "texture": "#2"},
				"down": {"uv": [3.5, 3.5, 2.625, 4.375], "texture": "#2"}
			}
		},
		{
			"from": [6, 8, 17],
			"to": [10, 9, 18],
			"rotation": {"angle": 0, "axis": "y", "origin": [8, 2.5, 8]},
			"faces": {
				"north": {"uv": [5.375, 2.25, 5.625, 2.3125], "texture": "#2"},
				"east": {"uv": [8, 10.25, 8.0625, 10.3125], "texture": "#2"},
				"south": {"uv": [5.375, 2.3125, 5.625, 2.375], "texture": "#2"},
				"west": {"uv": [8.0625, 10.25, 8.125, 10.3125], "texture": "#2"},
				"up": {"uv": [5.625, 2.4375, 5.375, 2.375], "texture": "#2"},
				"down": {"uv": [5.625, 2.4375, 5.375, 2.5], "texture": "#2"}
			}
		},
		{
			"from": [6, 8, -2],
			"to": [10, 9, -1],
			"rotation": {"angle": 0, "axis": "y", "origin": [8, 2.5, 8]},
			"faces": {
				"north": {"uv": [6.875, 7.5, 7.125, 7.5625], "texture": "#2"},
				"east": {"uv": [8.125, 10.25, 8.1875, 10.3125], "texture": "#2"},
				"south": {"uv": [6.875, 7.5625, 7.125, 7.625], "texture": "#2"},
				"west": {"uv": [8.1875, 10.25, 8.25, 10.3125], "texture": "#2"},
				"up": {"uv": [7.875, 4.3125, 7.625, 4.25], "texture": "#2"},
				"down": {"uv": [7.875, 4.3125, 7.625, 4.375], "texture": "#2"}
			}
		},
		{
			"from": [-2, 8, 6],
			"to": [-1, 9, 10],
			"rotation": {"angle": 0, "axis": "y", "origin": [8, 7.5, 8]},
			"faces": {
				"north": {"uv": [8.375, 10.25, 8.4375, 10.3125], "texture": "#2"},
				"east": {"uv": [7.625, 4.375, 7.875, 4.4375], "texture": "#2"},
				"south": {"uv": [8.4375, 10.25, 8.5, 10.3125], "texture": "#2"},
				"west": {"uv": [7.625, 4.4375, 7.875, 4.5], "texture": "#2"},
				"up": {"uv": [0.9375, 2.875, 0.875, 2.625], "texture": "#2"},
				"down": {"uv": [1, 2.625, 0.9375, 2.875], "texture": "#2"}
			}
		},
		{
			"from": [17, 8, 6],
			"to": [18, 9, 10],
			"rotation": {"angle": 0, "axis": "y", "origin": [8, 7.5, 8]},
			"faces": {
				"north": {"uv": [8.5, 10.25, 8.5625, 10.3125], "texture": "#2"},
				"east": {"uv": [7.625, 4.5, 7.875, 4.5625], "texture": "#2"},
				"south": {"uv": [8.5625, 10.25, 8.625, 10.3125], "texture": "#2"},
				"west": {"uv": [7.625, 4.5625, 7.875, 4.625], "texture": "#2"},
				"up": {"uv": [3.3125, 5.375, 3.25, 5.125], "texture": "#2"},
				"down": {"uv": [3.375, 5.125, 3.3125, 5.375], "texture": "#2"}
			}
		},
		{
			"from": [3, 11, -1],
			"to": [13, 12, 17],
			"rotation": {"angle": 0, "axis": "y", "origin": [8, 5.5, 8]},
			"faces": {
				"north": {"uv": [10.125, 2.8125, 10.75, 2.875], "texture": "#2"},
				"east": {"uv": [9.375, 8.125, 10.5, 8.1875], "texture": "#2"},
				"south": {"uv": [10.125, 2.875, 10.75, 2.9375], "texture": "#2"},
				"west": {"uv": [9.375, 8.1875, 10.5, 8.25], "texture": "#2"},
				"up": {"uv": [5.875, 7.125, 5.25, 6], "texture": "#2"},
				"down": {"uv": [0.625, 6.375, 0, 7.5], "texture": "#2"}
			}
		},
		{
			"from": [-1, 11, 3],
			"to": [17, 12, 13],
			"rotation": {"angle": 0, "axis": "y", "origin": [8, 7.5, 8]},
			"faces": {
				"north": {"uv": [9.375, 8.25, 10.5, 8.3125], "texture": "#2"},
				"east": {"uv": [10.125, 2.9375, 10.75, 3], "texture": "#2"},
				"south": {"uv": [9.375, 8.3125, 10.5, 8.375], "texture": "#2"},
				"west": {"uv": [10.125, 3, 10.75, 3.0625], "texture": "#2"},
				"up": {"uv": [7.5, 1.25, 6.375, 0.625], "texture": "#2"},
				"down": {"uv": [7.5, 1.25, 6.375, 1.875], "texture": "#2"}
			}
		},
		{
			"from": [0, 11, 2],
			"to": [16, 12, 14],
			"rotation": {"angle": 0, "axis": "y", "origin": [8, 5.5, 8]},
			"faces": {
				"north": {"uv": [9.625, 3.75, 10.625, 3.8125], "texture": "#2"},
				"east": {"uv": [2.875, 9.9375, 3.625, 10], "texture": "#2"},
				"south": {"uv": [9.625, 3.8125, 10.625, 3.875], "texture": "#2"},
				"west": {"uv": [3.625, 9.9375, 4.375, 10], "texture": "#2"},
				"up": {"uv": [5.125, 6, 4.125, 5.25], "texture": "#2"},
				"down": {"uv": [6.375, 1.5, 5.375, 2.25], "texture": "#2"}
			}
		},
		{
			"from": [2, 11, 0],
			"to": [14, 12, 16],
			"rotation": {"angle": 0, "axis": "y", "origin": [8, 5.5, 8]},
			"faces": {
				"north": {"uv": [4.375, 9.9375, 5.125, 10], "texture": "#2"},
				"east": {"uv": [9.625, 3.875, 10.625, 3.9375], "texture": "#2"},
				"south": {"uv": [6.375, 9.9375, 7.125, 10], "texture": "#2"},
				"west": {"uv": [9.625, 3.9375, 10.625, 4], "texture": "#2"},
				"up": {"uv": [0.75, 6.375, 0, 5.375], "texture": "#2"},
				"down": {"uv": [4, 5.375, 3.25, 6.375], "texture": "#2"}
			}
		},
		{
			"from": [1, 11, 1],
			"to": [15, 12, 15],
			"rotation": {"angle": 0, "axis": "y", "origin": [8, 5.5, 8]},
			"faces": {
				"north": {"uv": [9.5, 9.75, 10.375, 9.8125], "texture": "#2"},
				"east": {"uv": [0, 9.8125, 0.875, 9.875], "texture": "#2"},
				"south": {"uv": [2.125, 9.8125, 3, 9.875], "texture": "#2"},
				"west": {"uv": [3, 9.8125, 3.875, 9.875], "texture": "#2"},
				"up": {"uv": [4.375, 4.375, 3.5, 3.5], "texture": "#2"},
				"down": {"uv": [4.5, 0.875, 3.625, 1.75], "texture": "#2"}
			}
		},
		{
			"from": [6, 11, 17],
			"to": [10, 12, 18],
			"rotation": {"angle": 0, "axis": "y", "origin": [8, 2.5, 8]},
			"faces": {
				"north": {"uv": [7.625, 4.625, 7.875, 4.6875], "texture": "#2"},
				"east": {"uv": [8.75, 10.25, 8.8125, 10.3125], "texture": "#2"},
				"south": {"uv": [7.625, 4.6875, 7.875, 4.75], "texture": "#2"},
				"west": {"uv": [8.8125, 10.25, 8.875, 10.3125], "texture": "#2"},
				"up": {"uv": [7.125, 7.6875, 6.875, 7.625], "texture": "#2"},
				"down": {"uv": [7.125, 7.6875, 6.875, 7.75], "texture": "#2"}
			}
		},
		{
			"from": [6, 11, -2],
			"to": [10, 12, -1],
			"rotation": {"angle": 0, "axis": "y", "origin": [8, 2.5, 8]},
			"faces": {
				"north": {"uv": [4.25, 9.125, 4.5, 9.1875], "texture": "#2"},
				"east": {"uv": [8.875, 10.25, 8.9375, 10.3125], "texture": "#2"},
				"south": {"uv": [4.25, 9.1875, 4.5, 9.25], "texture": "#2"},
				"west": {"uv": [8.9375, 10.25, 9, 10.3125], "texture": "#2"},
				"up": {"uv": [4.5, 9.3125, 4.25, 9.25], "texture": "#2"},
				"down": {"uv": [4.5, 9.3125, 4.25, 9.375], "texture": "#2"}
			}
		},
		{
			"from": [-2, 11, 6],
			"to": [-1, 12, 10],
			"rotation": {"angle": 0, "axis": "y", "origin": [8, 7.5, 8]},
			"faces": {
				"north": {"uv": [9, 10.25, 9.0625, 10.3125], "texture": "#2"},
				"east": {"uv": [4.25, 9.375, 4.5, 9.4375], "texture": "#2"},
				"south": {"uv": [9.0625, 10.25, 9.125, 10.3125], "texture": "#2"},
				"west": {"uv": [4.25, 9.4375, 4.5, 9.5], "texture": "#2"},
				"up": {"uv": [3.9375, 7, 3.875, 6.75], "texture": "#2"},
				"down": {"uv": [4, 6.75, 3.9375, 7], "texture": "#2"}
			}
		},
		{
			"from": [17, 11, 6],
			"to": [18, 12, 10],
			"rotation": {"angle": 0, "axis": "y", "origin": [8, 7.5, 8]},
			"faces": {
				"north": {"uv": [9.125, 10.25, 9.1875, 10.3125], "texture": "#2"},
				"east": {"uv": [4.25, 9.5, 4.5, 9.5625], "texture": "#2"},
				"south": {"uv": [9.1875, 10.25, 9.25, 10.3125], "texture": "#2"},
				"west": {"uv": [4.25, 9.5625, 4.5, 9.625], "texture": "#2"},
				"up": {"uv": [1.3125, 7.125, 1.25, 6.875], "texture": "#2"},
				"down": {"uv": [1.375, 6.875, 1.3125, 7.125], "texture": "#2"}
			}
		},
		{
			"from": [3, 9, -1],
			"to": [13, 10, 17],
			"rotation": {"angle": 0, "axis": "y", "origin": [8, 5.5, 8]},
			"faces": {
				"north": {"uv": [10.125, 3.0625, 10.75, 3.125], "texture": "#2"},
				"east": {"uv": [9.375, 8.375, 10.5, 8.4375], "texture": "#2"},
				"south": {"uv": [3.375, 10.125, 4, 10.1875], "texture": "#2"},
				"west": {"uv": [9.375, 8.4375, 10.5, 8.5], "texture": "#2"},
				"up": {"uv": [3.75, 7.5, 3.125, 6.375], "texture": "#2"},
				"down": {"uv": [6.5, 6.375, 5.875, 7.5], "texture": "#2"}
			}
		},
		{
			"from": [-1, 9, 3],
			"to": [17, 10, 13],
			"rotation": {"angle": 0, "axis": "y", "origin": [8, 7.5, 8]},
			"faces": {
				"north": {"uv": [9.375, 8.5, 10.5, 8.5625], "texture": "#2"},
				"east": {"uv": [4, 10.125, 4.625, 10.1875], "texture": "#2"},
				"south": {"uv": [9.375, 8.5625, 10.5, 8.625], "texture": "#2"},
				"west": {"uv": [4.625, 10.125, 5.25, 10.1875], "texture": "#2"},
				"up": {"uv": [2.5, 7.125, 1.375, 6.5], "texture": "#2"},
				"down": {"uv": [7.625, 3.5, 6.5, 4.125], "texture": "#2"}
			}
		},
		{
			"from": [0, 9, 1],
			"to": [16, 10, 15],
			"rotation": {"angle": 0, "axis": "y", "origin": [8, 5.5, 8]},
			"faces": {
				"north": {"uv": [9.625, 4, 10.625, 4.0625], "texture": "#2"},
				"east": {"uv": [3.875, 9.8125, 4.75, 9.875], "texture": "#2"},
				"south": {"uv": [9.625, 4.0625, 10.625, 4.125], "texture": "#2"},
				"west": {"uv": [6.375, 9.8125, 7.25, 9.875], "texture": "#2"},
				"up": {"uv": [1, 0.875, 0, 0], "texture": "#2"},
				"down": {"uv": [1, 0.875, 0, 1.75], "texture": "#2"}
			}
		},
		{
			"from": [1, 9, 0],
			"to": [15, 10, 16],
			"rotation": {"angle": 0, "axis": "y", "origin": [8, 5.5, 8]},
			"faces": {
				"north": {"uv": [8.625, 9.8125, 9.5, 9.875], "texture": "#2"},
				"east": {"uv": [9.625, 4.125, 10.625, 4.1875], "texture": "#2"},
				"south": {"uv": [9.5, 9.8125, 10.375, 9.875], "texture": "#2"},
				"west": {"uv": [9.625, 4.1875, 10.625, 4.25], "texture": "#2"},
				"up": {"uv": [1.875, 1, 1, 0], "texture": "#2"},
				"down": {"uv": [1.875, 1, 1, 2], "texture": "#2"}
			}
		},
		{
			"from": [5, 9, 17],
			"to": [11, 10, 18],
			"rotation": {"angle": 0, "axis": "y", "origin": [8, 2.5, 8]},
			"faces": {
				"north": {"uv": [8.625, 2.25, 9, 2.3125], "texture": "#2"},
				"east": {"uv": [9.25, 10.25, 9.3125, 10.3125], "texture": "#2"},
				"south": {"uv": [8.625, 2.3125, 9, 2.375], "texture": "#2"},
				"west": {"uv": [9.3125, 10.25, 9.375, 10.3125], "texture": "#2"},
				"up": {"uv": [9, 2.4375, 8.625, 2.375], "texture": "#2"},
				"down": {"uv": [9, 2.4375, 8.625, 2.5], "texture": "#2"}
			}
		},
		{
			"from": [5, 9, -2],
			"to": [11, 10, -1],
			"rotation": {"angle": 0, "axis": "y", "origin": [8, 2.5, 8]},
			"faces": {
				"north": {"uv": [8.625, 2.5, 9, 2.5625], "texture": "#2"},
				"east": {"uv": [9.375, 10.25, 9.4375, 10.3125], "texture": "#2"},
				"south": {"uv": [8.625, 2.5625, 9, 2.625], "texture": "#2"},
				"west": {"uv": [9.4375, 10.25, 9.5, 10.3125], "texture": "#2"},
				"up": {"uv": [9, 9.3125, 8.625, 9.25], "texture": "#2"},
				"down": {"uv": [9, 9.3125, 8.625, 9.375], "texture": "#2"}
			}
		},
		{
			"from": [-2, 9, 5],
			"to": [-1, 10, 11],
			"rotation": {"angle": 0, "axis": "y", "origin": [8, 7.5, 8]},
			"faces": {
				"north": {"uv": [9.5, 10.25, 9.5625, 10.3125], "texture": "#2"},
				"east": {"uv": [8.625, 9.375, 9, 9.4375], "texture": "#2"},
				"south": {"uv": [9.5625, 10.25, 9.625, 10.3125], "texture": "#2"},
				"west": {"uv": [8.625, 9.4375, 9, 9.5], "texture": "#2"},
				"up": {"uv": [6.4375, 3.875, 6.375, 3.5], "texture": "#2"},
				"down": {"uv": [3.8125, 6.375, 3.75, 6.75], "texture": "#2"}
			}
		},
		{
			"from": [17, 9, 5],
			"to": [18, 10, 11],
			"rotation": {"angle": 0, "axis": "y", "origin": [8, 7.5, 8]},
			"faces": {
				"north": {"uv": [9.625, 10.25, 9.6875, 10.3125], "texture": "#2"},
				"east": {"uv": [8.625, 9.5, 9, 9.5625], "texture": "#2"},
				"south": {"uv": [9.6875, 10.25, 9.75, 10.3125], "texture": "#2"},
				"west": {"uv": [8.625, 9.5625, 9, 9.625], "texture": "#2"},
				"up": {"uv": [3.875, 6.75, 3.8125, 6.375], "texture": "#2"},
				"down": {"uv": [3.9375, 6.375, 3.875, 6.75], "texture": "#2"}
			}
		},
		{
			"from": [3, 10, -1],
			"to": [13, 11, 17],
			"rotation": {"angle": 0, "axis": "y", "origin": [8, 5.5, 8]},
			"faces": {
				"north": {"uv": [5.25, 10.125, 5.875, 10.1875], "texture": "#2"},
				"east": {"uv": [9.5, 0, 10.625, 0.0625], "texture": "#2"},
				"south": {"uv": [5.875, 10.125, 6.5, 10.1875], "texture": "#2"},
				"west": {"uv": [9.5, 0.0625, 10.625, 0.125], "texture": "#2"},
				"up": {"uv": [7.125, 7.5, 6.5, 6.375], "texture": "#2"},
				"down": {"uv": [1.25, 6.875, 0.625, 8], "texture": "#2"}
			}
		},
		{
			"from": [-1, 10, 3],
			"to": [17, 11, 13],
			"rotation": {"angle": 0, "axis": "y", "origin": [8, 7.5, 8]},
			"faces": {
				"north": {"uv": [9.5, 0.125, 10.625, 0.1875], "texture": "#2"},
				"east": {"uv": [6.5, 10.125, 7.125, 10.1875], "texture": "#2"},
				"south": {"uv": [9.5, 0.1875, 10.625, 0.25], "texture": "#2"},
				"west": {"uv": [7.125, 10.125, 7.75, 10.1875], "texture": "#2"},
				"up": {"uv": [7.625, 4.75, 6.5, 4.125], "texture": "#2"},
				"down": {"uv": [7.875, 1.875, 6.75, 2.5], "texture": "#2"}
			}
		},
		{
			"from": [0, 10, 1],
			"to": [16, 11, 15],
			"rotation": {"angle": 0, "axis": "y", "origin": [8, 5.5, 8]},
			"faces": {
				"north": {"uv": [9.625, 4.25, 10.625, 4.3125], "texture": "#2"},
				"east": {"uv": [0, 9.875, 0.875, 9.9375], "texture": "#2"},
				"south": {"uv": [9.625, 4.3125, 10.625, 4.375], "texture": "#2"},
				"west": {"uv": [9.875, 1.5, 10.75, 1.5625], "texture": "#2"},
				"up": {"uv": [1, 2.625, 0, 1.75], "texture": "#2"},
				"down": {"uv": [2.875, 0, 1.875, 0.875], "texture": "#2"}
			}
		},
		{
			"from": [1, 10, 0],
			"to": [15, 11, 16],
			"rotation": {"angle": 0, "axis": "y", "origin": [8, 5.5, 8]},
			"faces": {
				"north": {"uv": [9.875, 1.5625, 10.75, 1.625], "texture": "#2"},
				"east": {"uv": [9.625, 4.375, 10.625, 4.4375], "texture": "#2"},
				"south": {"uv": [9.875, 1.625, 10.75, 1.6875], "texture": "#2"},
				"west": {"uv": [9.625, 4.4375, 10.625, 4.5], "texture": "#2"},
				"up": {"uv": [2.75, 1.875, 1.875, 0.875], "texture": "#2"},
				"down": {"uv": [2.75, 1.875, 1.875, 2.875], "texture": "#2"}
			}
		},
		{
			"from": [5, 10, 17],
			"to": [11, 11, 18],
			"rotation": {"angle": 0, "axis": "y", "origin": [8, 2.5, 8]},
			"faces": {
				"north": {"uv": [1, 9.625, 1.375, 9.6875], "texture": "#2"},
				"east": {"uv": [9.75, 10.25, 9.8125, 10.3125], "texture": "#2"},
				"south": {"uv": [8.625, 9.625, 9, 9.6875], "texture": "#2"},
				"west": {"uv": [9.8125, 10.25, 9.875, 10.3125], "texture": "#2"},
				"up": {"uv": [9, 9.75, 8.625, 9.6875], "texture": "#2"},
				"down": {"uv": [5.125, 9.75, 4.75, 9.8125], "texture": "#2"}
			}
		},
		{
			"from": [5, 10, -2],
			"to": [11, 11, -1],
			"rotation": {"angle": 0, "axis": "y", "origin": [8, 2.5, 8]},
			"faces": {
				"north": {"uv": [4.75, 9.8125, 5.125, 9.875], "texture": "#2"},
				"east": {"uv": [9.875, 10.25, 9.9375, 10.3125], "texture": "#2"},
				"south": {"uv": [5.25, 10, 5.625, 10.0625], "texture": "#2"},
				"west": {"uv": [9.9375, 10.25, 10, 10.3125], "texture": "#2"},
				"up": {"uv": [5.625, 10.125, 5.25, 10.0625], "texture": "#2"},
				"down": {"uv": [1.375, 10.1875, 1, 10.25], "texture": "#2"}
			}
		},
		{
			"from": [-2, 10, 5],
			"to": [-1, 11, 11],
			"rotation": {"angle": 0, "axis": "y", "origin": [8, 7.5, 8]},
			"faces": {
				"north": {"uv": [10.25, 9.9375, 10.3125, 10], "texture": "#2"},
				"east": {"uv": [6.625, 10.1875, 7, 10.25], "texture": "#2"},
				"south": {"uv": [10.125, 10.25, 10.1875, 10.3125], "texture": "#2"},
				"west": {"uv": [7, 10.1875, 7.375, 10.25], "texture": "#2"},
				"up": {"uv": [4, 6.75, 3.9375, 6.375], "texture": "#2"},
				"down": {"uv": [6.5, 3.5, 6.4375, 3.875], "texture": "#2"}
			}
		},
		{
			"from": [17, 10, 5],
			"to": [18, 11, 11],
			"rotation": {"angle": 0, "axis": "y", "origin": [8, 7.5, 8]},
			"faces": {
				"north": {"uv": [10.25, 10.125, 10.3125, 10.1875], "texture": "#2"},
				"east": {"uv": [7.375, 10.1875, 7.75, 10.25], "texture": "#2"},
				"south": {"uv": [10.1875, 10.25, 10.25, 10.3125], "texture": "#2"},
				"west": {"uv": [7.75, 10.1875, 8.125, 10.25], "texture": "#2"},
				"up": {"uv": [3.8125, 7.125, 3.75, 6.75], "texture": "#2"},
				"down": {"uv": [3.875, 6.75, 3.8125, 7.125], "texture": "#2"}
			}
		},
		{
			"from": [6, 21, 7],
			"to": [10, 22, 9],
			"faces": {
				"north": {"uv": [8, 8, 12, 9], "texture": "#1"},
				"east": {"uv": [12, 4, 14, 5], "texture": "#1"},
				"south": {"uv": [8, 9, 12, 10], "texture": "#1"},
				"west": {"uv": [12, 5, 14, 6], "texture": "#1"},
				"up": {"uv": [10, 2, 6, 0], "texture": "#1"},
				"down": {"uv": [10, 2, 6, 4], "texture": "#1"}
			}
		},
		{
			"from": [7, 21, 9],
			"to": [9, 22, 10],
			"faces": {
				"north": {"uv": [12, 0, 14, 1], "texture": "#1"},
				"east": {"uv": [9, 13, 10, 14], "texture": "#1"},
				"south": {"uv": [12, 1, 14, 2], "texture": "#1"},
				"west": {"uv": [13, 9, 14, 10], "texture": "#1"},
				"up": {"uv": [14, 4, 12, 3], "texture": "#1"},
				"down": {"uv": [6, 12, 4, 13], "texture": "#1"}
			}
		},
		{
			"from": [7, 21, 6],
			"to": [9, 22, 7],
			"faces": {
				"north": {"uv": [4, 11, 6, 12], "texture": "#1"},
				"east": {"uv": [5, 13, 6, 14], "texture": "#1"},
				"south": {"uv": [6, 11, 8, 12], "texture": "#1"},
				"west": {"uv": [13, 8, 14, 9], "texture": "#1"},
				"up": {"uv": [10, 12, 8, 11], "texture": "#1"},
				"down": {"uv": [2, 12, 0, 13], "texture": "#1"}
			}
		},
		{
			"from": [7, 22, 7.5],
			"to": [9, 32, 8.5],
			"faces": {
				"north": {"uv": [12, 0, 14, 1], "texture": "#1"},
				"east": {"uv": [9, 13, 10, 14], "texture": "#1"},
				"south": {"uv": [12, 1, 14, 2], "texture": "#1"},
				"west": {"uv": [13, 9, 14, 10], "texture": "#1"},
				"up": {"uv": [14, 4, 12, 3], "texture": "#1"},
				"down": {"uv": [6, 12, 4, 13], "texture": "#1"}
			}
		}
	],
	"display": {
		"thirdperson_righthand": {
			"rotation": [45, 0, 0],
			"translation": [-6, 4.75, -2.25]
		},
		"thirdperson_lefthand": {
			"rotation": [45, 0, 0],
			"translation": [-6, 4.75, -2.25]
		},
		"firstperson_righthand": {
			"rotation": [18, 0, -10],
			"translation": [1.5, 1.25, 0],
			"scale": [0.5, 0.5, 0.5]
		},
		"firstperson_lefthand": {
			"rotation": [18, 0, -10],
			"translation": [1.5, 1.25, 0],
			"scale": [0.5, 0.5, 0.5]
		},
		"ground": {
			"translation": [0, 4, 0]
		},
		"gui": {
			"rotation": [0, -15, -19],
			"translation": [0, -3.75, 0],
			"scale": [0.5, 0.5, 0.5]
		},
		"head": {
			"scale": [2, 2, 2]
		},
		"fixed": {
			"rotation": [90, 0, 0],
			"translation": [0, 0, -47.25],
			"scale": [2, 2, 2]
		}
	},
	"groups": [
		{
			"name": "1",
			"origin": [0, 0, 0],
			"color": 0,
			"children": [0, 1, 2, 3, 4, 5, 6, 7, 8, 9]
		},
		{
			"name": "2",
			"origin": [0, 0, 0],
			"color": 0,
			"children": [10, 11, 12, 13, 14, 15, 16, 17, 18, 19]
		},
		{
			"name": "3",
			"origin": [8, 2.5, 8],
			"color": 0,
			"children": [20, 21, 22, 23, 24, 25, 26, 27, 28, 29, 30, 31, 32, 33, 34, 35, 36, 37]
		},
		{
			"name": "4",
			"origin": [8, 2.5, 8],
			"color": 0,
			"children": [38, 39, 40, 41, 42, 43, 44, 45, 46, 47, 48, 49, 50, 51, 52, 53]
		},
		{
			"name": "5",
			"origin": [8, 3.5, 8],
			"color": 0,
			"children": [54, 55, 56, 57, 58, 59, 60, 61, 62, 63]
		},
		{
			"name": "6",
			"origin": [8, 5.5, 8],
			"color": 0,
			"children": [64, 65, 66, 67, 68, 69, 70, 71, 72, 73, 74, 75]
		},
		{
			"name": "7",
			"origin": [8, 5.5, 8],
			"color": 0,
			"children": [76, 77, 78, 79, 80, 81, 82, 83, 84, 85]
		},
		{
			"name": "8",
			"origin": [8, 7.5, 8],
			"color": 0,
			"children": [86, 87, 88, 89, 90, 91, 92, 93, 94, 95, 96, 97, 98, 99, 100, 101, 102, 103]
		},
		{
			"name": "9",
			"origin": [8, 7.5, 8],
			"color": 0,
			"children": [104, 105, 106, 107, 108, 109, 110, 111, 112, 113, 114, 115, 116, 117, 118, 119, 120, 121]
		},
		{
			"name": "10",
			"origin": [8, 7.5, 8],
			"color": 0,
			"children": [122, 123, 124, 125, 126, 127, 128, 129, 130, 131, 132, 133, 134, 135, 136, 137]
		},
		138,
		139,
		140,
		141
	]
}