{
    "parent": "item/generated",
    "textures": {
        "layer0": "item/leather_leggings",
        "layer1": "item/leather_leggings_overlay"
    },
    "overrides": [
	{
      "model": "minecraft:item/leather_leggings_quartz_trim",
      "predicate": {
        "trim_type": 0.1
      }
    },
    {
      "model": "minecraft:item/leather_leggings_iron_trim",
      "predicate": {
        "trim_type": 0.2
      }
    },
    {
      "model": "minecraft:item/leather_leggings_netherite_trim",
      "predicate": {
        "trim_type": 0.3
      }
    },
    {
      "model": "minecraft:item/leather_leggings_redstone_trim",
      "predicate": {
        "trim_type": 0.4
      }
    },
    {
      "model": "minecraft:item/leather_leggings_copper_trim",
      "predicate": {
        "trim_type": 0.5
      }
    },
    {
      "model": "minecraft:item/leather_leggings_gold_trim",
      "predicate": {
        "trim_type": 0.6
      }
    },
    {
      "model": "minecraft:item/leather_leggings_emerald_trim",
      "predicate": {
        "trim_type": 0.7
      }
    },
    {
      "model": "minecraft:item/leather_leggings_diamond_trim",
      "predicate": {
        "trim_type": 0.8
      }
    },
    {
      "model": "minecraft:item/leather_leggings_lapis_trim",
      "predicate": {
        "trim_type": 0.9
      }
    },
    {
      "model": "minecraft:item/leather_leggings_amethyst_trim",
      "predicate": {
        "trim_type": 1.0
      }
    },
	{"predicate": {"custom_model_data": 540010}, "model": "siscu_se:item/stray_leggings"},
	{"predicate": {"custom_model_data": 548001}, "model": "siscu_se:item/elegant_pants"},
	{"predicate": {"custom_model_data": 548101}, "model": "siscu_se:item/copper_leggings"},
	{"predicate": {"custom_model_data": 548102}, "model": "siscu_se:item/exposed_copper_leggings"},
	{"predicate": {"custom_model_data": 548103}, "model": "siscu_se:item/weathered_copper_leggings"},
	{"predicate": {"custom_model_data": 548104}, "model": "siscu_se:item/oxidised_copper_leggings"}
    ]
}
