{
    "parent": "item/generated",
    "textures": {
        "layer0": "item/leather_chestplate",
        "layer1": "item/leather_chestplate_overlay"
    },
    "overrides": [
	{
      "model": "minecraft:item/leather_chestplate_quartz_trim",
      "predicate": {
        "trim_type": 0.1
      }
    },
    {
      "model": "minecraft:item/leather_chestplate_iron_trim",
      "predicate": {
        "trim_type": 0.2
      }
    },
    {
      "model": "minecraft:item/leather_chestplate_netherite_trim",
      "predicate": {
        "trim_type": 0.3
      }
    },
    {
      "model": "minecraft:item/leather_chestplate_redstone_trim",
      "predicate": {
        "trim_type": 0.4
      }
    },
    {
      "model": "minecraft:item/leather_chestplate_copper_trim",
      "predicate": {
        "trim_type": 0.5
      }
    },
    {
      "model": "minecraft:item/leather_chestplate_gold_trim",
      "predicate": {
        "trim_type": 0.6
      }
    },
    {
      "model": "minecraft:item/leather_chestplate_emerald_trim",
      "predicate": {
        "trim_type": 0.7
      }
    },
    {
      "model": "minecraft:item/leather_chestplate_diamond_trim",
      "predicate": {
        "trim_type": 0.8
      }
    },
    {
      "model": "minecraft:item/leather_chestplate_lapis_trim",
      "predicate": {
        "trim_type": 0.9
      }
    },
    {
      "model": "minecraft:item/leather_chestplate_amethyst_trim",
      "predicate": {
        "trim_type": 1.0
      }
    },
	{"predicate": {"custom_model_data": 540000}, "model": "siscu_se:item/copper_armor"},
	{"predicate": {"custom_model_data": 540010}, "model": "siscu_se:item/stray_chestplate"},
	{"predicate": {"custom_model_data": 540011}, "model": "siscu_se:item/husk_chestplate"},
	{"predicate": {"custom_model_data": 548001}, "model": "siscu_se:item/elegant_suit"},
	{"predicate": {"custom_model_data": 548101}, "model": "siscu_se:item/copper_chestplate"},
	{"predicate": {"custom_model_data": 548102}, "model": "siscu_se:item/exposed_copper_chestplate"},
	{"predicate": {"custom_model_data": 548103}, "model": "siscu_se:item/weathered_copper_chestplate"},
	{"predicate": {"custom_model_data": 548104}, "model": "siscu_se:item/oxidised_copper_chestplate"}
    ]
}
