{
	"credit": "Made with Blockbench",
	"texture_size": [64, 64],
	"textures": {
		"main": "cepice:item/otaznik"
	},
	"elements": [
		{
			"from": [8, -5, 8],
			"to": [13, 0, 13],
			"rotation": {"angle": -45, "axis": "y", "origin": [10.5, 14.5, 10.5]},
			"faces": {
				"north": {"uv": [8, 0, 8.3125, 0.3125], "texture": "#main"},
				"east": {"uv": [8, 0.3125, 8.3125, 0.625], "texture": "#main"},
				"south": {"uv": [8.3125, 0, 8.625, 0.3125], "texture": "#main"},
				"west": {"uv": [8.3125, 0.3125, 8.625, 0.625], "texture": "#main"},
				"up": {"uv": [8.3125, 0.9375, 8, 0.625], "texture": "#main"},
				"down": {"uv": [8.9375, 0, 8.625, 0.3125], "texture": "#main"}
			}
		},
		{
			"from": [13, 25, 8],
			"to": [18, 30, 13],
			"rotation": {"angle": -45, "axis": "y", "origin": [10.5, 14.5, 10.5]},
			"faces": {
				"north": {"uv": [8.3125, 0.625, 8.625, 0.9375], "texture": "#main"},
				"east": {"uv": [8.625, 0.3125, 8.9375, 0.625], "texture": "#main"},
				"south": {"uv": [8.625, 0.625, 8.9375, 0.9375], "texture": "#main"},
				"west": {"uv": [8, 0.9375, 8.3125, 1.25], "texture": "#main"},
				"up": {"uv": [9.25, 0.3125, 8.9375, 0], "texture": "#main"},
				"down": {"uv": [8.625, 0.9375, 8.3125, 1.25], "texture": "#main"}
			}
		},
		{
			"from": [8, 25, 8],
			"to": [13, 30, 13],
			"rotation": {"angle": -45, "axis": "y", "origin": [10.5, 14.5, 10.5]},
			"faces": {
				"north": {"uv": [8.9375, 0.3125, 9.25, 0.625], "texture": "#main"},
				"east": {"uv": [8.625, 0.9375, 8.9375, 1.25], "texture": "#main"},
				"south": {"uv": [8.9375, 0.625, 9.25, 0.9375], "texture": "#main"},
				"west": {"uv": [8.9375, 0.9375, 9.25, 1.25], "texture": "#main"},
				"up": {"uv": [8.3125, 1.5625, 8, 1.25], "texture": "#main"},
				"down": {"uv": [9.5625, 0, 9.25, 0.3125], "texture": "#main"}
			}
		},
		{
			"from": [3, 25, 8],
			"to": [8, 30, 13],
			"rotation": {"angle": -45, "axis": "y", "origin": [10.5, 14.5, 10.5]},
			"faces": {
				"north": {"uv": [8.3125, 1.25, 8.625, 1.5625], "texture": "#main"},
				"east": {"uv": [9.25, 0.3125, 9.5625, 0.625], "texture": "#main"},
				"south": {"uv": [8.625, 1.25, 8.9375, 1.5625], "texture": "#main"},
				"west": {"uv": [9.25, 0.625, 9.5625, 0.9375], "texture": "#main"},
				"up": {"uv": [9.25, 1.5625, 8.9375, 1.25], "texture": "#main"},
				"down": {"uv": [9.5625, 0.9375, 9.25, 1.25], "texture": "#main"}
			}
		},
		{
			"from": [18, 20, 8],
			"to": [23, 25, 13],
			"rotation": {"angle": -45, "axis": "y", "origin": [10.5, 14.5, 10.5]},
			"faces": {
				"north": {"uv": [9.25, 1.25, 9.5625, 1.5625], "texture": "#main"},
				"east": {"uv": [8, 1.5625, 8.3125, 1.875], "texture": "#main"},
				"south": {"uv": [9.5625, 0, 9.875, 0.3125], "texture": "#main"},
				"west": {"uv": [8.3125, 1.5625, 8.625, 1.875], "texture": "#main"},
				"up": {"uv": [9.875, 0.625, 9.5625, 0.3125], "texture": "#main"},
				"down": {"uv": [8.9375, 1.5625, 8.625, 1.875], "texture": "#main"}
			}
		},
		{
			"from": [3, 10, 8],
			"to": [8, 15, 13],
			"rotation": {"angle": -45, "axis": "y", "origin": [10.5, 14.5, 10.5]},
			"faces": {
				"north": {"uv": [9.5625, 0.625, 9.875, 0.9375], "texture": "#main"},
				"east": {"uv": [8.9375, 1.5625, 9.25, 1.875], "texture": "#main"},
				"south": {"uv": [9.5625, 0.9375, 9.875, 1.25], "texture": "#main"},
				"west": {"uv": [9.25, 1.5625, 9.5625, 1.875], "texture": "#main"},
				"up": {"uv": [9.875, 1.5625, 9.5625, 1.25], "texture": "#main"},
				"down": {"uv": [9.875, 1.5625, 9.5625, 1.875], "texture": "#main"}
			}
		},
		{
			"from": [-2, 20, 8],
			"to": [3, 25, 13],
			"rotation": {"angle": -45, "axis": "y", "origin": [10.5, 14.5, 10.5]},
			"faces": {
				"north": {"uv": [8, 1.875, 8.3125, 2.1875], "texture": "#main"},
				"east": {"uv": [9.875, 0, 10.1875, 0.3125], "texture": "#main"},
				"south": {"uv": [8.3125, 1.875, 8.625, 2.1875], "texture": "#main"},
				"west": {"uv": [9.875, 0.3125, 10.1875, 0.625], "texture": "#main"},
				"up": {"uv": [8.9375, 2.1875, 8.625, 1.875], "texture": "#main"},
				"down": {"uv": [10.1875, 0.625, 9.875, 0.9375], "texture": "#main"}
			}
		},
		{
			"from": [-2, 15, 8],
			"to": [3, 20, 13],
			"rotation": {"angle": -45, "axis": "y", "origin": [10.5, 14.5, 10.5]},
			"faces": {
				"north": {"uv": [8.9375, 1.875, 9.25, 2.1875], "texture": "#main"},
				"east": {"uv": [9.875, 0.9375, 10.1875, 1.25], "texture": "#main"},
				"south": {"uv": [9.25, 1.875, 9.5625, 2.1875], "texture": "#main"},
				"west": {"uv": [9.875, 1.25, 10.1875, 1.5625], "texture": "#main"},
				"up": {"uv": [9.875, 2.1875, 9.5625, 1.875], "texture": "#main"},
				"down": {"uv": [10.1875, 1.5625, 9.875, 1.875], "texture": "#main"}
			}
		},
		{
			"from": [8, 5, 8],
			"to": [13, 10, 13],
			"rotation": {"angle": -45, "axis": "y", "origin": [10.5, 14.5, 10.5]},
			"faces": {
				"north": {"uv": [9.875, 1.875, 10.1875, 2.1875], "texture": "#main"},
				"east": {"uv": [8, 2.1875, 8.3125, 2.5], "texture": "#main"},
				"south": {"uv": [10.1875, 0, 10.5, 0.3125], "texture": "#main"},
				"west": {"uv": [8.3125, 2.1875, 8.625, 2.5], "texture": "#main"},
				"up": {"uv": [10.5, 0.625, 10.1875, 0.3125], "texture": "#main"},
				"down": {"uv": [8.9375, 2.1875, 8.625, 2.5], "texture": "#main"}
			}
		},
		{
			"from": [8, -6, 8],
			"to": [13, -1, 13],
			"rotation": {"angle": 22.5, "axis": "y", "origin": [10.5, 14.5, 10.5]},
			"faces": {
				"north": {"uv": [12.3125, 0.3125, 12.625, 0.625], "texture": "#main"},
				"east": {"uv": [12, 0, 12.3125, 0.3125], "texture": "#main"},
				"south": {"uv": [12, 0.3125, 12.3125, 0.625], "texture": "#main"},
				"west": {"uv": [12.3125, 0, 12.625, 0.3125], "texture": "#main"},
				"up": {"uv": [12.3125, 0.9375, 12, 0.625], "rotation": 90, "texture": "#main"},
				"down": {"uv": [12.9375, 0, 12.625, 0.3125], "rotation": 270, "texture": "#main"}
			}
		},
		{
			"from": [8, 24, 13],
			"to": [13, 29, 18],
			"rotation": {"angle": 22.5, "axis": "y", "origin": [10.5, 14.5, 10.5]},
			"faces": {
				"north": {"uv": [12, 0.9375, 12.3125, 1.25], "texture": "#main"},
				"east": {"uv": [12.3125, 0.625, 12.625, 0.9375], "texture": "#main"},
				"south": {"uv": [12.625, 0.3125, 12.9375, 0.625], "texture": "#main"},
				"west": {"uv": [12.625, 0.625, 12.9375, 0.9375], "texture": "#main"},
				"up": {"uv": [13.25, 0.3125, 12.9375, 0], "rotation": 90, "texture": "#main"},
				"down": {"uv": [12.625, 0.9375, 12.3125, 1.25], "rotation": 270, "texture": "#main"}
			}
		},
		{
			"from": [8, 24, 8],
			"to": [13, 29, 13],
			"rotation": {"angle": 22.5, "axis": "y", "origin": [10.5, 14.5, 10.5]},
			"faces": {
				"north": {"uv": [12.9375, 0.9375, 13.25, 1.25], "texture": "#main"},
				"east": {"uv": [12.9375, 0.3125, 13.25, 0.625], "texture": "#main"},
				"south": {"uv": [12.625, 0.9375, 12.9375, 1.25], "texture": "#main"},
				"west": {"uv": [12.9375, 0.625, 13.25, 0.9375], "texture": "#main"},
				"up": {"uv": [12.3125, 1.5625, 12, 1.25], "rotation": 90, "texture": "#main"},
				"down": {"uv": [13.5625, 0, 13.25, 0.3125], "rotation": 270, "texture": "#main"}
			}
		},
		{
			"from": [8, 24, 3],
			"to": [13, 29, 8],
			"rotation": {"angle": 22.5, "axis": "y", "origin": [10.5, 14.5, 10.5]},
			"faces": {
				"north": {"uv": [13.25, 0.625, 13.5625, 0.9375], "texture": "#main"},
				"east": {"uv": [12.3125, 1.25, 12.625, 1.5625], "texture": "#main"},
				"south": {"uv": [13.25, 0.3125, 13.5625, 0.625], "texture": "#main"},
				"west": {"uv": [12.625, 1.25, 12.9375, 1.5625], "texture": "#main"},
				"up": {"uv": [13.25, 1.5625, 12.9375, 1.25], "rotation": 90, "texture": "#main"},
				"down": {"uv": [13.5625, 0.9375, 13.25, 1.25], "rotation": 270, "texture": "#main"}
			}
		},
		{
			"from": [8, 19, 18],
			"to": [13, 24, 23],
			"rotation": {"angle": 22.5, "axis": "y", "origin": [10.5, 14.5, 10.5]},
			"faces": {
				"north": {"uv": [12.3125, 1.5625, 12.625, 1.875], "texture": "#main"},
				"east": {"uv": [13.25, 1.25, 13.5625, 1.5625], "texture": "#main"},
				"south": {"uv": [12, 1.5625, 12.3125, 1.875], "texture": "#main"},
				"west": {"uv": [13.5625, 0, 13.875, 0.3125], "texture": "#main"},
				"up": {"uv": [13.875, 0.625, 13.5625, 0.3125], "rotation": 90, "texture": "#main"},
				"down": {"uv": [12.9375, 1.5625, 12.625, 1.875], "rotation": 270, "texture": "#main"}
			}
		},
		{
			"from": [8, 9, 3],
			"to": [13, 14, 8],
			"rotation": {"angle": 22.5, "axis": "y", "origin": [10.5, 14.5, 10.5]},
			"faces": {
				"north": {"uv": [13.25, 1.5625, 13.5625, 1.875], "texture": "#main"},
				"east": {"uv": [13.5625, 0.625, 13.875, 0.9375], "texture": "#main"},
				"south": {"uv": [12.9375, 1.5625, 13.25, 1.875], "texture": "#main"},
				"west": {"uv": [13.5625, 0.9375, 13.875, 1.25], "texture": "#main"},
				"up": {"uv": [13.875, 1.5625, 13.5625, 1.25], "rotation": 90, "texture": "#main"},
				"down": {"uv": [13.875, 1.5625, 13.5625, 1.875], "rotation": 270, "texture": "#main"}
			}
		},
		{
			"from": [8, 19, -2],
			"to": [13, 24, 3],
			"rotation": {"angle": 22.5, "axis": "y", "origin": [10.5, 14.5, 10.5]},
			"faces": {
				"north": {"uv": [13.875, 0.3125, 14.1875, 0.625], "texture": "#main"},
				"east": {"uv": [12, 1.875, 12.3125, 2.1875], "texture": "#main"},
				"south": {"uv": [13.875, 0, 14.1875, 0.3125], "texture": "#main"},
				"west": {"uv": [12.3125, 1.875, 12.625, 2.1875], "texture": "#main"},
				"up": {"uv": [12.9375, 2.1875, 12.625, 1.875], "rotation": 90, "texture": "#main"},
				"down": {"uv": [14.1875, 0.625, 13.875, 0.9375], "rotation": 270, "texture": "#main"}
			}
		},
		{
			"from": [8, 14, -2],
			"to": [13, 19, 3],
			"rotation": {"angle": 22.5, "axis": "y", "origin": [10.5, 14.5, 10.5]},
			"faces": {
				"north": {"uv": [13.875, 1.25, 14.1875, 1.5625], "texture": "#main"},
				"east": {"uv": [12.9375, 1.875, 13.25, 2.1875], "texture": "#main"},
				"south": {"uv": [13.875, 0.9375, 14.1875, 1.25], "texture": "#main"},
				"west": {"uv": [13.25, 1.875, 13.5625, 2.1875], "texture": "#main"},
				"up": {"uv": [13.875, 2.1875, 13.5625, 1.875], "rotation": 90, "texture": "#main"},
				"down": {"uv": [14.1875, 1.5625, 13.875, 1.875], "rotation": 270, "texture": "#main"}
			}
		},
		{
			"from": [8, 4, 8],
			"to": [13, 9, 13],
			"rotation": {"angle": 22.5, "axis": "y", "origin": [10.5, 14.5, 10.5]},
			"faces": {
				"north": {"uv": [12.3125, 2.1875, 12.625, 2.5], "texture": "#main"},
				"east": {"uv": [13.875, 1.875, 14.1875, 2.1875], "texture": "#main"},
				"south": {"uv": [12, 2.1875, 12.3125, 2.5], "texture": "#main"},
				"west": {"uv": [14.1875, 0, 14.5, 0.3125], "texture": "#main"},
				"up": {"uv": [14.5, 0.625, 14.1875, 0.3125], "rotation": 90, "texture": "#main"},
				"down": {"uv": [12.9375, 2.1875, 12.625, 2.5], "rotation": 270, "texture": "#main"}
			}
		},
		{
			"from": [8, -7, 8],
			"to": [13, -2, 13],
			"rotation": {"angle": 0, "axis": "y", "origin": [10.5, 14.5, 10.5]},
			"faces": {
				"north": {"uv": [0.3125, 4.3125, 0.625, 4.625], "texture": "#main"},
				"east": {"uv": [0, 4, 0.3125, 4.3125], "texture": "#main"},
				"south": {"uv": [0, 4.3125, 0.3125, 4.625], "texture": "#main"},
				"west": {"uv": [0.3125, 4, 0.625, 4.3125], "texture": "#main"},
				"up": {"uv": [0.3125, 4.9375, 0, 4.625], "rotation": 90, "texture": "#main"},
				"down": {"uv": [0.9375, 4, 0.625, 4.3125], "rotation": 270, "texture": "#main"}
			}
		},
		{
			"from": [8, 23, 13],
			"to": [13, 28, 18],
			"rotation": {"angle": 0, "axis": "y", "origin": [10.5, 14.5, 10.5]},
			"faces": {
				"north": {"uv": [0, 4.9375, 0.3125, 5.25], "texture": "#main"},
				"east": {"uv": [0.3125, 4.625, 0.625, 4.9375], "texture": "#main"},
				"south": {"uv": [0.625, 4.3125, 0.9375, 4.625], "texture": "#main"},
				"west": {"uv": [0.625, 4.625, 0.9375, 4.9375], "texture": "#main"},
				"up": {"uv": [1.25, 4.3125, 0.9375, 4], "rotation": 90, "texture": "#main"},
				"down": {"uv": [0.625, 4.9375, 0.3125, 5.25], "rotation": 270, "texture": "#main"}
			}
		},
		{
			"from": [8, 23, 8],
			"to": [13, 28, 13],
			"rotation": {"angle": 0, "axis": "y", "origin": [10.5, 14.5, 10.5]},
			"faces": {
				"north": {"uv": [0.9375, 4.9375, 1.25, 5.25], "texture": "#main"},
				"east": {"uv": [0.9375, 4.3125, 1.25, 4.625], "texture": "#main"},
				"south": {"uv": [0.625, 4.9375, 0.9375, 5.25], "texture": "#main"},
				"west": {"uv": [0.9375, 4.625, 1.25, 4.9375], "texture": "#main"},
				"up": {"uv": [0.3125, 5.5625, 0, 5.25], "rotation": 90, "texture": "#main"},
				"down": {"uv": [1.5625, 4, 1.25, 4.3125], "rotation": 270, "texture": "#main"}
			}
		},
		{
			"from": [8, 23, 3],
			"to": [13, 28, 8],
			"rotation": {"angle": 0, "axis": "y", "origin": [10.5, 14.5, 10.5]},
			"faces": {
				"north": {"uv": [1.25, 4.625, 1.5625, 4.9375], "texture": "#main"},
				"east": {"uv": [0.3125, 5.25, 0.625, 5.5625], "texture": "#main"},
				"south": {"uv": [1.25, 4.3125, 1.5625, 4.625], "texture": "#main"},
				"west": {"uv": [0.625, 5.25, 0.9375, 5.5625], "texture": "#main"},
				"up": {"uv": [1.25, 5.5625, 0.9375, 5.25], "rotation": 90, "texture": "#main"},
				"down": {"uv": [1.5625, 4.9375, 1.25, 5.25], "rotation": 270, "texture": "#main"}
			}
		},
		{
			"from": [8, 18, 18],
			"to": [13, 23, 23],
			"rotation": {"angle": 0, "axis": "y", "origin": [10.5, 14.5, 10.5]},
			"faces": {
				"north": {"uv": [0.3125, 5.5625, 0.625, 5.875], "texture": "#main"},
				"east": {"uv": [1.25, 5.25, 1.5625, 5.5625], "texture": "#main"},
				"south": {"uv": [0, 5.5625, 0.3125, 5.875], "texture": "#main"},
				"west": {"uv": [1.5625, 4, 1.875, 4.3125], "texture": "#main"},
				"up": {"uv": [1.875, 4.625, 1.5625, 4.3125], "rotation": 90, "texture": "#main"},
				"down": {"uv": [0.9375, 5.5625, 0.625, 5.875], "rotation": 270, "texture": "#main"}
			}
		},
		{
			"from": [8, 8, 3],
			"to": [13, 13, 8],
			"rotation": {"angle": 0, "axis": "y", "origin": [10.5, 14.5, 10.5]},
			"faces": {
				"north": {"uv": [1.25, 5.5625, 1.5625, 5.875], "texture": "#main"},
				"east": {"uv": [1.5625, 4.625, 1.875, 4.9375], "texture": "#main"},
				"south": {"uv": [0.9375, 5.5625, 1.25, 5.875], "texture": "#main"},
				"west": {"uv": [1.5625, 4.9375, 1.875, 5.25], "texture": "#main"},
				"up": {"uv": [1.875, 5.5625, 1.5625, 5.25], "rotation": 90, "texture": "#main"},
				"down": {"uv": [1.875, 5.5625, 1.5625, 5.875], "rotation": 270, "texture": "#main"}
			}
		},
		{
			"from": [8, 18, -2],
			"to": [13, 23, 3],
			"rotation": {"angle": 0, "axis": "y", "origin": [10.5, 14.5, 10.5]},
			"faces": {
				"north": {"uv": [1.875, 4.3125, 2.1875, 4.625], "texture": "#main"},
				"east": {"uv": [0, 5.875, 0.3125, 6.1875], "texture": "#main"},
				"south": {"uv": [1.875, 4, 2.1875, 4.3125], "texture": "#main"},
				"west": {"uv": [0.3125, 5.875, 0.625, 6.1875], "texture": "#main"},
				"up": {"uv": [0.9375, 6.1875, 0.625, 5.875], "rotation": 90, "texture": "#main"},
				"down": {"uv": [2.1875, 4.625, 1.875, 4.9375], "rotation": 270, "texture": "#main"}
			}
		},
		{
			"from": [8, 13, -2],
			"to": [13, 18, 3],
			"rotation": {"angle": 0, "axis": "y", "origin": [10.5, 14.5, 10.5]},
			"faces": {
				"north": {"uv": [1.875, 5.25, 2.1875, 5.5625], "texture": "#main"},
				"east": {"uv": [0.9375, 5.875, 1.25, 6.1875], "texture": "#main"},
				"south": {"uv": [1.875, 4.9375, 2.1875, 5.25], "texture": "#main"},
				"west": {"uv": [1.25, 5.875, 1.5625, 6.1875], "texture": "#main"},
				"up": {"uv": [1.875, 6.1875, 1.5625, 5.875], "rotation": 90, "texture": "#main"},
				"down": {"uv": [2.1875, 5.5625, 1.875, 5.875], "rotation": 270, "texture": "#main"}
			}
		},
		{
			"from": [8, 3, 8],
			"to": [13, 8, 13],
			"rotation": {"angle": 0, "axis": "y", "origin": [10.5, 14.5, 10.5]},
			"faces": {
				"north": {"uv": [0.3125, 6.1875, 0.625, 6.5], "texture": "#main"},
				"east": {"uv": [1.875, 5.875, 2.1875, 6.1875], "texture": "#main"},
				"south": {"uv": [0, 6.1875, 0.3125, 6.5], "texture": "#main"},
				"west": {"uv": [2.1875, 4, 2.5, 4.3125], "texture": "#main"},
				"up": {"uv": [2.5, 4.625, 2.1875, 4.3125], "rotation": 90, "texture": "#main"},
				"down": {"uv": [0.9375, 6.1875, 0.625, 6.5], "rotation": 270, "texture": "#main"}
			}
		},
		{
			"from": [8, -8, 8],
			"to": [13, -3, 13],
			"rotation": {"angle": -22.5, "axis": "y", "origin": [10.5, 14.5, 10.5]},
			"faces": {
				"north": {"uv": [4.3125, 4.3125, 4.625, 4.625], "texture": "#main"},
				"east": {"uv": [4, 4, 4.3125, 4.3125], "texture": "#main"},
				"south": {"uv": [4, 4.3125, 4.3125, 4.625], "texture": "#main"},
				"west": {"uv": [4.3125, 4, 4.625, 4.3125], "texture": "#main"},
				"up": {"uv": [4.3125, 4.9375, 4, 4.625], "rotation": 90, "texture": "#main"},
				"down": {"uv": [4.9375, 4, 4.625, 4.3125], "rotation": 270, "texture": "#main"}
			}
		},
		{
			"from": [8, 22, 13],
			"to": [13, 27, 18],
			"rotation": {"angle": -22.5, "axis": "y", "origin": [10.5, 14.5, 10.5]},
			"faces": {
				"north": {"uv": [4, 4.9375, 4.3125, 5.25], "texture": "#main"},
				"east": {"uv": [4.3125, 4.625, 4.625, 4.9375], "texture": "#main"},
				"south": {"uv": [4.625, 4.3125, 4.9375, 4.625], "texture": "#main"},
				"west": {"uv": [4.625, 4.625, 4.9375, 4.9375], "texture": "#main"},
				"up": {"uv": [5.25, 4.3125, 4.9375, 4], "rotation": 90, "texture": "#main"},
				"down": {"uv": [4.625, 4.9375, 4.3125, 5.25], "rotation": 270, "texture": "#main"}
			}
		},
		{
			"from": [8, 22, 8],
			"to": [13, 27, 13],
			"rotation": {"angle": -22.5, "axis": "y", "origin": [10.5, 14.5, 10.5]},
			"faces": {
				"north": {"uv": [4.9375, 4.9375, 5.25, 5.25], "texture": "#main"},
				"east": {"uv": [4.9375, 4.3125, 5.25, 4.625], "texture": "#main"},
				"south": {"uv": [4.625, 4.9375, 4.9375, 5.25], "texture": "#main"},
				"west": {"uv": [4.9375, 4.625, 5.25, 4.9375], "texture": "#main"},
				"up": {"uv": [4.3125, 5.5625, 4, 5.25], "rotation": 90, "texture": "#main"},
				"down": {"uv": [5.5625, 4, 5.25, 4.3125], "rotation": 270, "texture": "#main"}
			}
		},
		{
			"from": [8, 22, 3],
			"to": [13, 27, 8],
			"rotation": {"angle": -22.5, "axis": "y", "origin": [10.5, 14.5, 10.5]},
			"faces": {
				"north": {"uv": [5.25, 4.625, 5.5625, 4.9375], "texture": "#main"},
				"east": {"uv": [4.3125, 5.25, 4.625, 5.5625], "texture": "#main"},
				"south": {"uv": [5.25, 4.3125, 5.5625, 4.625], "texture": "#main"},
				"west": {"uv": [4.625, 5.25, 4.9375, 5.5625], "texture": "#main"},
				"up": {"uv": [5.25, 5.5625, 4.9375, 5.25], "rotation": 90, "texture": "#main"},
				"down": {"uv": [5.5625, 4.9375, 5.25, 5.25], "rotation": 270, "texture": "#main"}
			}
		},
		{
			"from": [8, 17, 18],
			"to": [13, 22, 23],
			"rotation": {"angle": -22.5, "axis": "y", "origin": [10.5, 14.5, 10.5]},
			"faces": {
				"north": {"uv": [4.3125, 5.5625, 4.625, 5.875], "texture": "#main"},
				"east": {"uv": [5.25, 5.25, 5.5625, 5.5625], "texture": "#main"},
				"south": {"uv": [4, 5.5625, 4.3125, 5.875], "texture": "#main"},
				"west": {"uv": [5.5625, 4, 5.875, 4.3125], "texture": "#main"},
				"up": {"uv": [5.875, 4.625, 5.5625, 4.3125], "rotation": 90, "texture": "#main"},
				"down": {"uv": [4.9375, 5.5625, 4.625, 5.875], "rotation": 270, "texture": "#main"}
			}
		},
		{
			"from": [8, 7, 3],
			"to": [13, 12, 8],
			"rotation": {"angle": -22.5, "axis": "y", "origin": [10.5, 14.5, 10.5]},
			"faces": {
				"north": {"uv": [5.25, 5.5625, 5.5625, 5.875], "texture": "#main"},
				"east": {"uv": [5.5625, 4.625, 5.875, 4.9375], "texture": "#main"},
				"south": {"uv": [4.9375, 5.5625, 5.25, 5.875], "texture": "#main"},
				"west": {"uv": [5.5625, 4.9375, 5.875, 5.25], "texture": "#main"},
				"up": {"uv": [5.875, 5.5625, 5.5625, 5.25], "rotation": 90, "texture": "#main"},
				"down": {"uv": [5.875, 5.5625, 5.5625, 5.875], "rotation": 270, "texture": "#main"}
			}
		},
		{
			"from": [8, 17, -2],
			"to": [13, 22, 3],
			"rotation": {"angle": -22.5, "axis": "y", "origin": [10.5, 14.5, 10.5]},
			"faces": {
				"north": {"uv": [5.875, 4.3125, 6.1875, 4.625], "texture": "#main"},
				"east": {"uv": [4, 5.875, 4.3125, 6.1875], "texture": "#main"},
				"south": {"uv": [5.875, 4, 6.1875, 4.3125], "texture": "#main"},
				"west": {"uv": [4.3125, 5.875, 4.625, 6.1875], "texture": "#main"},
				"up": {"uv": [4.9375, 6.1875, 4.625, 5.875], "rotation": 90, "texture": "#main"},
				"down": {"uv": [6.1875, 4.625, 5.875, 4.9375], "rotation": 270, "texture": "#main"}
			}
		},
		{
			"from": [8, 12, -2],
			"to": [13, 17, 3],
			"rotation": {"angle": -22.5, "axis": "y", "origin": [10.5, 14.5, 10.5]},
			"faces": {
				"north": {"uv": [5.875, 5.25, 6.1875, 5.5625], "texture": "#main"},
				"east": {"uv": [4.9375, 5.875, 5.25, 6.1875], "texture": "#main"},
				"south": {"uv": [5.875, 4.9375, 6.1875, 5.25], "texture": "#main"},
				"west": {"uv": [5.25, 5.875, 5.5625, 6.1875], "texture": "#main"},
				"up": {"uv": [5.875, 6.1875, 5.5625, 5.875], "rotation": 90, "texture": "#main"},
				"down": {"uv": [6.1875, 5.5625, 5.875, 5.875], "rotation": 270, "texture": "#main"}
			}
		},
		{
			"from": [8, 2, 8],
			"to": [13, 7, 13],
			"rotation": {"angle": -22.5, "axis": "y", "origin": [10.5, 14.5, 10.5]},
			"faces": {
				"north": {"uv": [4.3125, 6.1875, 4.625, 6.5], "texture": "#main"},
				"east": {"uv": [5.875, 5.875, 6.1875, 6.1875], "texture": "#main"},
				"south": {"uv": [4, 6.1875, 4.3125, 6.5], "texture": "#main"},
				"west": {"uv": [6.1875, 4, 6.5, 4.3125], "texture": "#main"},
				"up": {"uv": [6.5, 4.625, 6.1875, 4.3125], "rotation": 90, "texture": "#main"},
				"down": {"uv": [4.9375, 6.1875, 4.625, 6.5], "rotation": 270, "texture": "#main"}
			}
		},
		{
			"from": [8, -9, 8],
			"to": [13, -4, 13],
			"rotation": {"angle": -45, "axis": "y", "origin": [10.5, 14.5, 10.5]},
			"faces": {
				"north": {"uv": [8.3125, 4.3125, 8.625, 4.625], "texture": "#main"},
				"east": {"uv": [8, 4, 8.3125, 4.3125], "texture": "#main"},
				"south": {"uv": [8, 4.3125, 8.3125, 4.625], "texture": "#main"},
				"west": {"uv": [8.3125, 4, 8.625, 4.3125], "texture": "#main"},
				"up": {"uv": [8.3125, 4.9375, 8, 4.625], "rotation": 90, "texture": "#main"},
				"down": {"uv": [8.9375, 4, 8.625, 4.3125], "rotation": 270, "texture": "#main"}
			}
		},
		{
			"from": [8, 21, 13],
			"to": [13, 26, 18],
			"rotation": {"angle": -45, "axis": "y", "origin": [10.5, 14.5, 10.5]},
			"faces": {
				"north": {"uv": [8, 4.9375, 8.3125, 5.25], "texture": "#main"},
				"east": {"uv": [8.3125, 4.625, 8.625, 4.9375], "texture": "#main"},
				"south": {"uv": [8.625, 4.3125, 8.9375, 4.625], "texture": "#main"},
				"west": {"uv": [8.625, 4.625, 8.9375, 4.9375], "texture": "#main"},
				"up": {"uv": [9.25, 4.3125, 8.9375, 4], "rotation": 90, "texture": "#main"},
				"down": {"uv": [8.625, 4.9375, 8.3125, 5.25], "rotation": 270, "texture": "#main"}
			}
		},
		{
			"from": [8, 21, 8],
			"to": [13, 26, 13],
			"rotation": {"angle": -45, "axis": "y", "origin": [10.5, 14.5, 10.5]},
			"faces": {
				"north": {"uv": [8.9375, 4.9375, 9.25, 5.25], "texture": "#main"},
				"east": {"uv": [8.9375, 4.3125, 9.25, 4.625], "texture": "#main"},
				"south": {"uv": [8.625, 4.9375, 8.9375, 5.25], "texture": "#main"},
				"west": {"uv": [8.9375, 4.625, 9.25, 4.9375], "texture": "#main"},
				"up": {"uv": [8.3125, 5.5625, 8, 5.25], "rotation": 90, "texture": "#main"},
				"down": {"uv": [9.5625, 4, 9.25, 4.3125], "rotation": 270, "texture": "#main"}
			}
		},
		{
			"from": [8, 21, 3],
			"to": [13, 26, 8],
			"rotation": {"angle": -45, "axis": "y", "origin": [10.5, 14.5, 10.5]},
			"faces": {
				"north": {"uv": [9.25, 4.625, 9.5625, 4.9375], "texture": "#main"},
				"east": {"uv": [8.3125, 5.25, 8.625, 5.5625], "texture": "#main"},
				"south": {"uv": [9.25, 4.3125, 9.5625, 4.625], "texture": "#main"},
				"west": {"uv": [8.625, 5.25, 8.9375, 5.5625], "texture": "#main"},
				"up": {"uv": [9.25, 5.5625, 8.9375, 5.25], "rotation": 90, "texture": "#main"},
				"down": {"uv": [9.5625, 4.9375, 9.25, 5.25], "rotation": 270, "texture": "#main"}
			}
		},
		{
			"from": [8, 16, 18],
			"to": [13, 21, 23],
			"rotation": {"angle": -45, "axis": "y", "origin": [10.5, 14.5, 10.5]},
			"faces": {
				"north": {"uv": [8.3125, 5.5625, 8.625, 5.875], "texture": "#main"},
				"east": {"uv": [9.25, 5.25, 9.5625, 5.5625], "texture": "#main"},
				"south": {"uv": [8, 5.5625, 8.3125, 5.875], "texture": "#main"},
				"west": {"uv": [9.5625, 4, 9.875, 4.3125], "texture": "#main"},
				"up": {"uv": [9.875, 4.625, 9.5625, 4.3125], "rotation": 90, "texture": "#main"},
				"down": {"uv": [8.9375, 5.5625, 8.625, 5.875], "rotation": 270, "texture": "#main"}
			}
		},
		{
			"from": [8, 6, 3],
			"to": [13, 11, 8],
			"rotation": {"angle": -45, "axis": "y", "origin": [10.5, 14.5, 10.5]},
			"faces": {
				"north": {"uv": [9.25, 5.5625, 9.5625, 5.875], "texture": "#main"},
				"east": {"uv": [9.5625, 4.625, 9.875, 4.9375], "texture": "#main"},
				"south": {"uv": [8.9375, 5.5625, 9.25, 5.875], "texture": "#main"},
				"west": {"uv": [9.5625, 4.9375, 9.875, 5.25], "texture": "#main"},
				"up": {"uv": [9.875, 5.5625, 9.5625, 5.25], "rotation": 90, "texture": "#main"},
				"down": {"uv": [9.875, 5.5625, 9.5625, 5.875], "rotation": 270, "texture": "#main"}
			}
		},
		{
			"from": [8, 16, -2],
			"to": [13, 21, 3],
			"rotation": {"angle": -45, "axis": "y", "origin": [10.5, 14.5, 10.5]},
			"faces": {
				"north": {"uv": [9.875, 4.3125, 10.1875, 4.625], "texture": "#main"},
				"east": {"uv": [8, 5.875, 8.3125, 6.1875], "texture": "#main"},
				"south": {"uv": [9.875, 4, 10.1875, 4.3125], "texture": "#main"},
				"west": {"uv": [8.3125, 5.875, 8.625, 6.1875], "texture": "#main"},
				"up": {"uv": [8.9375, 6.1875, 8.625, 5.875], "rotation": 90, "texture": "#main"},
				"down": {"uv": [10.1875, 4.625, 9.875, 4.9375], "rotation": 270, "texture": "#main"}
			}
		},
		{
			"from": [8, 11, -2],
			"to": [13, 16, 3],
			"rotation": {"angle": -45, "axis": "y", "origin": [10.5, 14.5, 10.5]},
			"faces": {
				"north": {"uv": [9.875, 5.25, 10.1875, 5.5625], "texture": "#main"},
				"east": {"uv": [8.9375, 5.875, 9.25, 6.1875], "texture": "#main"},
				"south": {"uv": [9.875, 4.9375, 10.1875, 5.25], "texture": "#main"},
				"west": {"uv": [9.25, 5.875, 9.5625, 6.1875], "texture": "#main"},
				"up": {"uv": [9.875, 6.1875, 9.5625, 5.875], "rotation": 90, "texture": "#main"},
				"down": {"uv": [10.1875, 5.5625, 9.875, 5.875], "rotation": 270, "texture": "#main"}
			}
		},
		{
			"from": [8, 1, 8],
			"to": [13, 6, 13],
			"rotation": {"angle": -45, "axis": "y", "origin": [10.5, 14.5, 10.5]},
			"faces": {
				"north": {"uv": [8.3125, 6.1875, 8.625, 6.5], "texture": "#main"},
				"east": {"uv": [9.875, 5.875, 10.1875, 6.1875], "texture": "#main"},
				"south": {"uv": [8, 6.1875, 8.3125, 6.5], "texture": "#main"},
				"west": {"uv": [10.1875, 4, 10.5, 4.3125], "texture": "#main"},
				"up": {"uv": [10.5, 4.625, 10.1875, 4.3125], "rotation": 90, "texture": "#main"},
				"down": {"uv": [8.9375, 6.1875, 8.625, 6.5], "rotation": 270, "texture": "#main"}
			}
		},
		{
			"from": [8, -10, 8],
			"to": [13, -5, 13],
			"rotation": {"angle": 22.5, "axis": "y", "origin": [10.5, 14.5, 10.5]},
			"faces": {
				"north": {"uv": [12.3125, 4, 12.625, 4.3125], "texture": "#main"},
				"east": {"uv": [12.3125, 4.3125, 12.625, 4.625], "texture": "#main"},
				"south": {"uv": [12, 4, 12.3125, 4.3125], "texture": "#main"},
				"west": {"uv": [12, 4.3125, 12.3125, 4.625], "texture": "#main"},
				"up": {"uv": [12.3125, 4.9375, 12, 4.625], "rotation": 180, "texture": "#main"},
				"down": {"uv": [12.9375, 4, 12.625, 4.3125], "rotation": 180, "texture": "#main"}
			}
		},
		{
			"from": [3, 20, 8],
			"to": [8, 25, 13],
			"rotation": {"angle": 22.5, "axis": "y", "origin": [10.5, 14.5, 10.5]},
			"faces": {
				"north": {"uv": [12.625, 4.625, 12.9375, 4.9375], "texture": "#main"},
				"east": {"uv": [12, 4.9375, 12.3125, 5.25], "texture": "#main"},
				"south": {"uv": [12.3125, 4.625, 12.625, 4.9375], "texture": "#main"},
				"west": {"uv": [12.625, 4.3125, 12.9375, 4.625], "texture": "#main"},
				"up": {"uv": [13.25, 4.3125, 12.9375, 4], "rotation": 180, "texture": "#main"},
				"down": {"uv": [12.625, 4.9375, 12.3125, 5.25], "rotation": 180, "texture": "#main"}
			}
		},
		{
			"from": [8, 20, 8],
			"to": [13, 25, 13],
			"rotation": {"angle": 22.5, "axis": "y", "origin": [10.5, 14.5, 10.5]},
			"faces": {
				"north": {"uv": [12.9375, 4.625, 13.25, 4.9375], "texture": "#main"},
				"east": {"uv": [12.9375, 4.9375, 13.25, 5.25], "texture": "#main"},
				"south": {"uv": [12.9375, 4.3125, 13.25, 4.625], "texture": "#main"},
				"west": {"uv": [12.625, 4.9375, 12.9375, 5.25], "texture": "#main"},
				"up": {"uv": [12.3125, 5.5625, 12, 5.25], "rotation": 180, "texture": "#main"},
				"down": {"uv": [13.5625, 4, 13.25, 4.3125], "rotation": 180, "texture": "#main"}
			}
		},
		{
			"from": [13, 20, 8],
			"to": [18, 25, 13],
			"rotation": {"angle": 22.5, "axis": "y", "origin": [10.5, 14.5, 10.5]},
			"faces": {
				"north": {"uv": [12.625, 5.25, 12.9375, 5.5625], "texture": "#main"},
				"east": {"uv": [13.25, 4.625, 13.5625, 4.9375], "texture": "#main"},
				"south": {"uv": [12.3125, 5.25, 12.625, 5.5625], "texture": "#main"},
				"west": {"uv": [13.25, 4.3125, 13.5625, 4.625], "texture": "#main"},
				"up": {"uv": [13.25, 5.5625, 12.9375, 5.25], "rotation": 180, "texture": "#main"},
				"down": {"uv": [13.5625, 4.9375, 13.25, 5.25], "rotation": 180, "texture": "#main"}
			}
		},
		{
			"from": [-2, 15, 8],
			"to": [3, 20, 13],
			"rotation": {"angle": 22.5, "axis": "y", "origin": [10.5, 14.5, 10.5]},
			"faces": {
				"north": {"uv": [13.5625, 4, 13.875, 4.3125], "texture": "#main"},
				"east": {"uv": [12.3125, 5.5625, 12.625, 5.875], "texture": "#main"},
				"south": {"uv": [13.25, 5.25, 13.5625, 5.5625], "texture": "#main"},
				"west": {"uv": [12, 5.5625, 12.3125, 5.875], "texture": "#main"},
				"up": {"uv": [13.875, 4.625, 13.5625, 4.3125], "rotation": 180, "texture": "#main"},
				"down": {"uv": [12.9375, 5.5625, 12.625, 5.875], "rotation": 180, "texture": "#main"}
			}
		},
		{
			"from": [13, 5, 8],
			"to": [18, 10, 13],
			"rotation": {"angle": 22.5, "axis": "y", "origin": [10.5, 14.5, 10.5]},
			"faces": {
				"north": {"uv": [13.5625, 4.9375, 13.875, 5.25], "texture": "#main"},
				"east": {"uv": [13.25, 5.5625, 13.5625, 5.875], "texture": "#main"},
				"south": {"uv": [13.5625, 4.625, 13.875, 4.9375], "texture": "#main"},
				"west": {"uv": [12.9375, 5.5625, 13.25, 5.875], "texture": "#main"},
				"up": {"uv": [13.875, 5.5625, 13.5625, 5.25], "rotation": 180, "texture": "#main"},
				"down": {"uv": [13.875, 5.5625, 13.5625, 5.875], "rotation": 180, "texture": "#main"}
			}
		},
		{
			"from": [18, 15, 8],
			"to": [23, 20, 13],
			"rotation": {"angle": 22.5, "axis": "y", "origin": [10.5, 14.5, 10.5]},
			"faces": {
				"north": {"uv": [12.3125, 5.875, 12.625, 6.1875], "texture": "#main"},
				"east": {"uv": [13.875, 4.3125, 14.1875, 4.625], "texture": "#main"},
				"south": {"uv": [12, 5.875, 12.3125, 6.1875], "texture": "#main"},
				"west": {"uv": [13.875, 4, 14.1875, 4.3125], "texture": "#main"},
				"up": {"uv": [12.9375, 6.1875, 12.625, 5.875], "rotation": 180, "texture": "#main"},
				"down": {"uv": [14.1875, 4.625, 13.875, 4.9375], "rotation": 180, "texture": "#main"}
			}
		},
		{
			"from": [18, 10, 8],
			"to": [23, 15, 13],
			"rotation": {"angle": 22.5, "axis": "y", "origin": [10.5, 14.5, 10.5]},
			"faces": {
				"north": {"uv": [13.25, 5.875, 13.5625, 6.1875], "texture": "#main"},
				"east": {"uv": [13.875, 5.25, 14.1875, 5.5625], "texture": "#main"},
				"south": {"uv": [12.9375, 5.875, 13.25, 6.1875], "texture": "#main"},
				"west": {"uv": [13.875, 4.9375, 14.1875, 5.25], "texture": "#main"},
				"up": {"uv": [13.875, 6.1875, 13.5625, 5.875], "rotation": 180, "texture": "#main"},
				"down": {"uv": [14.1875, 5.5625, 13.875, 5.875], "rotation": 180, "texture": "#main"}
			}
		},
		{
			"from": [8, 0, 8],
			"to": [13, 5, 13],
			"rotation": {"angle": 22.5, "axis": "y", "origin": [10.5, 14.5, 10.5]},
			"faces": {
				"north": {"uv": [14.1875, 4, 14.5, 4.3125], "texture": "#main"},
				"east": {"uv": [12.3125, 6.1875, 12.625, 6.5], "texture": "#main"},
				"south": {"uv": [13.875, 5.875, 14.1875, 6.1875], "texture": "#main"},
				"west": {"uv": [12, 6.1875, 12.3125, 6.5], "texture": "#main"},
				"up": {"uv": [14.5, 4.625, 14.1875, 4.3125], "rotation": 180, "texture": "#main"},
				"down": {"uv": [12.9375, 6.1875, 12.625, 6.5], "rotation": 180, "texture": "#main"}
			}
		},
		{
			"from": [8, -11, 8],
			"to": [13, -6, 13],
			"rotation": {"angle": 0, "axis": "y", "origin": [10.5, 14.5, 10.5]},
			"faces": {
				"north": {"uv": [0.3125, 8, 0.625, 8.3125], "texture": "#main"},
				"east": {"uv": [0.3125, 8.3125, 0.625, 8.625], "texture": "#main"},
				"south": {"uv": [0, 8, 0.3125, 8.3125], "texture": "#main"},
				"west": {"uv": [0, 8.3125, 0.3125, 8.625], "texture": "#main"},
				"up": {"uv": [0.3125, 8.9375, 0, 8.625], "rotation": 180, "texture": "#main"},
				"down": {"uv": [0.9375, 8, 0.625, 8.3125], "rotation": 180, "texture": "#main"}
			}
		},
		{
			"from": [3, 19, 8],
			"to": [8, 24, 13],
			"rotation": {"angle": 0, "axis": "y", "origin": [10.5, 14.5, 10.5]},
			"faces": {
				"north": {"uv": [0.625, 8.625, 0.9375, 8.9375], "texture": "#main"},
				"east": {"uv": [0, 8.9375, 0.3125, 9.25], "texture": "#main"},
				"south": {"uv": [0.3125, 8.625, 0.625, 8.9375], "texture": "#main"},
				"west": {"uv": [0.625, 8.3125, 0.9375, 8.625], "texture": "#main"},
				"up": {"uv": [1.25, 8.3125, 0.9375, 8], "rotation": 180, "texture": "#main"},
				"down": {"uv": [0.625, 8.9375, 0.3125, 9.25], "rotation": 180, "texture": "#main"}
			}
		},
		{
			"from": [8, 19, 8],
			"to": [13, 24, 13],
			"rotation": {"angle": 0, "axis": "y", "origin": [10.5, 14.5, 10.5]},
			"faces": {
				"north": {"uv": [0.9375, 8.625, 1.25, 8.9375], "texture": "#main"},
				"east": {"uv": [0.9375, 8.9375, 1.25, 9.25], "texture": "#main"},
				"south": {"uv": [0.9375, 8.3125, 1.25, 8.625], "texture": "#main"},
				"west": {"uv": [0.625, 8.9375, 0.9375, 9.25], "texture": "#main"},
				"up": {"uv": [0.3125, 9.5625, 0, 9.25], "rotation": 180, "texture": "#main"},
				"down": {"uv": [1.5625, 8, 1.25, 8.3125], "rotation": 180, "texture": "#main"}
			}
		},
		{
			"from": [13, 19, 8],
			"to": [18, 24, 13],
			"rotation": {"angle": 0, "axis": "y", "origin": [10.5, 14.5, 10.5]},
			"faces": {
				"north": {"uv": [0.625, 9.25, 0.9375, 9.5625], "texture": "#main"},
				"east": {"uv": [1.25, 8.625, 1.5625, 8.9375], "texture": "#main"},
				"south": {"uv": [0.3125, 9.25, 0.625, 9.5625], "texture": "#main"},
				"west": {"uv": [1.25, 8.3125, 1.5625, 8.625], "texture": "#main"},
				"up": {"uv": [1.25, 9.5625, 0.9375, 9.25], "rotation": 180, "texture": "#main"},
				"down": {"uv": [1.5625, 8.9375, 1.25, 9.25], "rotation": 180, "texture": "#main"}
			}
		},
		{
			"from": [-2, 14, 8],
			"to": [3, 19, 13],
			"rotation": {"angle": 0, "axis": "y", "origin": [10.5, 14.5, 10.5]},
			"faces": {
				"north": {"uv": [1.5625, 8, 1.875, 8.3125], "texture": "#main"},
				"east": {"uv": [0.3125, 9.5625, 0.625, 9.875], "texture": "#main"},
				"south": {"uv": [1.25, 9.25, 1.5625, 9.5625], "texture": "#main"},
				"west": {"uv": [0, 9.5625, 0.3125, 9.875], "texture": "#main"},
				"up": {"uv": [1.875, 8.625, 1.5625, 8.3125], "rotation": 180, "texture": "#main"},
				"down": {"uv": [0.9375, 9.5625, 0.625, 9.875], "rotation": 180, "texture": "#main"}
			}
		},
		{
			"from": [13, 4, 8],
			"to": [18, 9, 13],
			"rotation": {"angle": 0, "axis": "y", "origin": [10.5, 14.5, 10.5]},
			"faces": {
				"north": {"uv": [1.5625, 8.9375, 1.875, 9.25], "texture": "#main"},
				"east": {"uv": [1.25, 9.5625, 1.5625, 9.875], "texture": "#main"},
				"south": {"uv": [1.5625, 8.625, 1.875, 8.9375], "texture": "#main"},
				"west": {"uv": [0.9375, 9.5625, 1.25, 9.875], "texture": "#main"},
				"up": {"uv": [1.875, 9.5625, 1.5625, 9.25], "rotation": 180, "texture": "#main"},
				"down": {"uv": [1.875, 9.5625, 1.5625, 9.875], "rotation": 180, "texture": "#main"}
			}
		},
		{
			"from": [18, 14, 8],
			"to": [23, 19, 13],
			"rotation": {"angle": 0, "axis": "y", "origin": [10.5, 14.5, 10.5]},
			"faces": {
				"north": {"uv": [0.3125, 9.875, 0.625, 10.1875], "texture": "#main"},
				"east": {"uv": [1.875, 8.3125, 2.1875, 8.625], "texture": "#main"},
				"south": {"uv": [0, 9.875, 0.3125, 10.1875], "texture": "#main"},
				"west": {"uv": [1.875, 8, 2.1875, 8.3125], "texture": "#main"},
				"up": {"uv": [0.9375, 10.1875, 0.625, 9.875], "rotation": 180, "texture": "#main"},
				"down": {"uv": [2.1875, 8.625, 1.875, 8.9375], "rotation": 180, "texture": "#main"}
			}
		},
		{
			"from": [18, 9, 8],
			"to": [23, 14, 13],
			"rotation": {"angle": 0, "axis": "y", "origin": [10.5, 14.5, 10.5]},
			"faces": {
				"north": {"uv": [1.25, 9.875, 1.5625, 10.1875], "texture": "#main"},
				"east": {"uv": [1.875, 9.25, 2.1875, 9.5625], "texture": "#main"},
				"south": {"uv": [0.9375, 9.875, 1.25, 10.1875], "texture": "#main"},
				"west": {"uv": [1.875, 8.9375, 2.1875, 9.25], "texture": "#main"},
				"up": {"uv": [1.875, 10.1875, 1.5625, 9.875], "rotation": 180, "texture": "#main"},
				"down": {"uv": [2.1875, 9.5625, 1.875, 9.875], "rotation": 180, "texture": "#main"}
			}
		},
		{
			"from": [8, -1, 8],
			"to": [13, 4, 13],
			"rotation": {"angle": 0, "axis": "y", "origin": [10.5, 14.5, 10.5]},
			"faces": {
				"north": {"uv": [2.1875, 8, 2.5, 8.3125], "texture": "#main"},
				"east": {"uv": [0.3125, 10.1875, 0.625, 10.5], "texture": "#main"},
				"south": {"uv": [1.875, 9.875, 2.1875, 10.1875], "texture": "#main"},
				"west": {"uv": [0, 10.1875, 0.3125, 10.5], "texture": "#main"},
				"up": {"uv": [2.5, 8.625, 2.1875, 8.3125], "rotation": 180, "texture": "#main"},
				"down": {"uv": [0.9375, 10.1875, 0.625, 10.5], "rotation": 180, "texture": "#main"}
			}
		},
		{
			"from": [8, -10, 8],
			"to": [13, -5, 13],
			"rotation": {"angle": -22.5, "axis": "y", "origin": [10.5, 14.5, 10.5]},
			"faces": {
				"north": {"uv": [4.3125, 8, 4.625, 8.3125], "texture": "#main"},
				"east": {"uv": [4.3125, 8.3125, 4.625, 8.625], "texture": "#main"},
				"south": {"uv": [4, 8, 4.3125, 8.3125], "texture": "#main"},
				"west": {"uv": [4, 8.3125, 4.3125, 8.625], "texture": "#main"},
				"up": {"uv": [4.3125, 8.9375, 4, 8.625], "rotation": 180, "texture": "#main"},
				"down": {"uv": [4.9375, 8, 4.625, 8.3125], "rotation": 180, "texture": "#main"}
			}
		},
		{
			"from": [3, 20, 8],
			"to": [8, 25, 13],
			"rotation": {"angle": -22.5, "axis": "y", "origin": [10.5, 14.5, 10.5]},
			"faces": {
				"north": {"uv": [4.625, 8.625, 4.9375, 8.9375], "texture": "#main"},
				"east": {"uv": [4, 8.9375, 4.3125, 9.25], "texture": "#main"},
				"south": {"uv": [4.3125, 8.625, 4.625, 8.9375], "texture": "#main"},
				"west": {"uv": [4.625, 8.3125, 4.9375, 8.625], "texture": "#main"},
				"up": {"uv": [5.25, 8.3125, 4.9375, 8], "rotation": 180, "texture": "#main"},
				"down": {"uv": [4.625, 8.9375, 4.3125, 9.25], "rotation": 180, "texture": "#main"}
			}
		},
		{
			"from": [8, 20, 8],
			"to": [13, 25, 13],
			"rotation": {"angle": -22.5, "axis": "y", "origin": [10.5, 14.5, 10.5]},
			"faces": {
				"north": {"uv": [4.9375, 8.625, 5.25, 8.9375], "texture": "#main"},
				"east": {"uv": [4.9375, 8.9375, 5.25, 9.25], "texture": "#main"},
				"south": {"uv": [4.9375, 8.3125, 5.25, 8.625], "texture": "#main"},
				"west": {"uv": [4.625, 8.9375, 4.9375, 9.25], "texture": "#main"},
				"up": {"uv": [4.3125, 9.5625, 4, 9.25], "rotation": 180, "texture": "#main"},
				"down": {"uv": [5.5625, 8, 5.25, 8.3125], "rotation": 180, "texture": "#main"}
			}
		},
		{
			"from": [13, 20, 8],
			"to": [18, 25, 13],
			"rotation": {"angle": -22.5, "axis": "y", "origin": [10.5, 14.5, 10.5]},
			"faces": {
				"north": {"uv": [4.625, 9.25, 4.9375, 9.5625], "texture": "#main"},
				"east": {"uv": [5.25, 8.625, 5.5625, 8.9375], "texture": "#main"},
				"south": {"uv": [4.3125, 9.25, 4.625, 9.5625], "texture": "#main"},
				"west": {"uv": [5.25, 8.3125, 5.5625, 8.625], "texture": "#main"},
				"up": {"uv": [5.25, 9.5625, 4.9375, 9.25], "rotation": 180, "texture": "#main"},
				"down": {"uv": [5.5625, 8.9375, 5.25, 9.25], "rotation": 180, "texture": "#main"}
			}
		},
		{
			"from": [-2, 15, 8],
			"to": [3, 20, 13],
			"rotation": {"angle": -22.5, "axis": "y", "origin": [10.5, 14.5, 10.5]},
			"faces": {
				"north": {"uv": [5.5625, 8, 5.875, 8.3125], "texture": "#main"},
				"east": {"uv": [4.3125, 9.5625, 4.625, 9.875], "texture": "#main"},
				"south": {"uv": [5.25, 9.25, 5.5625, 9.5625], "texture": "#main"},
				"west": {"uv": [4, 9.5625, 4.3125, 9.875], "texture": "#main"},
				"up": {"uv": [5.875, 8.625, 5.5625, 8.3125], "rotation": 180, "texture": "#main"},
				"down": {"uv": [4.9375, 9.5625, 4.625, 9.875], "rotation": 180, "texture": "#main"}
			}
		},
		{
			"from": [13, 5, 8],
			"to": [18, 10, 13],
			"rotation": {"angle": -22.5, "axis": "y", "origin": [10.5, 14.5, 10.5]},
			"faces": {
				"north": {"uv": [5.5625, 8.9375, 5.875, 9.25], "texture": "#main"},
				"east": {"uv": [5.25, 9.5625, 5.5625, 9.875], "texture": "#main"},
				"south": {"uv": [5.5625, 8.625, 5.875, 8.9375], "texture": "#main"},
				"west": {"uv": [4.9375, 9.5625, 5.25, 9.875], "texture": "#main"},
				"up": {"uv": [5.875, 9.5625, 5.5625, 9.25], "rotation": 180, "texture": "#main"},
				"down": {"uv": [5.875, 9.5625, 5.5625, 9.875], "rotation": 180, "texture": "#main"}
			}
		},
		{
			"from": [18, 15, 8],
			"to": [23, 20, 13],
			"rotation": {"angle": -22.5, "axis": "y", "origin": [10.5, 14.5, 10.5]},
			"faces": {
				"north": {"uv": [4.3125, 9.875, 4.625, 10.1875], "texture": "#main"},
				"east": {"uv": [5.875, 8.3125, 6.1875, 8.625], "texture": "#main"},
				"south": {"uv": [4, 9.875, 4.3125, 10.1875], "texture": "#main"},
				"west": {"uv": [5.875, 8, 6.1875, 8.3125], "texture": "#main"},
				"up": {"uv": [4.9375, 10.1875, 4.625, 9.875], "rotation": 180, "texture": "#main"},
				"down": {"uv": [6.1875, 8.625, 5.875, 8.9375], "rotation": 180, "texture": "#main"}
			}
		},
		{
			"from": [18, 10, 8],
			"to": [23, 15, 13],
			"rotation": {"angle": -22.5, "axis": "y", "origin": [10.5, 14.5, 10.5]},
			"faces": {
				"north": {"uv": [5.25, 9.875, 5.5625, 10.1875], "texture": "#main"},
				"east": {"uv": [5.875, 9.25, 6.1875, 9.5625], "texture": "#main"},
				"south": {"uv": [4.9375, 9.875, 5.25, 10.1875], "texture": "#main"},
				"west": {"uv": [5.875, 8.9375, 6.1875, 9.25], "texture": "#main"},
				"up": {"uv": [5.875, 10.1875, 5.5625, 9.875], "rotation": 180, "texture": "#main"},
				"down": {"uv": [6.1875, 9.5625, 5.875, 9.875], "rotation": 180, "texture": "#main"}
			}
		},
		{
			"from": [8, 0, 8],
			"to": [13, 5, 13],
			"rotation": {"angle": -22.5, "axis": "y", "origin": [10.5, 14.5, 10.5]},
			"faces": {
				"north": {"uv": [6.1875, 8, 6.5, 8.3125], "texture": "#main"},
				"east": {"uv": [4.3125, 10.1875, 4.625, 10.5], "texture": "#main"},
				"south": {"uv": [5.875, 9.875, 6.1875, 10.1875], "texture": "#main"},
				"west": {"uv": [4, 10.1875, 4.3125, 10.5], "texture": "#main"},
				"up": {"uv": [6.5, 8.625, 6.1875, 8.3125], "rotation": 180, "texture": "#main"},
				"down": {"uv": [4.9375, 10.1875, 4.625, 10.5], "rotation": 180, "texture": "#main"}
			}
		},
		{
			"from": [8, -9, 8],
			"to": [13, -4, 13],
			"rotation": {"angle": -45, "axis": "y", "origin": [10.5, 14.5, 10.5]},
			"faces": {
				"north": {"uv": [8.3125, 8, 8.625, 8.3125], "texture": "#main"},
				"east": {"uv": [8.3125, 8.3125, 8.625, 8.625], "texture": "#main"},
				"south": {"uv": [8, 8, 8.3125, 8.3125], "texture": "#main"},
				"west": {"uv": [8, 8.3125, 8.3125, 8.625], "texture": "#main"},
				"up": {"uv": [8.3125, 8.9375, 8, 8.625], "rotation": 180, "texture": "#main"},
				"down": {"uv": [8.9375, 8, 8.625, 8.3125], "rotation": 180, "texture": "#main"}
			}
		},
		{
			"from": [3, 21, 8],
			"to": [8, 26, 13],
			"rotation": {"angle": -45, "axis": "y", "origin": [10.5, 14.5, 10.5]},
			"faces": {
				"north": {"uv": [8.625, 8.625, 8.9375, 8.9375], "texture": "#main"},
				"east": {"uv": [8, 8.9375, 8.3125, 9.25], "texture": "#main"},
				"south": {"uv": [8.3125, 8.625, 8.625, 8.9375], "texture": "#main"},
				"west": {"uv": [8.625, 8.3125, 8.9375, 8.625], "texture": "#main"},
				"up": {"uv": [9.25, 8.3125, 8.9375, 8], "rotation": 180, "texture": "#main"},
				"down": {"uv": [8.625, 8.9375, 8.3125, 9.25], "rotation": 180, "texture": "#main"}
			}
		},
		{
			"from": [8, 21, 8],
			"to": [13, 26, 13],
			"rotation": {"angle": -45, "axis": "y", "origin": [10.5, 14.5, 10.5]},
			"faces": {
				"north": {"uv": [8.9375, 8.625, 9.25, 8.9375], "texture": "#main"},
				"east": {"uv": [8.9375, 8.9375, 9.25, 9.25], "texture": "#main"},
				"south": {"uv": [8.9375, 8.3125, 9.25, 8.625], "texture": "#main"},
				"west": {"uv": [8.625, 8.9375, 8.9375, 9.25], "texture": "#main"},
				"up": {"uv": [8.3125, 9.5625, 8, 9.25], "rotation": 180, "texture": "#main"},
				"down": {"uv": [9.5625, 8, 9.25, 8.3125], "rotation": 180, "texture": "#main"}
			}
		},
		{
			"from": [13, 21, 8],
			"to": [18, 26, 13],
			"rotation": {"angle": -45, "axis": "y", "origin": [10.5, 14.5, 10.5]},
			"faces": {
				"north": {"uv": [8.625, 9.25, 8.9375, 9.5625], "texture": "#main"},
				"east": {"uv": [9.25, 8.625, 9.5625, 8.9375], "texture": "#main"},
				"south": {"uv": [8.3125, 9.25, 8.625, 9.5625], "texture": "#main"},
				"west": {"uv": [9.25, 8.3125, 9.5625, 8.625], "texture": "#main"},
				"up": {"uv": [9.25, 9.5625, 8.9375, 9.25], "rotation": 180, "texture": "#main"},
				"down": {"uv": [9.5625, 8.9375, 9.25, 9.25], "rotation": 180, "texture": "#main"}
			}
		},
		{
			"from": [-2, 16, 8],
			"to": [3, 21, 13],
			"rotation": {"angle": -45, "axis": "y", "origin": [10.5, 14.5, 10.5]},
			"faces": {
				"north": {"uv": [9.5625, 8, 9.875, 8.3125], "texture": "#main"},
				"east": {"uv": [8.3125, 9.5625, 8.625, 9.875], "texture": "#main"},
				"south": {"uv": [9.25, 9.25, 9.5625, 9.5625], "texture": "#main"},
				"west": {"uv": [8, 9.5625, 8.3125, 9.875], "texture": "#main"},
				"up": {"uv": [9.875, 8.625, 9.5625, 8.3125], "rotation": 180, "texture": "#main"},
				"down": {"uv": [8.9375, 9.5625, 8.625, 9.875], "rotation": 180, "texture": "#main"}
			}
		},
		{
			"from": [13, 6, 8],
			"to": [18, 11, 13],
			"rotation": {"angle": -45, "axis": "y", "origin": [10.5, 14.5, 10.5]},
			"faces": {
				"north": {"uv": [9.5625, 8.9375, 9.875, 9.25], "texture": "#main"},
				"east": {"uv": [9.25, 9.5625, 9.5625, 9.875], "texture": "#main"},
				"south": {"uv": [9.5625, 8.625, 9.875, 8.9375], "texture": "#main"},
				"west": {"uv": [8.9375, 9.5625, 9.25, 9.875], "texture": "#main"},
				"up": {"uv": [9.875, 9.5625, 9.5625, 9.25], "rotation": 180, "texture": "#main"},
				"down": {"uv": [9.875, 9.5625, 9.5625, 9.875], "rotation": 180, "texture": "#main"}
			}
		},
		{
			"from": [18, 16, 8],
			"to": [23, 21, 13],
			"rotation": {"angle": -45, "axis": "y", "origin": [10.5, 14.5, 10.5]},
			"faces": {
				"north": {"uv": [8.3125, 9.875, 8.625, 10.1875], "texture": "#main"},
				"east": {"uv": [9.875, 8.3125, 10.1875, 8.625], "texture": "#main"},
				"south": {"uv": [8, 9.875, 8.3125, 10.1875], "texture": "#main"},
				"west": {"uv": [9.875, 8, 10.1875, 8.3125], "texture": "#main"},
				"up": {"uv": [8.9375, 10.1875, 8.625, 9.875], "rotation": 180, "texture": "#main"},
				"down": {"uv": [10.1875, 8.625, 9.875, 8.9375], "rotation": 180, "texture": "#main"}
			}
		},
		{
			"from": [18, 11, 8],
			"to": [23, 16, 13],
			"rotation": {"angle": -45, "axis": "y", "origin": [10.5, 14.5, 10.5]},
			"faces": {
				"north": {"uv": [9.25, 9.875, 9.5625, 10.1875], "texture": "#main"},
				"east": {"uv": [9.875, 9.25, 10.1875, 9.5625], "texture": "#main"},
				"south": {"uv": [8.9375, 9.875, 9.25, 10.1875], "texture": "#main"},
				"west": {"uv": [9.875, 8.9375, 10.1875, 9.25], "texture": "#main"},
				"up": {"uv": [9.875, 10.1875, 9.5625, 9.875], "rotation": 180, "texture": "#main"},
				"down": {"uv": [10.1875, 9.5625, 9.875, 9.875], "rotation": 180, "texture": "#main"}
			}
		},
		{
			"from": [8, 1, 8],
			"to": [13, 6, 13],
			"rotation": {"angle": -45, "axis": "y", "origin": [10.5, 14.5, 10.5]},
			"faces": {
				"north": {"uv": [10.1875, 8, 10.5, 8.3125], "texture": "#main"},
				"east": {"uv": [8.3125, 10.1875, 8.625, 10.5], "texture": "#main"},
				"south": {"uv": [9.875, 9.875, 10.1875, 10.1875], "texture": "#main"},
				"west": {"uv": [8, 10.1875, 8.3125, 10.5], "texture": "#main"},
				"up": {"uv": [10.5, 8.625, 10.1875, 8.3125], "rotation": 180, "texture": "#main"},
				"down": {"uv": [8.9375, 10.1875, 8.625, 10.5], "rotation": 180, "texture": "#main"}
			}
		},
		{
			"from": [8, -8, 8],
			"to": [13, -3, 13],
			"rotation": {"angle": 22.5, "axis": "y", "origin": [10.5, 14.5, 10.5]},
			"faces": {
				"north": {"uv": [12, 8.3125, 12.3125, 8.625], "texture": "#main"},
				"east": {"uv": [12.3125, 8, 12.625, 8.3125], "texture": "#main"},
				"south": {"uv": [12.3125, 8.3125, 12.625, 8.625], "texture": "#main"},
				"west": {"uv": [12, 8, 12.3125, 8.3125], "texture": "#main"},
				"up": {"uv": [12.3125, 8.9375, 12, 8.625], "rotation": 270, "texture": "#main"},
				"down": {"uv": [12.9375, 8, 12.625, 8.3125], "rotation": 90, "texture": "#main"}
			}
		},
		{
			"from": [8, 22, 3],
			"to": [13, 27, 8],
			"rotation": {"angle": 22.5, "axis": "y", "origin": [10.5, 14.5, 10.5]},
			"faces": {
				"north": {"uv": [12.625, 8.3125, 12.9375, 8.625], "texture": "#main"},
				"east": {"uv": [12.625, 8.625, 12.9375, 8.9375], "texture": "#main"},
				"south": {"uv": [12, 8.9375, 12.3125, 9.25], "texture": "#main"},
				"west": {"uv": [12.3125, 8.625, 12.625, 8.9375], "texture": "#main"},
				"up": {"uv": [13.25, 8.3125, 12.9375, 8], "rotation": 270, "texture": "#main"},
				"down": {"uv": [12.625, 8.9375, 12.3125, 9.25], "rotation": 90, "texture": "#main"}
			}
		},
		{
			"from": [8, 22, 8],
			"to": [13, 27, 13],
			"rotation": {"angle": 22.5, "axis": "y", "origin": [10.5, 14.5, 10.5]},
			"faces": {
				"north": {"uv": [12.625, 8.9375, 12.9375, 9.25], "texture": "#main"},
				"east": {"uv": [12.9375, 8.625, 13.25, 8.9375], "texture": "#main"},
				"south": {"uv": [12.9375, 8.9375, 13.25, 9.25], "texture": "#main"},
				"west": {"uv": [12.9375, 8.3125, 13.25, 8.625], "texture": "#main"},
				"up": {"uv": [12.3125, 9.5625, 12, 9.25], "rotation": 270, "texture": "#main"},
				"down": {"uv": [13.5625, 8, 13.25, 8.3125], "rotation": 90, "texture": "#main"}
			}
		},
		{
			"from": [8, 22, 13],
			"to": [13, 27, 18],
			"rotation": {"angle": 22.5, "axis": "y", "origin": [10.5, 14.5, 10.5]},
			"faces": {
				"north": {"uv": [13.25, 8.3125, 13.5625, 8.625], "texture": "#main"},
				"east": {"uv": [12.625, 9.25, 12.9375, 9.5625], "texture": "#main"},
				"south": {"uv": [13.25, 8.625, 13.5625, 8.9375], "texture": "#main"},
				"west": {"uv": [12.3125, 9.25, 12.625, 9.5625], "texture": "#main"},
				"up": {"uv": [13.25, 9.5625, 12.9375, 9.25], "rotation": 270, "texture": "#main"},
				"down": {"uv": [13.5625, 8.9375, 13.25, 9.25], "rotation": 90, "texture": "#main"}
			}
		},
		{
			"from": [8, 17, -2],
			"to": [13, 22, 3],
			"rotation": {"angle": 22.5, "axis": "y", "origin": [10.5, 14.5, 10.5]},
			"faces": {
				"north": {"uv": [12, 9.5625, 12.3125, 9.875], "texture": "#main"},
				"east": {"uv": [13.5625, 8, 13.875, 8.3125], "texture": "#main"},
				"south": {"uv": [12.3125, 9.5625, 12.625, 9.875], "texture": "#main"},
				"west": {"uv": [13.25, 9.25, 13.5625, 9.5625], "texture": "#main"},
				"up": {"uv": [13.875, 8.625, 13.5625, 8.3125], "rotation": 270, "texture": "#main"},
				"down": {"uv": [12.9375, 9.5625, 12.625, 9.875], "rotation": 90, "texture": "#main"}
			}
		},
		{
			"from": [8, 7, 13],
			"to": [13, 12, 18],
			"rotation": {"angle": 22.5, "axis": "y", "origin": [10.5, 14.5, 10.5]},
			"faces": {
				"north": {"uv": [12.9375, 9.5625, 13.25, 9.875], "texture": "#main"},
				"east": {"uv": [13.5625, 8.9375, 13.875, 9.25], "texture": "#main"},
				"south": {"uv": [13.25, 9.5625, 13.5625, 9.875], "texture": "#main"},
				"west": {"uv": [13.5625, 8.625, 13.875, 8.9375], "texture": "#main"},
				"up": {"uv": [13.875, 9.5625, 13.5625, 9.25], "rotation": 270, "texture": "#main"},
				"down": {"uv": [13.875, 9.5625, 13.5625, 9.875], "rotation": 90, "texture": "#main"}
			}
		},
		{
			"from": [8, 17, 18],
			"to": [13, 22, 23],
			"rotation": {"angle": 22.5, "axis": "y", "origin": [10.5, 14.5, 10.5]},
			"faces": {
				"north": {"uv": [13.875, 8, 14.1875, 8.3125], "texture": "#main"},
				"east": {"uv": [12.3125, 9.875, 12.625, 10.1875], "texture": "#main"},
				"south": {"uv": [13.875, 8.3125, 14.1875, 8.625], "texture": "#main"},
				"west": {"uv": [12, 9.875, 12.3125, 10.1875], "texture": "#main"},
				"up": {"uv": [12.9375, 10.1875, 12.625, 9.875], "rotation": 270, "texture": "#main"},
				"down": {"uv": [14.1875, 8.625, 13.875, 8.9375], "rotation": 90, "texture": "#main"}
			}
		},
		{
			"from": [8, 12, 18],
			"to": [13, 17, 23],
			"rotation": {"angle": 22.5, "axis": "y", "origin": [10.5, 14.5, 10.5]},
			"faces": {
				"north": {"uv": [13.875, 8.9375, 14.1875, 9.25], "texture": "#main"},
				"east": {"uv": [13.25, 9.875, 13.5625, 10.1875], "texture": "#main"},
				"south": {"uv": [13.875, 9.25, 14.1875, 9.5625], "texture": "#main"},
				"west": {"uv": [12.9375, 9.875, 13.25, 10.1875], "texture": "#main"},
				"up": {"uv": [13.875, 10.1875, 13.5625, 9.875], "rotation": 270, "texture": "#main"},
				"down": {"uv": [14.1875, 9.5625, 13.875, 9.875], "rotation": 90, "texture": "#main"}
			}
		},
		{
			"from": [8, 2, 8],
			"to": [13, 7, 13],
			"rotation": {"angle": 22.5, "axis": "y", "origin": [10.5, 14.5, 10.5]},
			"faces": {
				"north": {"uv": [12, 10.1875, 12.3125, 10.5], "texture": "#main"},
				"east": {"uv": [14.1875, 8, 14.5, 8.3125], "texture": "#main"},
				"south": {"uv": [12.3125, 10.1875, 12.625, 10.5], "texture": "#main"},
				"west": {"uv": [13.875, 9.875, 14.1875, 10.1875], "texture": "#main"},
				"up": {"uv": [14.5, 8.625, 14.1875, 8.3125], "rotation": 270, "texture": "#main"},
				"down": {"uv": [12.9375, 10.1875, 12.625, 10.5], "rotation": 90, "texture": "#main"}
			}
		},
		{
			"from": [8, -7, 8],
			"to": [13, -2, 13],
			"rotation": {"angle": 0, "axis": "y", "origin": [10.5, 14.5, 10.5]},
			"faces": {
				"north": {"uv": [0, 12.3125, 0.3125, 12.625], "texture": "#main"},
				"east": {"uv": [0.3125, 12, 0.625, 12.3125], "texture": "#main"},
				"south": {"uv": [0.3125, 12.3125, 0.625, 12.625], "texture": "#main"},
				"west": {"uv": [0, 12, 0.3125, 12.3125], "texture": "#main"},
				"up": {"uv": [0.3125, 12.9375, 0, 12.625], "rotation": 270, "texture": "#main"},
				"down": {"uv": [0.9375, 12, 0.625, 12.3125], "rotation": 90, "texture": "#main"}
			}
		},
		{
			"from": [8, 23, 3],
			"to": [13, 28, 8],
			"rotation": {"angle": 0, "axis": "y", "origin": [10.5, 14.5, 10.5]},
			"faces": {
				"north": {"uv": [0.625, 12.3125, 0.9375, 12.625], "texture": "#main"},
				"east": {"uv": [0.625, 12.625, 0.9375, 12.9375], "texture": "#main"},
				"south": {"uv": [0, 12.9375, 0.3125, 13.25], "texture": "#main"},
				"west": {"uv": [0.3125, 12.625, 0.625, 12.9375], "texture": "#main"},
				"up": {"uv": [1.25, 12.3125, 0.9375, 12], "rotation": 270, "texture": "#main"},
				"down": {"uv": [0.625, 12.9375, 0.3125, 13.25], "rotation": 90, "texture": "#main"}
			}
		},
		{
			"from": [8, 23, 8],
			"to": [13, 28, 13],
			"rotation": {"angle": 0, "axis": "y", "origin": [10.5, 14.5, 10.5]},
			"faces": {
				"north": {"uv": [0.625, 12.9375, 0.9375, 13.25], "texture": "#main"},
				"east": {"uv": [0.9375, 12.625, 1.25, 12.9375], "texture": "#main"},
				"south": {"uv": [0.9375, 12.9375, 1.25, 13.25], "texture": "#main"},
				"west": {"uv": [0.9375, 12.3125, 1.25, 12.625], "texture": "#main"},
				"up": {"uv": [0.3125, 13.5625, 0, 13.25], "rotation": 270, "texture": "#main"},
				"down": {"uv": [1.5625, 12, 1.25, 12.3125], "rotation": 90, "texture": "#main"}
			}
		},
		{
			"from": [8, 23, 13],
			"to": [13, 28, 18],
			"rotation": {"angle": 0, "axis": "y", "origin": [10.5, 14.5, 10.5]},
			"faces": {
				"north": {"uv": [1.25, 12.3125, 1.5625, 12.625], "texture": "#main"},
				"east": {"uv": [0.625, 13.25, 0.9375, 13.5625], "texture": "#main"},
				"south": {"uv": [1.25, 12.625, 1.5625, 12.9375], "texture": "#main"},
				"west": {"uv": [0.3125, 13.25, 0.625, 13.5625], "texture": "#main"},
				"up": {"uv": [1.25, 13.5625, 0.9375, 13.25], "rotation": 270, "texture": "#main"},
				"down": {"uv": [1.5625, 12.9375, 1.25, 13.25], "rotation": 90, "texture": "#main"}
			}
		},
		{
			"from": [8, 18, -2],
			"to": [13, 23, 3],
			"rotation": {"angle": 0, "axis": "y", "origin": [10.5, 14.5, 10.5]},
			"faces": {
				"north": {"uv": [0, 13.5625, 0.3125, 13.875], "texture": "#main"},
				"east": {"uv": [1.5625, 12, 1.875, 12.3125], "texture": "#main"},
				"south": {"uv": [0.3125, 13.5625, 0.625, 13.875], "texture": "#main"},
				"west": {"uv": [1.25, 13.25, 1.5625, 13.5625], "texture": "#main"},
				"up": {"uv": [1.875, 12.625, 1.5625, 12.3125], "rotation": 270, "texture": "#main"},
				"down": {"uv": [0.9375, 13.5625, 0.625, 13.875], "rotation": 90, "texture": "#main"}
			}
		},
		{
			"from": [8, 8, 13],
			"to": [13, 13, 18],
			"rotation": {"angle": 0, "axis": "y", "origin": [10.5, 14.5, 10.5]},
			"faces": {
				"north": {"uv": [0.9375, 13.5625, 1.25, 13.875], "texture": "#main"},
				"east": {"uv": [1.5625, 12.9375, 1.875, 13.25], "texture": "#main"},
				"south": {"uv": [1.25, 13.5625, 1.5625, 13.875], "texture": "#main"},
				"west": {"uv": [1.5625, 12.625, 1.875, 12.9375], "texture": "#main"},
				"up": {"uv": [1.875, 13.5625, 1.5625, 13.25], "rotation": 270, "texture": "#main"},
				"down": {"uv": [1.875, 13.5625, 1.5625, 13.875], "rotation": 90, "texture": "#main"}
			}
		},
		{
			"from": [8, 18, 18],
			"to": [13, 23, 23],
			"rotation": {"angle": 0, "axis": "y", "origin": [10.5, 14.5, 10.5]},
			"faces": {
				"north": {"uv": [1.875, 12, 2.1875, 12.3125], "texture": "#main"},
				"east": {"uv": [0.3125, 13.875, 0.625, 14.1875], "texture": "#main"},
				"south": {"uv": [1.875, 12.3125, 2.1875, 12.625], "texture": "#main"},
				"west": {"uv": [0, 13.875, 0.3125, 14.1875], "texture": "#main"},
				"up": {"uv": [0.9375, 14.1875, 0.625, 13.875], "rotation": 270, "texture": "#main"},
				"down": {"uv": [2.1875, 12.625, 1.875, 12.9375], "rotation": 90, "texture": "#main"}
			}
		},
		{
			"from": [8, 13, 18],
			"to": [13, 18, 23],
			"rotation": {"angle": 0, "axis": "y", "origin": [10.5, 14.5, 10.5]},
			"faces": {
				"north": {"uv": [1.875, 12.9375, 2.1875, 13.25], "texture": "#main"},
				"east": {"uv": [1.25, 13.875, 1.5625, 14.1875], "texture": "#main"},
				"south": {"uv": [1.875, 13.25, 2.1875, 13.5625], "texture": "#main"},
				"west": {"uv": [0.9375, 13.875, 1.25, 14.1875], "texture": "#main"},
				"up": {"uv": [1.875, 14.1875, 1.5625, 13.875], "rotation": 270, "texture": "#main"},
				"down": {"uv": [2.1875, 13.5625, 1.875, 13.875], "rotation": 90, "texture": "#main"}
			}
		},
		{
			"from": [8, 3, 8],
			"to": [13, 8, 13],
			"rotation": {"angle": 0, "axis": "y", "origin": [10.5, 14.5, 10.5]},
			"faces": {
				"north": {"uv": [0, 14.1875, 0.3125, 14.5], "texture": "#main"},
				"east": {"uv": [2.1875, 12, 2.5, 12.3125], "texture": "#main"},
				"south": {"uv": [0.3125, 14.1875, 0.625, 14.5], "texture": "#main"},
				"west": {"uv": [1.875, 13.875, 2.1875, 14.1875], "texture": "#main"},
				"up": {"uv": [2.5, 12.625, 2.1875, 12.3125], "rotation": 270, "texture": "#main"},
				"down": {"uv": [0.9375, 14.1875, 0.625, 14.5], "rotation": 90, "texture": "#main"}
			}
		},
		{
			"from": [8, -6, 8],
			"to": [13, -1, 13],
			"rotation": {"angle": -22.5, "axis": "y", "origin": [10.5, 14.5, 10.5]},
			"faces": {
				"north": {"uv": [4, 12.3125, 4.3125, 12.625], "texture": "#main"},
				"east": {"uv": [4.3125, 12, 4.625, 12.3125], "texture": "#main"},
				"south": {"uv": [4.3125, 12.3125, 4.625, 12.625], "texture": "#main"},
				"west": {"uv": [4, 12, 4.3125, 12.3125], "texture": "#main"},
				"up": {"uv": [4.3125, 12.9375, 4, 12.625], "rotation": 270, "texture": "#main"},
				"down": {"uv": [4.9375, 12, 4.625, 12.3125], "rotation": 90, "texture": "#main"}
			}
		},
		{
			"from": [8, 24, 3],
			"to": [13, 29, 8],
			"rotation": {"angle": -22.5, "axis": "y", "origin": [10.5, 14.5, 10.5]},
			"faces": {
				"north": {"uv": [4.625, 12.3125, 4.9375, 12.625], "texture": "#main"},
				"east": {"uv": [4.625, 12.625, 4.9375, 12.9375], "texture": "#main"},
				"south": {"uv": [4, 12.9375, 4.3125, 13.25], "texture": "#main"},
				"west": {"uv": [4.3125, 12.625, 4.625, 12.9375], "texture": "#main"},
				"up": {"uv": [5.25, 12.3125, 4.9375, 12], "rotation": 270, "texture": "#main"},
				"down": {"uv": [4.625, 12.9375, 4.3125, 13.25], "rotation": 90, "texture": "#main"}
			}
		},
		{
			"from": [8, 24, 8],
			"to": [13, 29, 13],
			"rotation": {"angle": -22.5, "axis": "y", "origin": [10.5, 14.5, 10.5]},
			"faces": {
				"north": {"uv": [4.625, 12.9375, 4.9375, 13.25], "texture": "#main"},
				"east": {"uv": [4.9375, 12.625, 5.25, 12.9375], "texture": "#main"},
				"south": {"uv": [4.9375, 12.9375, 5.25, 13.25], "texture": "#main"},
				"west": {"uv": [4.9375, 12.3125, 5.25, 12.625], "texture": "#main"},
				"up": {"uv": [4.3125, 13.5625, 4, 13.25], "rotation": 270, "texture": "#main"},
				"down": {"uv": [5.5625, 12, 5.25, 12.3125], "rotation": 90, "texture": "#main"}
			}
		},
		{
			"from": [8, 24, 13],
			"to": [13, 29, 18],
			"rotation": {"angle": -22.5, "axis": "y", "origin": [10.5, 14.5, 10.5]},
			"faces": {
				"north": {"uv": [5.25, 12.3125, 5.5625, 12.625], "texture": "#main"},
				"east": {"uv": [4.625, 13.25, 4.9375, 13.5625], "texture": "#main"},
				"south": {"uv": [5.25, 12.625, 5.5625, 12.9375], "texture": "#main"},
				"west": {"uv": [4.3125, 13.25, 4.625, 13.5625], "texture": "#main"},
				"up": {"uv": [5.25, 13.5625, 4.9375, 13.25], "rotation": 270, "texture": "#main"},
				"down": {"uv": [5.5625, 12.9375, 5.25, 13.25], "rotation": 90, "texture": "#main"}
			}
		},
		{
			"from": [8, 19, -2],
			"to": [13, 24, 3],
			"rotation": {"angle": -22.5, "axis": "y", "origin": [10.5, 14.5, 10.5]},
			"faces": {
				"north": {"uv": [4, 13.5625, 4.3125, 13.875], "texture": "#main"},
				"east": {"uv": [5.5625, 12, 5.875, 12.3125], "texture": "#main"},
				"south": {"uv": [4.3125, 13.5625, 4.625, 13.875], "texture": "#main"},
				"west": {"uv": [5.25, 13.25, 5.5625, 13.5625], "texture": "#main"},
				"up": {"uv": [5.875, 12.625, 5.5625, 12.3125], "rotation": 270, "texture": "#main"},
				"down": {"uv": [4.9375, 13.5625, 4.625, 13.875], "rotation": 90, "texture": "#main"}
			}
		},
		{
			"from": [8, 9, 13],
			"to": [13, 14, 18],
			"rotation": {"angle": -22.5, "axis": "y", "origin": [10.5, 14.5, 10.5]},
			"faces": {
				"north": {"uv": [4.9375, 13.5625, 5.25, 13.875], "texture": "#main"},
				"east": {"uv": [5.5625, 12.9375, 5.875, 13.25], "texture": "#main"},
				"south": {"uv": [5.25, 13.5625, 5.5625, 13.875], "texture": "#main"},
				"west": {"uv": [5.5625, 12.625, 5.875, 12.9375], "texture": "#main"},
				"up": {"uv": [5.875, 13.5625, 5.5625, 13.25], "rotation": 270, "texture": "#main"},
				"down": {"uv": [5.875, 13.5625, 5.5625, 13.875], "rotation": 90, "texture": "#main"}
			}
		},
		{
			"from": [8, 19, 18],
			"to": [13, 24, 23],
			"rotation": {"angle": -22.5, "axis": "y", "origin": [10.5, 14.5, 10.5]},
			"faces": {
				"north": {"uv": [5.875, 12, 6.1875, 12.3125], "texture": "#main"},
				"east": {"uv": [4.3125, 13.875, 4.625, 14.1875], "texture": "#main"},
				"south": {"uv": [5.875, 12.3125, 6.1875, 12.625], "texture": "#main"},
				"west": {"uv": [4, 13.875, 4.3125, 14.1875], "texture": "#main"},
				"up": {"uv": [4.9375, 14.1875, 4.625, 13.875], "rotation": 270, "texture": "#main"},
				"down": {"uv": [6.1875, 12.625, 5.875, 12.9375], "rotation": 90, "texture": "#main"}
			}
		},
		{
			"from": [8, 14, 18],
			"to": [13, 19, 23],
			"rotation": {"angle": -22.5, "axis": "y", "origin": [10.5, 14.5, 10.5]},
			"faces": {
				"north": {"uv": [5.875, 12.9375, 6.1875, 13.25], "texture": "#main"},
				"east": {"uv": [5.25, 13.875, 5.5625, 14.1875], "texture": "#main"},
				"south": {"uv": [5.875, 13.25, 6.1875, 13.5625], "texture": "#main"},
				"west": {"uv": [4.9375, 13.875, 5.25, 14.1875], "texture": "#main"},
				"up": {"uv": [5.875, 14.1875, 5.5625, 13.875], "rotation": 270, "texture": "#main"},
				"down": {"uv": [6.1875, 13.5625, 5.875, 13.875], "rotation": 90, "texture": "#main"}
			}
		},
		{
			"from": [8, 4, 8],
			"to": [13, 9, 13],
			"rotation": {"angle": -22.5, "axis": "y", "origin": [10.5, 14.5, 10.5]},
			"faces": {
				"north": {"uv": [4, 14.1875, 4.3125, 14.5], "texture": "#main"},
				"east": {"uv": [6.1875, 12, 6.5, 12.3125], "texture": "#main"},
				"south": {"uv": [4.3125, 14.1875, 4.625, 14.5], "texture": "#main"},
				"west": {"uv": [5.875, 13.875, 6.1875, 14.1875], "texture": "#main"},
				"up": {"uv": [6.5, 12.625, 6.1875, 12.3125], "rotation": 270, "texture": "#main"},
				"down": {"uv": [4.9375, 14.1875, 4.625, 14.5], "rotation": 90, "texture": "#main"}
			}
		},
		{
			"from": [8, -5, 8],
			"to": [13, 0, 13],
			"rotation": {"angle": -45, "axis": "y", "origin": [10.5, 14.5, 10.5]},
			"faces": {
				"north": {"uv": [8, 12.3125, 8.3125, 12.625], "texture": "#main"},
				"east": {"uv": [8.3125, 12, 8.625, 12.3125], "texture": "#main"},
				"south": {"uv": [8.3125, 12.3125, 8.625, 12.625], "texture": "#main"},
				"west": {"uv": [8, 12, 8.3125, 12.3125], "texture": "#main"},
				"up": {"uv": [8.3125, 12.9375, 8, 12.625], "rotation": 270, "texture": "#main"},
				"down": {"uv": [8.9375, 12, 8.625, 12.3125], "rotation": 90, "texture": "#main"}
			}
		},
		{
			"from": [8, 25, 3],
			"to": [13, 30, 8],
			"rotation": {"angle": -45, "axis": "y", "origin": [10.5, 14.5, 10.5]},
			"faces": {
				"north": {"uv": [8.625, 12.3125, 8.9375, 12.625], "texture": "#main"},
				"east": {"uv": [8.625, 12.625, 8.9375, 12.9375], "texture": "#main"},
				"south": {"uv": [8, 12.9375, 8.3125, 13.25], "texture": "#main"},
				"west": {"uv": [8.3125, 12.625, 8.625, 12.9375], "texture": "#main"},
				"up": {"uv": [9.25, 12.3125, 8.9375, 12], "rotation": 270, "texture": "#main"},
				"down": {"uv": [8.625, 12.9375, 8.3125, 13.25], "rotation": 90, "texture": "#main"}
			}
		},
		{
			"from": [8, 25, 8],
			"to": [13, 30, 13],
			"rotation": {"angle": -45, "axis": "y", "origin": [10.5, 14.5, 10.5]},
			"faces": {
				"north": {"uv": [8.625, 12.9375, 8.9375, 13.25], "texture": "#main"},
				"east": {"uv": [8.9375, 12.625, 9.25, 12.9375], "texture": "#main"},
				"south": {"uv": [8.9375, 12.9375, 9.25, 13.25], "texture": "#main"},
				"west": {"uv": [8.9375, 12.3125, 9.25, 12.625], "texture": "#main"},
				"up": {"uv": [8.3125, 13.5625, 8, 13.25], "rotation": 270, "texture": "#main"},
				"down": {"uv": [9.5625, 12, 9.25, 12.3125], "rotation": 90, "texture": "#main"}
			}
		},
		{
			"from": [8, 25, 13],
			"to": [13, 30, 18],
			"rotation": {"angle": -45, "axis": "y", "origin": [10.5, 14.5, 10.5]},
			"faces": {
				"north": {"uv": [9.25, 12.3125, 9.5625, 12.625], "texture": "#main"},
				"east": {"uv": [8.625, 13.25, 8.9375, 13.5625], "texture": "#main"},
				"south": {"uv": [9.25, 12.625, 9.5625, 12.9375], "texture": "#main"},
				"west": {"uv": [8.3125, 13.25, 8.625, 13.5625], "texture": "#main"},
				"up": {"uv": [9.25, 13.5625, 8.9375, 13.25], "rotation": 270, "texture": "#main"},
				"down": {"uv": [9.5625, 12.9375, 9.25, 13.25], "rotation": 90, "texture": "#main"}
			}
		},
		{
			"from": [8, 20, -2],
			"to": [13, 25, 3],
			"rotation": {"angle": -45, "axis": "y", "origin": [10.5, 14.5, 10.5]},
			"faces": {
				"north": {"uv": [8, 13.5625, 8.3125, 13.875], "texture": "#main"},
				"east": {"uv": [9.5625, 12, 9.875, 12.3125], "texture": "#main"},
				"south": {"uv": [8.3125, 13.5625, 8.625, 13.875], "texture": "#main"},
				"west": {"uv": [9.25, 13.25, 9.5625, 13.5625], "texture": "#main"},
				"up": {"uv": [9.875, 12.625, 9.5625, 12.3125], "rotation": 270, "texture": "#main"},
				"down": {"uv": [8.9375, 13.5625, 8.625, 13.875], "rotation": 90, "texture": "#main"}
			}
		},
		{
			"from": [8, 10, 13],
			"to": [13, 15, 18],
			"rotation": {"angle": -45, "axis": "y", "origin": [10.5, 14.5, 10.5]},
			"faces": {
				"north": {"uv": [8.9375, 13.5625, 9.25, 13.875], "texture": "#main"},
				"east": {"uv": [9.5625, 12.9375, 9.875, 13.25], "texture": "#main"},
				"south": {"uv": [9.25, 13.5625, 9.5625, 13.875], "texture": "#main"},
				"west": {"uv": [9.5625, 12.625, 9.875, 12.9375], "texture": "#main"},
				"up": {"uv": [9.875, 13.5625, 9.5625, 13.25], "rotation": 270, "texture": "#main"},
				"down": {"uv": [9.875, 13.5625, 9.5625, 13.875], "rotation": 90, "texture": "#main"}
			}
		},
		{
			"from": [8, 20, 18],
			"to": [13, 25, 23],
			"rotation": {"angle": -45, "axis": "y", "origin": [10.5, 14.5, 10.5]},
			"faces": {
				"north": {"uv": [9.875, 12, 10.1875, 12.3125], "texture": "#main"},
				"east": {"uv": [8.3125, 13.875, 8.625, 14.1875], "texture": "#main"},
				"south": {"uv": [9.875, 12.3125, 10.1875, 12.625], "texture": "#main"},
				"west": {"uv": [8, 13.875, 8.3125, 14.1875], "texture": "#main"},
				"up": {"uv": [8.9375, 14.1875, 8.625, 13.875], "rotation": 270, "texture": "#main"},
				"down": {"uv": [10.1875, 12.625, 9.875, 12.9375], "rotation": 90, "texture": "#main"}
			}
		},
		{
			"from": [8, 15, 18],
			"to": [13, 20, 23],
			"rotation": {"angle": -45, "axis": "y", "origin": [10.5, 14.5, 10.5]},
			"faces": {
				"north": {"uv": [9.875, 12.9375, 10.1875, 13.25], "texture": "#main"},
				"east": {"uv": [9.25, 13.875, 9.5625, 14.1875], "texture": "#main"},
				"south": {"uv": [9.875, 13.25, 10.1875, 13.5625], "texture": "#main"},
				"west": {"uv": [8.9375, 13.875, 9.25, 14.1875], "texture": "#main"},
				"up": {"uv": [9.875, 14.1875, 9.5625, 13.875], "rotation": 270, "texture": "#main"},
				"down": {"uv": [10.1875, 13.5625, 9.875, 13.875], "rotation": 90, "texture": "#main"}
			}
		},
		{
			"from": [8, 5, 8],
			"to": [13, 10, 13],
			"rotation": {"angle": -45, "axis": "y", "origin": [10.5, 14.5, 10.5]},
			"faces": {
				"north": {"uv": [8, 14.1875, 8.3125, 14.5], "texture": "#main"},
				"east": {"uv": [10.1875, 12, 10.5, 12.3125], "texture": "#main"},
				"south": {"uv": [8.3125, 14.1875, 8.625, 14.5], "texture": "#main"},
				"west": {"uv": [9.875, 13.875, 10.1875, 14.1875], "texture": "#main"},
				"up": {"uv": [10.5, 12.625, 10.1875, 12.3125], "rotation": 270, "texture": "#main"},
				"down": {"uv": [8.9375, 14.1875, 8.625, 14.5], "rotation": 90, "texture": "#main"}
			}
		},
		{
			"from": [8, -4, 8],
			"to": [13, 1, 13],
			"rotation": {"angle": 22.5, "axis": "y", "origin": [10.5, 14.5, 10.5]},
			"faces": {
				"north": {"uv": [12, 12, 12.3125, 12.3125], "texture": "#main"},
				"east": {"uv": [12, 12.3125, 12.3125, 12.625], "texture": "#main"},
				"south": {"uv": [12.3125, 12, 12.625, 12.3125], "texture": "#main"},
				"west": {"uv": [12.3125, 12.3125, 12.625, 12.625], "texture": "#main"},
				"up": {"uv": [12.3125, 12.9375, 12, 12.625], "texture": "#main"},
				"down": {"uv": [12.9375, 12, 12.625, 12.3125], "texture": "#main"}
			}
		},
		{
			"from": [13, 26, 8],
			"to": [18, 31, 13],
			"rotation": {"angle": 22.5, "axis": "y", "origin": [10.5, 14.5, 10.5]},
			"faces": {
				"north": {"uv": [12.3125, 12.625, 12.625, 12.9375], "texture": "#main"},
				"east": {"uv": [12.625, 12.3125, 12.9375, 12.625], "texture": "#main"},
				"south": {"uv": [12.625, 12.625, 12.9375, 12.9375], "texture": "#main"},
				"west": {"uv": [12, 12.9375, 12.3125, 13.25], "texture": "#main"},
				"up": {"uv": [13.25, 12.3125, 12.9375, 12], "texture": "#main"},
				"down": {"uv": [12.625, 12.9375, 12.3125, 13.25], "texture": "#main"}
			}
		},
		{
			"from": [8, 26, 8],
			"to": [13, 31, 13],
			"rotation": {"angle": 22.5, "axis": "y", "origin": [10.5, 14.5, 10.5]},
			"faces": {
				"north": {"uv": [12.9375, 12.3125, 13.25, 12.625], "texture": "#main"},
				"east": {"uv": [12.625, 12.9375, 12.9375, 13.25], "texture": "#main"},
				"south": {"uv": [12.9375, 12.625, 13.25, 12.9375], "texture": "#main"},
				"west": {"uv": [12.9375, 12.9375, 13.25, 13.25], "texture": "#main"},
				"up": {"uv": [12.3125, 13.5625, 12, 13.25], "texture": "#main"},
				"down": {"uv": [13.5625, 12, 13.25, 12.3125], "texture": "#main"}
			}
		},
		{
			"from": [3, 26, 8],
			"to": [8, 31, 13],
			"rotation": {"angle": 22.5, "axis": "y", "origin": [10.5, 14.5, 10.5]},
			"faces": {
				"north": {"uv": [12.3125, 13.25, 12.625, 13.5625], "texture": "#main"},
				"east": {"uv": [13.25, 12.3125, 13.5625, 12.625], "texture": "#main"},
				"south": {"uv": [12.625, 13.25, 12.9375, 13.5625], "texture": "#main"},
				"west": {"uv": [13.25, 12.625, 13.5625, 12.9375], "texture": "#main"},
				"up": {"uv": [13.25, 13.5625, 12.9375, 13.25], "texture": "#main"},
				"down": {"uv": [13.5625, 12.9375, 13.25, 13.25], "texture": "#main"}
			}
		},
		{
			"from": [18, 21, 8],
			"to": [23, 26, 13],
			"rotation": {"angle": 22.5, "axis": "y", "origin": [10.5, 14.5, 10.5]},
			"faces": {
				"north": {"uv": [13.25, 13.25, 13.5625, 13.5625], "texture": "#main"},
				"east": {"uv": [12, 13.5625, 12.3125, 13.875], "texture": "#main"},
				"south": {"uv": [13.5625, 12, 13.875, 12.3125], "texture": "#main"},
				"west": {"uv": [12.3125, 13.5625, 12.625, 13.875], "texture": "#main"},
				"up": {"uv": [13.875, 12.625, 13.5625, 12.3125], "texture": "#main"},
				"down": {"uv": [12.9375, 13.5625, 12.625, 13.875], "texture": "#main"}
			}
		},
		{
			"from": [3, 11, 8],
			"to": [8, 16, 13],
			"rotation": {"angle": 22.5, "axis": "y", "origin": [10.5, 14.5, 10.5]},
			"faces": {
				"north": {"uv": [13.5625, 12.625, 13.875, 12.9375], "texture": "#main"},
				"east": {"uv": [12.9375, 13.5625, 13.25, 13.875], "texture": "#main"},
				"south": {"uv": [13.5625, 12.9375, 13.875, 13.25], "texture": "#main"},
				"west": {"uv": [13.25, 13.5625, 13.5625, 13.875], "texture": "#main"},
				"up": {"uv": [13.875, 13.5625, 13.5625, 13.25], "texture": "#main"},
				"down": {"uv": [13.875, 13.5625, 13.5625, 13.875], "texture": "#main"}
			}
		},
		{
			"from": [-2, 21, 8],
			"to": [3, 26, 13],
			"rotation": {"angle": 22.5, "axis": "y", "origin": [10.5, 14.5, 10.5]},
			"faces": {
				"north": {"uv": [12, 13.875, 12.3125, 14.1875], "texture": "#main"},
				"east": {"uv": [13.875, 12, 14.1875, 12.3125], "texture": "#main"},
				"south": {"uv": [12.3125, 13.875, 12.625, 14.1875], "texture": "#main"},
				"west": {"uv": [13.875, 12.3125, 14.1875, 12.625], "texture": "#main"},
				"up": {"uv": [12.9375, 14.1875, 12.625, 13.875], "texture": "#main"},
				"down": {"uv": [14.1875, 12.625, 13.875, 12.9375], "texture": "#main"}
			}
		},
		{
			"from": [-2, 16, 8],
			"to": [3, 21, 13],
			"rotation": {"angle": 22.5, "axis": "y", "origin": [10.5, 14.5, 10.5]},
			"faces": {
				"north": {"uv": [12.9375, 13.875, 13.25, 14.1875], "texture": "#main"},
				"east": {"uv": [13.875, 12.9375, 14.1875, 13.25], "texture": "#main"},
				"south": {"uv": [13.25, 13.875, 13.5625, 14.1875], "texture": "#main"},
				"west": {"uv": [13.875, 13.25, 14.1875, 13.5625], "texture": "#main"},
				"up": {"uv": [13.875, 14.1875, 13.5625, 13.875], "texture": "#main"},
				"down": {"uv": [14.1875, 13.5625, 13.875, 13.875], "texture": "#main"}
			}
		},
		{
			"from": [8, 6, 8],
			"to": [13, 11, 13],
			"rotation": {"angle": 22.5, "axis": "y", "origin": [10.5, 14.5, 10.5]},
			"faces": {
				"north": {"uv": [13.875, 13.875, 14.1875, 14.1875], "texture": "#main"},
				"east": {"uv": [12, 14.1875, 12.3125, 14.5], "texture": "#main"},
				"south": {"uv": [14.1875, 12, 14.5, 12.3125], "texture": "#main"},
				"west": {"uv": [12.3125, 14.1875, 12.625, 14.5], "texture": "#main"},
				"up": {"uv": [14.5, 12.625, 14.1875, 12.3125], "texture": "#main"},
				"down": {"uv": [12.9375, 14.1875, 12.625, 14.5], "texture": "#main"}
			}
		},
		{
			"from": [8, -3, 8],
			"to": [13, 2, 13],
			"rotation": {"angle": 0, "axis": "y", "origin": [10.5, 14.5, 10.5]},
			"faces": {
				"north": {"uv": [0, 0, 0.3125, 0.3125], "texture": "#main"},
				"east": {"uv": [0, 0.3125, 0.3125, 0.625], "texture": "#main"},
				"south": {"uv": [0.3125, 0, 0.625, 0.3125], "texture": "#main"},
				"west": {"uv": [0.3125, 0.3125, 0.625, 0.625], "texture": "#main"},
				"up": {"uv": [0.3125, 0.9375, 0, 0.625], "texture": "#main"},
				"down": {"uv": [0.9375, 0, 0.625, 0.3125], "texture": "#main"}
			}
		},
		{
			"from": [13, 27, 8],
			"to": [18, 32, 13],
			"rotation": {"angle": 0, "axis": "y", "origin": [10.5, 14.5, 10.5]},
			"faces": {
				"north": {"uv": [0.3125, 0.625, 0.625, 0.9375], "texture": "#main"},
				"east": {"uv": [0.625, 0.3125, 0.9375, 0.625], "texture": "#main"},
				"south": {"uv": [0.625, 0.625, 0.9375, 0.9375], "texture": "#main"},
				"west": {"uv": [0, 0.9375, 0.3125, 1.25], "texture": "#main"},
				"up": {"uv": [1.25, 0.3125, 0.9375, 0], "texture": "#main"},
				"down": {"uv": [0.625, 0.9375, 0.3125, 1.25], "texture": "#main"}
			}
		},
		{
			"from": [8, 27, 8],
			"to": [13, 32, 13],
			"rotation": {"angle": 0, "axis": "y", "origin": [10.5, 14.5, 10.5]},
			"faces": {
				"north": {"uv": [0.9375, 0.3125, 1.25, 0.625], "texture": "#main"},
				"east": {"uv": [0.625, 0.9375, 0.9375, 1.25], "texture": "#main"},
				"south": {"uv": [0.9375, 0.625, 1.25, 0.9375], "texture": "#main"},
				"west": {"uv": [0.9375, 0.9375, 1.25, 1.25], "texture": "#main"},
				"up": {"uv": [0.3125, 1.5625, 0, 1.25], "texture": "#main"},
				"down": {"uv": [1.5625, 0, 1.25, 0.3125], "texture": "#main"}
			}
		},
		{
			"from": [3, 27, 8],
			"to": [8, 32, 13],
			"rotation": {"angle": 0, "axis": "y", "origin": [10.5, 14.5, 10.5]},
			"faces": {
				"north": {"uv": [0.3125, 1.25, 0.625, 1.5625], "texture": "#main"},
				"east": {"uv": [1.25, 0.3125, 1.5625, 0.625], "texture": "#main"},
				"south": {"uv": [0.625, 1.25, 0.9375, 1.5625], "texture": "#main"},
				"west": {"uv": [1.25, 0.625, 1.5625, 0.9375], "texture": "#main"},
				"up": {"uv": [1.25, 1.5625, 0.9375, 1.25], "texture": "#main"},
				"down": {"uv": [1.5625, 0.9375, 1.25, 1.25], "texture": "#main"}
			}
		},
		{
			"from": [18, 22, 8],
			"to": [23, 27, 13],
			"rotation": {"angle": 0, "axis": "y", "origin": [10.5, 14.5, 10.5]},
			"faces": {
				"north": {"uv": [1.25, 1.25, 1.5625, 1.5625], "texture": "#main"},
				"east": {"uv": [0, 1.5625, 0.3125, 1.875], "texture": "#main"},
				"south": {"uv": [1.5625, 0, 1.875, 0.3125], "texture": "#main"},
				"west": {"uv": [0.3125, 1.5625, 0.625, 1.875], "texture": "#main"},
				"up": {"uv": [1.875, 0.625, 1.5625, 0.3125], "texture": "#main"},
				"down": {"uv": [0.9375, 1.5625, 0.625, 1.875], "texture": "#main"}
			}
		},
		{
			"from": [3, 12, 8],
			"to": [8, 17, 13],
			"rotation": {"angle": 0, "axis": "y", "origin": [10.5, 14.5, 10.5]},
			"faces": {
				"north": {"uv": [1.5625, 0.625, 1.875, 0.9375], "texture": "#main"},
				"east": {"uv": [0.9375, 1.5625, 1.25, 1.875], "texture": "#main"},
				"south": {"uv": [1.5625, 0.9375, 1.875, 1.25], "texture": "#main"},
				"west": {"uv": [1.25, 1.5625, 1.5625, 1.875], "texture": "#main"},
				"up": {"uv": [1.875, 1.5625, 1.5625, 1.25], "texture": "#main"},
				"down": {"uv": [1.875, 1.5625, 1.5625, 1.875], "texture": "#main"}
			}
		},
		{
			"from": [-2, 22, 8],
			"to": [3, 27, 13],
			"rotation": {"angle": 0, "axis": "y", "origin": [10.5, 14.5, 10.5]},
			"faces": {
				"north": {"uv": [0, 1.875, 0.3125, 2.1875], "texture": "#main"},
				"east": {"uv": [1.875, 0, 2.1875, 0.3125], "texture": "#main"},
				"south": {"uv": [0.3125, 1.875, 0.625, 2.1875], "texture": "#main"},
				"west": {"uv": [1.875, 0.3125, 2.1875, 0.625], "texture": "#main"},
				"up": {"uv": [0.9375, 2.1875, 0.625, 1.875], "texture": "#main"},
				"down": {"uv": [2.1875, 0.625, 1.875, 0.9375], "texture": "#main"}
			}
		},
		{
			"from": [-2, 17, 8],
			"to": [3, 22, 13],
			"rotation": {"angle": 0, "axis": "y", "origin": [10.5, 14.5, 10.5]},
			"faces": {
				"north": {"uv": [0.9375, 1.875, 1.25, 2.1875], "texture": "#main"},
				"east": {"uv": [1.875, 0.9375, 2.1875, 1.25], "texture": "#main"},
				"south": {"uv": [1.25, 1.875, 1.5625, 2.1875], "texture": "#main"},
				"west": {"uv": [1.875, 1.25, 2.1875, 1.5625], "texture": "#main"},
				"up": {"uv": [1.875, 2.1875, 1.5625, 1.875], "texture": "#main"},
				"down": {"uv": [2.1875, 1.5625, 1.875, 1.875], "texture": "#main"}
			}
		},
		{
			"from": [8, 7, 8],
			"to": [13, 12, 13],
			"rotation": {"angle": 0, "axis": "y", "origin": [10.5, 14.5, 10.5]},
			"faces": {
				"north": {"uv": [1.875, 1.875, 2.1875, 2.1875], "texture": "#main"},
				"east": {"uv": [0, 2.1875, 0.3125, 2.5], "texture": "#main"},
				"south": {"uv": [2.1875, 0, 2.5, 0.3125], "texture": "#main"},
				"west": {"uv": [0.3125, 2.1875, 0.625, 2.5], "texture": "#main"},
				"up": {"uv": [2.5, 0.625, 2.1875, 0.3125], "texture": "#main"},
				"down": {"uv": [0.9375, 2.1875, 0.625, 2.5], "texture": "#main"}
			}
		},
		{
			"from": [8, -4, 8],
			"to": [13, 1, 13],
			"rotation": {"angle": -22.5, "axis": "y", "origin": [10.5, 14.5, 10.5]},
			"faces": {
				"north": {"uv": [4, 0, 4.3125, 0.3125], "texture": "#main"},
				"east": {"uv": [4, 0.3125, 4.3125, 0.625], "texture": "#main"},
				"south": {"uv": [4.3125, 0, 4.625, 0.3125], "texture": "#main"},
				"west": {"uv": [4.3125, 0.3125, 4.625, 0.625], "texture": "#main"},
				"up": {"uv": [4.3125, 0.9375, 4, 0.625], "texture": "#main"},
				"down": {"uv": [4.9375, 0, 4.625, 0.3125], "texture": "#main"}
			}
		},
		{
			"from": [13, 26, 8],
			"to": [18, 31, 13],
			"rotation": {"angle": -22.5, "axis": "y", "origin": [10.5, 14.5, 10.5]},
			"faces": {
				"north": {"uv": [4.3125, 0.625, 4.625, 0.9375], "texture": "#main"},
				"east": {"uv": [4.625, 0.3125, 4.9375, 0.625], "texture": "#main"},
				"south": {"uv": [4.625, 0.625, 4.9375, 0.9375], "texture": "#main"},
				"west": {"uv": [4, 0.9375, 4.3125, 1.25], "texture": "#main"},
				"up": {"uv": [5.25, 0.3125, 4.9375, 0], "texture": "#main"},
				"down": {"uv": [4.625, 0.9375, 4.3125, 1.25], "texture": "#main"}
			}
		},
		{
			"from": [8, 26, 8],
			"to": [13, 31, 13],
			"rotation": {"angle": -22.5, "axis": "y", "origin": [10.5, 14.5, 10.5]},
			"faces": {
				"north": {"uv": [4.9375, 0.3125, 5.25, 0.625], "texture": "#main"},
				"east": {"uv": [4.625, 0.9375, 4.9375, 1.25], "texture": "#main"},
				"south": {"uv": [4.9375, 0.625, 5.25, 0.9375], "texture": "#main"},
				"west": {"uv": [4.9375, 0.9375, 5.25, 1.25], "texture": "#main"},
				"up": {"uv": [4.3125, 1.5625, 4, 1.25], "texture": "#main"},
				"down": {"uv": [5.5625, 0, 5.25, 0.3125], "texture": "#main"}
			}
		},
		{
			"from": [3, 26, 8],
			"to": [8, 31, 13],
			"rotation": {"angle": -22.5, "axis": "y", "origin": [10.5, 14.5, 10.5]},
			"faces": {
				"north": {"uv": [4.3125, 1.25, 4.625, 1.5625], "texture": "#main"},
				"east": {"uv": [5.25, 0.3125, 5.5625, 0.625], "texture": "#main"},
				"south": {"uv": [4.625, 1.25, 4.9375, 1.5625], "texture": "#main"},
				"west": {"uv": [5.25, 0.625, 5.5625, 0.9375], "texture": "#main"},
				"up": {"uv": [5.25, 1.5625, 4.9375, 1.25], "texture": "#main"},
				"down": {"uv": [5.5625, 0.9375, 5.25, 1.25], "texture": "#main"}
			}
		},
		{
			"from": [18, 21, 8],
			"to": [23, 26, 13],
			"rotation": {"angle": -22.5, "axis": "y", "origin": [10.5, 14.5, 10.5]},
			"faces": {
				"north": {"uv": [5.25, 1.25, 5.5625, 1.5625], "texture": "#main"},
				"east": {"uv": [4, 1.5625, 4.3125, 1.875], "texture": "#main"},
				"south": {"uv": [5.5625, 0, 5.875, 0.3125], "texture": "#main"},
				"west": {"uv": [4.3125, 1.5625, 4.625, 1.875], "texture": "#main"},
				"up": {"uv": [5.875, 0.625, 5.5625, 0.3125], "texture": "#main"},
				"down": {"uv": [4.9375, 1.5625, 4.625, 1.875], "texture": "#main"}
			}
		},
		{
			"from": [3, 11, 8],
			"to": [8, 16, 13],
			"rotation": {"angle": -22.5, "axis": "y", "origin": [10.5, 14.5, 10.5]},
			"faces": {
				"north": {"uv": [5.5625, 0.625, 5.875, 0.9375], "texture": "#main"},
				"east": {"uv": [4.9375, 1.5625, 5.25, 1.875], "texture": "#main"},
				"south": {"uv": [5.5625, 0.9375, 5.875, 1.25], "texture": "#main"},
				"west": {"uv": [5.25, 1.5625, 5.5625, 1.875], "texture": "#main"},
				"up": {"uv": [5.875, 1.5625, 5.5625, 1.25], "texture": "#main"},
				"down": {"uv": [5.875, 1.5625, 5.5625, 1.875], "texture": "#main"}
			}
		},
		{
			"from": [-2, 21, 8],
			"to": [3, 26, 13],
			"rotation": {"angle": -22.5, "axis": "y", "origin": [10.5, 14.5, 10.5]},
			"faces": {
				"north": {"uv": [4, 1.875, 4.3125, 2.1875], "texture": "#main"},
				"east": {"uv": [5.875, 0, 6.1875, 0.3125], "texture": "#main"},
				"south": {"uv": [4.3125, 1.875, 4.625, 2.1875], "texture": "#main"},
				"west": {"uv": [5.875, 0.3125, 6.1875, 0.625], "texture": "#main"},
				"up": {"uv": [4.9375, 2.1875, 4.625, 1.875], "texture": "#main"},
				"down": {"uv": [6.1875, 0.625, 5.875, 0.9375], "texture": "#main"}
			}
		},
		{
			"from": [-2, 16, 8],
			"to": [3, 21, 13],
			"rotation": {"angle": -22.5, "axis": "y", "origin": [10.5, 14.5, 10.5]},
			"faces": {
				"north": {"uv": [4.9375, 1.875, 5.25, 2.1875], "texture": "#main"},
				"east": {"uv": [5.875, 0.9375, 6.1875, 1.25], "texture": "#main"},
				"south": {"uv": [5.25, 1.875, 5.5625, 2.1875], "texture": "#main"},
				"west": {"uv": [5.875, 1.25, 6.1875, 1.5625], "texture": "#main"},
				"up": {"uv": [5.875, 2.1875, 5.5625, 1.875], "texture": "#main"},
				"down": {"uv": [6.1875, 1.5625, 5.875, 1.875], "texture": "#main"}
			}
		},
		{
			"from": [8, 6, 8],
			"to": [13, 11, 13],
			"rotation": {"angle": -22.5, "axis": "y", "origin": [10.5, 14.5, 10.5]},
			"faces": {
				"north": {"uv": [5.875, 1.875, 6.1875, 2.1875], "texture": "#main"},
				"east": {"uv": [4, 2.1875, 4.3125, 2.5], "texture": "#main"},
				"south": {"uv": [6.1875, 0, 6.5, 0.3125], "texture": "#main"},
				"west": {"uv": [4.3125, 2.1875, 4.625, 2.5], "texture": "#main"},
				"up": {"uv": [6.5, 0.625, 6.1875, 0.3125], "texture": "#main"},
				"down": {"uv": [4.9375, 2.1875, 4.625, 2.5], "texture": "#main"}
			}
		}
	],
	"display": {
		"thirdperson_righthand": {
			"rotation": [25, 0, 0],
			"translation": [-1, -0.5, 0],
			"scale": [0.4, 0.4, 0.4]
		},
		"thirdperson_lefthand": {
			"rotation": [25, 0, 0],
			"translation": [-1, -0.5, 0],
			"scale": [0.4, 0.4, 0.4]
		},
		"firstperson_righthand": {
			"rotation": [0, 108, -59],
			"translation": [6.25, 0, 0],
			"scale": [0.4, 0.4, 0.4]
		},
		"firstperson_lefthand": {
			"rotation": [-41, -87, 5],
			"translation": [6.25, 0, 0],
			"scale": [0.4, 0.4, 0.4]
		},
		"ground": {
			"rotation": [0, 0, 45],
			"translation": [2.25, 0, 0],
			"scale": [0.5, 0.5, 0.5]
		},
		"gui": {
			"rotation": [0, 180, 45],
			"translation": [-2, -3.75, 0],
			"scale": [0.45, 0.45, 0.45]
		},
		"head": {
			"translation": [-2.25, 27, -1]
		},
		"fixed": {
			"translation": [-1, -3.5, -3.25],
			"scale": [0.5, 0.5, 0.5]
		}
	},
	"groups": [
		0,
		1,
		2,
		3,
		4,
		5,
		6,
		7,
		8,
		9,
		10,
		11,
		12,
		13,
		14,
		15,
		16,
		17,
		18,
		19,
		20,
		21,
		22,
		23,
		24,
		25,
		26,
		27,
		28,
		29,
		30,
		31,
		32,
		33,
		34,
		35,
		36,
		37,
		38,
		39,
		40,
		41,
		42,
		43,
		44,
		45,
		46,
		47,
		48,
		49,
		50,
		51,
		52,
		53,
		54,
		55,
		56,
		57,
		58,
		59,
		60,
		61,
		62,
		63,
		64,
		65,
		66,
		67,
		68,
		69,
		70,
		71,
		72,
		73,
		74,
		75,
		76,
		77,
		78,
		79,
		80,
		81,
		82,
		83,
		84,
		85,
		86,
		87,
		88,
		89,
		90,
		91,
		92,
		93,
		94,
		95,
		96,
		97,
		98,
		99,
		100,
		101,
		102,
		103,
		104,
		105,
		106,
		107,
		108,
		109,
		110,
		111,
		112,
		113,
		114,
		115,
		116,
		117,
		118,
		119,
		120,
		121,
		122,
		123,
		124,
		125,
		126,
		127,
		128,
		129,
		130,
		131,
		132,
		133,
		134,
		{
			"name": "group",
			"origin": [0, 0, 0],
			"color": 0,
			"children": [135, 136, 137, 138, 139, 140, 141, 142, 143]
		}
	]
}