{
	"credit": "Made with Blockbench",
	"texture_size": [64, 64],
	"textures": {
		"0": "deskovky:item/bila-figurka",
		"particle": "deskovky:item/bila-figurka"
	},
	"elements": [
		{
			"from": [3, 0, 3],
			"to": [13, 3, 13],
			"faces": {
				"north": {"uv": [6.25, 1.5, 8.75, 2.25], "texture": "#0"},
				"east": {"uv": [6.25, 1.5, 8.75, 2.25], "texture": "#0"},
				"south": {"uv": [6.25, 1.5, 8.75, 2.25], "texture": "#0"},
				"west": {"uv": [6.25, 1.5, 8.75, 2.25], "texture": "#0"},
				"up": {"uv": [2.5, 2.5, 0, 0], "texture": "#0"},
				"down": {"uv": [2.5, 2.5, 0, 5], "texture": "#0"}
			}
		},
		{
			"from": [4, 3, 4],
			"to": [12, 7, 12],
			"faces": {
				"north": {"uv": [3.5, 5.75, 5.5, 6.75], "texture": "#0"},
				"east": {"uv": [3.5, 5.75, 5.5, 6.75], "texture": "#0"},
				"south": {"uv": [3.5, 5.75, 5.5, 6.75], "texture": "#0"},
				"west": {"uv": [3.5, 5.75, 5.5, 6.75], "texture": "#0"},
				"up": {"uv": [4.5, 2, 2.5, 0], "texture": "#0"},
				"down": {"uv": [4.5, 2, 2.5, 4], "texture": "#0"}
			}
		},
		{
			"from": [6, 7, 6],
			"to": [10, 13, 10],
			"faces": {
				"north": {"uv": [0, 6.75, 1, 8.25], "texture": "#0"},
				"east": {"uv": [0, 6.75, 1, 8.25], "texture": "#0"},
				"south": {"uv": [0, 6.75, 1, 8.25], "texture": "#0"},
				"west": {"uv": [0, 6.75, 1, 8.25], "texture": "#0"},
				"up": {"uv": [7.5, 7.75, 6.5, 6.75], "texture": "#0"},
				"down": {"uv": [2, 7.5, 1, 8.5], "texture": "#0"}
			}
		},
		{
			"from": [4.5, 13, 4.5],
			"to": [11.5, 20, 11.5],
			"faces": {
				"north": {"uv": [2.5, 4, 4.25, 5.75], "texture": "#0"},
				"east": {"uv": [2.5, 4, 4.25, 5.75], "texture": "#0"},
				"south": {"uv": [2.5, 4, 4.25, 5.75], "texture": "#0"},
				"west": {"uv": [2.5, 4, 4.25, 5.75], "texture": "#0"},
				"up": {"uv": [1.75, 6.75, 0, 5], "texture": "#0"},
				"down": {"uv": [1.75, 5, 0, 6.75], "texture": "#0"}
			}
		}
	],
	"display": {
		"thirdperson_righthand": {
			"rotation": [45, 90, 0],
			"translation": [0, 1, 1.75],
			"scale": [0.3, 0.3, 0.3]
		},
		"thirdperson_lefthand": {
			"rotation": [45, 90, 0],
			"translation": [0, 1, 1.75],
			"scale": [0.3, 0.3, 0.3]
		},
		"firstperson_righthand": {
			"rotation": [-12, 90, 0],
			"translation": [1, 3, 2],
			"scale": [0.3, 0.3, 0.3]
		},
		"firstperson_lefthand": {
			"rotation": [-12, 90, 0],
			"translation": [1, 3, 2],
			"scale": [0.3, 0.3, 0.3]
		},
		"ground": {
			"translation": [0, -1.5, 0],
			"scale": [0.3, 0.3, 0.3]
		},
		"gui": {
			"rotation": [20, -45, 0],
			"translation": [0, -1.5, 0],
			"scale": [0.5, 0.5, 0.5]
		},
		"head": {
			"rotation": [0, 90, 0],
			"translation": [0, 15, 0]
		},
		"fixed": {
			"rotation": [-90, 0, 0],
			"translation": [0, 0, -8]
		}
	}
}