{
  "parent": "minecraft:item/handheld",
  "textures": {
    "layer0": "minecraft:item/iron_sword"
  },
	"overrides": [
	{"predicate": {"custom_model_data": 540000}, "model": "siscu_se:item/copper_tools"},
	{"predicate": {"custom_model_data": 540010}, "model": "siscu_se:item/glass_sword"},
	{"predicate": {"custom_model_data": 540011}, "model": "siscu_se:item/glass_sword_broken"},
	{"predicate": {"custom_model_data": 540012}, "model": "siscu_se:item/glass_sword_broken_clean"},
	{"predicate": {"custom_model_data": 548000}, "model": "siscu_se:item/baby_iron_sword"},
	{"predicate": {"custom_model_data": 548001}, "model": "siscu_se:item/baby_wooden_sword"},
	{"predicate": {"custom_model_data": 548002}, "model": "siscu_se:item/baby_stone_sword"},
	{"predicate": {"custom_model_data": 548003}, "model": "siscu_se:item/baby_gold_sword"},
	{"predicate": {"custom_model_data": 548004}, "model": "siscu_se:item/baby_copper_sword"},
	{"predicate": {"custom_model_data": 548005}, "model": "siscu_se:item/baby_exposed_copper_sword"},
	{"predicate": {"custom_model_data": 548006}, "model": "siscu_se:item/baby_weathered_copper_sword"},
	{"predicate": {"custom_model_data": 548007}, "model": "siscu_se:item/baby_oxidised_copper_sword"},
	{"predicate": {"custom_model_data": 548101}, "model": "siscu_se:item/copper_sword"},
	{"predicate": {"custom_model_data": 548102}, "model": "siscu_se:item/exposed_copper_sword"},
	{"predicate": {"custom_model_data": 548103}, "model": "siscu_se:item/weathered_copper_sword"},
	{"predicate": {"custom_model_data": 548104}, "model": "siscu_se:item/oxidised_copper_sword"}
	]
}