{
	"credit": "Made with Blockbench",
	"texture_size": [64, 64],
	"textures": {
		"0": "matus-set:item/matkullpick",
		"particle": "matus-set:item/matkullpick"
	},
	"elements": [
		{
			"from": [6, 10, 6],
			"to": [10, 22, 10],
			"rotation": {"angle": 0, "axis": "y", "origin": [0, 6, 0]},
			"faces": {
				"north": {"uv": [0, 0, 1, 3], "texture": "#0"},
				"east": {"uv": [1, 0, 2, 3], "texture": "#0"},
				"south": {"uv": [2, 0, 3, 3], "texture": "#0"},
				"west": {"uv": [0, 3, 1, 6], "texture": "#0"},
				"up": {"uv": [7.25, 9.75, 6.25, 8.75], "texture": "#0"},
				"down": {"uv": [9.25, 8.75, 8.25, 9.75], "texture": "#0"}
			}
		},
		{
			"from": [4.5, -5, 5.5],
			"to": [9.5, 0, 10.5],
			"rotation": {"angle": 45, "axis": "z", "origin": [8, -1.5, 8]},
			"faces": {
				"north": {"uv": [6.5, 1.5, 7.75, 2.75], "texture": "#0"},
				"east": {"uv": [6.5, 2.75, 7.75, 4], "texture": "#0"},
				"south": {"uv": [6.5, 4, 7.75, 5.25], "texture": "#0"},
				"west": {"uv": [6.5, 5.25, 7.75, 6.5], "texture": "#0"},
				"up": {"uv": [7.75, 7.75, 6.5, 6.5], "texture": "#0"},
				"down": {"uv": [6.25, 7, 5, 8.25], "texture": "#0"}
			}
		},
		{
			"from": [6.5, -2, 6.5],
			"to": [9.5, 10, 9.5],
			"rotation": {"angle": 0, "axis": "y", "origin": [0, 6, 0]},
			"faces": {
				"north": {"uv": [1, 4.5, 1.75, 7.5], "texture": "#0"},
				"east": {"uv": [1.75, 4.5, 2.5, 7.5], "texture": "#0"},
				"south": {"uv": [2.5, 4.5, 3.25, 7.5], "texture": "#0"},
				"west": {"uv": [3.25, 4.5, 4, 7.5], "texture": "#0"},
				"up": {"uv": [10.75, 6, 10, 5.25], "texture": "#0"},
				"down": {"uv": [9.75, 10, 9, 10.75], "texture": "#0"}
			}
		},
		{
			"from": [5, 20, 5],
			"to": [11, 26, 11],
			"rotation": {"angle": 45, "axis": "z", "origin": [8, 23, 8]},
			"faces": {
				"north": {"uv": [3, 0, 4.5, 1.5], "texture": "#0"},
				"east": {"uv": [1, 3, 2.5, 4.5], "texture": "#0"},
				"south": {"uv": [3, 1.5, 4.5, 3], "texture": "#0"},
				"west": {"uv": [2.5, 3, 4, 4.5], "texture": "#0"},
				"up": {"uv": [5.5, 4.5, 4, 3], "texture": "#0"},
				"down": {"uv": [6, 0, 4.5, 1.5], "texture": "#0"}
			}
		},
		{
			"from": [6, 21, 4],
			"to": [10, 25, 12],
			"rotation": {"angle": 45, "axis": "z", "origin": [8, 23, 5]},
			"faces": {
				"north": {"uv": [9, 4.5, 10, 5.5], "texture": "#0"},
				"east": {"uv": [4.5, 1.5, 6.5, 2.5], "texture": "#0"},
				"south": {"uv": [9, 5.5, 10, 6.5], "texture": "#0"},
				"west": {"uv": [4, 4.5, 6, 5.5], "texture": "#0"},
				"up": {"uv": [6.5, 4.5, 5.5, 2.5], "texture": "#0"},
				"down": {"uv": [5, 5.5, 4, 7.5], "texture": "#0"}
			}
		},
		{
			"from": [1, 21, 6],
			"to": [6, 24, 10],
			"rotation": {"angle": 0, "axis": "y", "origin": [0, 6, 0]},
			"faces": {
				"north": {"uv": [9.25, 0, 10.5, 0.75], "texture": "#0"},
				"east": {"uv": [9.25, 7.25, 10.25, 8], "texture": "#0"},
				"south": {"uv": [9.25, 0.75, 10.5, 1.5], "texture": "#0"},
				"west": {"uv": [9.25, 8.75, 10.25, 9.5], "texture": "#0"},
				"up": {"uv": [4.75, 8.5, 3.5, 7.5], "texture": "#0"},
				"down": {"uv": [9, 4.5, 7.75, 5.5], "texture": "#0"}
			}
		},
		{
			"from": [10, 21, 6],
			"to": [15, 24, 10],
			"rotation": {"angle": 0, "axis": "y", "origin": [16, 6, 0]},
			"faces": {
				"north": {"uv": [3, 9.25, 4.25, 10], "texture": "#0"},
				"east": {"uv": [9.5, 1.5, 10.5, 2.25], "texture": "#0"},
				"south": {"uv": [9.25, 6.5, 10.5, 7.25], "texture": "#0"},
				"west": {"uv": [9.5, 2.25, 10.5, 3], "texture": "#0"},
				"up": {"uv": [9, 6.5, 7.75, 5.5], "texture": "#0"},
				"down": {"uv": [7.5, 7.75, 6.25, 8.75], "texture": "#0"}
			}
		},
		{
			"from": [-4, 21, 6.5],
			"to": [3, 24, 9.5],
			"rotation": {"angle": 22.5, "axis": "z", "origin": [3, 21, 8]},
			"faces": {
				"north": {"uv": [0, 7.5, 1.75, 8.25], "texture": "#0"},
				"east": {"uv": [4.75, 9.75, 5.5, 10.5], "texture": "#0"},
				"south": {"uv": [7.5, 0, 9.25, 0.75], "texture": "#0"},
				"west": {"uv": [5.5, 9.75, 6.25, 10.5], "texture": "#0"},
				"up": {"uv": [9.25, 1.5, 7.5, 0.75], "texture": "#0"},
				"down": {"uv": [3.5, 7.5, 1.75, 8.25], "texture": "#0"}
			}
		},
		{
			"from": [13, 21, 6.5],
			"to": [20, 24, 9.5],
			"rotation": {"angle": -22.5, "axis": "z", "origin": [13, 21, 8]},
			"faces": {
				"north": {"uv": [7.75, 1.5, 9.5, 2.25], "texture": "#0"},
				"east": {"uv": [6.25, 9.75, 7, 10.5], "texture": "#0"},
				"south": {"uv": [7.75, 2.25, 9.5, 3], "texture": "#0"},
				"west": {"uv": [9.75, 8, 10.5, 8.75], "texture": "#0"},
				"up": {"uv": [9.5, 3.75, 7.75, 3], "texture": "#0"},
				"down": {"uv": [9.5, 3.75, 7.75, 4.5], "texture": "#0"}
			}
		},
		{
			"from": [-6, 18, 7],
			"to": [-2, 20, 9],
			"rotation": {"angle": 45, "axis": "z", "origin": [-4, 18, 8]},
			"faces": {
				"north": {"uv": [4.5, 2.5, 5.5, 3], "texture": "#0"},
				"east": {"uv": [6, 4.5, 6.5, 5], "texture": "#0"},
				"south": {"uv": [10, 6, 11, 6.5], "texture": "#0"},
				"west": {"uv": [6, 5, 6.5, 5.5], "texture": "#0"},
				"up": {"uv": [11.25, 9.25, 10.25, 8.75], "texture": "#0"},
				"down": {"uv": [11.5, 0, 10.5, 0.5], "texture": "#0"}
			}
		},
		{
			"from": [18, 18, 7],
			"to": [22, 20, 9],
			"rotation": {"angle": -45, "axis": "z", "origin": [20, 18, 8]},
			"faces": {
				"north": {"uv": [10.5, 0.5, 11.5, 1], "texture": "#0"},
				"east": {"uv": [10.5, 2.5, 11, 3], "texture": "#0"},
				"south": {"uv": [10.5, 1, 11.5, 1.5], "texture": "#0"},
				"west": {"uv": [4, 10.5, 4.5, 11], "texture": "#0"},
				"up": {"uv": [11.5, 2, 10.5, 1.5], "texture": "#0"},
				"down": {"uv": [11.5, 2, 10.5, 2.5], "texture": "#0"}
			}
		},
		{
			"from": [2.57926, 23.11522, 6.5],
			"to": [5.57926, 29.11522, 9.5],
			"rotation": {"angle": 22.5, "axis": "z", "origin": [5.07926, 26.11522, 8]},
			"faces": {
				"north": {"uv": [0, 6, 0.75, 7.5], "texture": "#0"},
				"east": {"uv": [7.75, 6.5, 8.5, 8], "texture": "#0"},
				"south": {"uv": [7.5, 8, 8.25, 9.5], "texture": "#0"},
				"west": {"uv": [0, 8.25, 0.75, 9.75], "texture": "#0"},
				"up": {"uv": [9, 10.5, 8.25, 9.75], "texture": "#0"},
				"down": {"uv": [3.25, 10, 2.5, 10.75], "texture": "#0"}
			}
		},
		{
			"from": [10.42074, 23.11522, 6.5],
			"to": [13.42074, 29.11522, 9.5],
			"rotation": {"angle": -22.5, "axis": "z", "origin": [10.92074, 26.11522, 8]},
			"faces": {
				"north": {"uv": [0.75, 8.25, 1.5, 9.75], "texture": "#0"},
				"east": {"uv": [1.5, 8.25, 2.25, 9.75], "texture": "#0"},
				"south": {"uv": [2.25, 8.25, 3, 9.75], "texture": "#0"},
				"west": {"uv": [4.75, 8.25, 5.5, 9.75], "texture": "#0"},
				"up": {"uv": [4, 10.75, 3.25, 10], "texture": "#0"},
				"down": {"uv": [10.75, 4.5, 10, 5.25], "texture": "#0"}
			}
		},
		{
			"from": [3, 27, 7],
			"to": [5, 32, 9],
			"rotation": {"angle": -22.5, "axis": "z", "origin": [4, 30, 8]},
			"faces": {
				"north": {"uv": [4.25, 9.25, 4.75, 10.5], "texture": "#0"},
				"east": {"uv": [7.25, 9.5, 7.75, 10.75], "texture": "#0"},
				"south": {"uv": [7.75, 9.5, 8.25, 10.75], "texture": "#0"},
				"west": {"uv": [0, 9.75, 0.5, 11], "texture": "#0"},
				"up": {"uv": [5, 11, 4.5, 10.5], "texture": "#0"},
				"down": {"uv": [5.5, 10.5, 5, 11], "texture": "#0"}
			}
		},
		{
			"from": [11, 27, 7],
			"to": [13, 32, 9],
			"rotation": {"angle": 22.5, "axis": "z", "origin": [12, 30, 8]},
			"faces": {
				"north": {"uv": [0.5, 9.75, 1, 11], "texture": "#0"},
				"east": {"uv": [1, 9.75, 1.5, 11], "texture": "#0"},
				"south": {"uv": [1.5, 9.75, 2, 11], "texture": "#0"},
				"west": {"uv": [2, 9.75, 2.5, 11], "texture": "#0"},
				"up": {"uv": [6, 11, 5.5, 10.5], "texture": "#0"},
				"down": {"uv": [6.5, 10.5, 6, 11], "texture": "#0"}
			}
		},
		{
			"from": [5.38, 16, 5.38],
			"to": [10.63, 18, 10.63],
			"faces": {
				"north": {"uv": [9.5, 3, 10.8125, 3.5], "texture": "#0"},
				"east": {"uv": [9.5, 3.5, 10.8125, 4], "texture": "#0"},
				"south": {"uv": [9.5, 4, 10.8125, 4.5], "texture": "#0"},
				"west": {"uv": [9.25, 9.5, 10.5625, 10], "texture": "#0"},
				"up": {"uv": [6.3125, 6.8125, 5, 5.5], "texture": "#0"},
				"down": {"uv": [7.3125, 0, 6, 1.3125], "texture": "#0"}
			}
		},
		{
			"from": [5.5, -4, 5],
			"to": [8.5, -1, 11],
			"rotation": {"angle": 45, "axis": "z", "origin": [8, -1.5, 8]},
			"faces": {
				"north": {"uv": [9.75, 10, 10.5, 10.75], "texture": "#0"},
				"east": {"uv": [8.25, 8, 9.75, 8.75], "texture": "#0"},
				"south": {"uv": [10.25, 7.25, 11, 8], "texture": "#0"},
				"west": {"uv": [3, 8.5, 4.5, 9.25], "texture": "#0"},
				"up": {"uv": [6.25, 9.75, 5.5, 8.25], "texture": "#0"},
				"down": {"uv": [9.25, 6.5, 8.5, 8], "texture": "#0"}
			}
		},
		{
			"from": [6.38, 8, 6.38],
			"to": [9.63, 8.25, 9.63],
			"faces": {
				"north": {"uv": [7.625, 2.3125, 8.4375, 3.6875], "texture": "#0"},
				"east": {"uv": [9.4375, 0.25, 10.25, 1.125], "texture": "#0"},
				"south": {"uv": [6.6875, 5.8125, 7.5, 5.875], "texture": "#0"},
				"west": {"uv": [8, 1, 8.8125, 1.0625], "texture": "#0"},
				"up": {"uv": [5.8125, 0.4375, 6.625, 1.25], "texture": "#0"},
				"down": {"uv": [3.375, 0.375, 4.1875, 1.1875], "texture": "#0"}
			}
		},
		{
			"from": [6.38, 10, 6.38],
			"to": [9.63, 10.25, 9.63],
			"faces": {
				"north": {"uv": [7.625, 2.3125, 8.4375, 3.6875], "texture": "#0"},
				"east": {"uv": [9.4375, 0.25, 10.25, 1.125], "texture": "#0"},
				"south": {"uv": [6.6875, 5.8125, 7.5, 5.875], "texture": "#0"},
				"west": {"uv": [8, 1, 8.8125, 1.0625], "texture": "#0"},
				"up": {"uv": [5.8125, 0.4375, 6.625, 1.25], "texture": "#0"},
				"down": {"uv": [3.375, 0.375, 4.1875, 1.1875], "texture": "#0"}
			}
		},
		{
			"from": [6.38, 6, 6.38],
			"to": [9.63, 6.25, 9.63],
			"faces": {
				"north": {"uv": [7.625, 2.3125, 8.4375, 3.6875], "texture": "#0"},
				"east": {"uv": [9.4375, 0.25, 10.25, 1.125], "texture": "#0"},
				"south": {"uv": [6.6875, 5.8125, 7.5, 5.875], "texture": "#0"},
				"west": {"uv": [8, 1, 8.8125, 1.0625], "texture": "#0"},
				"up": {"uv": [5.8125, 0.4375, 6.625, 1.25], "texture": "#0"},
				"down": {"uv": [3.375, 0.375, 4.1875, 1.1875], "texture": "#0"}
			}
		},
		{
			"from": [6.38, 4, 6.38],
			"to": [9.63, 4.25, 9.63],
			"faces": {
				"north": {"uv": [7.625, 2.3125, 8.4375, 3.6875], "texture": "#0"},
				"east": {"uv": [9.4375, 0.25, 10.25, 1.125], "texture": "#0"},
				"south": {"uv": [6.6875, 5.8125, 7.5, 5.875], "texture": "#0"},
				"west": {"uv": [8, 1, 8.8125, 1.0625], "texture": "#0"},
				"up": {"uv": [5.8125, 0.4375, 6.625, 1.25], "texture": "#0"},
				"down": {"uv": [3.375, 0.375, 4.1875, 1.1875], "texture": "#0"}
			}
		},
		{
			"from": [6.38, 2, 6.38],
			"to": [9.63, 2.25, 9.63],
			"faces": {
				"north": {"uv": [7.625, 2.3125, 8.4375, 3.6875], "texture": "#0"},
				"east": {"uv": [9.4375, 0.25, 10.25, 1.125], "texture": "#0"},
				"south": {"uv": [6.6875, 5.8125, 7.5, 5.875], "texture": "#0"},
				"west": {"uv": [8, 1, 8.8125, 1.0625], "texture": "#0"},
				"up": {"uv": [5.8125, 0.4375, 6.625, 1.25], "texture": "#0"},
				"down": {"uv": [3.375, 0.375, 4.1875, 1.1875], "texture": "#0"}
			}
		},
		{
			"from": [6.38, 0, 6.38],
			"to": [9.63, 0.25, 9.63],
			"faces": {
				"north": {"uv": [7.625, 2.3125, 8.4375, 3.6875], "texture": "#0"},
				"east": {"uv": [9.4375, 0.25, 10.25, 1.125], "texture": "#0"},
				"south": {"uv": [6.6875, 5.8125, 7.5, 5.875], "texture": "#0"},
				"west": {"uv": [8, 1, 8.8125, 1.0625], "texture": "#0"},
				"up": {"uv": [5.8125, 0.4375, 6.625, 1.25], "texture": "#0"},
				"down": {"uv": [3.375, 0.375, 4.1875, 1.1875], "texture": "#0"}
			}
		},
		{
			"from": [6.38, -2, 6.38],
			"to": [9.63, -1.75, 9.63],
			"faces": {
				"north": {"uv": [7.625, 2.3125, 8.4375, 3.6875], "texture": "#0"},
				"east": {"uv": [9.4375, 0.25, 10.25, 1.125], "texture": "#0"},
				"south": {"uv": [6.6875, 5.8125, 7.5, 5.875], "texture": "#0"},
				"west": {"uv": [8, 1, 8.8125, 1.0625], "texture": "#0"},
				"up": {"uv": [5.8125, 0.4375, 6.625, 1.25], "texture": "#0"},
				"down": {"uv": [3.375, 0.375, 4.1875, 1.1875], "texture": "#0"}
			}
		}
	],
	"display": {
		"thirdperson_righthand": {
			"rotation": [0, 90, 0],
			"translation": [0, -0.5, 1.75],
			"scale": [0.5, 0.5, 0.5]
		},
		"thirdperson_lefthand": {
			"rotation": [0, 90, 0],
			"translation": [0, -0.25, 1.75],
			"scale": [0.5, 0.5, 0.5]
		},
		"firstperson_righthand": {
			"rotation": [-15, 105, 0],
			"translation": [1.25, 0.25, 1.75],
			"scale": [0.5, 0.5, 0.5]
		},
		"firstperson_lefthand": {
			"rotation": [-15, 105, 0],
			"translation": [1.25, 1, 1],
			"scale": [0.5, 0.5, 0.5]
		},
		"ground": {
			"rotation": [0, 0, 50],
			"translation": [-1, 1, 0],
			"scale": [0.5, 0.5, 0.5]
		},
		"gui": {
			"rotation": [0, 0, -50],
			"translation": [-2.5, -2.25, 0],
			"scale": [0.5, 0.5, 0.5]
		},
		"head": {
			"rotation": [0, 0, 50],
			"translation": [0, 12.25, 0],
			"scale": [0.5, 0.5, 0.5]
		},
		"fixed": {
			"rotation": [0, 0, 50],
			"translation": [2, -1.75, 0],
			"scale": [0.5, 0.5, 0.5]
		}
	}
}