{
	"credit": "Made with Blockbench",
	"texture_size": [64, 64],
	"textures": {
		"0": "matus-set:item/matkullhelma",
		"particle": "matus-set:item/matkullhelma"
	},
	"elements": [
		{
			"from": [3, 1, 0],
			"to": [3, 9, 10],
			"rotation": {"angle": 0, "axis": "y", "origin": [8, 4, 5]},
			"faces": {
				"north": {"uv": [0, 0, 0, 2], "texture": "#0"},
				"east": {"uv": [3, 5, 5.5, 7], "texture": "#0"},
				"south": {"uv": [0, 0, 0, 2], "texture": "#0"},
				"west": {"uv": [5.5, 0, 8, 2], "texture": "#0"},
				"up": {"uv": [0, 2.5, 0, 0], "texture": "#0"},
				"down": {"uv": [0, 0, 0, 2.5], "texture": "#0"}
			}
		},
		{
			"from": [13, 1, 0],
			"to": [13, 9, 10],
			"rotation": {"angle": 0, "axis": "y", "origin": [8, 4, 5]},
			"faces": {
				"north": {"uv": [0, 0, 0, 2], "texture": "#0"},
				"east": {"uv": [5.5, 2, 8, 4], "texture": "#0"},
				"south": {"uv": [0, 0, 0, 2], "texture": "#0"},
				"west": {"uv": [5.5, 4, 8, 6], "texture": "#0"},
				"up": {"uv": [0, 2.5, 0, 0], "texture": "#0"},
				"down": {"uv": [0, 0, 0, 2.5], "texture": "#0"}
			}
		},
		{
			"from": [3, 5, 0],
			"to": [13, 9, 0],
			"rotation": {"angle": 0, "axis": "y", "origin": [8, 4, 5]},
			"faces": {
				"north": {"uv": [2.5, 7, 5, 8], "texture": "#0"},
				"east": {"uv": [0, 0, 0, 1], "texture": "#0"},
				"south": {"uv": [0, 8, 2.5, 9], "texture": "#0"},
				"west": {"uv": [0, 0, 0, 1], "texture": "#0"},
				"up": {"uv": [2.5, 0, 0, 0], "texture": "#0"},
				"down": {"uv": [2.5, 0, 0, 0], "texture": "#0"}
			}
		},
		{
			"from": [3, 1, 10],
			"to": [13, 9, 10],
			"rotation": {"angle": 0, "axis": "y", "origin": [8, 4, 5]},
			"faces": {
				"north": {"uv": [0, 6, 2.5, 8], "texture": "#0"},
				"east": {"uv": [0, 0, 0, 2], "texture": "#0"},
				"south": {"uv": [5.5, 6, 8, 8], "texture": "#0"},
				"west": {"uv": [0, 0, 0, 2], "texture": "#0"},
				"up": {"uv": [2.5, 0, 0, 0], "texture": "#0"},
				"down": {"uv": [2.5, 0, 0, 0], "texture": "#0"}
			}
		},
		{
			"from": [4, 0, 10],
			"to": [12, 1, 10],
			"rotation": {"angle": 0, "axis": "y", "origin": [8, 4, 5]},
			"faces": {
				"north": {"uv": [8.5, 2.5, 10.5, 2.75], "texture": "#0"},
				"east": {"uv": [0, 0, 0, 0.25], "texture": "#0"},
				"south": {"uv": [8.5, 2.75, 10.5, 3], "texture": "#0"},
				"west": {"uv": [0, 0, 0, 0.25], "texture": "#0"},
				"up": {"uv": [2, 0, 0, 0], "texture": "#0"},
				"down": {"uv": [2, 0, 0, 0], "texture": "#0"}
			}
		},
		{
			"from": [3, 9, 0],
			"to": [13, 9, 10],
			"rotation": {"angle": 0, "axis": "y", "origin": [8, 4, 5]},
			"faces": {
				"north": {"uv": [0, 0, 2.5, 0], "texture": "#0"},
				"east": {"uv": [0, 0, 2.5, 0], "texture": "#0"},
				"south": {"uv": [0, 0, 2.5, 0], "texture": "#0"},
				"west": {"uv": [0, 0, 2.5, 0], "texture": "#0"},
				"up": {"uv": [5.5, 2.5, 3, 0], "texture": "#0"},
				"down": {"uv": [5.5, 2.5, 3, 5], "texture": "#0"}
			}
		},
		{
			"from": [5.29402, 0, -1.53281],
			"to": [9.29402, 4, -1.53281],
			"rotation": {"angle": 22.5, "axis": "y", "origin": [8, 4, 5]},
			"faces": {
				"north": {"uv": [8, 5.5, 9, 6.5], "texture": "#0"},
				"east": {"uv": [0, 0, 0, 8], "texture": "#0"},
				"south": {"uv": [0, 10.375, 1, 11.375], "texture": "#0"},
				"west": {"uv": [0, 0, 0, 8], "texture": "#0"},
				"up": {"uv": [8, 0, 0, 0], "texture": "#0"},
				"down": {"uv": [8, 0, 0, 0], "texture": "#0"}
			}
		},
		{
			"from": [6.29402, -1, -1.53281],
			"to": [9.29402, 0, -1.53281],
			"rotation": {"angle": 22.5, "axis": "y", "origin": [8, 4, 5]},
			"faces": {
				"north": {"uv": [7.5, 9, 8.25, 9.25], "texture": "#0"},
				"east": {"uv": [0, 0, 0, 0.25], "texture": "#0"},
				"south": {"uv": [9, 8, 9.75, 8.25], "texture": "#0"},
				"west": {"uv": [0, 0, 0, 0.25], "texture": "#0"},
				"up": {"uv": [0.75, 0, 0, 0], "texture": "#0"},
				"down": {"uv": [0.75, 0, 0, 0], "texture": "#0"}
			}
		},
		{
			"from": [6.70598, 0, -1.53281],
			"to": [10.70598, 4, -1.53281],
			"rotation": {"angle": -22.5, "axis": "y", "origin": [8, 4, 5]},
			"faces": {
				"north": {"uv": [8, 6.5, 9, 7.5], "texture": "#0"},
				"east": {"uv": [0, 0, 0, 1], "texture": "#0"},
				"south": {"uv": [7, 8, 8, 9], "texture": "#0"},
				"west": {"uv": [0, 0, 0, 1], "texture": "#0"},
				"up": {"uv": [1, 0, 0, 0], "texture": "#0"},
				"down": {"uv": [1, 0, 0, 0], "texture": "#0"}
			}
		},
		{
			"from": [6.70598, -1, -1.53281],
			"to": [9.70598, 0, -1.53281],
			"rotation": {"angle": -22.5, "axis": "y", "origin": [8, 4, 5]},
			"faces": {
				"north": {"uv": [8.25, 9, 9, 9.25], "texture": "#0"},
				"east": {"uv": [0, 0, 0, 0.25], "texture": "#0"},
				"south": {"uv": [9, 8.25, 9.75, 8.5], "texture": "#0"},
				"west": {"uv": [0, 0, 0, 0.25], "texture": "#0"},
				"up": {"uv": [0.75, 0, 0, 0], "texture": "#0"},
				"down": {"uv": [0.75, 0, 0, 0], "texture": "#0"}
			}
		},
		{
			"from": [2, 6, -1],
			"to": [14, 8, 11],
			"rotation": {"angle": 0, "axis": "y", "origin": [8, 4, 5]},
			"faces": {
				"north": {"uv": [8, 0, 11, 0.5], "texture": "#0"},
				"east": {"uv": [8, 0.5, 11, 1], "texture": "#0"},
				"south": {"uv": [8, 1, 11, 1.5], "texture": "#0"},
				"west": {"uv": [8, 1.5, 11, 2], "texture": "#0"},
				"up": {"uv": [3, 3, 0, 0], "texture": "#0"},
				"down": {"uv": [3, 3, 0, 6], "texture": "#0"}
			}
		},
		{
			"from": [7, 5, -1],
			"to": [9, 6, 0],
			"rotation": {"angle": 0, "axis": "y", "origin": [8, 4, 5]},
			"faces": {
				"north": {"uv": [9, 8.5, 9.5, 8.75], "texture": "#0"},
				"east": {"uv": [9.25, 4.25, 9.5, 4.5], "texture": "#0"},
				"south": {"uv": [9, 8.75, 9.5, 9], "texture": "#0"},
				"west": {"uv": [9.25, 4.5, 9.5, 4.75], "texture": "#0"},
				"up": {"uv": [9.5, 9.25, 9, 9], "texture": "#0"},
				"down": {"uv": [9.75, 3.5, 9.25, 3.75], "texture": "#0"}
			}
		},
		{
			"from": [7, 8, -1],
			"to": [9, 10, 11],
			"rotation": {"angle": 0, "axis": "y", "origin": [8, 4, 5]},
			"faces": {
				"north": {"uv": [8.5, 5, 9, 5.5], "texture": "#0"},
				"east": {"uv": [8, 2, 11, 2.5], "texture": "#0"},
				"south": {"uv": [8.5, 7.5, 9, 8], "texture": "#0"},
				"west": {"uv": [2.5, 8, 5.5, 8.5], "texture": "#0"},
				"up": {"uv": [8.5, 5.5, 8, 2.5], "texture": "#0"},
				"down": {"uv": [6, 8, 5.5, 11], "texture": "#0"}
			}
		},
		{
			"from": [7, 0, 10],
			"to": [9, 6, 11],
			"rotation": {"angle": 0, "axis": "y", "origin": [8, 4, 5]},
			"faces": {
				"north": {"uv": [8, 7.5, 8.5, 9], "texture": "#0"},
				"east": {"uv": [5, 8.5, 5.25, 10], "texture": "#0"},
				"south": {"uv": [2.5, 8.5, 3, 10], "texture": "#0"},
				"west": {"uv": [5.25, 8.5, 5.5, 10], "texture": "#0"},
				"up": {"uv": [9.75, 4, 9.25, 3.75], "texture": "#0"},
				"down": {"uv": [9.75, 4, 9.25, 4.25], "texture": "#0"}
			}
		},
		{
			"from": [4.87868, 5.12132, -2],
			"to": [6.87868, 7.12132, 0],
			"rotation": {"angle": -45, "axis": "z", "origin": [8, 4, 5]},
			"faces": {
				"north": {"uv": [8.5, 8, 9, 8.5], "texture": "#0"},
				"east": {"uv": [8.5, 8.5, 9, 9], "texture": "#0"},
				"south": {"uv": [0, 9, 0.5, 9.5], "texture": "#0"},
				"west": {"uv": [0.5, 9, 1, 9.5], "texture": "#0"},
				"up": {"uv": [1.5, 9.5, 1, 9], "texture": "#0"},
				"down": {"uv": [2, 9, 1.5, 9.5], "texture": "#0"}
			}
		},
		{
			"from": [4.6006, 9.07398, 4],
			"to": [6.6006, 13.07398, 6],
			"rotation": {"angle": 22.5, "axis": "z", "origin": [8, 4, 5]},
			"faces": {
				"north": {"uv": [2.5, 6, 3, 7], "texture": "#0"},
				"east": {"uv": [5, 7, 5.5, 8], "texture": "#0"},
				"south": {"uv": [3, 8.5, 3.5, 9.5], "texture": "#0"},
				"west": {"uv": [8.5, 3, 9, 4], "texture": "#0"},
				"up": {"uv": [2.5, 9.5, 2, 9], "texture": "#0"},
				"down": {"uv": [9.5, 3, 9, 3.5], "texture": "#0"}
			}
		},
		{
			"from": [9.39942, 9.07401, 4],
			"to": [11.39942, 13.07401, 6],
			"rotation": {"angle": -22.5, "axis": "z", "origin": [8, 4, 5]},
			"faces": {
				"north": {"uv": [3.5, 8.5, 4, 9.5], "texture": "#0"},
				"east": {"uv": [4, 8.5, 4.5, 9.5], "texture": "#0"},
				"south": {"uv": [8.5, 4, 9, 5], "texture": "#0"},
				"west": {"uv": [4.5, 8.5, 5, 9.5], "texture": "#0"},
				"up": {"uv": [6.75, 9.5, 6.25, 9], "texture": "#0"},
				"down": {"uv": [9.5, 6.5, 9, 7], "texture": "#0"}
			}
		},
		{
			"from": [1.75, 11, 4.5],
			"to": [2.75, 15, 5.5],
			"rotation": {"angle": 0, "axis": "y", "origin": [8, 4, 5]},
			"faces": {
				"north": {"uv": [9, 3.5, 9.25, 4.5], "texture": "#0"},
				"east": {"uv": [9, 4.5, 9.25, 5.5], "texture": "#0"},
				"south": {"uv": [9, 5.5, 9.25, 6.5], "texture": "#0"},
				"west": {"uv": [6, 9, 6.25, 10], "texture": "#0"},
				"up": {"uv": [9.5, 5, 9.25, 4.75], "texture": "#0"},
				"down": {"uv": [9.5, 5, 9.25, 5.25], "texture": "#0"}
			}
		},
		{
			"from": [13.25, 11, 4.5],
			"to": [14.25, 15, 5.5],
			"rotation": {"angle": 0, "axis": "y", "origin": [8, 4, 5]},
			"faces": {
				"north": {"uv": [6.75, 9, 7, 10], "texture": "#0"},
				"east": {"uv": [7, 9, 7.25, 10], "texture": "#0"},
				"south": {"uv": [9, 7, 9.25, 8], "texture": "#0"},
				"west": {"uv": [7.25, 9, 7.5, 10], "texture": "#0"},
				"up": {"uv": [9.5, 5.5, 9.25, 5.25], "texture": "#0"},
				"down": {"uv": [9.5, 5.5, 9.25, 5.75], "texture": "#0"}
			}
		}
	],
	"display": {
		"ground": {
			"translation": [0, 4.75, 0]
		},
		"gui": {
			"rotation": [0, 153, 0],
			"translation": [1.5, 1, 1],
			"scale": [0.9, 0.9, 0.9]
		},
		"head": {
			"rotation": [-1, 0, 0],
			"translation": [0, 6, 4.75],
			"scale": [1.6, 1.6, 1.6]
		}
	}
}