{
	"credit": "Made with Blockbench",
	"texture_size": [64, 64],
	"textures": {
		"0": "matus-set:item/matkullsekera",
		"particle": "matus-set:item/matkullsekera"
	},
	"elements": [
		{
			"from": [6.5, -9, 6.5],
			"to": [9.5, 3, 9.5],
			"rotation": {"angle": 0, "axis": "y", "origin": [0, -7, 0]},
			"faces": {
				"north": {"uv": [3, 3, 3.75, 6], "texture": "#0"},
				"east": {"uv": [3.25, 0, 4, 3], "texture": "#0"},
				"south": {"uv": [3.75, 3, 4.5, 6], "texture": "#0"},
				"west": {"uv": [4, 0, 4.75, 3], "texture": "#0"},
				"up": {"uv": [0.75, 12.25, 0, 11.5], "texture": "#0"},
				"down": {"uv": [1.5, 11.5, 0.75, 12.25], "texture": "#0"}
			}
		},
		{
			"from": [6, 3, 6],
			"to": [10, 15, 10],
			"rotation": {"angle": 0, "axis": "y", "origin": [0, -7, 0]},
			"faces": {
				"north": {"uv": [2.25, 0, 3.25, 3], "texture": "#0"},
				"east": {"uv": [0, 3, 1, 6], "texture": "#0"},
				"south": {"uv": [1, 3, 2, 6], "texture": "#0"},
				"west": {"uv": [2, 3, 3, 6], "texture": "#0"},
				"up": {"uv": [3.75, 10.25, 2.75, 9.25], "texture": "#0"},
				"down": {"uv": [4.75, 9.25, 3.75, 10.25], "texture": "#0"}
			}
		},
		{
			"from": [5, 13, 5],
			"to": [11, 19, 11],
			"rotation": {"angle": 45, "axis": "z", "origin": [8, 16, 8]},
			"faces": {
				"north": {"uv": [4.5, 3, 6, 4.5], "texture": "#0"},
				"east": {"uv": [4.5, 4.5, 6, 6], "texture": "#0"},
				"south": {"uv": [4.75, 0, 6.25, 1.5], "texture": "#0"},
				"west": {"uv": [4.75, 1.5, 6.25, 3], "texture": "#0"},
				"up": {"uv": [1.5, 7.5, 0, 6], "texture": "#0"},
				"down": {"uv": [3, 6, 1.5, 7.5], "texture": "#0"}
			}
		},
		{
			"from": [7, 13, 6.7],
			"to": [16, 19, 9.2],
			"rotation": {"angle": 0, "axis": "y", "origin": [-1, -7, 0]},
			"faces": {
				"north": {"uv": [0, 0, 2.25, 1.5], "texture": "#0"},
				"east": {"uv": [4.25, 10.25, 4.875, 11.75], "texture": "#0"},
				"south": {"uv": [0, 1.5, 2.25, 3], "texture": "#0"},
				"west": {"uv": [5, 10.25, 5.625, 11.75], "texture": "#0"},
				"up": {"uv": [8.5, 2.625, 6.25, 2], "texture": "#0"},
				"down": {"uv": [7.25, 6.25, 5, 6.875], "texture": "#0"}
			}
		},
		{
			"from": [9.75, 13.75, 7.452],
			"to": [23.33, 18.25, 8.448],
			"rotation": {"angle": -45, "axis": "z", "origin": [12, 16, 8]},
			"faces": {
				"north": {"uv": [5, 7, 7.75, 7.5], "texture": "#0"},
				"east": {"uv": [5.25, 11.75, 5.625, 12.25], "texture": "#0"},
				"south": {"uv": [7.25, 4.25, 10, 4.75], "texture": "#0"},
				"west": {"uv": [11.75, 5.25, 12.125, 5.75], "texture": "#0"},
				"up": {"uv": [10.25, 1.875, 7.5, 1.5], "texture": "#0"},
				"down": {"uv": [10.75, 3.75, 8, 4.125], "texture": "#0"}
			}
		},
		{
			"from": [9.75, 13.75, 7.45],
			"to": [23.33, 18.25, 8.45],
			"rotation": {"angle": 0, "axis": "y", "origin": [12, 16, 8]},
			"faces": {
				"north": {"uv": [7.25, 4.75, 10, 5.25], "texture": "#0"},
				"east": {"uv": [11.75, 5.75, 12.125, 6.25], "texture": "#0"},
				"south": {"uv": [7.25, 5.25, 10, 5.75], "texture": "#0"},
				"west": {"uv": [11.75, 6.25, 12.125, 6.75], "texture": "#0"},
				"up": {"uv": [10.75, 8.125, 8, 7.75], "texture": "#0"},
				"down": {"uv": [10.75, 8.25, 8, 8.625], "texture": "#0"}
			}
		},
		{
			"from": [9.75, 13.75, 7.451],
			"to": [23.33, 18.25, 8.449],
			"rotation": {"angle": -22.5, "axis": "z", "origin": [12, 16, 8]},
			"faces": {
				"north": {"uv": [7.25, 5.75, 10, 6.25], "texture": "#0"},
				"east": {"uv": [11.75, 6.75, 12.125, 7.25], "texture": "#0"},
				"south": {"uv": [7.25, 6.25, 10, 6.75], "texture": "#0"},
				"west": {"uv": [7.25, 11.75, 7.625, 12.25], "texture": "#0"},
				"up": {"uv": [11.25, 2.375, 8.5, 2], "texture": "#0"},
				"down": {"uv": [4.75, 8.75, 2, 9.125], "texture": "#0"}
			}
		},
		{
			"from": [9.75, 13.75, 7.452],
			"to": [23.33, 18.25, 8.448],
			"rotation": {"angle": 45, "axis": "z", "origin": [12, 16, 8]},
			"faces": {
				"north": {"uv": [0, 7.5, 2.75, 8], "texture": "#0"},
				"east": {"uv": [11.75, 7.25, 12.125, 7.75], "texture": "#0"},
				"south": {"uv": [7.5, 0, 10.25, 0.5], "texture": "#0"},
				"west": {"uv": [7.75, 11.75, 8.125, 12.25], "texture": "#0"},
				"up": {"uv": [7.5, 9.125, 4.75, 8.75], "texture": "#0"},
				"down": {"uv": [10.25, 8.75, 7.5, 9.125], "texture": "#0"}
			}
		},
		{
			"from": [9.75, 13.75, 7.451],
			"to": [23.33, 18.25, 8.449],
			"rotation": {"angle": 22.5, "axis": "z", "origin": [12, 16, 8]},
			"faces": {
				"north": {"uv": [7.5, 0.5, 10.25, 1], "texture": "#0"},
				"east": {"uv": [11.75, 7.75, 12.125, 8.25], "texture": "#0"},
				"south": {"uv": [7.5, 1, 10.25, 1.5], "texture": "#0"},
				"west": {"uv": [8.25, 11.75, 8.625, 12.25], "texture": "#0"},
				"up": {"uv": [2.75, 9.625, 0, 9.25], "texture": "#0"},
				"down": {"uv": [12, 2.5, 9.25, 2.875], "texture": "#0"}
			}
		},
		{
			"from": [10, 14.5, 7.002],
			"to": [19.08, 17.5, 9.006],
			"rotation": {"angle": -45, "axis": "z", "origin": [12, 16, 7]},
			"faces": {
				"north": {"uv": [9.25, 3, 11.25, 3.5], "texture": "#0"},
				"east": {"uv": [2.75, 7.5, 3, 8], "texture": "#0"},
				"south": {"uv": [4.75, 9.25, 6.75, 9.75], "texture": "#0"},
				"west": {"uv": [7.75, 6.75, 8, 7.25], "texture": "#0"},
				"up": {"uv": [13, 1.25, 11, 1], "texture": "#0"},
				"down": {"uv": [13.25, 2, 11.25, 2.25], "texture": "#0"}
			}
		},
		{
			"from": [10, 14.5, 7],
			"to": [19.08, 17.5, 9],
			"rotation": {"angle": 0, "axis": "y", "origin": [12, 16, 7]},
			"faces": {
				"north": {"uv": [6.75, 9.25, 8.75, 9.75], "texture": "#0"},
				"east": {"uv": [2.75, 8, 3, 8.5], "texture": "#0"},
				"south": {"uv": [9.25, 6.75, 11.25, 7.25], "texture": "#0"},
				"west": {"uv": [2.5, 11, 2.75, 11.5], "texture": "#0"},
				"up": {"uv": [13.25, 2.5, 11.25, 2.25], "texture": "#0"},
				"down": {"uv": [13.25, 3, 11.25, 3.25], "texture": "#0"}
			}
		},
		{
			"from": [10, 14.5, 7.001],
			"to": [19.08, 17.5, 9.003],
			"rotation": {"angle": -22.5, "axis": "z", "origin": [12, 16, 7]},
			"faces": {
				"north": {"uv": [9.25, 7.25, 11.25, 7.75], "texture": "#0"},
				"east": {"uv": [10.5, 11.25, 10.75, 11.75], "texture": "#0"},
				"south": {"uv": [8.75, 9.25, 10.75, 9.75], "texture": "#0"},
				"west": {"uv": [11.75, 8.25, 12, 8.75], "texture": "#0"},
				"up": {"uv": [13.25, 3.5, 11.25, 3.25], "texture": "#0"},
				"down": {"uv": [13.75, 1.25, 11.75, 1.5], "texture": "#0"}
			}
		},
		{
			"from": [10, 14.5, 7.002],
			"to": [19.08, 17.5, 9.006],
			"rotation": {"angle": 45, "axis": "z", "origin": [12, 16, 7]},
			"faces": {
				"north": {"uv": [0, 9.75, 2, 10.25], "texture": "#0"},
				"east": {"uv": [11.75, 8.75, 12, 9.25], "texture": "#0"},
				"south": {"uv": [4.75, 9.75, 6.75, 10.25], "texture": "#0"},
				"west": {"uv": [11.75, 9.25, 12, 9.75], "texture": "#0"},
				"up": {"uv": [13.75, 1.75, 11.75, 1.5], "texture": "#0"},
				"down": {"uv": [13.75, 1.75, 11.75, 2], "texture": "#0"}
			}
		},
		{
			"from": [10, 14.5, 7.001],
			"to": [19.08, 17.5, 9.003],
			"rotation": {"angle": 22.5, "axis": "z", "origin": [12, 16, 7]},
			"faces": {
				"north": {"uv": [6.75, 9.75, 8.75, 10.25], "texture": "#0"},
				"east": {"uv": [11.75, 9.75, 12, 10.25], "texture": "#0"},
				"south": {"uv": [8.75, 9.75, 10.75, 10.25], "texture": "#0"},
				"west": {"uv": [11.75, 10.25, 12, 10.75], "texture": "#0"},
				"up": {"uv": [13.75, 3.75, 11.75, 3.5], "texture": "#0"},
				"down": {"uv": [13.75, 3.75, 11.75, 4], "texture": "#0"}
			}
		},
		{
			"from": [2.95632, 16.39729, 6.5],
			"to": [5.95632, 21.39729, 9.5],
			"rotation": {"angle": 22.5, "axis": "z", "origin": [3.45632, 20.89729, 8]},
			"faces": {
				"north": {"uv": [2, 9.75, 2.75, 11], "texture": "#0"},
				"east": {"uv": [10, 4.25, 10.75, 5.5], "texture": "#0"},
				"south": {"uv": [10, 5.5, 10.75, 6.75], "texture": "#0"},
				"west": {"uv": [0, 10.25, 0.75, 11.5], "texture": "#0"},
				"up": {"uv": [2.75, 8.75, 2, 8], "texture": "#0"},
				"down": {"uv": [10.5, 11.25, 9.75, 12], "texture": "#0"}
			}
		},
		{
			"from": [10.04368, 16.39729, 6.5],
			"to": [13.04368, 21.39729, 9.5],
			"rotation": {"angle": -22.5, "axis": "z", "origin": [12.54368, 20.89729, 8]},
			"faces": {
				"north": {"uv": [10.25, 0, 11, 1.25], "texture": "#0"},
				"east": {"uv": [0.75, 10.25, 1.5, 11.5], "texture": "#0"},
				"south": {"uv": [2.75, 10.25, 3.5, 11.5], "texture": "#0"},
				"west": {"uv": [3.5, 10.25, 4.25, 11.5], "texture": "#0"},
				"up": {"uv": [3.25, 12.25, 2.5, 11.5], "texture": "#0"},
				"down": {"uv": [4, 11.5, 3.25, 12.25], "texture": "#0"}
			}
		},
		{
			"from": [4.54582, 20.35336, 7],
			"to": [6.54582, 25.35336, 9],
			"rotation": {"angle": -22.5, "axis": "z", "origin": [4.54582, 22.85336, 8]},
			"faces": {
				"north": {"uv": [1.5, 10.25, 2, 11.5], "texture": "#0"},
				"east": {"uv": [2, 11, 2.5, 12.25], "texture": "#0"},
				"south": {"uv": [5.75, 11, 6.25, 12.25], "texture": "#0"},
				"west": {"uv": [6.25, 11, 6.75, 12.25], "texture": "#0"},
				"up": {"uv": [10.75, 9.25, 10.25, 8.75], "texture": "#0"},
				"down": {"uv": [2, 11.5, 1.5, 12], "texture": "#0"}
			}
		},
		{
			"from": [9.45418, 20.35336, 7],
			"to": [11.45418, 25.35336, 9],
			"rotation": {"angle": 22.5, "axis": "z", "origin": [11.45418, 22.85336, 8]},
			"faces": {
				"north": {"uv": [6.75, 11, 7.25, 12.25], "texture": "#0"},
				"east": {"uv": [11.25, 6.5, 11.75, 7.75], "texture": "#0"},
				"south": {"uv": [8.75, 11.25, 9.25, 12.5], "texture": "#0"},
				"west": {"uv": [9.25, 11.25, 9.75, 12.5], "texture": "#0"},
				"up": {"uv": [5.25, 12.25, 4.75, 11.75], "texture": "#0"},
				"down": {"uv": [12.25, 4.75, 11.75, 5.25], "texture": "#0"}
			}
		},
		{
			"from": [3.75, -9.5, 6],
			"to": [8.25, -5, 10],
			"rotation": {"angle": 45, "axis": "z", "origin": [8, -5.25, 8]},
			"faces": {
				"north": {"uv": [3, 7.25, 4.125, 8.375], "texture": "#0"},
				"east": {"uv": [0, 8, 1, 9.125], "texture": "#0"},
				"south": {"uv": [4.25, 7.5, 5.375, 8.625], "texture": "#0"},
				"west": {"uv": [1, 8, 2, 9.125], "texture": "#0"},
				"up": {"uv": [9.125, 3.75, 8, 2.75], "texture": "#0"},
				"down": {"uv": [9.125, 6.75, 8, 7.75], "texture": "#0"}
			}
		},
		{
			"from": [6.38, 2, 6.38],
			"to": [9.63, 2.25, 9.63],
			"faces": {
				"north": {"uv": [5, 6, 5.8125, 6.0625], "texture": "#0"},
				"east": {"uv": [6.25, 2.75, 7.0625, 2.8125], "texture": "#0"},
				"south": {"uv": [2.75, 8.5, 3.5625, 8.5625], "texture": "#0"},
				"west": {"uv": [9.25, 3.5, 10.0625, 3.5625], "texture": "#0"},
				"up": {"uv": [9.5625, 11.0625, 8.75, 10.25], "texture": "#0"},
				"down": {"uv": [10.5625, 10.25, 9.75, 11.0625], "texture": "#0"}
			}
		},
		{
			"from": [6.38, 0, 6.38],
			"to": [9.63, 0.25, 9.63],
			"faces": {
				"north": {"uv": [10.5, 11.75, 11.3125, 11.8125], "texture": "#0"},
				"east": {"uv": [11.75, 10.75, 12.5625, 10.8125], "texture": "#0"},
				"south": {"uv": [11.75, 11, 12.5625, 11.0625], "texture": "#0"},
				"west": {"uv": [11.75, 11.25, 12.5625, 11.3125], "texture": "#0"},
				"up": {"uv": [11.5625, 4.3125, 10.75, 3.5], "texture": "#0"},
				"down": {"uv": [11.5625, 4.5, 10.75, 5.3125], "texture": "#0"}
			}
		},
		{
			"from": [6.38, -2, 6.38],
			"to": [9.63, -1.75, 9.63],
			"faces": {
				"north": {"uv": [11.5, 11.75, 12.3125, 11.8125], "texture": "#0"},
				"east": {"uv": [11.75, 11.5, 12.5625, 11.5625], "texture": "#0"},
				"south": {"uv": [12, 0, 12.8125, 0.0625], "texture": "#0"},
				"west": {"uv": [12, 0.25, 12.8125, 0.3125], "texture": "#0"},
				"up": {"uv": [11.5625, 6.3125, 10.75, 5.5], "texture": "#0"},
				"down": {"uv": [11.5625, 7.75, 10.75, 8.5625], "texture": "#0"}
			}
		},
		{
			"from": [6.38, -4, 6.38],
			"to": [9.63, -3.75, 9.63],
			"faces": {
				"north": {"uv": [12, 0.5, 12.8125, 0.5625], "texture": "#0"},
				"east": {"uv": [12, 0.75, 12.8125, 0.8125], "texture": "#0"},
				"south": {"uv": [12, 2.5, 12.8125, 2.5625], "texture": "#0"},
				"west": {"uv": [12, 2.75, 12.8125, 2.8125], "texture": "#0"},
				"up": {"uv": [11.5625, 9.5625, 10.75, 8.75], "texture": "#0"},
				"down": {"uv": [11.5625, 9.75, 10.75, 10.5625], "texture": "#0"}
			}
		},
		{
			"from": [6.38, -6, 6.38],
			"to": [9.63, -5.75, 9.63],
			"faces": {
				"north": {"uv": [12, 8.25, 12.8125, 8.3125], "texture": "#0"},
				"east": {"uv": [12, 8.5, 12.8125, 8.5625], "texture": "#0"},
				"south": {"uv": [12, 8.75, 12.8125, 8.8125], "texture": "#0"},
				"west": {"uv": [12, 9, 12.8125, 9.0625], "texture": "#0"},
				"up": {"uv": [11.5625, 11.5625, 10.75, 10.75], "texture": "#0"},
				"down": {"uv": [11.8125, 0, 11, 0.8125], "texture": "#0"}
			}
		},
		{
			"from": [4.75, -8.5, 5.4],
			"to": [7.25, -6, 10.65],
			"rotation": {"angle": 45, "axis": "z", "origin": [8, -5.25, 8.025]},
			"faces": {
				"north": {"uv": [4, 11.75, 4.625, 12.375], "texture": "#0"},
				"east": {"uv": [10.25, 1.25, 11.5625, 1.875], "texture": "#0"},
				"south": {"uv": [11.75, 4, 12.375, 4.625], "texture": "#0"},
				"west": {"uv": [5.75, 10.25, 7.0625, 10.875], "texture": "#0"},
				"up": {"uv": [7.875, 11.5625, 7.25, 10.25], "texture": "#0"},
				"down": {"uv": [8.625, 10.25, 8, 11.5625], "texture": "#0"}
			}
		},
		{
			"from": [20.75, 7.5, 4.4],
			"to": [25.25, 12, 11.65],
			"rotation": {"angle": 45, "axis": "z", "origin": [8, -5.25, 8.025]},
			"faces": {
				"north": {"uv": [5.5, 7.5, 6.625, 8.625], "texture": "#0"},
				"east": {"uv": [3, 6, 4.8125, 7.125], "texture": "#0"},
				"south": {"uv": [6.75, 7.5, 7.875, 8.625], "texture": "#0"},
				"west": {"uv": [6, 3, 7.8125, 4.125], "texture": "#0"},
				"up": {"uv": [7.125, 6.0625, 6, 4.25], "texture": "#0"},
				"down": {"uv": [7.375, 0, 6.25, 1.8125], "texture": "#0"}
			}
		},
		{
			"from": [5.38, 9, 5.38],
			"to": [10.63, 11, 10.63],
			"faces": {
				"north": {"uv": [8.375, 0.5625, 9.6875, 1.0625], "texture": "#0"},
				"east": {"uv": [0.125, 7.6875, 1.4375, 8.1875], "texture": "#0"},
				"south": {"uv": [7.4375, 5.375, 8.75, 5.875], "texture": "#0"},
				"west": {"uv": [1, 6.5, 2.3125, 7], "texture": "#0"},
				"up": {"uv": [1.6875, 8.9375, 0.375, 7.625], "texture": "#0"},
				"down": {"uv": [1.3125, 6.1875, 0, 7.5], "texture": "#0"}
			}
		}
	],
	"display": {
		"thirdperson_righthand": {
			"rotation": [0, 90, 0],
			"translation": [0, 2.75, 2.25],
			"scale": [0.5, 0.5, 0.5]
		},
		"thirdperson_lefthand": {
			"rotation": [0, -90, 0],
			"translation": [0, 2.75, 2.25],
			"scale": [0.5, 0.5, 0.5]
		},
		"firstperson_righthand": {
			"rotation": [-15, 105, 0],
			"translation": [1.25, 3.5, 1],
			"scale": [0.5, 0.5, 0.5]
		},
		"firstperson_lefthand": {
			"rotation": [-15, -75, 0],
			"translation": [1.25, 3.5, 1],
			"scale": [0.5, 0.5, 0.5]
		},
		"ground": {
			"rotation": [0, 0, 50],
			"translation": [-1, 3.75, 0],
			"scale": [0.6, 0.6, 0.6]
		},
		"gui": {
			"rotation": [0, -180, 56],
			"translation": [0.25, -1.75, 0],
			"scale": [0.5, 0.5, 0.5]
		},
		"head": {
			"rotation": [0, 0, 50],
			"translation": [0, 13.75, 0],
			"scale": [0.5, 0.5, 0.5]
		},
		"fixed": {
			"rotation": [0, 0, 50],
			"translation": [0, -2.25, 0],
			"scale": [0.6, 0.6, 0.6]
		}
	},
	"groups": [
		0,
		1,
		2,
		3,
		{
			"name": "axehead",
			"origin": [11, 17, 8],
			"color": 0,
			"children": [4, 5, 6, 7, 8]
		},
		{
			"name": "group",
			"origin": [0, 0, 0],
			"color": 0,
			"children": [9, 10, 11, 12, 13]
		},
		14,
		15,
		16,
		17,
		18,
		19,
		20,
		21,
		22,
		23,
		24,
		25,
		26
	]
}