{
  "parent": "minecraft:item/generated",
  "textures": {
    "layer0": "minecraft:item/enchanted_book"
  },
    "overrides": [
      {"predicate": {"custom_model_data": 540001}, "model": "siscu_se:item/tablet_mending"},
      {"predicate": {"custom_model_data": 540002}, "model": "siscu_se:item/tablet_frost_walker"},
      {"predicate": {"custom_model_data": 540003}, "model": "siscu_se:item/tablet_binding"},
      {"predicate": {"custom_model_data": 540004}, "model": "siscu_se:item/tablet_vanishing"}
    ]
}