{
	"credit": "Made with Blockbench",
	"texture_size": [32, 32],
	"textures": {
		"1": "postavicky:item/puff"
	},
	"elements": [
		{
			"name": "body",
			"from": [4, 0, 3],
			"to": [12, 8, 11],
			"faces": {
				"north": {"uv": [4, 4, 8, 8], "texture": "#1"},
				"east": {"uv": [0, 4, 4, 8], "texture": "#1"},
				"south": {"uv": [12, 4, 16, 8], "texture": "#1"},
				"west": {"uv": [8, 4, 12, 8], "texture": "#1"},
				"up": {"uv": [8, 4, 4, 0], "texture": "#1"},
				"down": {"uv": [12, 0, 8, 4], "texture": "#1"}
			}
		},
		{
			"name": "body",
			"from": [4, 8, 7],
			"to": [12, 9, 7],
			"faces": {
				"north": {"uv": [7.5, 8, 11.5, 8.5], "texture": "#1"},
				"east": {"uv": [7.5, 8, 7.5, 8.5], "texture": "#1"},
				"south": {"uv": [11.5, 8, 15.5, 8.5], "texture": "#1"},
				"west": {"uv": [11.5, 8, 11.5, 8.5], "texture": "#1"},
				"up": {"uv": [11.5, 8, 7.5, 8], "texture": "#1"},
				"down": {"uv": [15.5, 8, 11.5, 8], "texture": "#1"}
			}
		},
		{
			"name": "body",
			"from": [4, -1, 7],
			"to": [12, 0, 7],
			"faces": {
				"north": {"uv": [7.5, 10, 11.5, 10.5], "texture": "#1"},
				"east": {"uv": [7.5, 10, 7.5, 10.5], "texture": "#1"},
				"south": {"uv": [11.5, 10, 15.5, 10.5], "texture": "#1"},
				"west": {"uv": [11.5, 10, 11.5, 10.5], "texture": "#1"},
				"up": {"uv": [11.5, 10, 7.5, 10], "texture": "#1"},
				"down": {"uv": [15.5, 10, 11.5, 10], "texture": "#1"}
			}
		},
		{
			"name": "top_front_spikes",
			"from": [4, 8, 3],
			"to": [12, 9, 3],
			"rotation": {"angle": -45, "axis": "x", "origin": [8, 8, 3]},
			"faces": {
				"north": {"uv": [7.5, 8.5, 11.5, 9], "texture": "#1"},
				"east": {"uv": [7.5, 8.5, 7.5, 9], "texture": "#1"},
				"south": {"uv": [11.5, 8.5, 15.5, 9], "texture": "#1"},
				"west": {"uv": [11.5, 8.5, 11.5, 9], "texture": "#1"},
				"up": {"uv": [11.5, 8.5, 7.5, 8.5], "texture": "#1"},
				"down": {"uv": [15.5, 8.5, 11.5, 8.5], "texture": "#1"}
			}
		},
		{
			"name": "left_front_spikes",
			"from": [3, 0, 3],
			"to": [4, 8, 3],
			"rotation": {"angle": -45, "axis": "y", "origin": [4, 4, 3]},
			"faces": {
				"north": {"uv": [0.5, 8.5, 1, 12.5], "texture": "#1"},
				"east": {"uv": [0.5, 8.5, 0.5, 12.5], "texture": "#1"},
				"south": {"uv": [1, 8.5, 1.5, 12.5], "texture": "#1"},
				"west": {"uv": [1, 8.5, 1, 12.5], "texture": "#1"},
				"up": {"uv": [1, 8.5, 0.5, 8.5], "texture": "#1"},
				"down": {"uv": [1.5, 8.5, 1, 8.5], "texture": "#1"}
			}
		},
		{
			"name": "right_front_spikes",
			"from": [12, 0, 3],
			"to": [13, 8, 3],
			"rotation": {"angle": 45, "axis": "y", "origin": [12, 4, 3]},
			"faces": {
				"north": {"uv": [2.5, 8.5, 3, 12.5], "texture": "#1"},
				"east": {"uv": [2.5, 8.5, 2.5, 12.5], "texture": "#1"},
				"south": {"uv": [3, 8.5, 3.5, 12.5], "texture": "#1"},
				"west": {"uv": [3, 8.5, 3, 12.5], "texture": "#1"},
				"up": {"uv": [3, 8.5, 2.5, 8.5], "texture": "#1"},
				"down": {"uv": [3.5, 8.5, 3, 8.5], "texture": "#1"}
			}
		},
		{
			"name": "bottom_front_spikes",
			"from": [4, -1, 3],
			"to": [12, 0, 3],
			"rotation": {"angle": 45, "axis": "x", "origin": [8, 0, 3]},
			"faces": {
				"north": {"uv": [7.5, 10, 11.5, 10.5], "texture": "#1"},
				"east": {"uv": [7.5, 10, 7.5, 10.5], "texture": "#1"},
				"south": {"uv": [11.5, 10, 15.5, 10.5], "texture": "#1"},
				"west": {"uv": [11.5, 10, 11.5, 10.5], "texture": "#1"},
				"up": {"uv": [11.5, 10, 7.5, 10], "texture": "#1"},
				"down": {"uv": [15.5, 10, 11.5, 10], "texture": "#1"}
			}
		},
		{
			"name": "top_back_spikes",
			"from": [4, 8, 11],
			"to": [12, 9, 11],
			"rotation": {"angle": 45, "axis": "x", "origin": [8, 8, 11]},
			"faces": {
				"north": {"uv": [11.5, 9, 15.5, 9.5], "texture": "#1"},
				"east": {"uv": [8, 9, 8, 9.5], "texture": "#1"},
				"south": {"uv": [12, 9, 16, 9.5], "texture": "#1"},
				"west": {"uv": [12, 9, 12, 9.5], "texture": "#1"},
				"up": {"uv": [12, 9, 8, 9], "texture": "#1"},
				"down": {"uv": [16, 9, 12, 9], "texture": "#1"}
			}
		},
		{
			"name": "left_back_spikes",
			"from": [3, 0, 11],
			"to": [4, 8, 11],
			"rotation": {"angle": 45, "axis": "y", "origin": [4, 4, 11]},
			"faces": {
				"north": {"uv": [4.5, 8.5, 5, 12.5], "texture": "#1"},
				"east": {"uv": [4.5, 8.5, 4.5, 12.5], "texture": "#1"},
				"south": {"uv": [5, 8.5, 5.5, 12.5], "texture": "#1"},
				"west": {"uv": [5, 8.5, 5, 12.5], "texture": "#1"},
				"up": {"uv": [5, 8.5, 4.5, 8.5], "texture": "#1"},
				"down": {"uv": [5.5, 8.5, 5, 8.5], "texture": "#1"}
			}
		},
		{
			"name": "right_back_spikes",
			"from": [12, 0, 11],
			"to": [13, 8, 11],
			"rotation": {"angle": -45, "axis": "y", "origin": [12, 4, 11]},
			"faces": {
				"north": {"uv": [4.5, 8.5, 5, 12.5], "texture": "#1"},
				"east": {"uv": [4.5, 8.5, 4.5, 12.5], "texture": "#1"},
				"south": {"uv": [5, 8.5, 5.5, 12.5], "texture": "#1"},
				"west": {"uv": [5, 8.5, 5, 12.5], "texture": "#1"},
				"up": {"uv": [5, 8.5, 4.5, 8.5], "texture": "#1"},
				"down": {"uv": [5.5, 8.5, 5, 8.5], "texture": "#1"}
			}
		},
		{
			"name": "bottom_back_spikes",
			"from": [4, -1, 11],
			"to": [12, 0, 11],
			"rotation": {"angle": -45, "axis": "x", "origin": [8, 0, 11]},
			"faces": {
				"north": {"uv": [7.5, 10, 11.5, 10.5], "texture": "#1"},
				"east": {"uv": [7.5, 10, 7.5, 10.5], "texture": "#1"},
				"south": {"uv": [11.5, 10, 15.5, 10.5], "texture": "#1"},
				"west": {"uv": [11.5, 10, 11.5, 10.5], "texture": "#1"},
				"up": {"uv": [11.5, 10, 7.5, 10], "texture": "#1"},
				"down": {"uv": [15.5, 10, 11.5, 10], "texture": "#1"}
			}
		},
		{
			"name": "fin_left",
			"from": [2, 6, 4.01],
			"to": [4, 7, 6.01],
			"faces": {
				"north": {"uv": [13, 2.5, 14, 3], "texture": "#1"},
				"east": {"uv": [12, 2.5, 13, 3], "texture": "#1"},
				"south": {"uv": [15, 2.5, 16, 3], "texture": "#1"},
				"west": {"uv": [14, 2.5, 15, 3], "texture": "#1"},
				"up": {"uv": [14, 2.5, 13, 1.5], "texture": "#1"},
				"down": {"uv": [15, 1.5, 14, 2.5], "texture": "#1"}
			}
		},
		{
			"name": "fin_right",
			"from": [12, 6, 4.01],
			"to": [14, 7, 6.01],
			"faces": {
				"north": {"uv": [13, 1, 14, 1.5], "texture": "#1"},
				"east": {"uv": [12, 1, 13, 1.5], "texture": "#1"},
				"south": {"uv": [15, 1, 16, 1.5], "texture": "#1"},
				"west": {"uv": [14, 1, 15, 1.5], "texture": "#1"},
				"up": {"uv": [14, 1, 13, 0], "texture": "#1"},
				"down": {"uv": [15, 0, 14, 1], "texture": "#1"}
			}
		}
	],
	"display": {
		"thirdperson_righthand": {
			"rotation": [68, 0, 0],
			"translation": [0, -1, 3],
			"scale": [0.6, 0.6, 0.6]
		},
		"thirdperson_lefthand": {
			"rotation": [68, 0, 0],
			"translation": [0, -1, 3],
			"scale": [0.6, 0.6, 0.6]
		},
		"firstperson_righthand": {
			"rotation": [0, 120, 0],
			"translation": [3.25, 4.75, 0],
			"scale": [0.5, 0.5, 0.5]
		},
		"firstperson_lefthand": {
			"rotation": [0, 120, 0],
			"translation": [3.25, 4.75, 0],
			"scale": [0.5, 0.5, 0.5]
		},
		"ground": {
			"translation": [0, 6.5, 0]
		},
		"gui": {
			"rotation": [19, 159, 0],
			"translation": [0.25, 4.25, 0]
		},
		"head": {
			"translation": [0, 7.25, 1.75],
			"scale": [1.9, 1.9, 1.82]
		},
		"fixed": {
			"rotation": [-90, 0, 0],
			"translation": [0, 0, -10]
		}
	}
}