{
	"credit": "Made with Blockbench",
	"texture_size": [64, 64],
	"textures": {
		"0": "cepice:item/burinka",
		"particle": "cepice:item/burinka"
	},
	"elements": [
		{
			"from": [-2, 0, -2],
			"to": [18, 1, 18],
			"faces": {
				"north": {"uv": [0, 10, 5, 10.25], "texture": "#0"},
				"east": {"uv": [0, 10.25, 5, 10.5], "texture": "#0"},
				"south": {"uv": [0, 10.5, 5, 10.75], "texture": "#0"},
				"west": {"uv": [0, 10.75, 5, 11], "texture": "#0"},
				"up": {"uv": [5, 5, 0, 0], "texture": "#0"},
				"down": {"uv": [5, 5, 0, 10], "texture": "#0"}
			}
		},
		{
			"from": [1, 1, 1],
			"to": [15, 18, 15],
			"faces": {
				"north": {"uv": [5, 0, 8.5, 4.25], "texture": "#0"},
				"east": {"uv": [5, 4.25, 8.5, 8.5], "texture": "#0"},
				"south": {"uv": [8.5, 0, 12, 4.25], "texture": "#0"},
				"west": {"uv": [8.5, 4.25, 12, 8.5], "texture": "#0"},
				"up": {"uv": [8.5, 12, 5, 8.5], "texture": "#0"},
				"down": {"uv": [12, 8.5, 8.5, 12], "texture": "#0"}
			}
		}
	],
	"display": {
		"thirdperson_righthand": {
			"scale": [0.2, 0.2, 0.2]
		},
		"thirdperson_lefthand": {
			"scale": [0.2, 0.2, 0.2]
		},
		"firstperson_righthand": {
			"translation": [3, 1.75, 0],
			"scale": [0.2, 0.2, 0.2]
		},
		"firstperson_lefthand": {
			"translation": [3, 1.75, 0],
			"scale": [0.2, 0.2, 0.2]
		},
		"ground": {
			"scale": [0.5, 0.5, 0.5]
		},
		"gui": {
			"rotation": [0, 22, 0],
			"translation": [0, -0.75, 0],
			"scale": [0.5, 0.5, 0.5]
		},
		"head": {
			"translation": [0, 10, 0],
			"scale": [1, 0.79883, 1]
		},
		"fixed": {
			"scale": [0.8, 0.8, 0.8]
		}
	}
}