{
	"credit": "Made with Blockbench",
	"texture_size": [48, 48],
	"textures": {
		"1": "postavicky:item/dragon"
	},
	"elements": [
		{
			"name": "body",
			"from": [5.08, 1.36, 0.32],
			"to": [8.92, 5.2, 10.56],
			"rotation": {"angle": 22.5, "axis": "x", "origin": [7.07, 2.16, 4.32]},
			"faces": {
				"north": {"uv": [4.00052, 4.00365, 5.50052, 5.50365], "texture": "#1"},
				"east": {"uv": [0, 4.00208, 3.99896, 5.50208], "texture": "#1"},
				"south": {"uv": [9.49792, 4.00208, 10.99792, 5.50208], "texture": "#1"},
				"west": {"uv": [5.49896, 4.00208, 9.47917, 5.50208], "texture": "#1"},
				"up": {"uv": [5.50052, 4.00208, 4.00052, 0], "texture": "#1"},
				"down": {"uv": [7.00052, 0, 5.43802, 4.00208], "texture": "#1"}
			}
		},
		{
			"name": "body",
			"from": [6.84, 5.2, 1.28],
			"to": [7.16, 6.16, 3.2],
			"rotation": {"angle": 22.5, "axis": "x", "origin": [7.07, 2.16, 4.32]},
			"faces": {
				"north": {"uv": [14.5, 4.0625, 14.625, 4.4375], "texture": "#1"},
				"east": {"uv": [14.75, 4.0625, 15.5, 4.4375], "texture": "#1"},
				"south": {"uv": [14.625, 4.0625, 14.75, 4.4375], "texture": "#1"},
				"west": {"uv": [13.75, 4.0625, 14.5, 4.4375], "texture": "#1"},
				"up": {"uv": [14.625, 3.3125, 14.75, 4.0625], "texture": "#1"},
				"down": {"uv": [14.5, 3.3125, 14.625, 4.0625], "texture": "#1"}
			}
		},
		{
			"name": "body",
			"from": [6.84, 5.2, 4.48],
			"to": [7.16, 6.16, 6.4],
			"rotation": {"angle": 22.5, "axis": "x", "origin": [7.07, 2.16, 4.32]},
			"faces": {
				"north": {"uv": [14.5, 4.0625, 14.625, 4.4375], "texture": "#1"},
				"east": {"uv": [14.75, 4.0625, 15.5, 4.4375], "texture": "#1"},
				"south": {"uv": [14.625, 4.0625, 14.75, 4.4375], "texture": "#1"},
				"west": {"uv": [13.75, 4.0625, 14.5, 4.4375], "texture": "#1"},
				"up": {"uv": [14.625, 3.3125, 14.75, 4.0625], "texture": "#1"},
				"down": {"uv": [14.5, 3.3125, 14.625, 4.0625], "texture": "#1"}
			}
		},
		{
			"name": "body",
			"from": [6.84, 5.2, 7.68],
			"to": [7.16, 6.16, 9.6],
			"rotation": {"angle": 22.5, "axis": "x", "origin": [7.07, 2.16, 4.32]},
			"faces": {
				"north": {"uv": [14.5, 4.0625, 14.625, 4.4375], "texture": "#1"},
				"east": {"uv": [14.75, 4.0625, 15.5, 4.4375], "texture": "#1"},
				"south": {"uv": [14.625, 4.0625, 14.75, 4.4375], "texture": "#1"},
				"west": {"uv": [13.75, 4.0625, 14.5, 4.4375], "texture": "#1"},
				"up": {"uv": [14.625, 3.3125, 14.75, 4.0625], "texture": "#1"},
				"down": {"uv": [14.5, 3.3125, 14.625, 4.0625], "texture": "#1"}
			}
		},
		{
			"name": "tail12",
			"from": [7.04, -6.06, 25.18],
			"to": [7.36, -5.42, 26.14],
			"rotation": {"angle": 22.5, "axis": "x", "origin": [8.2, -5.5, 25.46]},
			"faces": {
				"north": {"uv": [3.375, 0.375, 3.5, 0.625], "texture": "#1"},
				"east": {"uv": [3.625, 0.375, 4, 0.625], "texture": "#1"},
				"south": {"uv": [3.5, 0.375, 3.625, 0.625], "texture": "#1"},
				"west": {"uv": [3, 0.375, 3.375, 0.625], "texture": "#1"},
				"up": {"uv": [3.5, 0, 3.625, 0.375], "texture": "#1"},
				"down": {"uv": [3.375, 0, 3.5, 0.375], "texture": "#1"}
			}
		},
		{
			"name": "tail11",
			"from": [7.64, -5.36, 23.48],
			"to": [7.96, -4.72, 24.44],
			"rotation": {"angle": 22.5, "axis": "x", "origin": [8.2, -5.3, 23.86]},
			"faces": {
				"north": {"uv": [3.375, 0.375, 3.5, 0.625], "texture": "#1"},
				"east": {"uv": [3.625, 0.375, 4, 0.625], "texture": "#1"},
				"south": {"uv": [3.5, 0.375, 3.625, 0.625], "texture": "#1"},
				"west": {"uv": [3, 0.375, 3.375, 0.625], "texture": "#1"},
				"up": {"uv": [3.5, 0, 3.625, 0.375], "texture": "#1"},
				"down": {"uv": [3.375, 0, 3.5, 0.375], "texture": "#1"}
			}
		},
		{
			"name": "tail10",
			"from": [8.04, -5.06, 21.78],
			"to": [8.36, -4.42, 22.74],
			"rotation": {"angle": 0, "axis": "x", "origin": [8.2, 2.2, 20.56]},
			"faces": {
				"north": {"uv": [3.375, 0.375, 3.5, 0.625], "texture": "#1"},
				"east": {"uv": [3.625, 0.375, 4, 0.625], "texture": "#1"},
				"south": {"uv": [3.5, 0.375, 3.625, 0.625], "texture": "#1"},
				"west": {"uv": [3, 0.375, 3.375, 0.625], "texture": "#1"},
				"up": {"uv": [3.5, 0, 3.625, 0.375], "texture": "#1"},
				"down": {"uv": [3.375, 0, 3.5, 0.375], "texture": "#1"}
			}
		},
		{
			"name": "tail9",
			"from": [5.94, -0.58844, 16.94245],
			"to": [6.26, 0.37156, 17.58245],
			"rotation": {"angle": -22.5, "axis": "x", "origin": [6.1, 0.29156, 17.20245]},
			"faces": {
				"north": {"uv": [3.375, 0, 3.5, 0.375], "rotation": 180, "texture": "#1"},
				"east": {"uv": [3.625, 0.375, 4, 0.625], "rotation": 270, "texture": "#1"},
				"south": {"uv": [3.5, 0, 3.625, 0.375], "texture": "#1"},
				"west": {"uv": [3, 0.375, 3.375, 0.625], "rotation": 90, "texture": "#1"},
				"up": {"uv": [3.375, 0.375, 3.5, 0.625], "rotation": 180, "texture": "#1"},
				"down": {"uv": [3.5, 0.375, 3.625, 0.625], "texture": "#1"}
			}
		},
		{
			"name": "tail8",
			"from": [7.54, -5.36, 22.68],
			"to": [7.86, -4.72, 23.64],
			"rotation": {"angle": 22.5, "axis": "x", "origin": [7.7, 0.7, 23.66]},
			"faces": {
				"north": {"uv": [3.375, 0.375, 3.5, 0.625], "texture": "#1"},
				"east": {"uv": [3.625, 0.375, 4, 0.625], "texture": "#1"},
				"south": {"uv": [3.5, 0.375, 3.625, 0.625], "texture": "#1"},
				"west": {"uv": [3, 0.375, 3.375, 0.625], "texture": "#1"},
				"up": {"uv": [3.5, 0, 3.625, 0.375], "texture": "#1"},
				"down": {"uv": [3.375, 0, 3.5, 0.375], "texture": "#1"}
			}
		},
		{
			"name": "tail7",
			"from": [7.14, -4.26, 23.18],
			"to": [7.46, -3.62, 24.14],
			"rotation": {"angle": 45, "axis": "x", "origin": [7.3, 0.7, 22.06]},
			"faces": {
				"north": {"uv": [3.375, 0.375, 3.5, 0.625], "texture": "#1"},
				"east": {"uv": [3.625, 0.375, 4, 0.625], "texture": "#1"},
				"south": {"uv": [3.5, 0.375, 3.625, 0.625], "texture": "#1"},
				"west": {"uv": [3, 0.375, 3.375, 0.625], "texture": "#1"},
				"up": {"uv": [3.5, 0, 3.625, 0.375], "texture": "#1"},
				"down": {"uv": [3.375, 0, 3.5, 0.375], "texture": "#1"}
			}
		},
		{
			"name": "tail6",
			"from": [6.84, -3.16, 21.08],
			"to": [7.16, -2.52, 22.04],
			"rotation": {"angle": 45, "axis": "x", "origin": [7, 0.7, 20.46]},
			"faces": {
				"north": {"uv": [3.375, 0.375, 3.5, 0.625], "texture": "#1"},
				"east": {"uv": [3.625, 0.375, 4, 0.625], "texture": "#1"},
				"south": {"uv": [3.5, 0.375, 3.625, 0.625], "texture": "#1"},
				"west": {"uv": [3, 0.375, 3.375, 0.625], "texture": "#1"},
				"up": {"uv": [3.5, 0, 3.625, 0.375], "texture": "#1"},
				"down": {"uv": [3.375, 0, 3.5, 0.375], "texture": "#1"}
			}
		},
		{
			"name": "tail5",
			"from": [6.44, -1.43, 16.925],
			"to": [6.76, -0.47, 17.565],
			"rotation": {"angle": -22.5, "axis": "x", "origin": [6.6, 0.7, 18.86]},
			"faces": {
				"north": {"uv": [3.375, 0, 3.5, 0.375], "rotation": 180, "texture": "#1"},
				"east": {"uv": [3.625, 0.375, 4, 0.625], "rotation": 270, "texture": "#1"},
				"south": {"uv": [3.5, 0, 3.625, 0.375], "texture": "#1"},
				"west": {"uv": [3, 0.375, 3.375, 0.625], "rotation": 90, "texture": "#1"},
				"up": {"uv": [3.375, 0.375, 3.5, 0.625], "rotation": 180, "texture": "#1"},
				"down": {"uv": [3.5, 0.375, 3.625, 0.625], "texture": "#1"}
			}
		},
		{
			"name": "tail4",
			"from": [5.34, 1.34, 16.255],
			"to": [5.66, 1.98, 17.215],
			"rotation": {"angle": 45, "axis": "x", "origin": [6.1, 2.3, 16.36]},
			"faces": {
				"north": {"uv": [3.375, 0.375, 3.5, 0.625], "texture": "#1"},
				"east": {"uv": [3.625, 0.375, 4, 0.625], "texture": "#1"},
				"south": {"uv": [3.5, 0.375, 3.625, 0.625], "texture": "#1"},
				"west": {"uv": [3, 0.375, 3.375, 0.625], "texture": "#1"},
				"up": {"uv": [3.5, 0, 3.625, 0.375], "texture": "#1"},
				"down": {"uv": [3.375, 0, 3.5, 0.375], "texture": "#1"}
			}
		},
		{
			"name": "tail3",
			"from": [5.94, 2.415, 13.955],
			"to": [6.26, 3.055, 14.915],
			"rotation": {"angle": 22.5, "axis": "x", "origin": [6.1, 2.5, 14.46]},
			"faces": {
				"north": {"uv": [3.375, 0.375, 3.5, 0.625], "texture": "#1"},
				"east": {"uv": [3.625, 0.375, 4, 0.625], "texture": "#1"},
				"south": {"uv": [3.5, 0.375, 3.625, 0.625], "texture": "#1"},
				"west": {"uv": [3, 0.375, 3.375, 0.625], "texture": "#1"},
				"up": {"uv": [3.5, 0, 3.625, 0.375], "texture": "#1"},
				"down": {"uv": [3.375, 0, 3.5, 0.375], "texture": "#1"}
			}
		},
		{
			"name": "tail2",
			"from": [6.44, 3.04, 12.48],
			"to": [6.76, 3.68, 13.44],
			"rotation": {"angle": 0, "axis": "x", "origin": [6.6, 2.8, 20.16]},
			"faces": {
				"north": {"uv": [3.375, 0.375, 3.5, 0.625], "texture": "#1"},
				"east": {"uv": [3.625, 0.375, 4, 0.625], "texture": "#1"},
				"south": {"uv": [3.5, 0.375, 3.625, 0.625], "texture": "#1"},
				"west": {"uv": [3, 0.375, 3.375, 0.625], "texture": "#1"},
				"up": {"uv": [3.5, 0, 3.625, 0.375], "texture": "#1"},
				"down": {"uv": [3.375, 0, 3.5, 0.375], "texture": "#1"}
			}
		},
		{
			"name": "tail1",
			"from": [6.84, 3.04, 10.88],
			"to": [7.16, 3.68, 11.84],
			"rotation": {"angle": 0, "axis": "x", "origin": [7, 2.8, 11.36]},
			"faces": {
				"north": {"uv": [3.375, 0.375, 3.5, 0.625], "texture": "#1"},
				"east": {"uv": [3.625, 0.375, 4, 0.625], "texture": "#1"},
				"south": {"uv": [3.5, 0.375, 3.625, 0.625], "texture": "#1"},
				"west": {"uv": [3, 0.375, 3.375, 0.625], "texture": "#1"},
				"up": {"uv": [3.5, 0, 3.625, 0.375], "texture": "#1"},
				"down": {"uv": [3.375, 0, 3.5, 0.375], "texture": "#1"}
			}
		},
		{
			"name": "neck1",
			"from": [6.84, 5.6, 0.04],
			"to": [7.16, 6.24, 1],
			"rotation": {"angle": 22.5, "axis": "x", "origin": [7, 5.36, 0.52]},
			"faces": {
				"north": {"uv": [3.375, 0.375, 3.5, 0.625], "texture": "#1"},
				"east": {"uv": [3.625, 0.375, 4, 0.625], "texture": "#1"},
				"south": {"uv": [3.5, 0.375, 3.625, 0.625], "texture": "#1"},
				"west": {"uv": [3, 0.375, 3.375, 0.625], "texture": "#1"},
				"up": {"uv": [3.5, 0, 3.625, 0.375], "texture": "#1"},
				"down": {"uv": [3.375, 0, 3.5, 0.375], "texture": "#1"}
			}
		},
		{
			"name": "neck2",
			"from": [6.84, 5.9, -1.46],
			"to": [7.16, 6.54, -0.5],
			"rotation": {"angle": 0, "axis": "x", "origin": [7, 5.66, -1.08]},
			"faces": {
				"north": {"uv": [3.375, 0.375, 3.5, 0.625], "texture": "#1"},
				"east": {"uv": [3.625, 0.375, 4, 0.625], "texture": "#1"},
				"south": {"uv": [3.5, 0.375, 3.625, 0.625], "texture": "#1"},
				"west": {"uv": [3, 0.375, 3.375, 0.625], "texture": "#1"},
				"up": {"uv": [3.5, 0, 3.625, 0.375], "texture": "#1"},
				"down": {"uv": [3.375, 0, 3.5, 0.375], "texture": "#1"}
			}
		},
		{
			"name": "neck3",
			"from": [6.84, 6.2, -3.06],
			"to": [7.16, 6.84, -2.1],
			"faces": {
				"north": {"uv": [3.375, 0.375, 3.5, 0.625], "texture": "#1"},
				"east": {"uv": [3.625, 0.375, 4, 0.625], "texture": "#1"},
				"south": {"uv": [3.5, 0.375, 3.625, 0.625], "texture": "#1"},
				"west": {"uv": [3, 0.375, 3.375, 0.625], "texture": "#1"},
				"up": {"uv": [3.5, 0, 3.625, 0.375], "texture": "#1"},
				"down": {"uv": [3.375, 0, 3.5, 0.375], "texture": "#1"}
			}
		},
		{
			"name": "neck4",
			"from": [6.84, 5.8, -4.46],
			"to": [7.16, 6.44, -3.5],
			"rotation": {"angle": -22.5, "axis": "x", "origin": [7, 5.36, -4.28]},
			"faces": {
				"north": {"uv": [3.375, 0.375, 3.5, 0.625], "texture": "#1"},
				"east": {"uv": [3.625, 0.375, 4, 0.625], "texture": "#1"},
				"south": {"uv": [3.5, 0.375, 3.625, 0.625], "texture": "#1"},
				"west": {"uv": [3, 0.375, 3.375, 0.625], "texture": "#1"},
				"up": {"uv": [3.5, 0, 3.625, 0.375], "texture": "#1"},
				"down": {"uv": [3.375, 0, 3.5, 0.375], "texture": "#1"}
			}
		},
		{
			"name": "neck5",
			"from": [6.84, 4.5, -5.76],
			"to": [7.16, 5.14, -4.8],
			"rotation": {"angle": -22.5, "axis": "x", "origin": [7, 3.98866, -7.63]},
			"faces": {
				"north": {"uv": [3.375, 0.375, 3.5, 0.625], "texture": "#1"},
				"east": {"uv": [3.625, 0.375, 4, 0.625], "texture": "#1"},
				"south": {"uv": [3.5, 0.375, 3.625, 0.625], "texture": "#1"},
				"west": {"uv": [3, 0.375, 3.375, 0.625], "texture": "#1"},
				"up": {"uv": [3.5, 0, 3.625, 0.375], "texture": "#1"},
				"down": {"uv": [3.375, 0, 3.5, 0.375], "texture": "#1"}
			}
		},
		{
			"name": "tail12",
			"from": [6.4, -7.66, 24.86],
			"to": [8, -6.06, 26.46],
			"rotation": {"angle": 22.5, "axis": "x", "origin": [8.2, -5.5, 25.46]},
			"faces": {
				"north": {"uv": [12.63021, 7.11197, 13.26042, 7.72394], "texture": "#1"},
				"east": {"uv": [12, 7.12345, 12.63021, 7.73542], "texture": "#1"},
				"south": {"uv": [13.89063, 7.11197, 14.52083, 7.72394], "texture": "#1"},
				"west": {"uv": [13.26042, 7.11197, 13.89063, 7.72394], "texture": "#1"},
				"up": {"uv": [13.26042, 7.12345, 12.63021, 6.51147], "texture": "#1"},
				"down": {"uv": [13.89063, 6.5, 13.26042, 7.11197], "texture": "#1"}
			}
		},
		{
			"name": "tail11",
			"from": [7, -6.96, 23.16],
			"to": [8.6, -5.36, 24.76],
			"rotation": {"angle": 22.5, "axis": "x", "origin": [8.2, -5.3, 23.86]},
			"faces": {
				"north": {"uv": [12.63021, 7.11197, 13.26042, 7.72394], "texture": "#1"},
				"east": {"uv": [12, 7.12345, 12.63021, 7.73542], "texture": "#1"},
				"south": {"uv": [13.89063, 7.11197, 14.52083, 7.72394], "texture": "#1"},
				"west": {"uv": [13.26042, 7.11197, 13.89063, 7.72394], "texture": "#1"},
				"up": {"uv": [13.26042, 7.12345, 12.63021, 6.51147], "texture": "#1"},
				"down": {"uv": [13.89063, 6.5, 13.26042, 7.11197], "texture": "#1"}
			}
		},
		{
			"name": "tail10",
			"from": [7.4, -6.66, 21.46],
			"to": [9, -5.06, 23.06],
			"rotation": {"angle": 0, "axis": "x", "origin": [8.2, 2.2, 20.56]},
			"faces": {
				"north": {"uv": [12.63021, 7.11197, 13.26042, 7.72394], "texture": "#1"},
				"east": {"uv": [12, 7.12345, 12.63021, 7.73542], "texture": "#1"},
				"south": {"uv": [13.89063, 7.11197, 14.52083, 7.72394], "texture": "#1"},
				"west": {"uv": [13.26042, 7.11197, 13.89063, 7.72394], "texture": "#1"},
				"up": {"uv": [13.26042, 7.12345, 12.63021, 6.51147], "texture": "#1"},
				"down": {"uv": [13.89063, 6.5, 13.26042, 7.11197], "texture": "#1"}
			}
		},
		{
			"name": "tail9",
			"from": [5.3, -0.90844, 15.34245],
			"to": [6.9, 0.69156, 16.94245],
			"rotation": {"angle": -22.5, "axis": "x", "origin": [6.1, 0.29156, 17.20245]},
			"faces": {
				"north": {"uv": [13.89063, 6.5, 13.26042, 7.11197], "rotation": 180, "texture": "#1"},
				"east": {"uv": [12, 7.12345, 12.63021, 7.73542], "rotation": 270, "texture": "#1"},
				"south": {"uv": [13.26042, 7.12345, 12.63021, 6.51147], "texture": "#1"},
				"west": {"uv": [13.26042, 7.11197, 13.89063, 7.72394], "rotation": 90, "texture": "#1"},
				"up": {"uv": [12.63021, 7.11197, 13.26042, 7.72394], "rotation": 180, "texture": "#1"},
				"down": {"uv": [13.89063, 7.11197, 14.52083, 7.72394], "texture": "#1"}
			}
		},
		{
			"name": "tail7",
			"from": [6.5, -5.86, 22.86],
			"to": [8.1, -4.26, 24.46],
			"rotation": {"angle": 45, "axis": "x", "origin": [7.3, 0.7, 22.06]},
			"faces": {
				"north": {"uv": [12.63021, 7.11197, 13.26042, 7.72394], "texture": "#1"},
				"east": {"uv": [12, 7.12345, 12.63021, 7.73542], "texture": "#1"},
				"south": {"uv": [13.89063, 7.11197, 14.52083, 7.72394], "texture": "#1"},
				"west": {"uv": [13.26042, 7.11197, 13.89063, 7.72394], "texture": "#1"},
				"up": {"uv": [13.26042, 7.12345, 12.63021, 6.51147], "texture": "#1"},
				"down": {"uv": [13.89063, 6.5, 13.26042, 7.11197], "texture": "#1"}
			}
		},
		{
			"name": "tail8",
			"from": [6.9, -6.96, 22.36],
			"to": [8.5, -5.36, 23.96],
			"rotation": {"angle": 22.5, "axis": "x", "origin": [7.7, 0.7, 23.66]},
			"faces": {
				"north": {"uv": [12.63021, 7.11197, 13.26042, 7.72394], "texture": "#1"},
				"east": {"uv": [12, 7.12345, 12.63021, 7.73542], "texture": "#1"},
				"south": {"uv": [13.89063, 7.11197, 14.52083, 7.72394], "texture": "#1"},
				"west": {"uv": [13.26042, 7.11197, 13.89063, 7.72394], "texture": "#1"},
				"up": {"uv": [13.26042, 7.12345, 12.63021, 6.51147], "texture": "#1"},
				"down": {"uv": [13.89063, 6.5, 13.26042, 7.11197], "texture": "#1"}
			}
		},
		{
			"name": "tail6",
			"from": [6.2, -4.76, 20.76],
			"to": [7.8, -3.16, 22.36],
			"rotation": {"angle": 45, "axis": "x", "origin": [7, 0.7, 20.46]},
			"faces": {
				"north": {"uv": [12.63021, 7.11197, 13.26042, 7.72394], "texture": "#1"},
				"east": {"uv": [12, 7.12345, 12.63021, 7.73542], "texture": "#1"},
				"south": {"uv": [13.89063, 7.11197, 14.52083, 7.72394], "texture": "#1"},
				"west": {"uv": [13.26042, 7.11197, 13.89063, 7.72394], "texture": "#1"},
				"up": {"uv": [13.26042, 7.12345, 12.63021, 6.51147], "texture": "#1"},
				"down": {"uv": [13.89063, 6.5, 13.26042, 7.11197], "texture": "#1"}
			}
		},
		{
			"name": "tail5",
			"from": [5.8, -1.75, 15.325],
			"to": [7.4, -0.15, 16.925],
			"rotation": {"angle": -22.5, "axis": "x", "origin": [6.6, 0.7, 18.86]},
			"faces": {
				"north": {"uv": [13.89063, 6.5, 13.26042, 7.11197], "rotation": 180, "texture": "#1"},
				"east": {"uv": [12, 7.12345, 12.63021, 7.73542], "rotation": 270, "texture": "#1"},
				"south": {"uv": [13.26042, 7.12345, 12.63021, 6.51147], "texture": "#1"},
				"west": {"uv": [13.26042, 7.11197, 13.89063, 7.72394], "rotation": 90, "texture": "#1"},
				"up": {"uv": [12.63021, 7.11197, 13.26042, 7.72394], "rotation": 180, "texture": "#1"},
				"down": {"uv": [13.89063, 7.11197, 14.52083, 7.72394], "texture": "#1"}
			}
		},
		{
			"name": "tail4",
			"from": [4.7, -0.26, 15.935],
			"to": [6.3, 1.34, 17.535],
			"rotation": {"angle": 45, "axis": "x", "origin": [6.1, 2.3, 16.36]},
			"faces": {
				"north": {"uv": [12.63021, 7.11197, 13.26042, 7.72394], "texture": "#1"},
				"east": {"uv": [12, 7.12345, 12.63021, 7.73542], "texture": "#1"},
				"south": {"uv": [13.89063, 7.11197, 14.52083, 7.72394], "texture": "#1"},
				"west": {"uv": [13.26042, 7.11197, 13.89063, 7.72394], "texture": "#1"},
				"up": {"uv": [13.26042, 7.12345, 12.63021, 6.51147], "texture": "#1"},
				"down": {"uv": [13.89063, 6.5, 13.26042, 7.11197], "texture": "#1"}
			}
		},
		{
			"name": "tail3",
			"from": [5.3, 0.815, 13.635],
			"to": [6.9, 2.415, 15.235],
			"rotation": {"angle": 22.5, "axis": "x", "origin": [6.1, 2.5, 14.46]},
			"faces": {
				"north": {"uv": [12.63021, 7.11197, 13.26042, 7.72394], "texture": "#1"},
				"east": {"uv": [12, 7.12345, 12.63021, 7.73542], "texture": "#1"},
				"south": {"uv": [13.89063, 7.11197, 14.52083, 7.72394], "texture": "#1"},
				"west": {"uv": [13.26042, 7.11197, 13.89063, 7.72394], "texture": "#1"},
				"up": {"uv": [13.26042, 7.12345, 12.63021, 6.51147], "texture": "#1"},
				"down": {"uv": [13.89063, 6.5, 13.26042, 7.11197], "texture": "#1"}
			}
		},
		{
			"name": "tail2",
			"from": [5.8, 1.44, 12.16],
			"to": [7.4, 3.04, 13.76],
			"rotation": {"angle": 0, "axis": "x", "origin": [6.6, 2.8, 20.16]},
			"faces": {
				"north": {"uv": [12.63021, 7.11197, 13.26042, 7.72394], "texture": "#1"},
				"east": {"uv": [12, 7.12345, 12.63021, 7.73542], "texture": "#1"},
				"south": {"uv": [13.89063, 7.11197, 14.52083, 7.72394], "texture": "#1"},
				"west": {"uv": [13.26042, 7.11197, 13.89063, 7.72394], "texture": "#1"},
				"up": {"uv": [13.26042, 7.12345, 12.63021, 6.51147], "texture": "#1"},
				"down": {"uv": [13.89063, 6.5, 13.26042, 7.11197], "texture": "#1"}
			}
		},
		{
			"name": "tail1",
			"from": [6.2, 1.44, 10.56],
			"to": [7.8, 3.04, 12.16],
			"rotation": {"angle": 0, "axis": "x", "origin": [7, 2.8, 11.36]},
			"faces": {
				"north": {"uv": [12.63021, 7.11197, 13.26042, 7.72394], "texture": "#1"},
				"east": {"uv": [12, 7.12345, 12.63021, 7.73542], "texture": "#1"},
				"south": {"uv": [13.89063, 7.11197, 14.52083, 7.72394], "texture": "#1"},
				"west": {"uv": [13.26042, 7.11197, 13.89063, 7.72394], "texture": "#1"},
				"up": {"uv": [13.26042, 7.12345, 12.63021, 6.51147], "texture": "#1"},
				"down": {"uv": [13.89063, 6.5, 13.26042, 7.11197], "texture": "#1"}
			}
		},
		{
			"name": "neck1",
			"from": [6.2, 4, -0.28],
			"to": [7.8, 5.6, 1.32],
			"rotation": {"angle": 22.5, "axis": "x", "origin": [7, 5.36, 0.52]},
			"faces": {
				"north": {"uv": [12.63021, 7.11197, 13.26042, 7.72394], "texture": "#1"},
				"east": {"uv": [12, 7.12345, 12.63021, 7.73542], "texture": "#1"},
				"south": {"uv": [13.89063, 7.11197, 14.52083, 7.72394], "texture": "#1"},
				"west": {"uv": [13.26042, 7.11197, 13.89063, 7.72394], "texture": "#1"},
				"up": {"uv": [13.26042, 7.12345, 12.63021, 6.51147], "texture": "#1"},
				"down": {"uv": [13.89063, 6.5, 13.26042, 7.11197], "texture": "#1"}
			}
		},
		{
			"name": "neck2",
			"from": [6.2, 4.3, -1.78],
			"to": [7.8, 5.9, -0.18],
			"rotation": {"angle": 0, "axis": "x", "origin": [7, 5.66, -1.08]},
			"faces": {
				"north": {"uv": [12.63021, 7.11197, 13.26042, 7.72394], "texture": "#1"},
				"east": {"uv": [12, 7.12345, 12.63021, 7.73542], "texture": "#1"},
				"south": {"uv": [13.89063, 7.11197, 14.52083, 7.72394], "texture": "#1"},
				"west": {"uv": [13.26042, 7.11197, 13.89063, 7.72394], "texture": "#1"},
				"up": {"uv": [13.26042, 7.12345, 12.63021, 6.51147], "texture": "#1"},
				"down": {"uv": [13.89063, 6.5, 13.26042, 7.11197], "texture": "#1"}
			}
		},
		{
			"name": "neck3",
			"from": [6.2, 4.6, -3.38],
			"to": [7.8, 6.2, -1.78],
			"faces": {
				"north": {"uv": [12.63021, 7.11197, 13.26042, 7.72394], "texture": "#1"},
				"east": {"uv": [12, 7.12345, 12.63021, 7.73542], "texture": "#1"},
				"south": {"uv": [13.89063, 7.11197, 14.52083, 7.72394], "texture": "#1"},
				"west": {"uv": [13.26042, 7.11197, 13.89063, 7.72394], "texture": "#1"},
				"up": {"uv": [13.26042, 7.12345, 12.63021, 6.51147], "texture": "#1"},
				"down": {"uv": [13.89063, 6.5, 13.26042, 7.11197], "texture": "#1"}
			}
		},
		{
			"name": "neck4",
			"from": [6.2, 4.2, -4.78],
			"to": [7.8, 5.8, -3.18],
			"rotation": {"angle": -22.5, "axis": "x", "origin": [7, 5.36, -4.28]},
			"faces": {
				"north": {"uv": [12.63021, 7.11197, 13.26042, 7.72394], "texture": "#1"},
				"east": {"uv": [12, 7.12345, 12.63021, 7.73542], "texture": "#1"},
				"south": {"uv": [13.89063, 7.11197, 14.52083, 7.72394], "texture": "#1"},
				"west": {"uv": [13.26042, 7.11197, 13.89063, 7.72394], "texture": "#1"},
				"up": {"uv": [13.26042, 7.12345, 12.63021, 6.51147], "texture": "#1"},
				"down": {"uv": [13.89063, 6.5, 13.26042, 7.11197], "texture": "#1"}
			}
		},
		{
			"name": "neck5",
			"from": [6.2, 2.9, -6.08],
			"to": [7.8, 4.5, -4.48],
			"rotation": {"angle": -22.5, "axis": "x", "origin": [7, 3.98866, -7.63]},
			"faces": {
				"north": {"uv": [12.63021, 7.11197, 13.26042, 7.72394], "texture": "#1"},
				"east": {"uv": [12, 7.12345, 12.63021, 7.73542], "texture": "#1"},
				"south": {"uv": [13.89063, 7.11197, 14.52083, 7.72394], "texture": "#1"},
				"west": {"uv": [13.26042, 7.11197, 13.89063, 7.72394], "texture": "#1"},
				"up": {"uv": [13.26042, 7.12345, 12.63021, 6.51147], "texture": "#1"},
				"down": {"uv": [13.89063, 6.5, 13.26042, 7.11197], "texture": "#1"}
			}
		},
		{
			"name": "head2",
			"from": [6.04, 3.22, -10.6],
			"to": [7.96, 4.02, -8.04],
			"rotation": {"angle": -22.5, "axis": "x", "origin": [7, 3.98866, -7.63]},
			"faces": {
				"north": {"uv": [11.99792, 3.76042, 12.75, 4.05417], "texture": "#1"},
				"east": {"uv": [10.99375, 3.76042, 11.99792, 4.05417], "texture": "#1"},
				"south": {"uv": [13.75417, 3.76042, 14.5, 4.05417], "texture": "#1"},
				"west": {"uv": [12.75, 3.76042, 13.75417, 4.05417], "texture": "#1"},
				"up": {"uv": [12.75, 3.76042, 11.99792, 2.75], "texture": "#1"},
				"down": {"uv": [13.49583, 2.75, 12.75, 3.76042], "texture": "#1"}
			}
		},
		{
			"name": "head2",
			"from": [5.72, 2.58, -8.6],
			"to": [8.28, 5.14, -6.04],
			"rotation": {"angle": -22.5, "axis": "x", "origin": [7, 3.98866, -7.63]},
			"faces": {
				"north": {"uv": [7.97708, 2.89375, 8.9875, 3.87292], "texture": "#1"},
				"east": {"uv": [6.96667, 2.89375, 7.97708, 3.87292], "texture": "#1"},
				"south": {"uv": [9.99792, 2.89375, 11.00833, 3.87292], "texture": "#1"},
				"west": {"uv": [8.9875, 2.89375, 9.99792, 3.87292], "texture": "#1"},
				"up": {"uv": [8.9875, 2.89375, 7.97708, 1.91458], "texture": "#1"},
				"down": {"uv": [9.99792, 1.91458, 8.9875, 2.89375], "texture": "#1"}
			}
		},
		{
			"name": "head2",
			"from": [6.2, 5.14, -7.6],
			"to": [6.52, 5.78, -6.64],
			"rotation": {"angle": -22.5, "axis": "x", "origin": [7, 3.98866, -7.63]},
			"faces": {
				"north": {"uv": [0.375, 0.375, 0.5, 0.625], "texture": "#1"},
				"east": {"uv": [0, 0.375, 0.375, 0.625], "texture": "#1"},
				"south": {"uv": [0.875, 0.375, 1, 0.625], "texture": "#1"},
				"west": {"uv": [0.5, 0.375, 0.875, 0.625], "texture": "#1"},
				"up": {"uv": [0.375, 0, 0.5, 0.375], "texture": "#1"},
				"down": {"uv": [0.5, 0, 0.625, 0.375], "texture": "#1"}
			}
		},
		{
			"name": "head2",
			"from": [6.2, 4.02, -10.3],
			"to": [6.52, 4.34, -9.66],
			"rotation": {"angle": -22.5, "axis": "x", "origin": [7, 3.98866, -7.63]},
			"faces": {
				"north": {"uv": [7.24583, 0.24375, 7.37083, 0.36875], "texture": "#1"},
				"east": {"uv": [7.37083, 0.24375, 7.62083, 0.36875], "texture": "#1"},
				"south": {"uv": [7.62083, 0.24375, 7.74583, 0.36875], "texture": "#1"},
				"west": {"uv": [7.00208, 0.24375, 7.24583, 0.36875], "texture": "#1"},
				"up": {"uv": [7.25208, 0, 7.37083, 0.24375], "texture": "#1"},
				"down": {"uv": [7.37083, 0, 7.49583, 0.24375], "texture": "#1"}
			}
		},
		{
			"name": "mirror",
			"from": [7.48, 5.14, -7.6],
			"to": [7.8, 5.78, -6.64],
			"rotation": {"angle": -22.5, "axis": "x", "origin": [7, 3.98866, -7.63]},
			"faces": {
				"north": {"uv": [0.375, 0.375, 0.5, 0.625], "texture": "#1"},
				"east": {"uv": [0, 0.375, 0.375, 0.625], "texture": "#1"},
				"south": {"uv": [0.875, 0.375, 1, 0.625], "texture": "#1"},
				"west": {"uv": [0.5, 0.375, 0.875, 0.625], "texture": "#1"},
				"up": {"uv": [0.375, 0, 0.5, 0.375], "texture": "#1"},
				"down": {"uv": [0.5, 0, 0.625, 0.375], "texture": "#1"}
			}
		},
		{
			"name": "mirror",
			"from": [7.48, 4.02, -10.3],
			"to": [7.8, 4.34, -9.66],
			"rotation": {"angle": -22.5, "axis": "x", "origin": [7, 3.98866, -7.63]},
			"faces": {
				"north": {"uv": [7.24583, 0.24375, 7.37083, 0.36875], "texture": "#1"},
				"east": {"uv": [6.99583, 0.24375, 7.24583, 0.36875], "texture": "#1"},
				"south": {"uv": [7.62083, 0.24375, 7.74583, 0.36875], "texture": "#1"},
				"west": {"uv": [7.37708, 0.24375, 7.62083, 0.36875], "texture": "#1"},
				"up": {"uv": [7.25208, 0, 7.37083, 0.24375], "texture": "#1"},
				"down": {"uv": [7.37083, 0, 7.49583, 0.24375], "texture": "#1"}
			}
		},
		{
			"name": "jaw2",
			"from": [6.04, 2.92692, -10.96409],
			"to": [7.96, 3.56692, -8.40409],
			"rotation": {"angle": -45, "axis": "x", "origin": [7, 3.98866, -7.63]},
			"faces": {
				"north": {"uv": [11.99792, 5.07292, 12.75, 5.30417], "texture": "#1"},
				"east": {"uv": [10.99375, 5.07292, 11.99792, 5.30417], "texture": "#1"},
				"south": {"uv": [13.75417, 5.07292, 14.5, 5.30417], "texture": "#1"},
				"west": {"uv": [12.75, 5.07292, 13.75417, 5.30417], "texture": "#1"},
				"up": {"uv": [12.75, 5.07292, 11.99792, 4.0625], "texture": "#1"},
				"down": {"uv": [13.49583, 4.0625, 12.75, 5.07292], "texture": "#1"}
			}
		},
		{
			"name": "left_wing",
			"from": [-3.88, 4.18077, 2.38213],
			"to": [5.08, 5.46077, 3.66213],
			"rotation": {"angle": -22.5, "axis": "z", "origin": [7.07, 4.82077, 5.42213]},
			"faces": {
				"north": {"uv": [7.49792, 6.00208, 10.99583, 6.49792], "texture": "#1"},
				"east": {"uv": [7.00208, 6.00208, 7.49792, 6.49792], "texture": "#1"},
				"south": {"uv": [11.50417, 6.00208, 15.00208, 6.49792], "texture": "#1"},
				"west": {"uv": [10.99583, 6.00208, 11.50417, 6.49792], "texture": "#1"},
				"up": {"uv": [10.99583, 6.00208, 7.49792, 5.5], "texture": "#1"},
				"down": {"uv": [14.49375, 5.5, 10.99583, 6.00208], "texture": "#1"}
			}
		},
		{
			"name": "left_wing",
			"from": [-3.88, 4.82077, 3.34213],
			"to": [5.08, 4.82077, 12.30213],
			"rotation": {"angle": -22.5, "axis": "z", "origin": [7.07, 4.82077, 5.42213]},
			"faces": {
				"north": {"uv": [2.33333, 15.66667, -0.33333, 15.66667], "texture": "#1"},
				"east": {"uv": [5, 15.66667, 2.33333, 15.66667], "texture": "#1"},
				"south": {"uv": [7.66667, 15.66667, 5, 15.66667], "texture": "#1"},
				"west": {"uv": [-0.33333, 15.66667, -3, 15.66667], "texture": "#1"},
				"up": {"uv": [0, 8.99792, 3.49583, 5.5], "texture": "#1"},
				"down": {"uv": [0, 5.5, 3.49792, 8.99792], "texture": "#1"}
			}
		},
		{
			"name": "left_wing_tip",
			"from": [-10.7, 3.50077, 2.70213],
			"to": [-1.74, 4.14077, 3.34213],
			"rotation": {"angle": 45, "axis": "z", "origin": [-8.22, 4.82077, 5.42213]},
			"faces": {
				"north": {"uv": [10.75052, 8.99167, 7.24948, 8.74323], "texture": "#1"},
				"east": {"uv": [10.75208, 8.99167, 11.00208, 8.74167], "texture": "#1"},
				"south": {"uv": [14.50625, 8.99167, 10.99896, 8.74167], "texture": "#1"},
				"west": {"uv": [7.24948, 8.99167, 6.99948, 8.74323], "texture": "#1"},
				"up": {"uv": [7.25104, 8.74323, 10.75052, 8.49323], "texture": "#1"},
				"down": {"uv": [10.74896, 8.74167, 14.25, 8.49167], "texture": "#1"}
			}
		},
		{
			"name": "left_wing_tip",
			"from": [-10.7, 3.82077, 3.34213],
			"to": [-1.74, 3.82077, 12.30213],
			"rotation": {"angle": 45, "axis": "z", "origin": [-8.22, 4.82077, 5.42213]},
			"faces": {
				"north": {"uv": [2.33333, 15.66667, -0.33333, 15.66667], "texture": "#1"},
				"east": {"uv": [5, 15.66667, 2.33333, 15.66667], "texture": "#1"},
				"south": {"uv": [7.66667, 15.66667, 5, 15.66667], "texture": "#1"},
				"west": {"uv": [-0.33333, 15.66667, -3, 15.66667], "texture": "#1"},
				"up": {"uv": [0, 12.5, 3.49792, 9.01458], "texture": "#1"},
				"down": {"uv": [0, 9.01458, 3.49792, 12.5], "texture": "#1"}
			}
		},
		{
			"name": "right_wing",
			"from": [8.92, 4.82077, 3.34213],
			"to": [17.88, 4.82077, 12.30213],
			"rotation": {"angle": 22.5, "axis": "z", "origin": [7.07, 4.82077, 5.42213]},
			"faces": {
				"north": {"uv": [-0.33333, 15.66667, 2.33333, 15.66667], "texture": "#1"},
				"east": {"uv": [-3, 15.66667, -0.33333, 15.66667], "texture": "#1"},
				"south": {"uv": [5, 15.66667, 7.66667, 15.66667], "texture": "#1"},
				"west": {"uv": [2.33333, 15.66667, 5, 15.66667], "texture": "#1"},
				"up": {"uv": [0, 12.5, 3.49792, 9.01458], "texture": "#1"},
				"down": {"uv": [0, 9.01458, 3.49792, 12.5], "texture": "#1"}
			}
		},
		{
			"name": "right_wing",
			"from": [8.92, 4.18077, 2.38213],
			"to": [17.88, 5.46077, 3.66213],
			"rotation": {"angle": 22.5, "axis": "z", "origin": [7.07, 4.82077, 5.42213]},
			"faces": {
				"north": {"uv": [7.49792, 6.00208, 10.99583, 6.49792], "texture": "#1"},
				"east": {"uv": [7.00208, 6.00208, 7.49792, 6.49792], "texture": "#1"},
				"south": {"uv": [11.50417, 6.00208, 15.00208, 6.49792], "texture": "#1"},
				"west": {"uv": [10.99583, 6.00208, 11.50417, 6.49792], "texture": "#1"},
				"up": {"uv": [10.99583, 6.00208, 7.49792, 5.5], "texture": "#1"},
				"down": {"uv": [14.49375, 5.5, 10.99583, 6.00208], "texture": "#1"}
			}
		},
		{
			"name": "right_wing_tip",
			"from": [15.88, 3.82077, 3.34213],
			"to": [24.84, 3.82077, 12.30213],
			"rotation": {"angle": -45, "axis": "z", "origin": [22.36, 5.27999, 5.51347]},
			"faces": {
				"north": {"uv": [-0.33333, 15.66667, 2.33333, 15.66667], "texture": "#1"},
				"east": {"uv": [-3, 15.66667, -0.33333, 15.66667], "texture": "#1"},
				"south": {"uv": [5, 15.66667, 7.66667, 15.66667], "texture": "#1"},
				"west": {"uv": [2.33333, 15.66667, 5, 15.66667], "texture": "#1"},
				"up": {"uv": [0, 8.99792, 3.49583, 5.5], "texture": "#1"},
				"down": {"uv": [0, 5.5, 3.49792, 8.99792], "texture": "#1"}
			}
		},
		{
			"name": "right_wing_tip",
			"from": [15.88, 3.50077, 2.88482],
			"to": [24.84, 4.14077, 3.52482],
			"rotation": {"angle": -45, "axis": "z", "origin": [22.36, 5.27999, 5.51347]},
			"faces": {
				"north": {"uv": [10.75052, 8.99167, 7.24948, 8.74323], "texture": "#1"},
				"east": {"uv": [10.75208, 8.99167, 11.00208, 8.74167], "texture": "#1"},
				"south": {"uv": [14.50625, 8.99167, 10.99896, 8.74167], "texture": "#1"},
				"west": {"uv": [7.24948, 8.99167, 6.99948, 8.74323], "texture": "#1"},
				"up": {"uv": [7.25104, 8.74323, 10.75052, 8.49323], "texture": "#1"},
				"down": {"uv": [10.74896, 8.74167, 14.25, 8.49167], "texture": "#1"}
			}
		},
		{
			"name": "front_left_leg",
			"from": [4.44, 0.44, 1.28],
			"to": [5.72, 4.28, 2.56],
			"rotation": {"angle": 0, "axis": "x", "origin": [7, 0.36, 1.92]},
			"faces": {
				"north": {"uv": [7.51042, 7.01042, 8, 8.47917], "texture": "#1"},
				"east": {"uv": [7.02083, 7.01042, 7.51042, 8.47917], "texture": "#1"},
				"south": {"uv": [8.48958, 7.01042, 8.97917, 8.47917], "texture": "#1"},
				"west": {"uv": [8, 7.01042, 8.48958, 8.47917], "texture": "#1"},
				"up": {"uv": [8, 7.01042, 7.51042, 6.52083], "texture": "#1"},
				"down": {"uv": [8.48958, 6.52083, 8, 7.01042], "texture": "#1"}
			}
		},
		{
			"name": "front_left_shin",
			"from": [4.6, -3.4, 1.44],
			"to": [5.56, 0.44, 2.4],
			"rotation": {"angle": 0, "axis": "x", "origin": [7, -1.48, 5.42]},
			"faces": {
				"north": {"uv": [14.49837, 9.00208, 14.87233, 10.48958], "texture": "#1"},
				"east": {"uv": [14.125, 9.00208, 14.49896, 10.48958], "texture": "#1"},
				"south": {"uv": [15.24688, 9.00208, 15.62083, 10.48958], "texture": "#1"},
				"west": {"uv": [14.87525, 9.00208, 15.24921, 10.48958], "texture": "#1"},
				"up": {"uv": [14.5, 9.00208, 14.87083, 8.62708], "texture": "#1"},
				"down": {"uv": [14.86875, 9.00208, 15.23958, 8.62708], "texture": "#1"}
			}
		},
		{
			"name": "front_left_foot",
			"from": [4.44, -4.04, 0],
			"to": [5.72, -3.4, 2.56],
			"rotation": {"angle": 0, "axis": "x", "origin": [7, -6.72, 1.28]},
			"faces": {
				"north": {"uv": [10, 7.49792, 10.50208, 7.74792], "texture": "#1"},
				"east": {"uv": [9.00208, 7.49792, 10, 7.74792], "texture": "#1"},
				"south": {"uv": [11.5, 7.49792, 12.00833, 7.74792], "texture": "#1"},
				"west": {"uv": [10.50208, 7.49792, 11.5, 7.74792], "texture": "#1"},
				"up": {"uv": [10.50208, 7.49792, 10, 6.5], "texture": "#1"},
				"down": {"uv": [11.00417, 6.5, 10.50208, 7.49792], "texture": "#1"}
			}
		},
		{
			"name": "back_left_leg",
			"from": [3.16, -0.92, 5.36],
			"to": [5.72, 1.64, 10.48],
			"rotation": {"angle": -22.5, "axis": "x", "origin": [7, 0.36, 8.92]},
			"faces": {
				"north": {"uv": [2.99844, 0, 1.99896, 0.98095], "rotation": 180, "texture": "#1"},
				"east": {"uv": [0, 0.98095, 0.99948, 2.99583], "rotation": 270, "texture": "#1"},
				"south": {"uv": [1.99896, 0.98095, 0.99948, 0], "texture": "#1"},
				"west": {"uv": [1.99896, 0.98095, 2.99844, 2.99583], "rotation": 90, "texture": "#1"},
				"up": {"uv": [0.99948, 0.98095, 1.99896, 2.99583], "rotation": 180, "texture": "#1"},
				"down": {"uv": [2.99844, 0.98095, 3.99792, 2.99583], "texture": "#1"}
			}
		},
		{
			"name": "back_left_shin",
			"from": [3.48, -3.10573, 4.8],
			"to": [5.4, -1.18573, 9.92],
			"rotation": {"angle": 22.5, "axis": "x", "origin": [7, -3.54573, 8.96]},
			"faces": {
				"north": {"uv": [13.75, 0.77083, 13.04167, 0], "rotation": 180, "texture": "#1"},
				"east": {"uv": [12.27083, 0.77083, 13.04167, 2.75], "rotation": 90, "texture": "#1"},
				"south": {"uv": [14.45833, 0, 13.75, 0.77083], "texture": "#1"},
				"west": {"uv": [13.75, 0.77083, 14.45833, 2.75], "rotation": 270, "texture": "#1"},
				"up": {"uv": [14.45833, 0.77083, 15.22917, 2.75], "texture": "#1"},
				"down": {"uv": [13.04167, 0.77083, 13.75, 2.75], "rotation": 180, "texture": "#1"}
			}
		},
		{
			"name": "back_left_foot",
			"from": [3, -3.82573, 6.08573],
			"to": [5.88, -2.86573, 9.92573],
			"rotation": {"angle": 0, "axis": "x", "origin": [7, -2.54573, 18.80573]},
			"faces": {
				"north": {"uv": [8.50417, 1.5, 9.62708, 1.86875], "texture": "#1"},
				"east": {"uv": [6.97917, 1.86875, 8.50417, 1.5], "texture": "#1"},
				"south": {"uv": [11.15208, 1.5, 12.25, 1.86875], "texture": "#1"},
				"west": {"uv": [9.63333, 1.5, 11.15208, 1.86875], "texture": "#1"},
				"up": {"uv": [9.62708, 1.5, 8.50417, 0], "texture": "#1"},
				"down": {"uv": [10.75, 0, 9.62708, 1.5], "texture": "#1"}
			}
		},
		{
			"name": "front_right_leg",
			"from": [8.28, 0.44, 1.28],
			"to": [9.56, 4.28, 2.56],
			"rotation": {"angle": 0, "axis": "x", "origin": [7, 0.36, 1.92]},
			"faces": {
				"north": {"uv": [7.51042, 7.01042, 8, 8.47917], "texture": "#1"},
				"east": {"uv": [7.02083, 7.01042, 7.51042, 8.47917], "texture": "#1"},
				"south": {"uv": [8.48958, 7.01042, 8.97917, 8.47917], "texture": "#1"},
				"west": {"uv": [8, 7.01042, 8.48958, 8.47917], "texture": "#1"},
				"up": {"uv": [8, 7.01042, 7.51042, 6.52083], "texture": "#1"},
				"down": {"uv": [8.48958, 6.52083, 8, 7.01042], "texture": "#1"}
			}
		},
		{
			"name": "front_right_shin",
			"from": [8.44, -3.4, 1.44],
			"to": [9.4, 0.44, 2.4],
			"rotation": {"angle": 0, "axis": "x", "origin": [7, -1.48, 5.42]},
			"faces": {
				"north": {"uv": [14.49837, 9.00208, 14.87233, 10.48958], "texture": "#1"},
				"east": {"uv": [14.125, 9.00208, 14.49896, 10.48958], "texture": "#1"},
				"south": {"uv": [15.24688, 9.00208, 15.62083, 10.48958], "texture": "#1"},
				"west": {"uv": [14.87525, 9.00208, 15.24921, 10.48958], "texture": "#1"},
				"up": {"uv": [14.5, 9.00208, 14.87083, 8.62708], "texture": "#1"},
				"down": {"uv": [14.86875, 9.00208, 15.23958, 8.62708], "texture": "#1"}
			}
		},
		{
			"name": "front_right_foot",
			"from": [8.28, -4.04, 0],
			"to": [9.56, -3.4, 2.56],
			"rotation": {"angle": 0, "axis": "x", "origin": [7, -6.72, 1.28]},
			"faces": {
				"north": {"uv": [10, 7.49792, 10.50208, 7.74792], "texture": "#1"},
				"east": {"uv": [9.00208, 7.49792, 10, 7.74792], "texture": "#1"},
				"south": {"uv": [11.5, 7.49792, 12.00833, 7.74792], "texture": "#1"},
				"west": {"uv": [10.50208, 7.49792, 11.5, 7.74792], "texture": "#1"},
				"up": {"uv": [10.50208, 7.49792, 10, 6.5], "texture": "#1"},
				"down": {"uv": [11.00417, 6.5, 10.50208, 7.49792], "texture": "#1"}
			}
		},
		{
			"name": "back_right_leg",
			"from": [8.28, -0.92, 5.36],
			"to": [10.84, 1.64, 10.48],
			"rotation": {"angle": -22.5, "axis": "x", "origin": [7, 0.36, 8.92]},
			"faces": {
				"north": {"uv": [2.99844, 0, 1.99896, 0.98095], "rotation": 180, "texture": "#1"},
				"east": {"uv": [0, 0.98095, 0.99948, 2.99583], "rotation": 270, "texture": "#1"},
				"south": {"uv": [1.99896, 0.98095, 0.99948, 0], "texture": "#1"},
				"west": {"uv": [1.99896, 0.98095, 2.99844, 2.99583], "rotation": 90, "texture": "#1"},
				"up": {"uv": [0.99948, 0.98095, 1.99896, 2.99583], "rotation": 180, "texture": "#1"},
				"down": {"uv": [2.99844, 0.98095, 3.99792, 2.99583], "texture": "#1"}
			}
		},
		{
			"name": "back_right_shin",
			"from": [8.6, -3.10573, 4.8],
			"to": [10.52, -1.18573, 9.92],
			"rotation": {"angle": 22.5, "axis": "x", "origin": [7, -3.54573, 8.96]},
			"faces": {
				"north": {"uv": [13.75, 0.77083, 13.04167, 0], "rotation": 180, "texture": "#1"},
				"east": {"uv": [12.27083, 0.77083, 13.04167, 2.75], "rotation": 90, "texture": "#1"},
				"south": {"uv": [14.45833, 0, 13.75, 0.77083], "texture": "#1"},
				"west": {"uv": [13.75, 0.77083, 14.45833, 2.75], "rotation": 270, "texture": "#1"},
				"up": {"uv": [14.45833, 0.77083, 15.22917, 2.75], "texture": "#1"},
				"down": {"uv": [13.04167, 0.77083, 13.75, 2.75], "rotation": 180, "texture": "#1"}
			}
		},
		{
			"name": "back_right_foot",
			"from": [8.12, -3.82573, 6.08573],
			"to": [11, -2.86573, 9.92573],
			"rotation": {"angle": 0, "axis": "x", "origin": [7, -2.54573, 18.80573]},
			"faces": {
				"north": {"uv": [8.50417, 1.5, 9.62708, 1.86875], "texture": "#1"},
				"east": {"uv": [6.97917, 1.86875, 8.50417, 1.5], "texture": "#1"},
				"south": {"uv": [11.15208, 1.5, 12.25, 1.86875], "texture": "#1"},
				"west": {"uv": [9.63333, 1.5, 11.15208, 1.86875], "texture": "#1"},
				"up": {"uv": [9.62708, 1.5, 8.50417, 0], "texture": "#1"},
				"down": {"uv": [10.75, 0, 9.62708, 1.5], "texture": "#1"}
			}
		}
	],
	"display": {
		"thirdperson_righthand": {
			"rotation": [62, 0, 0],
			"translation": [0, 0, 13.75],
			"scale": [0.25, 0.25, 0.25]
		},
		"thirdperson_lefthand": {
			"rotation": [62, 0, 0],
			"translation": [0, 0, 13.75],
			"scale": [0.25, 0.25, 0.25]
		},
		"firstperson_righthand": {
			"rotation": [-24, 120, 0],
			"translation": [2.5, 5.5, 0],
			"scale": [0.5, 0.5, 0.5]
		},
		"firstperson_lefthand": {
			"rotation": [-24, 120, 0],
			"translation": [2.5, 5.5, 0],
			"scale": [0.5, 0.5, 0.5]
		},
		"ground": {
			"translation": [0, 2, 0],
			"scale": [0.5, 0.5, 0.5]
		},
		"gui": {
			"rotation": [12, 154, 0],
			"translation": [0, 2.25, 0],
			"scale": [0.5, 0.5, 0.5]
		},
		"head": {
			"translation": [0.5, 18.25, 2.75]
		},
		"fixed": {
			"rotation": [-90, 0, 0],
			"translation": [0, 3.25, -12]
		}
	},
	"groups": [
		0,
		1,
		2,
		3,
		{
			"name": "ostkny",
			"origin": [0, 0, 0],
			"color": 0,
			"children": [4, 5, 6, 7, 8, 9, 10, 11, 12, 13, 14, 15, 16, 17, 18, 19, 20]
		},
		{
			"name": "ocas a krk",
			"origin": [0, 0, 0],
			"color": 0,
			"children": [21, 22, 23, 24, 25, 26, 27, 28, 29, 30, 31, 32, 33, 34, 35, 36, 37]
		},
		38,
		39,
		40,
		41,
		42,
		43,
		44,
		45,
		46,
		47,
		48,
		49,
		50,
		51,
		52,
		53,
		54,
		55,
		56,
		57,
		58,
		59,
		60,
		61,
		62,
		63,
		64
	]
}