{
	"credit": "Made with Blockbench",
	"texture_size": [32, 32],
	"textures": {
		"2": "postavicky:item/liska_snezna",
		"particle": "postavicky:item/liska_snezna"
	},
	"elements": [
		{
			"name": "head",
			"from": [4, 3.5, -3],
			"to": [12, 9.5, 3],
			"faces": {
				"north": {"uv": [2, 5.5, 5.33333, 8.5], "texture": "#2"},
				"east": {"uv": [0.33333, 5.5, 2, 8.5], "texture": "#2"},
				"south": {"uv": [7, 5.5, 9.66667, 8.5], "texture": "#2"},
				"west": {"uv": [5.33333, 5.5, 7, 8.5], "texture": "#2"},
				"up": {"uv": [5, 5.5, 2.33333, 2.5], "texture": "#2"},
				"down": {"uv": [7.66667, 2.5, 5, 5.5], "texture": "#2"}
			}
		},
		{
			"name": "head",
			"from": [4, 9.5, -2],
			"to": [6, 11.5, -1],
			"faces": {
				"north": {"uv": [5.33333, 1, 6, 2], "texture": "#2"},
				"east": {"uv": [5, 1, 5.33333, 2], "texture": "#2"},
				"south": {"uv": [6.33333, 1, 7, 2], "texture": "#2"},
				"west": {"uv": [6, 1, 6.33333, 2], "texture": "#2"},
				"up": {"uv": [6, 1, 5.33333, 0.5], "texture": "#2"},
				"down": {"uv": [6.66667, 0.5, 6, 1], "texture": "#2"}
			}
		},
		{
			"name": "head",
			"from": [10, 9.5, -2],
			"to": [12, 11.5, -1],
			"faces": {
				"north": {"uv": [3, 1, 3.66667, 2], "texture": "#2"},
				"east": {"uv": [2.66667, 1, 3, 2], "texture": "#2"},
				"south": {"uv": [4, 1, 4.66667, 2], "texture": "#2"},
				"west": {"uv": [3.66667, 1, 4, 2], "texture": "#2"},
				"up": {"uv": [3.66667, 1, 3, 0.5], "texture": "#2"},
				"down": {"uv": [4.33333, 0.5, 3.66667, 1], "texture": "#2"}
			}
		},
		{
			"name": "head",
			"from": [6, 3.5, -6],
			"to": [10, 5.5, -3],
			"faces": {
				"north": {"uv": [3, 10.5, 4.33333, 11.5], "texture": "#2"},
				"east": {"uv": [2, 10.5, 3, 11.5], "texture": "#2"},
				"south": {"uv": [5.33333, 10.5, 6.66667, 11.5], "texture": "#2"},
				"west": {"uv": [4.33333, 10.5, 5.33333, 11.5], "texture": "#2"},
				"up": {"uv": [4.33333, 10.5, 3, 9], "texture": "#2"},
				"down": {"uv": [5.66667, 9, 4.33333, 10.5], "texture": "#2"}
			}
		},
		{
			"name": "body",
			"from": [5, 4.5, 3],
			"to": [11, 10.5, 14],
			"faces": {
				"north": {"uv": [9.99804, 7.5, 12, 10.5], "texture": "#2"},
				"east": {"uv": [8, 10.5, 9.99804, 16], "rotation": 90, "texture": "#2"},
				"south": {"uv": [11.99804, 7.5, 14, 10.5], "texture": "#2"},
				"west": {"uv": [14, 16, 12.00196, 10.5], "rotation": 90, "texture": "#2"},
				"up": {"uv": [16, 16, 14, 10.5], "rotation": 180, "texture": "#2"},
				"down": {"uv": [12, 10.5, 10, 16], "rotation": 180, "texture": "#2"}
			}
		},
		{
			"name": "leg1",
			"from": [9.001, 0, 11],
			"to": [11.001, 6, 13],
			"faces": {
				"north": {"uv": [5, 12.99167, 5.66667, 15.96667], "texture": "#2"},
				"east": {"uv": [4.33333, 12.99167, 5, 15.96667], "texture": "#2"},
				"south": {"uv": [6.33333, 12.99167, 7, 15.96667], "texture": "#2"},
				"west": {"uv": [5.66667, 12.99167, 6.33333, 15.96667], "texture": "#2"},
				"up": {"uv": [5.66667, 12.99167, 5, 12], "texture": "#2"},
				"down": {"uv": [6.33333, 12, 5.66667, 12.99167], "texture": "#2"}
			}
		},
		{
			"name": "leg2",
			"from": [4.999, 0, 11],
			"to": [6.999, 6, 13],
			"faces": {
				"north": {"uv": [2, 12.99167, 2.66667, 15.96667], "texture": "#2"},
				"east": {"uv": [1.33333, 12.99167, 2, 15.96667], "texture": "#2"},
				"south": {"uv": [3.33333, 12.99167, 4, 15.96667], "texture": "#2"},
				"west": {"uv": [2.66667, 12.99167, 3.33333, 15.96667], "texture": "#2"},
				"up": {"uv": [2.66667, 12.99167, 2, 12], "texture": "#2"},
				"down": {"uv": [3.33333, 12, 2.66667, 12.99167], "texture": "#2"}
			}
		},
		{
			"name": "leg3",
			"from": [9.001, 0, 4],
			"to": [11.001, 6, 6],
			"faces": {
				"north": {"uv": [5, 12.99167, 5.66667, 15.96667], "texture": "#2"},
				"east": {"uv": [4.33333, 12.99167, 5, 15.96667], "texture": "#2"},
				"south": {"uv": [6.33333, 12.99167, 7, 15.96667], "texture": "#2"},
				"west": {"uv": [5.66667, 12.99167, 6.33333, 15.96667], "texture": "#2"},
				"up": {"uv": [5.66667, 12.99167, 5, 12], "texture": "#2"},
				"down": {"uv": [6.33333, 12, 5.66667, 12.99167], "texture": "#2"}
			}
		},
		{
			"name": "leg4",
			"from": [4.999, 0, 4],
			"to": [6.999, 6, 6],
			"faces": {
				"north": {"uv": [2, 12.99167, 2.66667, 15.96667], "texture": "#2"},
				"east": {"uv": [1.33333, 12.99167, 2, 15.96667], "texture": "#2"},
				"south": {"uv": [3.33333, 12.99167, 4, 15.96667], "texture": "#2"},
				"west": {"uv": [2.66667, 12.99167, 3.33333, 15.96667], "texture": "#2"},
				"up": {"uv": [2.66667, 12.99167, 2, 12], "texture": "#2"},
				"down": {"uv": [3.33333, 12, 2.66667, 12.99167], "texture": "#2"}
			}
		},
		{
			"name": "tail",
			"from": [6, 6, 14],
			"to": [10, 11, 23],
			"faces": {
				"north": {"uv": [11.66667, 0, 13, 2.5], "texture": "#2"},
				"east": {"uv": [10, 2.5, 11.66667, 7], "rotation": 90, "texture": "#2"},
				"south": {"uv": [13, 0, 14.33333, 2.5], "texture": "#2"},
				"west": {"uv": [13, 2.5, 14.66667, 7], "rotation": 270, "texture": "#2"},
				"up": {"uv": [16, 7, 14.66667, 2.5], "rotation": 180, "texture": "#2"},
				"down": {"uv": [13, 2.5, 11.66667, 7], "rotation": 180, "texture": "#2"}
			}
		}
	],
	"display": {
		"thirdperson_righthand": {
			"rotation": [65, 0, 0],
			"translation": [0.5, 0, 12.5],
			"scale": [0.5, 0.5, 0.5]
		},
		"thirdperson_lefthand": {
			"rotation": [65, 0, 0],
			"translation": [0.5, 0, 12.5],
			"scale": [0.5, 0.5, 0.5]
		},
		"firstperson_righthand": {
			"rotation": [-19, 125, 0],
			"translation": [2.5, 4, 0],
			"scale": [0.5, 0.5, 0.5]
		},
		"firstperson_lefthand": {
			"rotation": [-19, 125, 0],
			"translation": [2.5, 4, 0],
			"scale": [0.5, 0.5, 0.5]
		},
		"ground": {
			"translation": [0, 3.25, 0]
		},
		"gui": {
			"rotation": [10, 150, 0],
			"translation": [0, 1.25, 0],
			"scale": [0.7, 0.7, 0.7]
		},
		"head": {
			"translation": [0, 14, 0]
		},
		"fixed": {
			"rotation": [-90, 0, 0],
			"translation": [0, 0, -16],
			"scale": [2, 2, 2]
		}
	}
}