{
	"credit": "Made with Blockbench",
	"texture_size": [128, 128],
	"textures": {
		"0": "postavicky:item/snehulak",
		"particle": "postavicky:item/snehulak"
	},
	"elements": [
		{
			"from": [-2, -16, -2],
			"to": [18, 4, 18],
			"faces": {
				"north": {"uv": [0, 0, 2.5, 2.5], "texture": "#0"},
				"east": {"uv": [0, 2.5, 2.5, 5], "texture": "#0"},
				"south": {"uv": [2.5, 0, 5, 2.5], "texture": "#0"},
				"west": {"uv": [2.5, 2.5, 5, 5], "texture": "#0"},
				"up": {"uv": [2.5, 7.5, 0, 5], "texture": "#0"},
				"down": {"uv": [7.5, 0, 5, 2.5], "texture": "#0"}
			}
		},
		{
			"from": [0, 4, 0],
			"to": [16, 20, 16],
			"faces": {
				"north": {"uv": [2.5, 5, 4.5, 7], "texture": "#0"},
				"east": {"uv": [5, 2.5, 7, 4.5], "texture": "#0"},
				"south": {"uv": [4.5, 5, 6.5, 7], "texture": "#0"},
				"west": {"uv": [6.5, 4.5, 8.5, 6.5], "texture": "#0"},
				"up": {"uv": [8.5, 8.5, 6.5, 6.5], "texture": "#0"},
				"down": {"uv": [4.5, 7, 2.5, 9], "texture": "#0"}
			}
		},
		{
			"from": [2, 20, 2],
			"to": [14, 32, 14],
			"faces": {
				"north": {"uv": [7, 2.5, 8.5, 4], "texture": "#0"},
				"east": {"uv": [4.5, 7, 6, 8.5], "texture": "#0"},
				"south": {"uv": [0, 7.5, 1.5, 9], "texture": "#0"},
				"west": {"uv": [7.5, 0, 9, 1.5], "texture": "#0"},
				"up": {"uv": [10, 3, 8.5, 1.5], "texture": "#0"},
				"down": {"uv": [10, 3, 8.5, 4.5], "texture": "#0"}
			}
		},
		{
			"from": [-1, 15, 7],
			"to": [0, 17, 9],
			"faces": {
				"north": {"uv": [1.5, 8, 1.625, 8.25], "texture": "#0"},
				"east": {"uv": [6.25, 4.5, 6.5, 4.75], "texture": "#0"},
				"south": {"uv": [8, 1.5, 8.125, 1.75], "texture": "#0"},
				"west": {"uv": [6.25, 4.75, 6.5, 5], "texture": "#0"},
				"up": {"uv": [1.75, 8.25, 1.625, 8], "texture": "#0"},
				"down": {"uv": [1.875, 8, 1.75, 8.25], "texture": "#0"}
			}
		},
		{
			"from": [-1, 11, 7],
			"to": [0, 13, 9],
			"faces": {
				"north": {"uv": [8, 1.75, 8.125, 2], "texture": "#0"},
				"east": {"uv": [7, 4, 7.25, 4.25], "texture": "#0"},
				"south": {"uv": [1.875, 8, 2, 8.25], "texture": "#0"},
				"west": {"uv": [7, 4.25, 7.25, 4.5], "texture": "#0"},
				"up": {"uv": [2.125, 8.25, 2, 8], "texture": "#0"},
				"down": {"uv": [8.125, 2, 8, 2.25], "texture": "#0"}
			}
		},
		{
			"from": [-1, 7, 7],
			"to": [0, 9, 9],
			"faces": {
				"north": {"uv": [2.125, 8, 2.25, 8.25], "texture": "#0"},
				"east": {"uv": [6, 7, 6.25, 7.25], "texture": "#0"},
				"south": {"uv": [2.25, 8, 2.375, 8.25], "texture": "#0"},
				"west": {"uv": [6.25, 7, 6.5, 7.25], "texture": "#0"},
				"up": {"uv": [8.125, 2.5, 8, 2.25], "texture": "#0"},
				"down": {"uv": [2.5, 8, 2.375, 8.25], "texture": "#0"}
			}
		},
		{
			"from": [-3, -9, 7],
			"to": [-2, -7, 9],
			"faces": {
				"north": {"uv": [8, 4, 8.125, 4.25], "texture": "#0"},
				"east": {"uv": [7.25, 4, 7.5, 4.25], "texture": "#0"},
				"south": {"uv": [8, 4.25, 8.125, 4.5], "texture": "#0"},
				"west": {"uv": [7.25, 4.25, 7.5, 4.5], "texture": "#0"},
				"up": {"uv": [6.125, 8.25, 6, 8], "texture": "#0"},
				"down": {"uv": [6.25, 8, 6.125, 8.25], "texture": "#0"}
			}
		},
		{
			"from": [-3, -5, 7],
			"to": [-2, -3, 9],
			"faces": {
				"north": {"uv": [6.25, 8, 6.375, 8.25], "texture": "#0"},
				"east": {"uv": [6, 7.25, 6.25, 7.5], "texture": "#0"},
				"south": {"uv": [6.375, 8, 6.5, 8.25], "texture": "#0"},
				"west": {"uv": [6.25, 7.25, 6.5, 7.5], "texture": "#0"},
				"up": {"uv": [8.25, 1.75, 8.125, 1.5], "texture": "#0"},
				"down": {"uv": [8.25, 1.75, 8.125, 2], "texture": "#0"}
			}
		},
		{
			"from": [-3, -1, 7],
			"to": [-2, 1, 9],
			"faces": {
				"north": {"uv": [8.125, 2, 8.25, 2.25], "texture": "#0"},
				"east": {"uv": [1.5, 7.5, 1.75, 7.75], "texture": "#0"},
				"south": {"uv": [8.125, 2.25, 8.25, 2.5], "texture": "#0"},
				"west": {"uv": [7.5, 1.5, 7.75, 1.75], "texture": "#0"},
				"up": {"uv": [8.25, 4.25, 8.125, 4], "texture": "#0"},
				"down": {"uv": [8.25, 4.25, 8.125, 4.5], "texture": "#0"}
			}
		},
		{
			"from": [-3, -13, 7],
			"to": [-2, -11, 9],
			"faces": {
				"north": {"uv": [1.5, 8.25, 1.625, 8.5], "texture": "#0"},
				"east": {"uv": [1.75, 7.5, 2, 7.75], "texture": "#0"},
				"south": {"uv": [8.25, 1.5, 8.375, 1.75], "texture": "#0"},
				"west": {"uv": [7.5, 1.75, 7.75, 2], "texture": "#0"},
				"up": {"uv": [1.75, 8.5, 1.625, 8.25], "texture": "#0"},
				"down": {"uv": [1.875, 8.25, 1.75, 8.5], "texture": "#0"}
			}
		},
		{
			"from": [1, 27, 4],
			"to": [2, 29, 6],
			"faces": {
				"north": {"uv": [8.25, 1.75, 8.375, 2], "texture": "#0"},
				"east": {"uv": [2, 7.5, 2.25, 7.75], "texture": "#0"},
				"south": {"uv": [1.875, 8.25, 2, 8.5], "texture": "#0"},
				"west": {"uv": [7.5, 2, 7.75, 2.25], "texture": "#0"},
				"up": {"uv": [2.125, 8.5, 2, 8.25], "texture": "#0"},
				"down": {"uv": [8.375, 2, 8.25, 2.25], "texture": "#0"}
			}
		},
		{
			"from": [-1, 25, 7],
			"to": [3, 27, 9],
			"faces": {
				"north": {"uv": [5, 4.5, 5.5, 4.75], "texture": "#0"},
				"east": {"uv": [2.25, 7.5, 2.5, 7.75], "texture": "#0"},
				"south": {"uv": [5, 4.75, 5.5, 5], "texture": "#0"},
				"west": {"uv": [7.5, 2.25, 7.75, 2.5], "texture": "#0"},
				"up": {"uv": [6, 4.75, 5.5, 4.5], "texture": "#0"},
				"down": {"uv": [6, 4.75, 5.5, 5], "texture": "#0"}
			}
		},
		{
			"from": [1, 27, 10],
			"to": [2, 29, 12],
			"faces": {
				"north": {"uv": [2.125, 8.25, 2.25, 8.5], "texture": "#0"},
				"east": {"uv": [7.5, 4, 7.75, 4.25], "texture": "#0"},
				"south": {"uv": [2.25, 8.25, 2.375, 8.5], "texture": "#0"},
				"west": {"uv": [7.5, 4.25, 7.75, 4.5], "texture": "#0"},
				"up": {"uv": [8.375, 2.5, 8.25, 2.25], "texture": "#0"},
				"down": {"uv": [2.5, 8.25, 2.375, 8.5], "texture": "#0"}
			}
		},
		{
			"from": [-3, 25.25, 7.25],
			"to": [-1, 26.75, 8.75],
			"faces": {
				"north": {"uv": [6, 7.5, 6.25, 7.75], "texture": "#0"},
				"east": {"uv": [6.25, 7.5, 6.5, 7.75], "texture": "#0"},
				"south": {"uv": [1.5, 7.75, 1.75, 8], "texture": "#0"},
				"west": {"uv": [7.75, 1.5, 8, 1.75], "texture": "#0"},
				"up": {"uv": [2, 8, 1.75, 7.75], "texture": "#0"},
				"down": {"uv": [8, 1.75, 7.75, 2], "texture": "#0"}
			}
		},
		{
			"from": [-4, 25.5, 7.5],
			"to": [-3, 26.5, 8.5],
			"faces": {
				"north": {"uv": [1.5, 8.5, 1.625, 8.625], "texture": "#0"},
				"east": {"uv": [1.625, 8.5, 1.75, 8.625], "texture": "#0"},
				"south": {"uv": [1.75, 8.5, 1.875, 8.625], "texture": "#0"},
				"west": {"uv": [1.875, 8.5, 2, 8.625], "texture": "#0"},
				"up": {"uv": [2.125, 8.625, 2, 8.5], "texture": "#0"},
				"down": {"uv": [2.25, 8.5, 2.125, 8.625], "texture": "#0"}
			}
		},
		{
			"from": [-4.5, 25.75, 7.75],
			"to": [-4, 26.25, 8.25],
			"faces": {
				"north": {"uv": [2.25, 8.5, 2.375, 8.625], "texture": "#0"},
				"east": {"uv": [2.375, 8.5, 2.5, 8.625], "texture": "#0"},
				"south": {"uv": [4.5, 8.5, 4.625, 8.625], "texture": "#0"},
				"west": {"uv": [8.5, 4.5, 8.625, 4.625], "texture": "#0"},
				"up": {"uv": [4.75, 8.625, 4.625, 8.5], "texture": "#0"},
				"down": {"uv": [8.625, 4.625, 8.5, 4.75], "texture": "#0"}
			}
		},
		{
			"from": [1, 22, 3],
			"to": [2, 24, 5],
			"faces": {
				"north": {"uv": [8.25, 4, 8.375, 4.25], "texture": "#0"},
				"east": {"uv": [2, 7.75, 2.25, 8], "texture": "#0"},
				"south": {"uv": [8.25, 4.25, 8.375, 4.5], "texture": "#0"},
				"west": {"uv": [7.75, 2, 8, 2.25], "texture": "#0"},
				"up": {"uv": [6.125, 8.5, 6, 8.25], "texture": "#0"},
				"down": {"uv": [6.25, 8.25, 6.125, 8.5], "texture": "#0"}
			}
		},
		{
			"from": [1, 22, 11],
			"to": [2, 24, 13],
			"faces": {
				"north": {"uv": [6.25, 8.25, 6.375, 8.5], "texture": "#0"},
				"east": {"uv": [2.25, 7.75, 2.5, 8], "texture": "#0"},
				"south": {"uv": [6.375, 8.25, 6.5, 8.5], "texture": "#0"},
				"west": {"uv": [7.75, 2.25, 8, 2.5], "texture": "#0"},
				"up": {"uv": [8.5, 1.75, 8.375, 1.5], "texture": "#0"},
				"down": {"uv": [8.5, 1.75, 8.375, 2], "texture": "#0"}
			}
		},
		{
			"from": [1, 21, 8.5],
			"to": [2, 23, 10.5],
			"faces": {
				"north": {"uv": [6, 7.75, 6.125, 8], "texture": "#0"},
				"east": {"uv": [6, 4.5, 6.25, 4.75], "texture": "#0"},
				"south": {"uv": [6.125, 7.75, 6.25, 8], "texture": "#0"},
				"west": {"uv": [6, 4.75, 6.25, 5], "texture": "#0"},
				"up": {"uv": [6.375, 8, 6.25, 7.75], "texture": "#0"},
				"down": {"uv": [6.5, 7.75, 6.375, 8], "texture": "#0"}
			}
		},
		{
			"from": [1, 21, 5.5],
			"to": [2, 23, 7.5],
			"faces": {
				"north": {"uv": [8.375, 2, 8.5, 2.25], "texture": "#0"},
				"east": {"uv": [7.75, 4, 8, 4.25], "texture": "#0"},
				"south": {"uv": [8.375, 2.25, 8.5, 2.5], "texture": "#0"},
				"west": {"uv": [7.75, 4.25, 8, 4.5], "texture": "#0"},
				"up": {"uv": [8.5, 4.25, 8.375, 4], "texture": "#0"},
				"down": {"uv": [8.5, 4.25, 8.375, 4.5], "texture": "#0"}
			}
		}
	],
	"display": {
		"thirdperson_righthand": {
			"rotation": [36, -90, 0],
			"translation": [0, 2, 1.25],
			"scale": [0.26, 0.26, 0.26]
		},
		"thirdperson_lefthand": {
			"rotation": [36, 90, 0],
			"translation": [0, 2, 1.25],
			"scale": [0.26, 0.26, 0.26]
		},
		"firstperson_righthand": {
			"translation": [2.75, 2, 1.25],
			"scale": [0.26, 0.26, 0.26]
		},
		"firstperson_lefthand": {
			"rotation": [0, 180, 0],
			"translation": [2.75, 2, 1.25],
			"scale": [0.26, 0.26, 0.26]
		},
		"ground": {
			"translation": [0, 1.75, 0],
			"scale": [0.25, 0.25, 0.25]
		},
		"gui": {
			"rotation": [15, 115, 0],
			"scale": [0.25, 0.25, 0.25]
		},
		"head": {
			"rotation": [0, -90, 0],
			"translation": [0, -16.5, 0],
			"scale": [1.21, 1.21, 1.21]
		},
		"fixed": {
			"rotation": [-90, -90, 0],
			"translation": [0, 0, -12],
			"scale": [0.5, 0.5, 0.5]
		}
	}
}