{
	"credit": "Made with Blockbench",
	"textures": {
		"0": "postavicky:item/sniffer",
		"particle": "postavicky:item/sniffer"
	},
	"elements": [
		{
			"name": "head",
			"from": [5, 1.2, 17],
			"to": [12.5, 12.2, 24],
			"rotation": {"angle": 0, "axis": "y", "origin": [4.75, 6.7, 20.5]},
			"faces": {
				"north": {"uv": [3.66667, 2.15833, 4.66667, 3.49167], "texture": "#0"},
				"east": {"uv": [2.66667, 2.16667, 3.66667, 3.53333], "texture": "#0"},
				"south": {"uv": [1.58333, 2.16667, 2.66667, 3.66667], "texture": "#0"},
				"west": {"uv": [0.65833, 2.16667, 1.575, 3.54167], "texture": "#0"},
				"up": {"uv": [2.66667, 2.125, 1.58333, 1.25], "rotation": 180, "texture": "#0"},
				"down": {"uv": [3.66667, 1.25, 2.66667, 2.125], "rotation": 180, "texture": "#0"}
			}
		},
		{
			"name": "head",
			"from": [5, 2.2, 24],
			"to": [12.5, 9.7, 29],
			"rotation": {"angle": 0, "axis": "y", "origin": [4.75, 5.95, 26.5]},
			"faces": {
				"north": {"uv": [4.24653, 5.47222, 5, 6.5], "texture": "#0"},
				"east": {"uv": [2.5, 5.50555, 3.41319, 6.5], "texture": "#0"},
				"south": {"uv": [1.57986, 5.50556, 2.66667, 6.5], "texture": "#0"},
				"west": {"uv": [0.83333, 5.50556, 1.74653, 6.5], "texture": "#0"},
				"up": {"uv": [6.40833, 6.41389, 5.32986, 5.66667], "rotation": 180, "texture": "#0"},
				"down": {"uv": [3.75347, 4.75833, 2.675, 5.49722], "rotation": 180, "texture": "#0"}
			}
		},
		{
			"name": "nose",
			"from": [5, 9.7, 24],
			"to": [12.5, 11.2, 29],
			"rotation": {"angle": 0, "axis": "y", "origin": [4.75, 10.45, 26.5]},
			"faces": {
				"north": {"uv": [3.4684, 4.50694, 4.49167, 4.66667], "texture": "#0"},
				"east": {"uv": [2.67083, 4.50694, 3.47674, 4.66667], "texture": "#0"},
				"south": {"uv": [1.5809, 4.49861, 2.6625, 4.66667], "texture": "#0"},
				"west": {"uv": [0.83333, 4.50694, 1.5809, 4.66667], "texture": "#0"},
				"up": {"uv": [2.6625, 4.49028, 1.58924, 3.75], "rotation": 180, "texture": "#0"},
				"down": {"uv": [3.78577, 3.75, 2.82084, 4.42361], "rotation": 180, "texture": "#0"}
			}
		},
		{
			"name": "left_ear",
			"from": [12.5, 0.95, 17],
			"to": [13.25, 12.2, 21.5],
			"rotation": {"angle": 0, "axis": "y", "origin": [3.14, 0, 6.785]},
			"faces": {
				"north": {"uv": [4.58333, 0.57678, 4.66667, 2.18333], "texture": "#0"},
				"east": {"uv": [4.02778, 0.58511, 4.68056, 2.16667], "texture": "#0"},
				"south": {"uv": [4.5875, 0.57089, 4.67083, 2.16077], "texture": "#0"},
				"west": {"uv": [4.68056, 0.57678, 5.33333, 2.16667], "texture": "#0"},
				"up": {"uv": [4.58333, 0.56526, 4.65833, 0.025], "texture": "#0"},
				"down": {"uv": [5.00556, 0, 5.33056, 0.33193], "texture": "#0"}
			}
		},
		{
			"name": "right_ear",
			"from": [4.25, 0.95, 17],
			"to": [5, 12.2, 21.5],
			"rotation": {"angle": 0, "axis": "y", "origin": [3.14, 0, 6.785]},
			"faces": {
				"north": {"uv": [4.58333, 0.58512, 4.65833, 2.15833], "texture": "#0"},
				"east": {"uv": [4.02778, 0.57678, 4.68056, 2.16667], "texture": "#0"},
				"south": {"uv": [4.57917, 0.58333, 4.6625, 2.1691], "texture": "#0"},
				"west": {"uv": [4.68056, 0.58511, 5.33333, 2.16667], "texture": "#0"},
				"up": {"uv": [4.58333, 0.57359, 4.66667, 0.025], "texture": "#0"},
				"down": {"uv": [4.67222, 0, 4.74722, 0.58193], "texture": "#0"}
			}
		},
		{
			"name": "body",
			"from": [1, 5, -7],
			"to": [16, 5, 17],
			"rotation": {"angle": 0, "axis": "y", "origin": [3.14, 0, 6.785]},
			"faces": {
				"north": {"uv": [8.66667, 9, 10.83333, 11.58333], "texture": "#0"},
				"east": {"uv": [10.83333, 9, 14.91667, 11.58333], "texture": "#0"},
				"south": {"uv": [10.41667, 9.08333, 13, 11.58333], "texture": "#0"},
				"west": {"uv": [5.16667, 9, 8.66667, 11.58333], "texture": "#0"},
				"up": {"uv": [0, 13.5, 2.08333, 16], "texture": "#0"},
				"down": {"uv": [12.75, 5.83333, 14.66667, 9], "texture": "#0"}
			}
		},
		{
			"name": "body",
			"from": [1, 1, -7],
			"to": [16, 18.25, 17],
			"rotation": {"angle": 0, "axis": "y", "origin": [3.14, 0, 6.785]},
			"faces": {
				"north": {"uv": [8.66667, 9, 10.83333, 11.58333], "texture": "#0"},
				"east": {"uv": [10.83333, 9, 14.91667, 11.58333], "texture": "#0"},
				"south": {"uv": [10.41667, 9.08333, 13, 11.58333], "texture": "#0"},
				"west": {"uv": [5.16667, 9, 8.66667, 11.58333], "texture": "#0"},
				"up": {"uv": [0, 0, 16, 16], "texture": "#0"},
				"down": {"uv": [10.66667, 5.66667, 12.58333, 8.83333], "texture": "#0"}
			}
		},
		{
			"name": "body",
			"from": [0.625, 5.875, -7.375],
			"to": [16.375, 18.625, 17.375],
			"rotation": {"angle": 0, "axis": "y", "origin": [3.14, 0, 6.785]},
			"faces": {
				"north": {"uv": [8.5, 3.33333, 10.58333, 5.16667], "texture": "#0"},
				"east": {"uv": [12.16667, 3.33333, 16, 5.16667], "texture": "#0"},
				"south": {"uv": [10.58333, 3.33333, 12.66667, 5.16667], "texture": "#0"},
				"west": {"uv": [4.66667, 3.33333, 8.5, 5.16667], "texture": "#0"},
				"up": {"uv": [8.5, 0, 10.58333, 3.33333], "texture": "#0"},
				"down": {"uv": [10.41667, 13.5, 16, 16], "texture": "#0"}
			}
		},
		{
			"name": "back_left_leg",
			"from": [1.75, 0, -6.5],
			"to": [6.25, 6, -2],
			"rotation": {"angle": 0, "axis": "y", "origin": [3.14, 0, 6.785]},
			"faces": {
				"north": {"uv": [3.25893, 7.93684, 3.81548, 8.7], "texture": "#0"},
				"east": {"uv": [2.66667, 7.93684, 3.22321, 8.7], "texture": "#0"},
				"south": {"uv": [4.44345, 7.93684, 5, 8.7], "texture": "#0"},
				"west": {"uv": [3.85119, 7.93684, 4.40774, 8.7], "texture": "#0"},
				"up": {"uv": [3.89881, 7.92807, 3.34226, 7.28333], "texture": "#0"},
				"down": {"uv": [4.49107, 7.28333, 3.93452, 7.92807], "texture": "#0"}
			}
		},
		{
			"name": "back_left_leg",
			"from": [10.75, 0, 2.5],
			"to": [15.25, 6, 7],
			"rotation": {"angle": 0, "axis": "y", "origin": [3.14, 0, 6.785]},
			"faces": {
				"north": {"uv": [3.25893, 7.93684, 3.81548, 8.7], "texture": "#0"},
				"east": {"uv": [2.66667, 7.93684, 3.22321, 8.7], "texture": "#0"},
				"south": {"uv": [4.44345, 7.93684, 5, 8.7], "texture": "#0"},
				"west": {"uv": [3.85119, 7.93684, 4.40774, 8.7], "texture": "#0"},
				"up": {"uv": [3.89881, 7.92807, 3.34226, 7.28333], "texture": "#0"},
				"down": {"uv": [4.49107, 7.28333, 3.93452, 7.92807], "texture": "#0"}
			}
		},
		{
			"name": "back_left_leg",
			"from": [10.75, 0, -6.5],
			"to": [15.25, 6, -2],
			"rotation": {"angle": 0, "axis": "y", "origin": [3.14, 0, 6.785]},
			"faces": {
				"north": {"uv": [3.25893, 7.93684, 3.81548, 8.7], "texture": "#0"},
				"east": {"uv": [2.66667, 7.93684, 3.22321, 8.7], "texture": "#0"},
				"south": {"uv": [4.44345, 7.93684, 5, 8.7], "texture": "#0"},
				"west": {"uv": [3.85119, 7.93684, 4.40774, 8.7], "texture": "#0"},
				"up": {"uv": [3.89881, 7.92807, 3.34226, 7.28333], "texture": "#0"},
				"down": {"uv": [4.49107, 7.28333, 3.93452, 7.92807], "texture": "#0"}
			}
		},
		{
			"name": "back_left_leg",
			"from": [1.75, 0, 11.5],
			"to": [6.25, 6, 16],
			"rotation": {"angle": 0, "axis": "y", "origin": [3.14, 0, 6.785]},
			"faces": {
				"north": {"uv": [3.25893, 7.93684, 3.81548, 8.7], "texture": "#0"},
				"east": {"uv": [2.66667, 7.93684, 3.22321, 8.7], "texture": "#0"},
				"south": {"uv": [4.44345, 7.93684, 5, 8.7], "texture": "#0"},
				"west": {"uv": [3.85119, 7.93684, 4.40774, 8.7], "texture": "#0"},
				"up": {"uv": [3.89881, 7.92807, 3.34226, 7.28333], "texture": "#0"},
				"down": {"uv": [4.49107, 7.28333, 3.93452, 7.92807], "texture": "#0"}
			}
		},
		{
			"name": "back_left_leg",
			"from": [1.75, 0, 2.5],
			"to": [6.25, 6, 7],
			"rotation": {"angle": 0, "axis": "y", "origin": [3.14, 0, 6.785]},
			"faces": {
				"north": {"uv": [3.25893, 7.93684, 3.81548, 8.7], "texture": "#0"},
				"east": {"uv": [2.66667, 7.93684, 3.22321, 8.7], "texture": "#0"},
				"south": {"uv": [4.44345, 7.93684, 5, 8.7], "texture": "#0"},
				"west": {"uv": [3.85119, 7.93684, 4.40774, 8.7], "texture": "#0"},
				"up": {"uv": [3.89881, 7.92807, 3.34226, 7.28333], "texture": "#0"},
				"down": {"uv": [4.49107, 7.28333, 3.93452, 7.92807], "texture": "#0"}
			}
		},
		{
			"name": "back_left_leg",
			"from": [10.75, 0, 11.5],
			"to": [15.25, 6, 16],
			"rotation": {"angle": 0, "axis": "y", "origin": [3.14, 0, 6.785]},
			"faces": {
				"north": {"uv": [3.25893, 7.93684, 3.81548, 8.7], "texture": "#0"},
				"east": {"uv": [2.66667, 7.93684, 3.22321, 8.7], "texture": "#0"},
				"south": {"uv": [4.44345, 7.93684, 5, 8.7], "texture": "#0"},
				"west": {"uv": [3.85119, 7.93684, 4.40774, 8.7], "texture": "#0"},
				"up": {"uv": [3.89881, 7.92807, 3.34226, 7.28333], "texture": "#0"},
				"down": {"uv": [4.49107, 7.28333, 3.93452, 7.92807], "texture": "#0"}
			}
		},
		{
			"name": "head",
			"from": [5, 2.2, 17],
			"to": [12.5, 2.2, 24],
			"rotation": {"angle": 0, "axis": "y", "origin": [4.75, 6.7, 20.5]},
			"faces": {
				"north": {"uv": [3.66667, 2.20833, 4.66667, 3.75], "texture": "#0"},
				"east": {"uv": [2.66667, 2.20833, 3.66667, 3.75], "texture": "#0"},
				"south": {"uv": [1.66667, 2.20833, 2.66667, 3.75], "texture": "#0"},
				"west": {"uv": [0.66667, 2.20833, 1.66667, 3.75], "texture": "#0"},
				"up": {"uv": [2.66667, 2.125, 1.58333, 1.25], "rotation": 180, "texture": "#0"},
				"down": {"uv": [3.75, 0.33333, 2.66667, 1.25], "rotation": 180, "texture": "#0"}
			}
		}
	],
	"display": {
		"thirdperson_righthand": {
			"rotation": [75, 180, 0],
			"translation": [0, -1, -1.5],
			"scale": [0.25, 0.25, 0.25]
		},
		"thirdperson_lefthand": {
			"rotation": [75, 180, 0],
			"translation": [0, -1, -1.5],
			"scale": [0.25, 0.25, 0.25]
		},
		"firstperson_righthand": {
			"rotation": [0, -75, 0],
			"translation": [2.5, 2.25, 0],
			"scale": [0.25, 0.25, 0.25]
		},
		"firstperson_lefthand": {
			"rotation": [0, -75, 0],
			"translation": [2.5, 2.25, 0],
			"scale": [0.25, 0.25, 0.25]
		},
		"ground": {
			"scale": [0.5, 0.5, 0.5]
		},
		"gui": {
			"rotation": [10, -28, 0],
			"translation": [-0.5, -1.75, 0],
			"scale": [0.5, 0.5, 0.5]
		},
		"head": {
			"translation": [-1.75, -21.25, 1.75],
			"scale": [3, 3, 3]
		},
		"fixed": {
			"rotation": [-90, 180, 0],
			"translation": [0, -3.75, -14.25],
			"scale": [1.75, 1.75, 1.75]
		}
	},
	"groups": [
		0,
		1,
		2,
		3,
		4,
		{
			"name": "group",
			"origin": [3.14, 0, 6.785],
			"color": 0,
			"children": [5, 6, 7]
		},
		{
			"name": "group",
			"origin": [3.14, 0, 6.785],
			"color": 0,
			"children": [8, 9, 10, 11, 12, 13]
		},
		14
	]
}