{
	"credit": "Made with Blockbench",
	"texture_size": [64, 64],
	"textures": {
		"0": "postavicky:item/zillager_savanna"
	},
	"elements": [
		{
			"name": "headwear",
			"from": [2.5, 19.525, 3.5],
			"to": [11.5, 30.525, 12.5],
			"faces": {
				"north": {"uv": [10, 2, 12, 4.5], "texture": "#0"},
				"east": {"uv": [8, 2, 10, 4.5], "texture": "#0"},
				"south": {"uv": [14, 2, 16, 4.5], "texture": "#0"},
				"west": {"uv": [12, 2, 14, 4.5], "texture": "#0"},
				"up": {"uv": [12, 2, 10, 0], "texture": "#0"},
				"down": {"uv": [14, 0, 12, 2], "texture": "#0"}
			}
		},
		{
			"name": "head",
			"from": [3, 20.525, 4],
			"to": [11, 30.525, 12],
			"faces": {
				"north": {"uv": [2, 2, 4, 4.5], "texture": "#0"},
				"east": {"uv": [0, 2, 2, 4.5], "texture": "#0"},
				"south": {"uv": [6, 2, 8, 4.5], "texture": "#0"},
				"west": {"uv": [4, 2, 6, 4.5], "texture": "#0"},
				"up": {"uv": [4, 2, 2, 0], "texture": "#0"},
				"down": {"uv": [6, 0, 4, 2], "texture": "#0"}
			}
		},
		{
			"name": "head",
			"from": [6, 20, 2],
			"to": [8, 24, 4],
			"faces": {
				"north": {"uv": [6.5, 0.5, 7, 1.5], "texture": "#0"},
				"east": {"uv": [6, 0.5, 6.5, 1.5], "texture": "#0"},
				"south": {"uv": [7.5, 0.5, 8, 1.5], "texture": "#0"},
				"west": {"uv": [7, 0.5, 7.5, 1.5], "texture": "#0"},
				"up": {"uv": [7, 0.5, 6.5, 0], "texture": "#0"},
				"down": {"uv": [7.5, 0, 7, 0.5], "texture": "#0"}
			}
		},
		{
			"name": "body",
			"from": [3, 8.55, 5],
			"to": [11, 20.55, 11],
			"faces": {
				"north": {"uv": [5.5, 6.5, 7.5, 9.5], "texture": "#0"},
				"east": {"uv": [4, 6.5, 5.5, 9.5], "texture": "#0"},
				"south": {"uv": [9, 6.5, 11, 9.5], "texture": "#0"},
				"west": {"uv": [7.5, 6.5, 9, 9.5], "texture": "#0"},
				"up": {"uv": [7.5, 6.5, 5.5, 5], "texture": "#0"},
				"down": {"uv": [9.5, 5, 7.5, 6.5], "texture": "#0"}
			}
		},
		{
			"name": "body",
			"from": [2.5, 2.05, 4.5],
			"to": [11.5, 21.05, 11.5],
			"faces": {
				"north": {"uv": [1.5, 11, 3.5, 15.5], "texture": "#0"},
				"east": {"uv": [0, 11, 1.5, 15.5], "texture": "#0"},
				"south": {"uv": [5, 11, 7, 15.5], "texture": "#0"},
				"west": {"uv": [3.5, 11, 5, 15.5], "texture": "#0"},
				"up": {"uv": [3.5, 11, 1.5, 9.5], "texture": "#0"},
				"down": {"uv": [5.5, 9.5, 3.5, 11], "texture": "#0"}
			}
		},
		{
			"name": "left_arm",
			"from": [-1, 15.55, -3],
			"to": [3, 19.55, 9],
			"rotation": {"angle": 0, "axis": "x", "origin": [0, 16.55, 0]},
			"faces": {
				"north": {"uv": [14, 5.5, 13, 6.5], "texture": "#0"},
				"east": {"uv": [15, 6.5, 14, 9.5], "rotation": 270, "texture": "#0"},
				"south": {"uv": [13, 5.5, 12, 6.5], "texture": "#0"},
				"west": {"uv": [12, 6.5, 11, 9.5], "rotation": 90, "texture": "#0"},
				"up": {"uv": [12, 9.5, 13, 6.5], "texture": "#0"},
				"down": {"uv": [13, 6.5, 14, 9.5], "texture": "#0"}
			}
		},
		{
			"name": "right_arm",
			"from": [11, 15.55, -3],
			"to": [15, 19.55, 9],
			"rotation": {"angle": 0, "axis": "x", "origin": [0, 16.55, 0]},
			"faces": {
				"north": {"uv": [14, 5.5, 13, 6.5], "texture": "#0"},
				"east": {"uv": [15, 6.5, 14, 9.5], "rotation": 270, "texture": "#0"},
				"south": {"uv": [13, 5.5, 12, 6.5], "texture": "#0"},
				"west": {"uv": [12, 6.5, 11, 9.5], "rotation": 90, "texture": "#0"},
				"up": {"uv": [12, 9.5, 13, 6.5], "texture": "#0"},
				"down": {"uv": [13, 6.5, 14, 9.5], "texture": "#0"}
			}
		},
		{
			"name": "left_leg",
			"from": [3, -3.45, 6],
			"to": [7, 8.55, 10],
			"faces": {
				"north": {"uv": [1, 6.5, 2, 9.5], "texture": "#0"},
				"east": {"uv": [0, 6.5, 1, 9.5], "texture": "#0"},
				"south": {"uv": [3, 6.5, 4, 9.5], "texture": "#0"},
				"west": {"uv": [2, 6.5, 3, 9.5], "texture": "#0"},
				"up": {"uv": [2, 6.5, 1, 5.5], "texture": "#0"},
				"down": {"uv": [3, 5.5, 2, 6.5], "texture": "#0"}
			}
		},
		{
			"name": "right_leg",
			"from": [7, -3.45, 6],
			"to": [11, 8.55, 10],
			"faces": {
				"north": {"uv": [2, 6.5, 1, 9.5], "texture": "#0"},
				"east": {"uv": [3, 6.5, 2, 9.5], "texture": "#0"},
				"south": {"uv": [4, 6.5, 3, 9.5], "texture": "#0"},
				"west": {"uv": [1, 6.5, 0, 9.5], "texture": "#0"},
				"up": {"uv": [1, 6.5, 2, 5.5], "texture": "#0"},
				"down": {"uv": [2, 5.5, 3, 6.5], "texture": "#0"}
			}
		}
	],
	"display": {
		"thirdperson_righthand": {
			"rotation": [30, 0, 0],
			"translation": [0, -0.75, 0.25],
			"scale": [0.25, 0.25, 0.25]
		},
		"thirdperson_lefthand": {
			"rotation": [30, 0, 0],
			"translation": [0, -0.75, 0.25],
			"scale": [0.25, 0.25, 0.25]
		},
		"firstperson_righthand": {
			"rotation": [0, 104, 0],
			"translation": [2.5, 1.25, 0.25],
			"scale": [0.25, 0.25, 0.25]
		},
		"firstperson_lefthand": {
			"rotation": [0, 104, 0],
			"translation": [2.5, 1.25, 0.25],
			"scale": [0.5, 0.5, 0.5]
		},
		"ground": {
			"translation": [0, 1.25, 0],
			"scale": [0.4, 0.4, 0.4]
		},
		"gui": {
			"rotation": [20, 150, 0],
			"translation": [0, -2.25, 0],
			"scale": [0.4, 0.4, 0.4]
		},
		"head": {
			"translation": [1.69, -27, 0],
			"scale": [1.62, 1.62, 1.62]
		},
		"fixed": {
			"translation": [0, -0.75, -2.5],
			"scale": [0.5, 0.5, 0.5]
		}
	}
}