{
	"credit": "Made with Blockbench",
	"texture_size": [64, 64],
	"textures": {
		"0": "deskovky:item/cnz-zelena",
		"particle": "deskovky:item/cnz-zelena"
	},
	"elements": [
		{
			"from": [2, 0, 2],
			"to": [14, 6, 14],
			"faces": {
				"north": {"uv": [3, 5, 6, 6.5], "texture": "#0"},
				"east": {"uv": [5.5, 0, 8.5, 1.5], "texture": "#0"},
				"south": {"uv": [5.5, 1.5, 8.5, 3], "texture": "#0"},
				"west": {"uv": [5.5, 3, 8.5, 4.5], "texture": "#0"},
				"up": {"uv": [3, 3, 0, 0], "texture": "#0"},
				"down": {"uv": [3, 3, 0, 6], "texture": "#0"}
			}
		},
		{
			"from": [3, 6, 3],
			"to": [13, 11, 13],
			"faces": {
				"north": {"uv": [6, 6.5, 8.5, 7.75], "texture": "#0"},
				"east": {"uv": [6, 7.75, 8.5, 9], "texture": "#0"},
				"south": {"uv": [8, 4.5, 10.5, 5.75], "texture": "#0"},
				"west": {"uv": [0, 8.5, 2.5, 9.75], "texture": "#0"},
				"up": {"uv": [5.5, 2.5, 3, 0], "texture": "#0"},
				"down": {"uv": [5.5, 2.5, 3, 5], "texture": "#0"}
			}
		},
		{
			"from": [4, 11, 4],
			"to": [12, 15, 12],
			"faces": {
				"north": {"uv": [8.5, 7.25, 10.5, 8.25], "texture": "#0"},
				"east": {"uv": [8.5, 8.25, 10.5, 9.25], "texture": "#0"},
				"south": {"uv": [5.5, 9, 7.5, 10], "texture": "#0"},
				"west": {"uv": [7.5, 9.25, 9.5, 10.25], "texture": "#0"},
				"up": {"uv": [2, 8, 0, 6], "texture": "#0"},
				"down": {"uv": [8, 4.5, 6, 6.5], "texture": "#0"}
			}
		},
		{
			"from": [5, 15, 5],
			"to": [11, 18, 11],
			"faces": {
				"north": {"uv": [10, 1.5, 11.5, 2.25], "texture": "#0"},
				"east": {"uv": [2, 10, 3.5, 10.75], "texture": "#0"},
				"south": {"uv": [10, 2.25, 11.5, 3], "texture": "#0"},
				"west": {"uv": [10, 3, 11.5, 3.75], "texture": "#0"},
				"up": {"uv": [10, 1.5, 8.5, 0], "texture": "#0"},
				"down": {"uv": [10, 1.5, 8.5, 3], "texture": "#0"}
			}
		},
		{
			"from": [6, 18, 6],
			"to": [10, 21, 10],
			"faces": {
				"north": {"uv": [10, 6.5, 11, 7.25], "texture": "#0"},
				"east": {"uv": [0, 10.5, 1, 11.25], "texture": "#0"},
				"south": {"uv": [1, 10.5, 2, 11.25], "texture": "#0"},
				"west": {"uv": [10.5, 4.5, 11.5, 5.25], "texture": "#0"},
				"up": {"uv": [7.5, 11, 6.5, 10], "texture": "#0"},
				"down": {"uv": [10.5, 10, 9.5, 11], "texture": "#0"}
			}
		},
		{
			"from": [5, 21, 5],
			"to": [11, 24, 11],
			"faces": {
				"north": {"uv": [3.5, 10, 5, 10.75], "texture": "#0"},
				"east": {"uv": [10, 3.75, 11.5, 4.5], "texture": "#0"},
				"south": {"uv": [5, 10, 6.5, 10.75], "texture": "#0"},
				"west": {"uv": [10, 5.75, 11.5, 6.5], "texture": "#0"},
				"up": {"uv": [4, 10, 2.5, 8.5], "texture": "#0"},
				"down": {"uv": [10, 3, 8.5, 4.5], "texture": "#0"}
			}
		},
		{
			"from": [4, 24, 4],
			"to": [12, 27, 12],
			"faces": {
				"north": {"uv": [9.5, 9.25, 11.5, 10], "texture": "#0"},
				"east": {"uv": [0, 9.75, 2, 10.5], "texture": "#0"},
				"south": {"uv": [10, 0, 12, 0.75], "texture": "#0"},
				"west": {"uv": [10, 0.75, 12, 1.5], "texture": "#0"},
				"up": {"uv": [4, 8.5, 2, 6.5], "texture": "#0"},
				"down": {"uv": [6, 6.5, 4, 8.5], "texture": "#0"}
			}
		},
		{
			"from": [5, 27, 5],
			"to": [11, 29, 11],
			"faces": {
				"north": {"uv": [0, 8, 1.5, 8.5], "texture": "#0"},
				"east": {"uv": [10.5, 5.25, 12, 5.75], "texture": "#0"},
				"south": {"uv": [10.5, 7.25, 12, 7.75], "texture": "#0"},
				"west": {"uv": [10.5, 7.75, 12, 8.25], "texture": "#0"},
				"up": {"uv": [5.5, 10, 4, 8.5], "texture": "#0"},
				"down": {"uv": [10, 5.75, 8.5, 7.25], "texture": "#0"}
			}
		},
		{
			"from": [6, 29, 6],
			"to": [10, 30, 10],
			"faces": {
				"north": {"uv": [2, 6, 3, 6.25], "texture": "#0"},
				"east": {"uv": [2, 6.25, 3, 6.5], "texture": "#0"},
				"south": {"uv": [7.5, 9, 8.5, 9.25], "texture": "#0"},
				"west": {"uv": [10.5, 8.25, 11.5, 8.5], "texture": "#0"},
				"up": {"uv": [8.5, 11.25, 7.5, 10.25], "texture": "#0"},
				"down": {"uv": [9.5, 10.25, 8.5, 11.25], "texture": "#0"}
			}
		}
	],
	"display": {
		"thirdperson_righthand": {
			"rotation": [20, 45, 0],
			"translation": [0, -0.5, 0.75],
			"scale": [0.25, 0.25, 0.25]
		},
		"thirdperson_lefthand": {
			"rotation": [20, 45, 0],
			"translation": [0, -0.5, 0.75],
			"scale": [0.25, 0.25, 0.25]
		},
		"firstperson_righthand": {
			"rotation": [-8, 12, 0],
			"translation": [2.75, 0.75, 0.75],
			"scale": [0.25, 0.25, 0.25]
		},
		"firstperson_lefthand": {
			"rotation": [-8, 12, 0],
			"translation": [2.75, 0.75, 0.75],
			"scale": [0.25, 0.25, 0.25]
		},
		"ground": {
			"scale": [0.25, 0.25, 0.25]
		},
		"gui": {
			"rotation": [13, -24, 0],
			"translation": [0, -2.75, 0],
			"scale": [0.45, 0.45, 0.45]
		},
		"head": {
			"translation": [0, -29.25, 0],
			"scale": [1.55, 1.55, 1.55]
		},
		"fixed": {
			"rotation": [-90, 0, 0],
			"translation": [0, 0.75, -6.75]
		}
	}
}