{
	"credit": "Made with Blockbench",
	"texture_size": [64, 64],
	"textures": {
		"0": "cepice:item/emeraldik",
		"particle": "cepice:item/emeraldik"
	},
	"elements": [
		{
			"from": [8, 0, 8],
			"to": [9, 20, 9],
			"faces": {
				"north": {"uv": [0, 0, 0.25, 5], "texture": "#0"},
				"east": {"uv": [0.25, 0, 0.5, 5], "texture": "#0"},
				"south": {"uv": [0.5, 0, 0.75, 5], "texture": "#0"},
				"west": {"uv": [0.75, 0, 1, 5], "texture": "#0"},
				"up": {"uv": [10.75, 0.5, 10.5, 0.25], "texture": "#0"},
				"down": {"uv": [0.75, 10.5, 0.5, 10.75], "texture": "#0"}
			}
		},
		{
			"from": [9, 1, 8],
			"to": [10, 19, 9],
			"faces": {
				"north": {"uv": [1, 0, 1.25, 4.5], "texture": "#0"},
				"east": {"uv": [1.25, 0, 1.5, 4.5], "texture": "#0"},
				"south": {"uv": [1.5, 0, 1.75, 4.5], "texture": "#0"},
				"west": {"uv": [1.75, 0, 2, 4.5], "texture": "#0"},
				"up": {"uv": [10.75, 0.75, 10.5, 0.5], "texture": "#0"},
				"down": {"uv": [1, 10.5, 0.75, 10.75], "texture": "#0"}
			}
		},
		{
			"from": [7, 1, 8],
			"to": [8, 19, 9],
			"faces": {
				"north": {"uv": [2, 0, 2.25, 4.5], "texture": "#0"},
				"east": {"uv": [2.25, 0, 2.5, 4.5], "texture": "#0"},
				"south": {"uv": [2.5, 0, 2.75, 4.5], "texture": "#0"},
				"west": {"uv": [2.75, 0, 3, 4.5], "texture": "#0"},
				"up": {"uv": [10.75, 1, 10.5, 0.75], "texture": "#0"},
				"down": {"uv": [1.25, 10.5, 1, 10.75], "texture": "#0"}
			}
		},
		{
			"from": [8, 1, 9],
			"to": [9, 19, 10],
			"rotation": {"angle": 0, "axis": "y", "origin": [8.5, 12, 8.5]},
			"faces": {
				"north": {"uv": [3, 0, 3.25, 4.5], "texture": "#0"},
				"east": {"uv": [3.25, 0, 3.5, 4.5], "texture": "#0"},
				"south": {"uv": [3.5, 0, 3.75, 4.5], "texture": "#0"},
				"west": {"uv": [3.75, 0, 4, 4.5], "texture": "#0"},
				"up": {"uv": [10.75, 1.25, 10.5, 1], "texture": "#0"},
				"down": {"uv": [10.75, 1.25, 10.5, 1.5], "texture": "#0"}
			}
		},
		{
			"from": [8, 1, 7],
			"to": [9, 19, 8],
			"rotation": {"angle": 0, "axis": "y", "origin": [8.5, 12, 8.5]},
			"faces": {
				"north": {"uv": [4, 0, 4.25, 4.5], "texture": "#0"},
				"east": {"uv": [4.25, 0, 4.5, 4.5], "texture": "#0"},
				"south": {"uv": [4.5, 0, 4.75, 4.5], "texture": "#0"},
				"west": {"uv": [1, 4.5, 1.25, 9], "texture": "#0"},
				"up": {"uv": [10.75, 1.75, 10.5, 1.5], "texture": "#0"},
				"down": {"uv": [10.75, 1.75, 10.5, 2], "texture": "#0"}
			}
		},
		{
			"from": [8, 2, 10],
			"to": [9, 18, 11],
			"faces": {
				"north": {"uv": [2.25, 4.5, 2.5, 8.5], "texture": "#0"},
				"east": {"uv": [2.5, 4.5, 2.75, 8.5], "texture": "#0"},
				"south": {"uv": [2.75, 4.5, 3, 8.5], "texture": "#0"},
				"west": {"uv": [3, 4.5, 3.25, 8.5], "texture": "#0"},
				"up": {"uv": [10.75, 2.25, 10.5, 2], "texture": "#0"},
				"down": {"uv": [10.75, 2.25, 10.5, 2.5], "texture": "#0"}
			}
		},
		{
			"from": [10, 2, 8],
			"to": [11, 18, 9],
			"faces": {
				"north": {"uv": [3.25, 4.5, 3.5, 8.5], "texture": "#0"},
				"east": {"uv": [3.5, 4.5, 3.75, 8.5], "texture": "#0"},
				"south": {"uv": [3.75, 4.5, 4, 8.5], "texture": "#0"},
				"west": {"uv": [4, 4.5, 4.25, 8.5], "texture": "#0"},
				"up": {"uv": [10.75, 2.75, 10.5, 2.5], "texture": "#0"},
				"down": {"uv": [10.75, 2.75, 10.5, 3], "texture": "#0"}
			}
		},
		{
			"from": [9, 2, 9],
			"to": [10, 18, 10],
			"rotation": {"angle": 0, "axis": "y", "origin": [8.5, 12, 8.5]},
			"faces": {
				"north": {"uv": [1.25, 4.5, 1.5, 8.5], "texture": "#0"},
				"east": {"uv": [1.5, 4.5, 1.75, 8.5], "texture": "#0"},
				"south": {"uv": [1.75, 4.5, 2, 8.5], "texture": "#0"},
				"west": {"uv": [2, 4.5, 2.25, 8.5], "texture": "#0"},
				"up": {"uv": [10.75, 0.25, 10.5, 0], "texture": "#0"},
				"down": {"uv": [0.5, 10.5, 0.25, 10.75], "texture": "#0"}
			}
		},
		{
			"from": [9, 2, 7],
			"to": [10, 18, 8],
			"rotation": {"angle": 0, "axis": "y", "origin": [8.5, 12, 8.5]},
			"faces": {
				"north": {"uv": [4.25, 4.5, 4.5, 8.5], "texture": "#0"},
				"east": {"uv": [4.5, 4.5, 4.75, 8.5], "texture": "#0"},
				"south": {"uv": [4.75, 0, 5, 4], "texture": "#0"},
				"west": {"uv": [4.75, 4, 5, 8], "texture": "#0"},
				"up": {"uv": [10.75, 3.25, 10.5, 3], "texture": "#0"},
				"down": {"uv": [10.75, 3.25, 10.5, 3.5], "texture": "#0"}
			}
		},
		{
			"from": [7, 2, 9],
			"to": [8, 18, 10],
			"rotation": {"angle": 0, "axis": "y", "origin": [9.5, 12, 9]},
			"faces": {
				"north": {"uv": [0, 5, 0.25, 9], "texture": "#0"},
				"east": {"uv": [5, 0, 5.25, 4], "texture": "#0"},
				"south": {"uv": [0.25, 5, 0.5, 9], "texture": "#0"},
				"west": {"uv": [0.5, 5, 0.75, 9], "texture": "#0"},
				"up": {"uv": [10.75, 3.75, 10.5, 3.5], "texture": "#0"},
				"down": {"uv": [10.75, 3.75, 10.5, 4], "texture": "#0"}
			}
		},
		{
			"from": [6, 2, 8],
			"to": [7, 18, 9],
			"rotation": {"angle": 0, "axis": "y", "origin": [9.5, 12, 9]},
			"faces": {
				"north": {"uv": [0.75, 5, 1, 9], "texture": "#0"},
				"east": {"uv": [5, 4, 5.25, 8], "texture": "#0"},
				"south": {"uv": [5.25, 0, 5.5, 4], "texture": "#0"},
				"west": {"uv": [5.25, 4, 5.5, 8], "texture": "#0"},
				"up": {"uv": [10.75, 4.25, 10.5, 4], "texture": "#0"},
				"down": {"uv": [10.75, 4.25, 10.5, 4.5], "texture": "#0"}
			}
		},
		{
			"from": [8, 2, 6],
			"to": [9, 18, 7],
			"rotation": {"angle": 0, "axis": "y", "origin": [9.5, 12, 9]},
			"faces": {
				"north": {"uv": [5.5, 0, 5.75, 4], "texture": "#0"},
				"east": {"uv": [5.5, 4, 5.75, 8], "texture": "#0"},
				"south": {"uv": [5.75, 0, 6, 4], "texture": "#0"},
				"west": {"uv": [5.75, 4, 6, 8], "texture": "#0"},
				"up": {"uv": [10.75, 4.75, 10.5, 4.5], "texture": "#0"},
				"down": {"uv": [10.75, 4.75, 10.5, 5], "texture": "#0"}
			}
		},
		{
			"from": [7, 2, 7],
			"to": [8, 18, 8],
			"rotation": {"angle": 0, "axis": "y", "origin": [9.5, 12, 9]},
			"faces": {
				"north": {"uv": [6, 0, 6.25, 4], "texture": "#0"},
				"east": {"uv": [6, 4, 6.25, 8], "texture": "#0"},
				"south": {"uv": [6.25, 0, 6.5, 4], "texture": "#0"},
				"west": {"uv": [6.25, 4, 6.5, 8], "texture": "#0"},
				"up": {"uv": [10.75, 5.25, 10.5, 5], "texture": "#0"},
				"down": {"uv": [10.75, 5.25, 10.5, 5.5], "texture": "#0"}
			}
		},
		{
			"from": [8, 4, 11],
			"to": [9, 16, 12],
			"rotation": {"angle": 0, "axis": "y", "origin": [9.5, 12, 9]},
			"faces": {
				"north": {"uv": [6.5, 0, 6.75, 3], "texture": "#0"},
				"east": {"uv": [6.5, 3, 6.75, 6], "texture": "#0"},
				"south": {"uv": [6.5, 6, 6.75, 9], "texture": "#0"},
				"west": {"uv": [6.75, 0, 7, 3], "texture": "#0"},
				"up": {"uv": [10.75, 5.75, 10.5, 5.5], "texture": "#0"},
				"down": {"uv": [10.75, 5.75, 10.5, 6], "texture": "#0"}
			}
		},
		{
			"from": [7, 4, 6],
			"to": [8, 16, 7],
			"rotation": {"angle": 0, "axis": "y", "origin": [9.5, 12, 9]},
			"faces": {
				"north": {"uv": [6.75, 3, 7, 6], "texture": "#0"},
				"east": {"uv": [6.75, 6, 7, 9], "texture": "#0"},
				"south": {"uv": [7, 0, 7.25, 3], "texture": "#0"},
				"west": {"uv": [7, 3, 7.25, 6], "texture": "#0"},
				"up": {"uv": [10.75, 6.25, 10.5, 6], "texture": "#0"},
				"down": {"uv": [10.75, 6.25, 10.5, 6.5], "texture": "#0"}
			}
		},
		{
			"from": [9, 4, 6],
			"to": [10, 16, 7],
			"rotation": {"angle": 0, "axis": "y", "origin": [9.5, 12, 9]},
			"faces": {
				"north": {"uv": [7, 6, 7.25, 9], "texture": "#0"},
				"east": {"uv": [7.25, 0, 7.5, 3], "texture": "#0"},
				"south": {"uv": [7.25, 3, 7.5, 6], "texture": "#0"},
				"west": {"uv": [7.25, 6, 7.5, 9], "texture": "#0"},
				"up": {"uv": [6.75, 10.75, 6.5, 10.5], "texture": "#0"},
				"down": {"uv": [10.75, 6.5, 10.5, 6.75], "texture": "#0"}
			}
		},
		{
			"from": [8, 4, 5],
			"to": [9, 16, 6],
			"rotation": {"angle": 0, "axis": "y", "origin": [9.5, 12, 9]},
			"faces": {
				"north": {"uv": [7.5, 0, 7.75, 3], "texture": "#0"},
				"east": {"uv": [7.5, 3, 7.75, 6], "texture": "#0"},
				"south": {"uv": [7.5, 6, 7.75, 9], "texture": "#0"},
				"west": {"uv": [7.75, 0, 8, 3], "texture": "#0"},
				"up": {"uv": [7, 10.75, 6.75, 10.5], "texture": "#0"},
				"down": {"uv": [10.75, 6.75, 10.5, 7], "texture": "#0"}
			}
		},
		{
			"from": [10, 4, 7],
			"to": [11, 16, 8],
			"rotation": {"angle": 0, "axis": "y", "origin": [8.5, 12, 8.5]},
			"faces": {
				"north": {"uv": [7.75, 3, 8, 6], "texture": "#0"},
				"east": {"uv": [7.75, 6, 8, 9], "texture": "#0"},
				"south": {"uv": [8, 0, 8.25, 3], "texture": "#0"},
				"west": {"uv": [8, 3, 8.25, 6], "texture": "#0"},
				"up": {"uv": [7.25, 10.75, 7, 10.5], "texture": "#0"},
				"down": {"uv": [10.75, 7, 10.5, 7.25], "texture": "#0"}
			}
		},
		{
			"from": [11, 4, 8],
			"to": [12, 16, 9],
			"faces": {
				"north": {"uv": [4.75, 8, 5, 11], "texture": "#0"},
				"east": {"uv": [5, 8, 5.25, 11], "texture": "#0"},
				"south": {"uv": [5.25, 8, 5.5, 11], "texture": "#0"},
				"west": {"uv": [5.5, 8, 5.75, 11], "texture": "#0"},
				"up": {"uv": [7.5, 10.75, 7.25, 10.5], "texture": "#0"},
				"down": {"uv": [10.75, 7.25, 10.5, 7.5], "texture": "#0"}
			}
		},
		{
			"from": [10, 4, 9],
			"to": [11, 16, 10],
			"rotation": {"angle": 0, "axis": "y", "origin": [8.5, 12, 8.5]},
			"faces": {
				"north": {"uv": [5.75, 8, 6, 11], "texture": "#0"},
				"east": {"uv": [6, 8, 6.25, 11], "texture": "#0"},
				"south": {"uv": [8, 6, 8.25, 9], "texture": "#0"},
				"west": {"uv": [6.25, 8, 6.5, 11], "texture": "#0"},
				"up": {"uv": [7.75, 10.75, 7.5, 10.5], "texture": "#0"},
				"down": {"uv": [10.75, 7.5, 10.5, 7.75], "texture": "#0"}
			}
		},
		{
			"from": [9, 4, 10],
			"to": [10, 16, 11],
			"faces": {
				"north": {"uv": [8.25, 0, 8.5, 3], "texture": "#0"},
				"east": {"uv": [8.25, 3, 8.5, 6], "texture": "#0"},
				"south": {"uv": [8.25, 6, 8.5, 9], "texture": "#0"},
				"west": {"uv": [8.5, 0, 8.75, 3], "texture": "#0"},
				"up": {"uv": [8, 10.75, 7.75, 10.5], "texture": "#0"},
				"down": {"uv": [10.75, 7.75, 10.5, 8], "texture": "#0"}
			}
		},
		{
			"from": [7, 4, 10],
			"to": [8, 16, 11],
			"faces": {
				"north": {"uv": [1.25, 8.5, 1.5, 11.5], "texture": "#0"},
				"east": {"uv": [1.5, 8.5, 1.75, 11.5], "texture": "#0"},
				"south": {"uv": [1.75, 8.5, 2, 11.5], "texture": "#0"},
				"west": {"uv": [2, 8.5, 2.25, 11.5], "texture": "#0"},
				"up": {"uv": [8.25, 10.75, 8, 10.5], "texture": "#0"},
				"down": {"uv": [10.75, 8, 10.5, 8.25], "texture": "#0"}
			}
		},
		{
			"from": [6, 4, 9],
			"to": [7, 16, 10],
			"rotation": {"angle": 0, "axis": "y", "origin": [9.5, 12, 9]},
			"faces": {
				"north": {"uv": [2.25, 8.5, 2.5, 11.5], "texture": "#0"},
				"east": {"uv": [2.5, 8.5, 2.75, 11.5], "texture": "#0"},
				"south": {"uv": [2.75, 8.5, 3, 11.5], "texture": "#0"},
				"west": {"uv": [3, 8.5, 3.25, 11.5], "texture": "#0"},
				"up": {"uv": [8.5, 10.75, 8.25, 10.5], "texture": "#0"},
				"down": {"uv": [10.75, 8.25, 10.5, 8.5], "texture": "#0"}
			}
		},
		{
			"from": [6, 4, 7],
			"to": [7, 16, 8],
			"rotation": {"angle": 0, "axis": "y", "origin": [9.5, 12, 9]},
			"faces": {
				"north": {"uv": [8.5, 3, 8.75, 6], "texture": "#0"},
				"east": {"uv": [3.25, 8.5, 3.5, 11.5], "texture": "#0"},
				"south": {"uv": [3.5, 8.5, 3.75, 11.5], "texture": "#0"},
				"west": {"uv": [3.75, 8.5, 4, 11.5], "texture": "#0"},
				"up": {"uv": [8.75, 10.75, 8.5, 10.5], "texture": "#0"},
				"down": {"uv": [10.75, 8.5, 10.5, 8.75], "texture": "#0"}
			}
		},
		{
			"from": [5, 4, 8],
			"to": [6, 16, 9],
			"rotation": {"angle": 0, "axis": "y", "origin": [9.5, 12, 9]},
			"faces": {
				"north": {"uv": [4, 8.5, 4.25, 11.5], "texture": "#0"},
				"east": {"uv": [4.25, 8.5, 4.5, 11.5], "texture": "#0"},
				"south": {"uv": [4.5, 8.5, 4.75, 11.5], "texture": "#0"},
				"west": {"uv": [8.5, 6, 8.75, 9], "texture": "#0"},
				"up": {"uv": [9, 10.75, 8.75, 10.5], "texture": "#0"},
				"down": {"uv": [10.75, 8.75, 10.5, 9], "texture": "#0"}
			}
		},
		{
			"from": [7, 7, 5],
			"to": [8, 13, 6],
			"rotation": {"angle": 0, "axis": "y", "origin": [9.5, 12, 9]},
			"faces": {
				"north": {"uv": [8.75, 0, 9, 1.5], "texture": "#0"},
				"east": {"uv": [8.75, 1.5, 9, 3], "texture": "#0"},
				"south": {"uv": [8.75, 3, 9, 4.5], "texture": "#0"},
				"west": {"uv": [8.75, 4.5, 9, 6], "texture": "#0"},
				"up": {"uv": [9.25, 10.75, 9, 10.5], "texture": "#0"},
				"down": {"uv": [10.75, 9, 10.5, 9.25], "texture": "#0"}
			}
		},
		{
			"from": [8, 7, 4],
			"to": [9, 13, 5],
			"rotation": {"angle": 0, "axis": "y", "origin": [9.5, 12, 9]},
			"faces": {
				"north": {"uv": [8.75, 6, 9, 7.5], "texture": "#0"},
				"east": {"uv": [8.75, 7.5, 9, 9], "texture": "#0"},
				"south": {"uv": [0, 9, 0.25, 10.5], "texture": "#0"},
				"west": {"uv": [9, 0, 9.25, 1.5], "texture": "#0"},
				"up": {"uv": [9.5, 10.75, 9.25, 10.5], "texture": "#0"},
				"down": {"uv": [10.75, 9.25, 10.5, 9.5], "texture": "#0"}
			}
		},
		{
			"from": [9, 7, 5],
			"to": [10, 13, 6],
			"rotation": {"angle": 0, "axis": "y", "origin": [8.5, 12, 8.5]},
			"faces": {
				"north": {"uv": [0.25, 9, 0.5, 10.5], "texture": "#0"},
				"east": {"uv": [0.5, 9, 0.75, 10.5], "texture": "#0"},
				"south": {"uv": [0.75, 9, 1, 10.5], "texture": "#0"},
				"west": {"uv": [1, 9, 1.25, 10.5], "texture": "#0"},
				"up": {"uv": [9.75, 10.75, 9.5, 10.5], "texture": "#0"},
				"down": {"uv": [10.75, 9.5, 10.5, 9.75], "texture": "#0"}
			}
		},
		{
			"from": [10, 7, 6],
			"to": [11, 13, 7],
			"faces": {
				"north": {"uv": [9, 1.5, 9.25, 3], "texture": "#0"},
				"east": {"uv": [9, 3, 9.25, 4.5], "texture": "#0"},
				"south": {"uv": [9, 4.5, 9.25, 6], "texture": "#0"},
				"west": {"uv": [9, 6, 9.25, 7.5], "texture": "#0"},
				"up": {"uv": [10, 10.75, 9.75, 10.5], "texture": "#0"},
				"down": {"uv": [10.75, 9.75, 10.5, 10], "texture": "#0"}
			}
		},
		{
			"from": [9, 7, 11],
			"to": [10, 13, 12],
			"rotation": {"angle": 0, "axis": "y", "origin": [8.5, 12, 8.5]},
			"faces": {
				"north": {"uv": [6.5, 9, 6.75, 10.5], "texture": "#0"},
				"east": {"uv": [6.75, 9, 7, 10.5], "texture": "#0"},
				"south": {"uv": [7, 9, 7.25, 10.5], "texture": "#0"},
				"west": {"uv": [7.25, 9, 7.5, 10.5], "texture": "#0"},
				"up": {"uv": [10.25, 10.75, 10, 10.5], "texture": "#0"},
				"down": {"uv": [10.75, 10, 10.5, 10.25], "texture": "#0"}
			}
		},
		{
			"from": [8, 7, 12],
			"to": [9, 13, 13],
			"faces": {
				"north": {"uv": [7.5, 9, 7.75, 10.5], "texture": "#0"},
				"east": {"uv": [9, 7.5, 9.25, 9], "texture": "#0"},
				"south": {"uv": [7.75, 9, 8, 10.5], "texture": "#0"},
				"west": {"uv": [8, 9, 8.25, 10.5], "texture": "#0"},
				"up": {"uv": [10.5, 10.75, 10.25, 10.5], "texture": "#0"},
				"down": {"uv": [10.75, 10.25, 10.5, 10.5], "texture": "#0"}
			}
		},
		{
			"from": [7, 7, 11],
			"to": [8, 13, 12],
			"rotation": {"angle": 0, "axis": "y", "origin": [9.5, 12, 9]},
			"faces": {
				"north": {"uv": [8.25, 9, 8.5, 10.5], "texture": "#0"},
				"east": {"uv": [8.5, 9, 8.75, 10.5], "texture": "#0"},
				"south": {"uv": [8.75, 9, 9, 10.5], "texture": "#0"},
				"west": {"uv": [9, 9, 9.25, 10.5], "texture": "#0"},
				"up": {"uv": [10.75, 10.75, 10.5, 10.5], "texture": "#0"},
				"down": {"uv": [11, 0, 10.75, 0.25], "texture": "#0"}
			}
		},
		{
			"from": [6, 7, 10],
			"to": [7, 13, 11],
			"faces": {
				"north": {"uv": [9.25, 0, 9.5, 1.5], "texture": "#0"},
				"east": {"uv": [9.25, 1.5, 9.5, 3], "texture": "#0"},
				"south": {"uv": [9.25, 3, 9.5, 4.5], "texture": "#0"},
				"west": {"uv": [9.25, 4.5, 9.5, 6], "texture": "#0"},
				"up": {"uv": [0.5, 11, 0.25, 10.75], "texture": "#0"},
				"down": {"uv": [11, 0.25, 10.75, 0.5], "texture": "#0"}
			}
		},
		{
			"from": [5, 7, 9],
			"to": [6, 13, 10],
			"rotation": {"angle": 0, "axis": "y", "origin": [9.5, 12, 9]},
			"faces": {
				"north": {"uv": [9.25, 6, 9.5, 7.5], "texture": "#0"},
				"east": {"uv": [9.25, 7.5, 9.5, 9], "texture": "#0"},
				"south": {"uv": [9.25, 9, 9.5, 10.5], "texture": "#0"},
				"west": {"uv": [9.5, 0, 9.75, 1.5], "texture": "#0"},
				"up": {"uv": [0.75, 11, 0.5, 10.75], "texture": "#0"},
				"down": {"uv": [11, 0.5, 10.75, 0.75], "texture": "#0"}
			}
		},
		{
			"from": [4, 7, 8],
			"to": [5, 13, 9],
			"rotation": {"angle": 0, "axis": "y", "origin": [9.5, 12, 9]},
			"faces": {
				"north": {"uv": [9.5, 1.5, 9.75, 3], "texture": "#0"},
				"east": {"uv": [9.5, 3, 9.75, 4.5], "texture": "#0"},
				"south": {"uv": [9.5, 4.5, 9.75, 6], "texture": "#0"},
				"west": {"uv": [9.5, 6, 9.75, 7.5], "texture": "#0"},
				"up": {"uv": [1, 11, 0.75, 10.75], "texture": "#0"},
				"down": {"uv": [11, 0.75, 10.75, 1], "texture": "#0"}
			}
		},
		{
			"from": [5, 7, 7],
			"to": [6, 13, 8],
			"rotation": {"angle": 0, "axis": "y", "origin": [9.5, 12, 9]},
			"faces": {
				"north": {"uv": [9.5, 7.5, 9.75, 9], "texture": "#0"},
				"east": {"uv": [9.5, 9, 9.75, 10.5], "texture": "#0"},
				"south": {"uv": [9.75, 0, 10, 1.5], "texture": "#0"},
				"west": {"uv": [9.75, 1.5, 10, 3], "texture": "#0"},
				"up": {"uv": [1.25, 11, 1, 10.75], "texture": "#0"},
				"down": {"uv": [11, 1, 10.75, 1.25], "texture": "#0"}
			}
		},
		{
			"from": [6, 7, 6],
			"to": [7, 13, 7],
			"rotation": {"angle": 0, "axis": "y", "origin": [9.5, 12, 9]},
			"faces": {
				"north": {"uv": [9.75, 3, 10, 4.5], "texture": "#0"},
				"east": {"uv": [9.75, 4.5, 10, 6], "texture": "#0"},
				"south": {"uv": [9.75, 6, 10, 7.5], "texture": "#0"},
				"west": {"uv": [9.75, 7.5, 10, 9], "texture": "#0"},
				"up": {"uv": [11, 1.5, 10.75, 1.25], "texture": "#0"},
				"down": {"uv": [11, 1.5, 10.75, 1.75], "texture": "#0"}
			}
		},
		{
			"from": [10, 7, 10],
			"to": [11, 13, 11],
			"faces": {
				"north": {"uv": [9.75, 9, 10, 10.5], "texture": "#0"},
				"east": {"uv": [10, 0, 10.25, 1.5], "texture": "#0"},
				"south": {"uv": [10, 1.5, 10.25, 3], "texture": "#0"},
				"west": {"uv": [10, 3, 10.25, 4.5], "texture": "#0"},
				"up": {"uv": [11, 2, 10.75, 1.75], "texture": "#0"},
				"down": {"uv": [11, 2, 10.75, 2.25], "texture": "#0"}
			}
		},
		{
			"from": [11, 7, 9],
			"to": [12, 13, 10],
			"faces": {
				"north": {"uv": [10, 4.5, 10.25, 6], "texture": "#0"},
				"east": {"uv": [10, 6, 10.25, 7.5], "texture": "#0"},
				"south": {"uv": [10, 7.5, 10.25, 9], "texture": "#0"},
				"west": {"uv": [10, 9, 10.25, 10.5], "texture": "#0"},
				"up": {"uv": [11, 2.5, 10.75, 2.25], "texture": "#0"},
				"down": {"uv": [11, 2.5, 10.75, 2.75], "texture": "#0"}
			}
		},
		{
			"from": [11, 7, 7],
			"to": [12, 13, 8],
			"faces": {
				"north": {"uv": [10.25, 0, 10.5, 1.5], "texture": "#0"},
				"east": {"uv": [10.25, 1.5, 10.5, 3], "texture": "#0"},
				"south": {"uv": [10.25, 3, 10.5, 4.5], "texture": "#0"},
				"west": {"uv": [10.25, 4.5, 10.5, 6], "texture": "#0"},
				"up": {"uv": [11, 3, 10.75, 2.75], "texture": "#0"},
				"down": {"uv": [11, 3, 10.75, 3.25], "texture": "#0"}
			}
		},
		{
			"from": [12, 7, 8],
			"to": [13, 13, 9],
			"faces": {
				"north": {"uv": [10.25, 6, 10.5, 7.5], "texture": "#0"},
				"east": {"uv": [10.25, 7.5, 10.5, 9], "texture": "#0"},
				"south": {"uv": [10.25, 9, 10.5, 10.5], "texture": "#0"},
				"west": {"uv": [0, 10.5, 0.25, 12], "texture": "#0"},
				"up": {"uv": [11, 3.5, 10.75, 3.25], "texture": "#0"},
				"down": {"uv": [11, 3.5, 10.75, 3.75], "texture": "#0"}
			}
		}
	],
	"display": {
		"thirdperson_righthand": {
			"rotation": [30, 0, 0],
			"translation": [0, 1, -0.25],
			"scale": [0.3, 0.3, 0.3]
		},
		"thirdperson_lefthand": {
			"rotation": [30, 0, 0],
			"translation": [0, 1, -0.25],
			"scale": [0.3, 0.3, 0.3]
		},
		"firstperson_righthand": {
			"translation": [3.5, 0, 0],
			"scale": [0.5, 0.5, 0.5]
		},
		"firstperson_lefthand": {
			"rotation": [0, 180, 0],
			"translation": [3.5, 0, 0],
			"scale": [0.5, 0.5, 0.5]
		},
		"ground": {
			"rotation": [0, 0, -45],
			"scale": [0.5, 0.5, 0.5]
		},
		"gui": {
			"rotation": [45, 35, -45],
			"translation": [-1, -1, 0],
			"scale": [0.75, 0.75, 0.75]
		},
		"head": {
			"translation": [0, 20, 0]
		},
		"fixed": {
			"rotation": [0, -90, 0],
			"translation": [0, -2, 0],
			"scale": [0.75, 0.75, 0.75]
		}
	}
}