{
	"credit": "Made with Blockbench",
	"texture_size": [64, 64],
	"textures": {
		"2": "deskovky:item/bila-figurka",
		"particle": "deskovky:item/bila-figurka"
	},
	"elements": [
		{
			"from": [6, 7, 6],
			"to": [10, 19, 10],
			"faces": {
				"north": {"uv": [4.5, 0, 5.5, 3], "texture": "#2"},
				"east": {"uv": [0, 5, 1, 8], "texture": "#2"},
				"south": {"uv": [1, 5, 2, 8], "texture": "#2"},
				"west": {"uv": [5.5, 0, 6.5, 3], "texture": "#2"},
				"up": {"uv": [4.75, 9, 3.75, 8], "texture": "#2"},
				"down": {"uv": [9, 4.25, 8, 5.25], "texture": "#2"}
			}
		},
		{
			"from": [4, 3, 4],
			"to": [12, 7, 12],
			"faces": {
				"north": {"uv": [6, 4.5, 8, 5.5], "texture": "#2"},
				"east": {"uv": [6.5, 0, 8.5, 1], "texture": "#2"},
				"south": {"uv": [6.5, 1, 8.5, 2], "texture": "#2"},
				"west": {"uv": [6.5, 2, 8.5, 3], "texture": "#2"},
				"up": {"uv": [4.5, 2, 2.5, 0], "texture": "#2"},
				"down": {"uv": [4.5, 2, 2.5, 4], "texture": "#2"}
			}
		},
		{
			"from": [3, 0, 3],
			"to": [13, 3, 13],
			"faces": {
				"north": {"uv": [2, 7.25, 4.5, 8], "texture": "#2"},
				"east": {"uv": [4.5, 7.25, 7, 8], "texture": "#2"},
				"south": {"uv": [7.25, 5.5, 9.75, 6.25], "texture": "#2"},
				"west": {"uv": [7.25, 6.25, 9.75, 7], "texture": "#2"},
				"up": {"uv": [2.5, 2.5, 0, 0], "texture": "#2"},
				"down": {"uv": [2.5, 2.5, 0, 5], "texture": "#2"}
			}
		},
		{
			"from": [4.5, 19, 4.5],
			"to": [11.5, 25, 11.5],
			"faces": {
				"north": {"uv": [2, 5.75, 3.75, 7.25], "texture": "#2"},
				"east": {"uv": [3.75, 5.75, 5.5, 7.25], "texture": "#2"},
				"south": {"uv": [5.5, 5.75, 7.25, 7.25], "texture": "#2"},
				"west": {"uv": [6, 3, 7.75, 4.5], "texture": "#2"},
				"up": {"uv": [4.25, 5.75, 2.5, 4], "texture": "#2"},
				"down": {"uv": [6, 4, 4.25, 5.75], "texture": "#2"}
			}
		},
		{
			"from": [5.5, 25, 5.5],
			"to": [10.5, 29, 10.5],
			"rotation": {"angle": 0, "axis": "y", "origin": [8, 27, 8]},
			"faces": {
				"north": {"uv": [4.5, 3, 5.75, 4], "texture": "#2"},
				"east": {"uv": [0, 8, 1.25, 9], "texture": "#2"},
				"south": {"uv": [1.25, 8, 2.5, 9], "texture": "#2"},
				"west": {"uv": [2.5, 8, 3.75, 9], "texture": "#2"},
				"up": {"uv": [8.25, 8.5, 7, 7.25], "texture": "#2"},
				"down": {"uv": [9, 3, 7.75, 4.25], "texture": "#2"}
			}
		},
		{
			"from": [7.35858, 29.07574, 7.3],
			"to": [8.85858, 30.57574, 8.8],
			"rotation": {"angle": -45, "axis": "z", "origin": [8.10858, 29.82574, 8.05]},
			"faces": {
				"north": {"uv": [2, 5, 2.5, 5.5], "texture": "#2"},
				"east": {"uv": [4.75, 8, 5.25, 8.5], "texture": "#2"},
				"south": {"uv": [5.25, 8, 5.75, 8.5], "texture": "#2"},
				"west": {"uv": [5.75, 8, 6.25, 8.5], "texture": "#2"},
				"up": {"uv": [6.75, 8.5, 6.25, 8], "texture": "#2"},
				"down": {"uv": [8.75, 7, 8.25, 7.5], "texture": "#2"}
			}
		}
	],
	"display": {
		"thirdperson_righthand": {
			"rotation": [45, 90, 0],
			"translation": [0, 1, 1.75],
			"scale": [0.3, 0.3, 0.3]
		},
		"thirdperson_lefthand": {
			"rotation": [45, 90, 0],
			"translation": [0, 1, 1.75],
			"scale": [0.3, 0.3, 0.3]
		},
		"firstperson_righthand": {
			"rotation": [-12, 90, 0],
			"translation": [1, 3.25, 2],
			"scale": [0.3, 0.3, 0.3]
		},
		"firstperson_lefthand": {
			"rotation": [-12, 90, 0],
			"translation": [1, 3.25, 2],
			"scale": [0.3, 0.3, 0.3]
		},
		"ground": {
			"translation": [0, -1.5, 0],
			"scale": [0.3, 0.3, 0.3]
		},
		"gui": {
			"rotation": [20, -45, 0],
			"translation": [0, -2.5, 0],
			"scale": [0.45, 0.45, 0.45]
		},
		"head": {
			"rotation": [0, 90, 0],
			"translation": [0, 15, 0]
		},
		"fixed": {
			"rotation": [-90, 0, 0],
			"translation": [0, 0, -8]
		}
	}
}