{
	"credit": "Made with Blockbench",
	"texture_size": [64, 64],
	"textures": {
		"0": "deskovky:item/cerna-figurka",
		"particle": "deskovky:item/cerna-figurka"
	},
	"elements": [
		{
			"from": [3, 0, 3],
			"to": [13, 3, 13],
			"faces": {
				"north": {"uv": [6, 4.75, 8.5, 5.5], "texture": "#0"},
				"east": {"uv": [6.25, 2, 8.75, 2.75], "texture": "#0"},
				"south": {"uv": [6.25, 2.75, 8.75, 3.5], "texture": "#0"},
				"west": {"uv": [3, 6.75, 5.5, 7.5], "texture": "#0"},
				"up": {"uv": [2.5, 2.5, 0, 0], "texture": "#0"},
				"down": {"uv": [2.5, 2.5, 0, 5], "texture": "#0"}
			}
		},
		{
			"from": [4, 3, 4],
			"to": [12, 7, 12],
			"faces": {
				"north": {"uv": [1.75, 5.75, 3.75, 6.75], "texture": "#0"},
				"east": {"uv": [3.75, 5.75, 5.75, 6.75], "texture": "#0"},
				"south": {"uv": [5.75, 5.75, 7.75, 6.75], "texture": "#0"},
				"west": {"uv": [6, 3.75, 8, 4.75], "texture": "#0"},
				"up": {"uv": [4.5, 2, 2.5, 0], "texture": "#0"},
				"down": {"uv": [4.5, 2, 2.5, 4], "texture": "#0"}
			}
		},
		{
			"from": [6, 7, 6],
			"to": [10, 15, 10],
			"faces": {
				"north": {"uv": [0, 6.25, 1, 8.25], "texture": "#0"},
				"east": {"uv": [6.25, 0, 7.25, 2], "texture": "#0"},
				"south": {"uv": [1, 6.75, 2, 8.75], "texture": "#0"},
				"west": {"uv": [2, 6.75, 3, 8.75], "texture": "#0"},
				"up": {"uv": [6.5, 7.75, 5.5, 6.75], "texture": "#0"},
				"down": {"uv": [7.5, 6.75, 6.5, 7.75], "texture": "#0"}
			}
		},
		{
			"from": [4.5, 15, 4.5],
			"to": [11.5, 20, 11.5],
			"faces": {
				"north": {"uv": [4.5, 0, 6.25, 1.25], "texture": "#0"},
				"east": {"uv": [4.5, 1.25, 6.25, 2.5], "texture": "#0"},
				"south": {"uv": [4.5, 2.5, 6.25, 3.75], "texture": "#0"},
				"west": {"uv": [0, 5, 1.75, 6.25], "texture": "#0"},
				"up": {"uv": [4.25, 5.75, 2.5, 4], "texture": "#0"},
				"down": {"uv": [6, 4, 4.25, 5.75], "texture": "#0"}
			}
		},
		{
			"from": [11, 20, 9.5],
			"to": [11.5, 21.5, 11],
			"faces": {
				"north": {"uv": [2.25, 5, 2.5, 5.5], "texture": "#0"},
				"east": {"uv": [1.5, 6.25, 1.75, 6.75], "texture": "#0"},
				"south": {"uv": [7.75, 6, 8, 6.5], "texture": "#0"},
				"west": {"uv": [6.5, 7.75, 6.75, 8.25], "texture": "#0"},
				"up": {"uv": [2.5, 5.75, 2.25, 5.5], "texture": "#0"},
				"down": {"uv": [7.75, 5.5, 7.5, 5.75], "texture": "#0"}
			}
		},
		{
			"from": [9.5, 20, 11],
			"to": [11.5, 21.5, 11.5],
			"faces": {
				"north": {"uv": [1.75, 5, 2.25, 5.5], "texture": "#0"},
				"east": {"uv": [6.75, 7.75, 7, 8.25], "texture": "#0"},
				"south": {"uv": [1, 6.25, 1.5, 6.75], "texture": "#0"},
				"west": {"uv": [7, 7.75, 7.25, 8.25], "texture": "#0"},
				"up": {"uv": [5, 4, 4.5, 3.75], "texture": "#0"},
				"down": {"uv": [5.5, 3.75, 5, 4], "texture": "#0"}
			}
		},
		{
			"from": [5, 20, 11],
			"to": [6.5, 21.5, 11.5],
			"faces": {
				"north": {"uv": [7.25, 0, 7.75, 0.5], "texture": "#0"},
				"east": {"uv": [7.25, 7.75, 7.5, 8.25], "texture": "#0"},
				"south": {"uv": [7.25, 0.5, 7.75, 1], "texture": "#0"},
				"west": {"uv": [7.5, 7.75, 7.75, 8.25], "texture": "#0"},
				"up": {"uv": [2.25, 5.75, 1.75, 5.5], "texture": "#0"},
				"down": {"uv": [6, 3.75, 5.5, 4], "texture": "#0"}
			}
		},
		{
			"from": [7, 20, 11],
			"to": [9, 21.5, 11.5],
			"faces": {
				"north": {"uv": [7.25, 1, 7.75, 1.5], "texture": "#0"},
				"east": {"uv": [7.75, 7.75, 8, 8.25], "texture": "#0"},
				"south": {"uv": [7.25, 1.5, 7.75, 2], "texture": "#0"},
				"west": {"uv": [3, 8, 3.25, 8.5], "texture": "#0"},
				"up": {"uv": [6.5, 5.75, 6, 5.5], "texture": "#0"},
				"down": {"uv": [6.75, 3.5, 6.25, 3.75], "texture": "#0"}
			}
		},
		{
			"from": [11, 20, 4.5],
			"to": [11.5, 21.5, 6.5],
			"faces": {
				"north": {"uv": [3.25, 8, 3.5, 8.5], "texture": "#0"},
				"east": {"uv": [3, 7.5, 3.5, 8], "texture": "#0"},
				"south": {"uv": [3.5, 8, 3.75, 8.5], "texture": "#0"},
				"west": {"uv": [3.5, 7.5, 4, 8], "texture": "#0"},
				"up": {"uv": [8.25, 4, 8, 3.5], "texture": "#0"},
				"down": {"uv": [4, 8, 3.75, 8.5], "texture": "#0"}
			}
		},
		{
			"from": [11, 20, 7],
			"to": [11.5, 21.5, 9],
			"faces": {
				"north": {"uv": [4, 8, 4.25, 8.5], "texture": "#0"},
				"east": {"uv": [4, 7.5, 4.5, 8], "texture": "#0"},
				"south": {"uv": [8, 4, 8.25, 4.5], "texture": "#0"},
				"west": {"uv": [4.5, 7.5, 5, 8], "texture": "#0"},
				"up": {"uv": [4.5, 8.5, 4.25, 8], "texture": "#0"},
				"down": {"uv": [4.75, 8, 4.5, 8.5], "texture": "#0"}
			}
		},
		{
			"from": [9.5, 20, 4.5],
			"to": [11, 21.5, 5],
			"faces": {
				"north": {"uv": [5, 7.5, 5.5, 8], "texture": "#0"},
				"east": {"uv": [4.75, 8, 5, 8.5], "texture": "#0"},
				"south": {"uv": [7.5, 6.75, 8, 7.25], "texture": "#0"},
				"west": {"uv": [5, 8, 5.25, 8.5], "texture": "#0"},
				"up": {"uv": [7, 5.75, 6.5, 5.5], "texture": "#0"},
				"down": {"uv": [7.25, 3.5, 6.75, 3.75], "texture": "#0"}
			}
		},
		{
			"from": [7, 20, 4.5],
			"to": [9, 21.5, 5],
			"faces": {
				"north": {"uv": [7.5, 7.25, 8, 7.75], "texture": "#0"},
				"east": {"uv": [5.25, 8, 5.5, 8.5], "texture": "#0"},
				"south": {"uv": [7.75, 0, 8.25, 0.5], "texture": "#0"},
				"west": {"uv": [8, 6, 8.25, 6.5], "texture": "#0"},
				"up": {"uv": [7.5, 5.75, 7, 5.5], "texture": "#0"},
				"down": {"uv": [7.75, 3.5, 7.25, 3.75], "texture": "#0"}
			}
		},
		{
			"from": [4.5, 20, 4.5],
			"to": [6.5, 21.5, 5],
			"faces": {
				"north": {"uv": [7.75, 0.5, 8.25, 1], "texture": "#0"},
				"east": {"uv": [8, 6.5, 8.25, 7], "texture": "#0"},
				"south": {"uv": [7.75, 1, 8.25, 1.5], "texture": "#0"},
				"west": {"uv": [8, 7, 8.25, 7.5], "texture": "#0"},
				"up": {"uv": [8.5, 4.75, 8, 4.5], "texture": "#0"},
				"down": {"uv": [8.5, 7.5, 8, 7.75], "texture": "#0"}
			}
		},
		{
			"from": [4.5, 20, 5],
			"to": [5, 21.5, 6.5],
			"faces": {
				"north": {"uv": [8, 7.75, 8.25, 8.25], "texture": "#0"},
				"east": {"uv": [0, 8.25, 0.25, 8.75], "texture": "#0"},
				"south": {"uv": [8.25, 0, 8.5, 0.5], "texture": "#0"},
				"west": {"uv": [0.25, 8.25, 0.5, 8.75], "texture": "#0"},
				"up": {"uv": [8, 3.75, 7.75, 3.5], "texture": "#0"},
				"down": {"uv": [8, 6.5, 7.75, 6.75], "texture": "#0"}
			}
		},
		{
			"from": [4.5, 20, 7],
			"to": [5, 21.5, 9],
			"faces": {
				"north": {"uv": [0.5, 8.25, 0.75, 8.75], "texture": "#0"},
				"east": {"uv": [7.75, 1.5, 8.25, 2], "texture": "#0"},
				"south": {"uv": [8.25, 0.5, 8.5, 1], "texture": "#0"},
				"west": {"uv": [5.5, 7.75, 6, 8.25], "texture": "#0"},
				"up": {"uv": [1, 8.75, 0.75, 8.25], "texture": "#0"},
				"down": {"uv": [8.5, 1, 8.25, 1.5], "texture": "#0"}
			}
		},
		{
			"from": [4.5, 20, 9.5],
			"to": [5, 21.5, 11.5],
			"faces": {
				"north": {"uv": [8.25, 1.5, 8.5, 2], "texture": "#0"},
				"east": {"uv": [7.75, 5.5, 8.25, 6], "texture": "#0"},
				"south": {"uv": [8.25, 3.5, 8.5, 4], "texture": "#0"},
				"west": {"uv": [6, 7.75, 6.5, 8.25], "texture": "#0"},
				"up": {"uv": [8.5, 4.5, 8.25, 4], "texture": "#0"},
				"down": {"uv": [5.75, 8.25, 5.5, 8.75], "texture": "#0"}
			}
		}
	],
	"display": {
		"thirdperson_righthand": {
			"rotation": [45, 90, 0],
			"translation": [0, 1, 1.75],
			"scale": [0.3, 0.3, 0.3]
		},
		"thirdperson_lefthand": {
			"rotation": [45, 90, 0],
			"translation": [0, 1, 1.75],
			"scale": [0.3, 0.3, 0.3]
		},
		"firstperson_righthand": {
			"rotation": [-12, 90, 0],
			"translation": [1, 3, 2],
			"scale": [0.3, 0.3, 0.3]
		},
		"firstperson_lefthand": {
			"rotation": [-12, 90, 0],
			"translation": [1, 3, 2],
			"scale": [0.3, 0.3, 0.3]
		},
		"ground": {
			"translation": [0, -1.5, 0],
			"scale": [0.3, 0.3, 0.3]
		},
		"gui": {
			"rotation": [20, -45, 0],
			"translation": [0, -1.5, 0],
			"scale": [0.5, 0.5, 0.5]
		},
		"head": {
			"rotation": [0, 90, 0],
			"translation": [0, 15, 0]
		},
		"fixed": {
			"rotation": [-90, 0, 0],
			"translation": [0, 0, -8]
		}
	}
}