{
	"credit": "Made with Blockbench",
	"texture_size": [128, 128],
	"textures": {
		"2": "bedny:item/bednaJirka",
		"particle": "bedny:item/bednaJirka"
	},
	"elements": [
		{
			"from": [0, 1.1, 2],
			"to": [16, 9.1, 14],
			"rotation": {"angle": 0, "axis": "y", "origin": [7, 3.1, 7]},
			"faces": {
				"north": {"uv": [2.25, 3, 4.25, 4], "texture": "#2"},
				"east": {"uv": [4.25, 0, 5.75, 1], "texture": "#2"},
				"south": {"uv": [0, 3.5, 2, 4.5], "texture": "#2"},
				"west": {"uv": [4.25, 1, 5.75, 2], "texture": "#2"},
				"up": {"uv": [4.25, 1.5, 2.25, 0], "texture": "#2"},
				"down": {"uv": [4.25, 1.5, 2.25, 3], "texture": "#2"}
			}
		},
		{
			"from": [3.1, 9.1, 2],
			"to": [12.85, 14.625, 14],
			"rotation": {"angle": 0, "axis": "y", "origin": [8, 9.1, 14]},
			"faces": {
				"north": {"uv": [4.875, 6.25, 6.125, 6.9375], "texture": "#2"},
				"east": {"uv": [0, 6.25, 1.5, 6.9375], "texture": "#2"},
				"south": {"uv": [6.125, 6.25, 7.375, 6.9375], "texture": "#2"},
				"west": {"uv": [1.5, 6.25, 3, 6.9375], "texture": "#2"},
				"up": {"uv": [3.25, 5.5, 2, 4], "texture": "#2"},
				"down": {"uv": [4.5, 4, 3.25, 5.5], "texture": "#2"}
			}
		},
		{
			"from": [0, 7.1, 2.025],
			"to": [5, 12.975, 13.975],
			"rotation": {"angle": 22.5, "axis": "z", "origin": [0, 9.1, 8]},
			"faces": {
				"north": {"uv": [0.875, 4.5, 1.5, 5.25], "texture": "#2"},
				"east": {"uv": [4.125, 5.5, 5.625, 6.25], "texture": "#2"},
				"south": {"uv": [6.875, 2, 7.5, 2.75], "texture": "#2"},
				"west": {"uv": [5.625, 5.5, 7.125, 6.25], "texture": "#2"},
				"up": {"uv": [3.625, 7.75, 3, 6.25], "texture": "#2"},
				"down": {"uv": [4.25, 6.25, 3.625, 7.75], "texture": "#2"}
			}
		},
		{
			"from": [11, 7.1, 2.025],
			"to": [16, 12.975, 13.975],
			"rotation": {"angle": -22.5, "axis": "z", "origin": [16, 9.1, 8]},
			"faces": {
				"north": {"uv": [6.875, 2.75, 7.5, 3.5], "texture": "#2"},
				"east": {"uv": [5.75, 0, 7.25, 0.75], "texture": "#2"},
				"south": {"uv": [6.875, 3.5, 7.5, 4.25], "texture": "#2"},
				"west": {"uv": [5.75, 0.75, 7.25, 1.5], "texture": "#2"},
				"up": {"uv": [6.875, 5.25, 6.25, 3.75], "texture": "#2"},
				"down": {"uv": [4.875, 6.25, 4.25, 7.75], "texture": "#2"}
			}
		},
		{
			"from": [-0.5, 0.875, 3.2],
			"to": [1.5, 2.775, 12.8],
			"rotation": {"angle": 0, "axis": "y", "origin": [1.5, 1.075, 14.5]},
			"faces": {
				"north": {"uv": [8.875, 5.125, 9.125, 5.375], "texture": "#2"},
				"east": {"uv": [6.125, 7.25, 7.3125, 7.5], "texture": "#2"},
				"south": {"uv": [8.875, 5.375, 9.125, 5.625], "texture": "#2"},
				"west": {"uv": [7.375, 6.25, 8.5625, 6.5], "texture": "#2"},
				"up": {"uv": [7.625, 8.4375, 7.375, 7.25], "texture": "#2"},
				"down": {"uv": [7.75, 2, 7.5, 3.1875], "texture": "#2"}
			}
		},
		{
			"from": [14.5, 0.875, 3.2],
			"to": [16.5, 2.775, 12.8],
			"rotation": {"angle": 0, "axis": "y", "origin": [14.5, 1.075, 14.5]},
			"faces": {
				"north": {"uv": [8.875, 4.625, 9.125, 4.875], "texture": "#2"},
				"east": {"uv": [7.25, 1.25, 8.4375, 1.5], "texture": "#2"},
				"south": {"uv": [8.875, 4.875, 9.125, 5.125], "texture": "#2"},
				"west": {"uv": [4.875, 7.25, 6.0625, 7.5], "texture": "#2"},
				"up": {"uv": [1.5, 8.4375, 1.25, 7.25], "texture": "#2"},
				"down": {"uv": [1.75, 7.25, 1.5, 8.4375], "texture": "#2"}
			}
		},
		{
			"from": [14.8, 0.8, 12.8],
			"to": [16.5, 9, 14.5],
			"rotation": {"angle": 0, "axis": "y", "origin": [14.5, 1, 14.5]},
			"faces": {
				"north": {"uv": [8.25, 1.5, 8.4375, 2.5], "texture": "#2"},
				"east": {"uv": [7.625, 8.25, 7.8125, 9.25], "texture": "#2"},
				"south": {"uv": [7.875, 8.25, 8.0625, 9.25], "texture": "#2"},
				"west": {"uv": [8.125, 8.25, 8.3125, 9.25], "texture": "#2"},
				"up": {"uv": [6.4375, 9.3125, 6.25, 9.125], "texture": "#2"},
				"down": {"uv": [9.3125, 6.375, 9.125, 6.5625], "texture": "#2"}
			}
		},
		{
			"from": [-0.5, 0.8, 12.8],
			"to": [1.2, 9, 14.5],
			"rotation": {"angle": 0, "axis": "y", "origin": [1.5, 1, 14.5]},
			"faces": {
				"north": {"uv": [4.5, 7.75, 4.6875, 8.75], "texture": "#2"},
				"east": {"uv": [7.875, 7.25, 8.0625, 8.25], "texture": "#2"},
				"south": {"uv": [8, 1.5, 8.1875, 2.5], "texture": "#2"},
				"west": {"uv": [8.125, 7.25, 8.3125, 8.25], "texture": "#2"},
				"up": {"uv": [6.1875, 9.3125, 6, 9.125], "texture": "#2"},
				"down": {"uv": [9.3125, 6.125, 9.125, 6.3125], "texture": "#2"}
			}
		},
		{
			"from": [-0.5, 0.8, 1.5],
			"to": [1.2, 9, 3.2],
			"rotation": {"angle": 0, "axis": "y", "origin": [1.5, 1, 1.5]},
			"faces": {
				"north": {"uv": [3.5, 7.75, 3.6875, 8.75], "texture": "#2"},
				"east": {"uv": [3.75, 7.75, 3.9375, 8.75], "texture": "#2"},
				"south": {"uv": [4, 7.75, 4.1875, 8.75], "texture": "#2"},
				"west": {"uv": [4.25, 7.75, 4.4375, 8.75], "texture": "#2"},
				"up": {"uv": [9.3125, 5.8125, 9.125, 5.625], "texture": "#2"},
				"down": {"uv": [9.3125, 5.875, 9.125, 6.0625], "texture": "#2"}
			}
		},
		{
			"from": [1.2, 0.875, 12.5],
			"to": [14.8, 2.775, 14.5],
			"rotation": {"angle": 0, "axis": "y", "origin": [14.5, 1.075, 14.5]},
			"faces": {
				"north": {"uv": [4.875, 7, 6.5625, 7.25], "texture": "#2"},
				"east": {"uv": [1.125, 5.25, 1.375, 5.5], "texture": "#2"},
				"south": {"uv": [6.625, 7, 8.3125, 7.25], "texture": "#2"},
				"west": {"uv": [7.75, 3, 8, 3.25], "texture": "#2"},
				"up": {"uv": [8.8125, 5.75, 7.125, 5.5], "texture": "#2"},
				"down": {"uv": [8.8125, 5.75, 7.125, 6], "texture": "#2"}
			}
		},
		{
			"from": [1.2, 0.875, 1.5],
			"to": [14.8, 2.775, 3.5],
			"rotation": {"angle": 0, "axis": "y", "origin": [14.5, 1.075, 1.5]},
			"faces": {
				"north": {"uv": [6.875, 4.5, 8.5625, 4.75], "texture": "#2"},
				"east": {"uv": [4.25, 3.75, 4.5, 4], "texture": "#2"},
				"south": {"uv": [6.875, 4.75, 8.5625, 5], "texture": "#2"},
				"west": {"uv": [0.875, 5.25, 1.125, 5.5], "texture": "#2"},
				"up": {"uv": [8.5625, 5.25, 6.875, 5], "texture": "#2"},
				"down": {"uv": [1.6875, 7, 0, 7.25], "texture": "#2"}
			}
		},
		{
			"from": [14.8, 0.8, 1.5],
			"to": [16.5, 9, 3.2],
			"rotation": {"angle": 0, "axis": "y", "origin": [14.5, 1, 1.5]},
			"faces": {
				"north": {"uv": [7.625, 7.25, 7.8125, 8.25], "texture": "#2"},
				"east": {"uv": [7.75, 2, 7.9375, 3], "texture": "#2"},
				"south": {"uv": [3, 7.75, 3.1875, 8.75], "texture": "#2"},
				"west": {"uv": [3.25, 7.75, 3.4375, 8.75], "texture": "#2"},
				"up": {"uv": [9.3125, 5.3125, 9.125, 5.125], "texture": "#2"},
				"down": {"uv": [9.3125, 5.375, 9.125, 5.5625], "texture": "#2"}
			}
		},
		{
			"from": [-1, 8, 1],
			"to": [17, 10, 15],
			"rotation": {"angle": 0, "axis": "y", "origin": [7, 8, 1]},
			"faces": {
				"north": {"uv": [5.75, 1.5, 8, 1.75], "texture": "#2"},
				"east": {"uv": [6.25, 5.25, 8, 5.5], "texture": "#2"},
				"south": {"uv": [5.75, 1.75, 8, 2], "texture": "#2"},
				"west": {"uv": [6.875, 4.25, 8.625, 4.5], "texture": "#2"},
				"up": {"uv": [2.25, 1.75, 0, 0], "texture": "#2"},
				"down": {"uv": [2.25, 1.75, 0, 3.5], "texture": "#2"}
			}
		},
		{
			"from": [2.6, 9, 1.3],
			"to": [4.4, 15.325, 14.7],
			"rotation": {"angle": 0, "axis": "y", "origin": [2.5, 9, 1]},
			"faces": {
				"north": {"uv": [1.5, 4.5, 1.75, 5.3125], "texture": "#2"},
				"east": {"uv": [4.5, 3.75, 6.1875, 4.5625], "texture": "#2"},
				"south": {"uv": [1.75, 4.5, 2, 5.3125], "texture": "#2"},
				"west": {"uv": [4.5, 4.625, 6.1875, 5.4375], "texture": "#2"},
				"up": {"uv": [2, 8.6875, 1.75, 7], "texture": "#2"},
				"down": {"uv": [2.25, 7, 2, 8.6875], "texture": "#2"}
			}
		},
		{
			"from": [4.4, 9, 1.325],
			"to": [11.6, 10.7, 14.675],
			"rotation": {"angle": 0, "axis": "y", "origin": [2.5, 9, 1]},
			"faces": {
				"north": {"uv": [8, 5.25, 8.875, 5.4375], "texture": "#2"},
				"east": {"uv": [7.125, 6, 8.8125, 6.1875], "texture": "#2"},
				"south": {"uv": [8.375, 7, 9.25, 7.1875], "texture": "#2"},
				"west": {"uv": [7.25, 0, 8.9375, 0.1875], "texture": "#2"},
				"up": {"uv": [5.125, 3.6875, 4.25, 2], "texture": "#2"},
				"down": {"uv": [0.875, 4.5, 0, 6.1875], "texture": "#2"}
			}
		},
		{
			"from": [13.4, 9, 1.325],
			"to": [15.1, 10.7, 14.675],
			"rotation": {"angle": 0, "axis": "y", "origin": [5.5, 9, 1]},
			"faces": {
				"north": {"uv": [6.5, 9.125, 6.6875, 9.3125], "texture": "#2"},
				"east": {"uv": [7.25, 0.25, 8.9375, 0.4375], "texture": "#2"},
				"south": {"uv": [9.125, 6.625, 9.3125, 6.8125], "texture": "#2"},
				"west": {"uv": [7.25, 0.5, 8.9375, 0.6875], "texture": "#2"},
				"up": {"uv": [0.4375, 8.9375, 0.25, 7.25], "texture": "#2"},
				"down": {"uv": [0.6875, 7.25, 0.5, 8.9375], "texture": "#2"}
			}
		},
		{
			"from": [0.9, 9, 1.325],
			"to": [2.6, 10.7, 14.675],
			"rotation": {"angle": 0, "axis": "y", "origin": [10.5, 9, 1]},
			"faces": {
				"north": {"uv": [7.375, 9.125, 7.5625, 9.3125], "texture": "#2"},
				"east": {"uv": [7.25, 0.75, 8.9375, 0.9375], "texture": "#2"},
				"south": {"uv": [9.125, 7.625, 9.3125, 7.8125], "texture": "#2"},
				"west": {"uv": [7.25, 1, 8.9375, 1.1875], "texture": "#2"},
				"up": {"uv": [0.9375, 8.9375, 0.75, 7.25], "texture": "#2"},
				"down": {"uv": [1.1875, 7.25, 1, 8.9375], "texture": "#2"}
			}
		},
		{
			"from": [-0.2617, 11.85, 3.1],
			"to": [1.5383, 13.55, 12.7],
			"rotation": {"angle": 22.5, "axis": "z", "origin": [-0.3, 9, 1]},
			"faces": {
				"north": {"uv": [6.75, 9, 7, 9.1875], "texture": "#2"},
				"east": {"uv": [7.375, 6.5, 8.5625, 6.6875], "texture": "#2"},
				"south": {"uv": [7, 9, 7.25, 9.1875], "texture": "#2"},
				"west": {"uv": [7.375, 6.75, 8.5625, 6.9375], "texture": "#2"},
				"up": {"uv": [5.125, 8.6875, 4.875, 7.5], "texture": "#2"},
				"down": {"uv": [5.375, 7.5, 5.125, 8.6875], "texture": "#2"}
			}
		},
		{
			"from": [-0.2617, 8.85, 12.7],
			"to": [1.5383, 13.55, 14.7],
			"rotation": {"angle": 22.5, "axis": "z", "origin": [-0.3, 9, 1]},
			"faces": {
				"north": {"uv": [1.25, 8.5, 1.5, 9.0625], "texture": "#2"},
				"east": {"uv": [8.5, 1.25, 8.75, 1.8125], "texture": "#2"},
				"south": {"uv": [1.5, 8.5, 1.75, 9.0625], "texture": "#2"},
				"west": {"uv": [8.5, 1.875, 8.75, 2.4375], "texture": "#2"},
				"up": {"uv": [9.125, 6.375, 8.875, 6.125], "texture": "#2"},
				"down": {"uv": [9.125, 6.375, 8.875, 6.625], "texture": "#2"}
			}
		},
		{
			"from": [-0.2617, 8.85, 1.3],
			"to": [1.5383, 13.55, 3.1],
			"rotation": {"angle": 22.5, "axis": "z", "origin": [-0.3, 9, 1]},
			"faces": {
				"north": {"uv": [6.875, 8.375, 7.125, 8.9375], "texture": "#2"},
				"east": {"uv": [7.125, 8.375, 7.375, 8.9375], "texture": "#2"},
				"south": {"uv": [8.375, 7.625, 8.625, 8.1875], "texture": "#2"},
				"west": {"uv": [8.375, 8.25, 8.625, 8.8125], "texture": "#2"},
				"up": {"uv": [9.125, 5.875, 8.875, 5.625], "texture": "#2"},
				"down": {"uv": [9.125, 5.875, 8.875, 6.125], "texture": "#2"}
			}
		},
		{
			"from": [14.4617, 8.85, 12.7],
			"to": [16.2617, 13.55, 14.7],
			"rotation": {"angle": -22.5, "axis": "z", "origin": [16.3, 9, 1]},
			"faces": {
				"north": {"uv": [8.625, 6.25, 8.875, 6.8125], "texture": "#2"},
				"east": {"uv": [8.625, 7.625, 8.875, 8.1875], "texture": "#2"},
				"south": {"uv": [8.625, 8.25, 8.875, 8.8125], "texture": "#2"},
				"west": {"uv": [8.75, 1.25, 9, 1.8125], "texture": "#2"},
				"up": {"uv": [9.125, 8.125, 8.875, 7.875], "texture": "#2"},
				"down": {"uv": [9.125, 8.125, 8.875, 8.375], "texture": "#2"}
			}
		},
		{
			"from": [14.4617, 8.85, 1.3],
			"to": [16.2617, 13.55, 3.1],
			"rotation": {"angle": -22.5, "axis": "z", "origin": [16.3, 9, 1]},
			"faces": {
				"north": {"uv": [8.5, 2.5, 8.75, 3.0625], "texture": "#2"},
				"east": {"uv": [7.375, 8.5, 7.625, 9.0625], "texture": "#2"},
				"south": {"uv": [2.75, 8.625, 3, 9.1875], "texture": "#2"},
				"west": {"uv": [8.625, 4.25, 8.875, 4.8125], "texture": "#2"},
				"up": {"uv": [9.125, 6.875, 8.875, 6.625], "texture": "#2"},
				"down": {"uv": [9.125, 7.625, 8.875, 7.875], "texture": "#2"}
			}
		},
		{
			"from": [14.4617, 11.85, 3.1],
			"to": [16.2617, 13.55, 12.7],
			"rotation": {"angle": -22.5, "axis": "z", "origin": [16.3, 9, 1]},
			"faces": {
				"north": {"uv": [1.25, 9.125, 1.5, 9.3125], "texture": "#2"},
				"east": {"uv": [7.5, 3.25, 8.6875, 3.4375], "texture": "#2"},
				"south": {"uv": [1.5, 9.125, 1.75, 9.3125], "texture": "#2"},
				"west": {"uv": [7.5, 3.5, 8.6875, 3.6875], "texture": "#2"},
				"up": {"uv": [5.625, 8.6875, 5.375, 7.5], "texture": "#2"},
				"down": {"uv": [5.875, 7.5, 5.625, 8.6875], "texture": "#2"}
			}
		},
		{
			"from": [14.4617, 9.85, 3.1],
			"to": [16.2617, 10.65, 12.7],
			"rotation": {"angle": -22.5, "axis": "z", "origin": [16.3, 9, 1]},
			"faces": {
				"north": {"uv": [9.25, 0.875, 9.5, 1], "texture": "#2"},
				"east": {"uv": [7.5, 4.125, 8.6875, 4.25], "texture": "#2"},
				"south": {"uv": [1, 9.25, 1.25, 9.375], "texture": "#2"},
				"west": {"uv": [8.375, 7.25, 9.5625, 7.375], "texture": "#2"},
				"up": {"uv": [6.125, 8.6875, 5.875, 7.5], "texture": "#2"},
				"down": {"uv": [6.375, 7.5, 6.125, 8.6875], "texture": "#2"}
			}
		},
		{
			"from": [-0.2617, 9.85, 3.1],
			"to": [1.5383, 10.65, 12.7],
			"rotation": {"angle": 22.5, "axis": "z", "origin": [-0.3, 9, 1]},
			"faces": {
				"north": {"uv": [9.25, 1, 9.5, 1.125], "texture": "#2"},
				"east": {"uv": [8.375, 7.375, 9.5625, 7.5], "texture": "#2"},
				"south": {"uv": [9.25, 1.125, 9.5, 1.25], "texture": "#2"},
				"west": {"uv": [8.375, 7.5, 9.5625, 7.625], "texture": "#2"},
				"up": {"uv": [6.625, 8.6875, 6.375, 7.5], "texture": "#2"},
				"down": {"uv": [6.875, 7.5, 6.625, 8.6875], "texture": "#2"}
			}
		},
		{
			"from": [7.1, 9, 1.6],
			"to": [8.9, 15, 14.4],
			"rotation": {"angle": 0, "axis": "y", "origin": [7, 9, 1]},
			"faces": {
				"north": {"uv": [8, 2.5, 8.25, 3.25], "texture": "#2"},
				"east": {"uv": [0.875, 5.5, 2.5, 6.25], "texture": "#2"},
				"south": {"uv": [8.25, 2.5, 8.5, 3.25], "texture": "#2"},
				"west": {"uv": [2.5, 5.5, 4.125, 6.25], "texture": "#2"},
				"up": {"uv": [3, 8.625, 2.75, 7], "texture": "#2"},
				"down": {"uv": [0.25, 7.25, 0, 8.875], "texture": "#2"}
			}
		},
		{
			"from": [7.15, 10.2, 0.7],
			"to": [8.85, 12.4, 1.7],
			"rotation": {"angle": 22.5, "axis": "x", "origin": [8, 10.2, 1.7]},
			"faces": {
				"north": {"uv": [8.375, 8.875, 8.625, 9.125], "texture": "#2"},
				"east": {"uv": [4.75, 8.5, 4.875, 8.75], "texture": "#2"},
				"south": {"uv": [8.875, 8.375, 9.125, 8.625], "texture": "#2"},
				"west": {"uv": [6.75, 8.75, 6.875, 9], "texture": "#2"},
				"up": {"uv": [8.75, 3.25, 8.5, 3.125], "texture": "#2"},
				"down": {"uv": [9.375, 6.875, 9.125, 7], "texture": "#2"}
			}
		},
		{
			"from": [11.6, 9, 1.3],
			"to": [13.4, 15.325, 14.7],
			"rotation": {"angle": 0, "axis": "y", "origin": [13.5, 9, 1]},
			"faces": {
				"north": {"uv": [6.875, 7.5, 7.125, 8.3125], "texture": "#2"},
				"east": {"uv": [5.125, 2, 6.8125, 2.8125], "texture": "#2"},
				"south": {"uv": [7.125, 7.5, 7.375, 8.3125], "texture": "#2"},
				"west": {"uv": [5.125, 2.875, 6.8125, 3.6875], "texture": "#2"},
				"up": {"uv": [2.5, 8.6875, 2.25, 7], "texture": "#2"},
				"down": {"uv": [2.75, 7, 2.5, 8.6875], "texture": "#2"}
			}
		},
		{
			"from": [6.7, 7.5, 0.3],
			"to": [9.3, 11, 2],
			"rotation": {"angle": 0, "axis": "y", "origin": [7, 8, 0]},
			"faces": {
				"north": {"uv": [1.75, 8.75, 2.0625, 9.1875], "texture": "#2"},
				"east": {"uv": [3.5, 8.75, 3.6875, 9.1875], "texture": "#2"},
				"south": {"uv": [8.75, 1.875, 9.0625, 2.3125], "texture": "#2"},
				"west": {"uv": [3.75, 8.75, 3.9375, 9.1875], "texture": "#2"},
				"up": {"uv": [9.3125, 3.0625, 9, 2.875], "texture": "#2"},
				"down": {"uv": [9.3125, 3.125, 9, 3.3125], "texture": "#2"}
			}
		},
		{
			"from": [2.45, 7.5, 13.7],
			"to": [4.55, 10.825, 15.5],
			"rotation": {"angle": 0, "axis": "y", "origin": [2.25, 8, 14]},
			"faces": {
				"north": {"uv": [2, 3.5, 2.25, 3.9375], "texture": "#2"},
				"east": {"uv": [2.125, 8.75, 2.375, 9.1875], "texture": "#2"},
				"south": {"uv": [2.375, 8.75, 2.625, 9.1875], "texture": "#2"},
				"west": {"uv": [8.75, 2.375, 9, 2.8125], "texture": "#2"},
				"up": {"uv": [9.25, 1.5, 9, 1.25], "texture": "#2"},
				"down": {"uv": [9.25, 1.5, 9, 1.75], "texture": "#2"}
			}
		},
		{
			"from": [11.45, 7.5, 13.7],
			"to": [13.55, 10.825, 15.5],
			"rotation": {"angle": 0, "axis": "y", "origin": [13.75, 8, 14]},
			"faces": {
				"north": {"uv": [8.75, 2.875, 9, 3.3125], "texture": "#2"},
				"east": {"uv": [3, 8.75, 3.25, 9.1875], "texture": "#2"},
				"south": {"uv": [3.25, 8.75, 3.5, 9.1875], "texture": "#2"},
				"west": {"uv": [8.75, 3.375, 9, 3.8125], "texture": "#2"},
				"up": {"uv": [9.25, 2.625, 9, 2.375], "texture": "#2"},
				"down": {"uv": [9.25, 2.625, 9, 2.875], "texture": "#2"}
			}
		},
		{
			"from": [-0.9, 0, 1.1],
			"to": [1.2, 1.1, 3.2],
			"rotation": {"angle": 0, "axis": "y", "origin": [1.3, 0.2, 1.3]},
			"faces": {
				"north": {"uv": [9.125, 7.875, 9.375, 8], "texture": "#2"},
				"east": {"uv": [9.125, 8, 9.375, 8.125], "texture": "#2"},
				"south": {"uv": [9.125, 8.125, 9.375, 8.25], "texture": "#2"},
				"west": {"uv": [9.125, 8.25, 9.375, 8.375], "texture": "#2"},
				"up": {"uv": [8.875, 9.125, 8.625, 8.875], "texture": "#2"},
				"down": {"uv": [9.125, 8.625, 8.875, 8.875], "texture": "#2"}
			}
		},
		{
			"from": [-0.9, 0, 12.8],
			"to": [1.2, 1.1, 14.9],
			"rotation": {"angle": 0, "axis": "y", "origin": [1.3, 0.2, 14.7]},
			"faces": {
				"north": {"uv": [9.125, 9, 9.375, 9.125], "texture": "#2"},
				"east": {"uv": [9.125, 9.125, 9.375, 9.25], "texture": "#2"},
				"south": {"uv": [0, 9.25, 0.25, 9.375], "texture": "#2"},
				"west": {"uv": [9.25, 0, 9.5, 0.125], "texture": "#2"},
				"up": {"uv": [0.75, 9.25, 0.5, 9], "texture": "#2"},
				"down": {"uv": [9.25, 0.5, 9, 0.75], "texture": "#2"}
			}
		},
		{
			"from": [14.8, 0, 1.1],
			"to": [16.9, 1.1, 3.2],
			"rotation": {"angle": 0, "axis": "y", "origin": [14.7, 0.2, 1.3]},
			"faces": {
				"north": {"uv": [8.375, 9.125, 8.625, 9.25], "texture": "#2"},
				"east": {"uv": [9.125, 8.375, 9.375, 8.5], "texture": "#2"},
				"south": {"uv": [9.125, 8.5, 9.375, 8.625], "texture": "#2"},
				"west": {"uv": [8.625, 9.125, 8.875, 9.25], "texture": "#2"},
				"up": {"uv": [9.125, 9.125, 8.875, 8.875], "texture": "#2"},
				"down": {"uv": [9.25, 0, 9, 0.25], "texture": "#2"}
			}
		},
		{
			"from": [14.8, 0, 12.8],
			"to": [16.9, 1.1, 14.9],
			"rotation": {"angle": 0, "axis": "y", "origin": [14.7, 0.2, 14.7]},
			"faces": {
				"north": {"uv": [9.125, 8.625, 9.375, 8.75], "texture": "#2"},
				"east": {"uv": [9.125, 8.75, 9.375, 8.875], "texture": "#2"},
				"south": {"uv": [8.875, 9.125, 9.125, 9.25], "texture": "#2"},
				"west": {"uv": [9.125, 8.875, 9.375, 9], "texture": "#2"},
				"up": {"uv": [0.5, 9.25, 0.25, 9], "texture": "#2"},
				"down": {"uv": [9.25, 0.25, 9, 0.5], "texture": "#2"}
			}
		},
		{
			"from": [15, 6.15, 7.5],
			"to": [16.85, 8, 8.5],
			"rotation": {"angle": 0, "axis": "y", "origin": [17, 6, 6.5]},
			"faces": {
				"north": {"uv": [1, 9, 1.25, 9.25], "texture": "#2"},
				"east": {"uv": [9.25, 0.5, 9.375, 0.75], "texture": "#2"},
				"south": {"uv": [9, 1, 9.25, 1.25], "texture": "#2"},
				"west": {"uv": [0.625, 9.25, 0.75, 9.5], "texture": "#2"},
				"up": {"uv": [1, 9.375, 0.75, 9.25], "texture": "#2"},
				"down": {"uv": [9.5, 0.75, 9.25, 0.875], "texture": "#2"}
			}
		},
		{
			"from": [15.3, 3.6, 5.5],
			"to": [16.6, 6.7, 6.3],
			"rotation": {"angle": 45, "axis": "z", "origin": [15.3, 6.7, 8]},
			"faces": {
				"north": {"uv": [0, 8.875, 0.1875, 9.25], "texture": "#2"},
				"east": {"uv": [9.125, 4.25, 9.25, 4.625], "texture": "#2"},
				"south": {"uv": [8.875, 4.25, 9.0625, 4.625], "texture": "#2"},
				"west": {"uv": [9.125, 4.625, 9.25, 5], "texture": "#2"},
				"up": {"uv": [9.4375, 2.875, 9.25, 2.75], "texture": "#2"},
				"down": {"uv": [3.1875, 9.25, 3, 9.375], "texture": "#2"}
			}
		},
		{
			"from": [15.3, 5.9, 6.3],
			"to": [16.6, 6.7, 9.7],
			"rotation": {"angle": 45, "axis": "z", "origin": [15.3, 6.7, 8]},
			"faces": {
				"north": {"uv": [9.25, 2.625, 9.4375, 2.75], "texture": "#2"},
				"east": {"uv": [9, 4, 9.4375, 4.125], "texture": "#2"},
				"south": {"uv": [2.75, 9.25, 2.9375, 9.375], "texture": "#2"},
				"west": {"uv": [9, 4.125, 9.4375, 4.25], "texture": "#2"},
				"up": {"uv": [5.6875, 9.1875, 5.5, 8.75], "texture": "#2"},
				"down": {"uv": [5.9375, 8.75, 5.75, 9.1875], "texture": "#2"}
			}
		},
		{
			"from": [15.3, 3.6, 9.7],
			"to": [16.6, 6.7, 10.5],
			"rotation": {"angle": 45, "axis": "z", "origin": [15.3, 6.7, 8]},
			"faces": {
				"north": {"uv": [6.25, 8.75, 6.4375, 9.125], "texture": "#2"},
				"east": {"uv": [9.125, 1.875, 9.25, 2.25], "texture": "#2"},
				"south": {"uv": [6.5, 8.75, 6.6875, 9.125], "texture": "#2"},
				"west": {"uv": [2.625, 9.125, 2.75, 9.5], "texture": "#2"},
				"up": {"uv": [9.4375, 2.5, 9.25, 2.375], "texture": "#2"},
				"down": {"uv": [9.4375, 2.5, 9.25, 2.625], "texture": "#2"}
			}
		},
		{
			"from": [15.3, 3.6, 6.3],
			"to": [16.6, 4.4, 9.7],
			"rotation": {"angle": 45, "axis": "z", "origin": [15.3, 6.7, 8]},
			"faces": {
				"north": {"uv": [9.25, 2.125, 9.4375, 2.25], "texture": "#2"},
				"east": {"uv": [9, 3.75, 9.4375, 3.875], "texture": "#2"},
				"south": {"uv": [2.25, 9.25, 2.4375, 9.375], "texture": "#2"},
				"west": {"uv": [9, 3.875, 9.4375, 4], "texture": "#2"},
				"up": {"uv": [5.1875, 9.1875, 5, 8.75], "texture": "#2"},
				"down": {"uv": [5.4375, 8.75, 5.25, 9.1875], "texture": "#2"}
			}
		},
		{
			"from": [-0.85, 6.15, 7.5],
			"to": [1, 8, 8.5],
			"rotation": {"angle": 0, "axis": "y", "origin": [-1, 6, 6.5]},
			"faces": {
				"north": {"uv": [0.75, 9, 1, 9.25], "texture": "#2"},
				"east": {"uv": [9.25, 0.125, 9.375, 0.375], "texture": "#2"},
				"south": {"uv": [9, 0.75, 9.25, 1], "texture": "#2"},
				"west": {"uv": [0.25, 9.25, 0.375, 9.5], "texture": "#2"},
				"up": {"uv": [0.625, 9.375, 0.375, 9.25], "texture": "#2"},
				"down": {"uv": [9.5, 0.375, 9.25, 0.5], "texture": "#2"}
			}
		},
		{
			"from": [-0.6, 3.6, 6.3],
			"to": [0.7, 4.4, 9.7],
			"rotation": {"angle": -45, "axis": "z", "origin": [0.7, 6.7, 8]},
			"faces": {
				"north": {"uv": [2, 9.25, 2.1875, 9.375], "texture": "#2"},
				"east": {"uv": [9, 3.5, 9.4375, 3.625], "texture": "#2"},
				"south": {"uv": [9.25, 2, 9.4375, 2.125], "texture": "#2"},
				"west": {"uv": [9, 3.625, 9.4375, 3.75], "texture": "#2"},
				"up": {"uv": [4.6875, 9.1875, 4.5, 8.75], "texture": "#2"},
				"down": {"uv": [4.9375, 8.75, 4.75, 9.1875], "texture": "#2"}
			}
		},
		{
			"from": [-0.6, 3.6, 9.7],
			"to": [0.7, 6.7, 10.5],
			"rotation": {"angle": -45, "axis": "z", "origin": [0.7, 6.7, 8]},
			"faces": {
				"north": {"uv": [8.75, 3.875, 8.9375, 4.25], "texture": "#2"},
				"east": {"uv": [2.625, 8.75, 2.75, 9.125], "texture": "#2"},
				"south": {"uv": [6, 8.75, 6.1875, 9.125], "texture": "#2"},
				"west": {"uv": [7.25, 9, 7.375, 9.375], "texture": "#2"},
				"up": {"uv": [1.9375, 9.375, 1.75, 9.25], "texture": "#2"},
				"down": {"uv": [9.4375, 1.875, 9.25, 2], "texture": "#2"}
			}
		},
		{
			"from": [-0.6, 5.9, 6.3],
			"to": [0.7, 6.7, 9.7],
			"rotation": {"angle": -45, "axis": "z", "origin": [0.7, 6.7, 8]},
			"faces": {
				"north": {"uv": [9.25, 1.5, 9.4375, 1.625], "texture": "#2"},
				"east": {"uv": [9, 1.75, 9.4375, 1.875], "texture": "#2"},
				"south": {"uv": [9.25, 1.625, 9.4375, 1.75], "texture": "#2"},
				"west": {"uv": [9, 3.375, 9.4375, 3.5], "texture": "#2"},
				"up": {"uv": [4.1875, 9.1875, 4, 8.75], "texture": "#2"},
				"down": {"uv": [4.4375, 8.75, 4.25, 9.1875], "texture": "#2"}
			}
		},
		{
			"from": [-0.6, 3.6, 5.5],
			"to": [0.7, 6.7, 6.3],
			"rotation": {"angle": -45, "axis": "z", "origin": [0.7, 6.7, 8]},
			"faces": {
				"north": {"uv": [8.5, 3.75, 8.6875, 4.125], "texture": "#2"},
				"east": {"uv": [4.75, 7.75, 4.875, 8.125], "texture": "#2"},
				"south": {"uv": [8.625, 4.875, 8.8125, 5.25], "texture": "#2"},
				"west": {"uv": [4.75, 8.125, 4.875, 8.5], "texture": "#2"},
				"up": {"uv": [9.4375, 1.375, 9.25, 1.25], "texture": "#2"},
				"down": {"uv": [9.4375, 1.375, 9.25, 1.5], "texture": "#2"}
			}
		},
		{
			"from": [6.1, 14.3, 6.6],
			"to": [9.9, 15.2, 9.4],
			"rotation": {"angle": 0, "axis": "y", "origin": [7, 9, 1]},
			"faces": {
				"north": {"uv": [1.375, 5.375, 1.875, 5.5], "texture": "#2"},
				"east": {"uv": [9.125, 2.25, 9.5, 2.375], "texture": "#2"},
				"south": {"uv": [8.625, 6.875, 9.125, 7], "texture": "#2"},
				"west": {"uv": [9.125, 5, 9.5, 5.125], "texture": "#2"},
				"up": {"uv": [8, 4.125, 7.5, 3.75], "texture": "#2"},
				"down": {"uv": [8.5, 3.75, 8, 4.125], "texture": "#2"}
			}
		}
	],
	"display": {
		"head": {
			"translation": [0, -11.25, 0],
			"scale": [4, 4, 4]
		},
		"fixed": {
			"rotation": [-90, 0, 0],
			"translation": [0, 0, -29.5],
			"scale": [4, 4, 4]
		}
	},
	"groups": [
		{
			"name": "group",
			"origin": [7, 2.1, 7],
			"color": 0,
			"children": [0]
		},
		{
			"name": "group",
			"origin": [16, 8.1, 8],
			"color": 0,
			"children": [1, 2, 3]
		},
		{
			"name": "group",
			"origin": [7, 7, 1],
			"color": 0,
			"children": [4, 5, 6, 7, 8, 9, 10, 11, 12]
		},
		{
			"name": "group",
			"origin": [13.5, 9, 1],
			"color": 0,
			"children": [13, 14, 15, 16, 17, 18, 19, 20, 21, 22, 23, 24, 25, 26, 27]
		},
		{
			"name": "group",
			"origin": [7, 8, 0],
			"color": 0,
			"children": [28, 29, 30]
		},
		{
			"name": "group",
			"origin": [14.7, 0.2, 14.7],
			"color": 0,
			"children": [31, 32, 33, 34]
		},
		{
			"name": "group",
			"origin": [0.7, 6.7, 8],
			"color": 0,
			"children": [35, 36, 37, 38, 39, 40, 41, 42, 43, 44]
		},
		{
			"name": "group",
			"origin": [7, 9, 1],
			"color": 0,
			"children": [45]
		}
	]
}