{
	"credit": "Made with Blockbench",
	"texture_size": [32, 32],
	"textures": {
		"1": "halloween:item/krev-mec",
		"2": "halloween:item/netherite-mec",
		"particle": "halloween:item/netherite-mec"
	},
	"elements": [
		{
			"name": "diamond_sword_0",
			"from": [13, 13, 0],
			"to": [16, 16, 1],
			"faces": {
				"north": {"uv": [16, 0, 13, 3], "texture": "#2"},
				"east": {"uv": [15, 0, 16, 3], "texture": "#2"},
				"south": {"uv": [13, 0, 16, 3], "texture": "#2"},
				"west": {"uv": [13, 0, 14, 3], "texture": "#2"},
				"up": {"uv": [13, 0, 16, 1], "texture": "#2"},
				"down": {"uv": [13, 2, 16, 3], "texture": "#2"}
			}
		},
		{
			"name": "diamond_sword_1",
			"from": [12, 10, 0],
			"to": [13, 15, 1],
			"faces": {
				"north": {"uv": [13, 1, 12, 6], "texture": "#2"},
				"east": {"uv": [12, 1, 13, 6], "texture": "#2"},
				"south": {"uv": [12, 1, 13, 6], "texture": "#2"},
				"west": {"uv": [12, 1, 13, 6], "texture": "#2"},
				"up": {"uv": [12, 1, 13, 2], "texture": "#2"},
				"down": {"uv": [12, 5, 13, 6], "texture": "#2"}
			}
		},
		{
			"name": "diamond_sword_2",
			"from": [11, 9, 0],
			"to": [12, 14, 1],
			"faces": {
				"north": {"uv": [12, 2, 11, 7], "texture": "#2"},
				"east": {"uv": [11, 2, 12, 7], "texture": "#2"},
				"south": {"uv": [11, 2, 12, 7], "texture": "#2"},
				"west": {"uv": [11, 2, 12, 7], "texture": "#2"},
				"up": {"uv": [11, 2, 12, 3], "texture": "#2"},
				"down": {"uv": [11, 6, 12, 7], "texture": "#2"}
			}
		},
		{
			"name": "diamond_sword_3",
			"from": [10, 8, 0],
			"to": [11, 13, 1],
			"faces": {
				"north": {"uv": [11, 3, 10, 8], "texture": "#2"},
				"east": {"uv": [10, 3, 11, 8], "texture": "#2"},
				"south": {"uv": [10, 3, 11, 8], "texture": "#2"},
				"west": {"uv": [10, 3, 11, 8], "texture": "#2"},
				"up": {"uv": [10, 3, 11, 4], "texture": "#2"},
				"down": {"uv": [10, 7, 11, 8], "texture": "#2"}
			}
		},
		{
			"name": "diamond_sword_4",
			"from": [13, 12, 0],
			"to": [15, 13, 1],
			"faces": {
				"north": {"uv": [15, 3, 13, 4], "texture": "#2"},
				"east": {"uv": [14, 3, 15, 4], "texture": "#2"},
				"south": {"uv": [13, 3, 15, 4], "texture": "#2"},
				"west": {"uv": [13, 3, 14, 4], "texture": "#2"},
				"up": {"uv": [13, 3, 15, 4], "texture": "#2"},
				"down": {"uv": [13, 3, 15, 4], "texture": "#2"}
			}
		},
		{
			"name": "diamond_sword_5",
			"from": [9, 7, 0],
			"to": [10, 12, 1],
			"faces": {
				"north": {"uv": [10, 4, 9, 9], "texture": "#2"},
				"east": {"uv": [9, 4, 10, 9], "texture": "#2"},
				"south": {"uv": [9, 4, 10, 9], "texture": "#2"},
				"west": {"uv": [9, 4, 10, 9], "texture": "#2"},
				"up": {"uv": [9, 4, 10, 5], "texture": "#2"},
				"down": {"uv": [9, 8, 10, 9], "texture": "#2"}
			}
		},
		{
			"name": "diamond_sword_6",
			"from": [13, 11, 0],
			"to": [14, 12, 1],
			"faces": {
				"north": {"uv": [14, 4, 13, 5], "texture": "#2"},
				"east": {"uv": [13, 4, 14, 5], "texture": "#2"},
				"south": {"uv": [13, 4, 14, 5], "texture": "#2"},
				"west": {"uv": [13, 4, 14, 5], "texture": "#2"},
				"up": {"uv": [13, 4, 14, 5], "texture": "#2"},
				"down": {"uv": [13, 4, 14, 5], "texture": "#2"}
			}
		},
		{
			"name": "diamond_sword_7",
			"from": [8, 6, 0],
			"to": [9, 11, 1],
			"faces": {
				"north": {"uv": [9, 5, 8, 10], "texture": "#2"},
				"east": {"uv": [8, 5, 9, 10], "texture": "#2"},
				"south": {"uv": [8, 5, 9, 10], "texture": "#2"},
				"west": {"uv": [8, 5, 9, 10], "texture": "#2"},
				"up": {"uv": [8, 5, 9, 6], "texture": "#2"},
				"down": {"uv": [8, 9, 9, 10], "texture": "#2"}
			}
		},
		{
			"name": "diamond_sword_8",
			"from": [2, 8, 0],
			"to": [4, 10, 1],
			"faces": {
				"north": {"uv": [4, 6, 2, 8], "texture": "#2"},
				"east": {"uv": [3, 6, 4, 8], "texture": "#2"},
				"south": {"uv": [2, 6, 4, 8], "texture": "#2"},
				"west": {"uv": [2, 6, 3, 8], "texture": "#2"},
				"up": {"uv": [2, 6, 4, 7], "texture": "#2"},
				"down": {"uv": [2, 7, 4, 8], "texture": "#2"}
			}
		},
		{
			"name": "diamond_sword_9",
			"from": [7, 3, 0],
			"to": [8, 10, 1],
			"faces": {
				"north": {"uv": [8, 6, 7, 13], "texture": "#2"},
				"east": {"uv": [7, 6, 8, 13], "texture": "#2"},
				"south": {"uv": [7, 6, 8, 13], "texture": "#2"},
				"west": {"uv": [7, 6, 8, 13], "texture": "#2"},
				"up": {"uv": [7, 6, 8, 7], "texture": "#2"},
				"down": {"uv": [7, 12, 8, 13], "texture": "#2"}
			}
		},
		{
			"name": "diamond_sword_10",
			"from": [4, 3, 0],
			"to": [5, 9, 1],
			"faces": {
				"north": {"uv": [5, 7, 4, 13], "texture": "#2"},
				"east": {"uv": [4, 7, 5, 13], "texture": "#2"},
				"south": {"uv": [4, 7, 5, 13], "texture": "#2"},
				"west": {"uv": [4, 7, 5, 13], "texture": "#2"},
				"up": {"uv": [4, 7, 5, 8], "texture": "#2"},
				"down": {"uv": [4, 12, 5, 13], "texture": "#2"}
			}
		},
		{
			"name": "diamond_sword_11",
			"from": [6, 3, 0],
			"to": [7, 9, 1],
			"faces": {
				"north": {"uv": [7, 7, 6, 13], "texture": "#2"},
				"east": {"uv": [6, 7, 7, 13], "texture": "#2"},
				"south": {"uv": [6, 7, 7, 13], "texture": "#2"},
				"west": {"uv": [6, 7, 7, 13], "texture": "#2"},
				"up": {"uv": [6, 7, 7, 8], "texture": "#2"},
				"down": {"uv": [6, 12, 7, 13], "texture": "#2"}
			}
		},
		{
			"name": "diamond_sword_12",
			"from": [3, 6, 0],
			"to": [4, 8, 1],
			"faces": {
				"north": {"uv": [4, 8, 3, 10], "texture": "#2"},
				"east": {"uv": [3, 8, 4, 10], "texture": "#2"},
				"south": {"uv": [3, 8, 4, 10], "texture": "#2"},
				"west": {"uv": [3, 8, 4, 10], "texture": "#2"},
				"up": {"uv": [3, 8, 4, 9], "texture": "#2"},
				"down": {"uv": [3, 9, 4, 10], "texture": "#2"}
			}
		},
		{
			"name": "diamond_sword_13",
			"from": [5, 4, 0],
			"to": [6, 8, 1],
			"faces": {
				"north": {"uv": [6, 8, 5, 12], "texture": "#2"},
				"east": {"uv": [5, 8, 6, 12], "texture": "#2"},
				"south": {"uv": [5, 8, 6, 12], "texture": "#2"},
				"west": {"uv": [5, 8, 6, 12], "texture": "#2"},
				"up": {"uv": [5, 8, 6, 9], "texture": "#2"},
				"down": {"uv": [5, 11, 6, 12], "texture": "#2"}
			}
		},
		{
			"name": "diamond_sword_14",
			"from": [3, 2, 0],
			"to": [4, 5, 1],
			"faces": {
				"north": {"uv": [4, 11, 3, 14], "texture": "#2"},
				"east": {"uv": [3, 11, 4, 14], "texture": "#2"},
				"south": {"uv": [3, 11, 4, 14], "texture": "#2"},
				"west": {"uv": [3, 11, 4, 14], "texture": "#2"},
				"up": {"uv": [3, 11, 4, 12], "texture": "#2"},
				"down": {"uv": [3, 13, 4, 14], "texture": "#2"}
			}
		},
		{
			"name": "diamond_sword_15",
			"from": [8, 2, 0],
			"to": [9, 5, 1],
			"faces": {
				"north": {"uv": [9, 11, 8, 14], "texture": "#2"},
				"east": {"uv": [8, 11, 9, 14], "texture": "#2"},
				"south": {"uv": [8, 11, 9, 14], "texture": "#2"},
				"west": {"uv": [8, 11, 9, 14], "texture": "#2"},
				"up": {"uv": [8, 11, 9, 12], "texture": "#2"},
				"down": {"uv": [8, 13, 9, 14], "texture": "#2"}
			}
		},
		{
			"name": "diamond_sword_16",
			"from": [2, 0, 0],
			"to": [3, 4, 1],
			"faces": {
				"north": {"uv": [3, 12, 2, 16], "texture": "#2"},
				"east": {"uv": [2, 12, 3, 16], "texture": "#2"},
				"south": {"uv": [2, 12, 3, 16], "texture": "#2"},
				"west": {"uv": [2, 12, 3, 16], "texture": "#2"},
				"up": {"uv": [2, 12, 3, 13], "texture": "#2"},
				"down": {"uv": [2, 15, 3, 16], "texture": "#2"}
			}
		},
		{
			"name": "diamond_sword_17",
			"from": [9, 2, 0],
			"to": [10, 4, 1],
			"faces": {
				"north": {"uv": [10, 12, 9, 14], "texture": "#2"},
				"east": {"uv": [9, 12, 10, 14], "texture": "#2"},
				"south": {"uv": [9, 12, 10, 14], "texture": "#2"},
				"west": {"uv": [9, 12, 10, 14], "texture": "#2"},
				"up": {"uv": [9, 12, 10, 13], "texture": "#2"},
				"down": {"uv": [9, 13, 10, 14], "texture": "#2"}
			}
		},
		{
			"name": "diamond_sword_18",
			"from": [0, 0, 0],
			"to": [2, 3, 1],
			"faces": {
				"north": {"uv": [2, 13, 0, 16], "texture": "#2"},
				"east": {"uv": [1, 13, 2, 16], "texture": "#2"},
				"south": {"uv": [0, 13, 2, 16], "texture": "#2"},
				"west": {"uv": [0, 13, 1, 16], "texture": "#2"},
				"up": {"uv": [0, 13, 2, 14], "texture": "#2"},
				"down": {"uv": [0, 15, 2, 16], "texture": "#2"}
			}
		},
		{
			"from": [11.575, 11.45, -1.5],
			"to": [15.575, 15.45, 2.5],
			"faces": {
				"north": {"uv": [0, 0, 2, 2], "texture": "#1"},
				"east": {"uv": [0, 2, 2, 4], "texture": "#1"},
				"south": {"uv": [2, 0, 4, 2], "texture": "#1"},
				"west": {"uv": [2, 2, 4, 4], "texture": "#1"},
				"up": {"uv": [2, 6, 0, 4], "texture": "#1"},
				"down": {"uv": [6, 0, 4, 2], "texture": "#1"}
			}
		},
		{
			"from": [11.575, 11.45, 2.5],
			"to": [13.575, 13.45, 3.5],
			"faces": {
				"north": {"uv": [2, 4, 3, 5], "texture": "#1"},
				"east": {"uv": [0, 6, 0.5, 7], "texture": "#1"},
				"south": {"uv": [4, 2, 5, 3], "texture": "#1"},
				"west": {"uv": [6, 0, 6.5, 1], "texture": "#1"},
				"up": {"uv": [1.5, 6.5, 0.5, 6], "texture": "#1"},
				"down": {"uv": [7, 1, 6, 1.5], "texture": "#1"}
			}
		},
		{
			"from": [12.075, 13.45, 2.5],
			"to": [13.075, 15.45, 3.5],
			"faces": {
				"north": {"uv": [1.5, 6, 2, 7], "texture": "#1"},
				"east": {"uv": [2, 6, 2.5, 7], "texture": "#1"},
				"south": {"uv": [2.5, 6, 3, 7], "texture": "#1"},
				"west": {"uv": [6, 3.5, 6.5, 4.5], "texture": "#1"},
				"up": {"uv": [3, 7.5, 2.5, 7], "texture": "#1"},
				"down": {"uv": [7.5, 2.5, 7, 3], "texture": "#1"}
			}
		},
		{
			"from": [12.075, 11.95, 3.5],
			"to": [13.575, 13.45, 4.5],
			"faces": {
				"north": {"uv": [3, 4, 4, 5], "texture": "#1"},
				"east": {"uv": [6, 4.5, 6.5, 5.5], "texture": "#1"},
				"south": {"uv": [4, 3, 5, 4], "texture": "#1"},
				"west": {"uv": [6, 5.5, 6.5, 6.5], "texture": "#1"},
				"up": {"uv": [7, 2, 6, 1.5], "texture": "#1"},
				"down": {"uv": [7.5, 0, 6.5, 0.5], "texture": "#1"}
			}
		},
		{
			"from": [12.075, 13.45, -2.5],
			"to": [13.075, 15.45, -1.5],
			"faces": {
				"north": {"uv": [0.5, 6.5, 1, 7.5], "texture": "#1"},
				"east": {"uv": [1, 6.5, 1.5, 7.5], "texture": "#1"},
				"south": {"uv": [6.5, 3.5, 7, 4.5], "texture": "#1"},
				"west": {"uv": [4, 6.5, 4.5, 7.5], "texture": "#1"},
				"up": {"uv": [3.5, 7.5, 3, 7], "texture": "#1"},
				"down": {"uv": [7.5, 3.5, 7, 4], "texture": "#1"}
			}
		},
		{
			"from": [12.075, 11.95, -3.5],
			"to": [13.575, 13.45, -2.5],
			"faces": {
				"north": {"uv": [4, 4, 5, 5], "texture": "#1"},
				"east": {"uv": [4.5, 6.5, 5, 7.5], "texture": "#1"},
				"south": {"uv": [2, 5, 3, 6], "texture": "#1"},
				"west": {"uv": [6.5, 4.5, 7, 5.5], "texture": "#1"},
				"up": {"uv": [7.5, 1, 6.5, 0.5], "texture": "#1"},
				"down": {"uv": [6, 6.5, 5, 7], "texture": "#1"}
			}
		},
		{
			"from": [12.075, 15.45, -1.5],
			"to": [13.075, 16.45, 2.5],
			"faces": {
				"north": {"uv": [7, 4, 7.5, 4.5], "texture": "#1"},
				"east": {"uv": [5, 2, 7, 2.5], "texture": "#1"},
				"south": {"uv": [7, 4.5, 7.5, 5], "texture": "#1"},
				"west": {"uv": [5, 2.5, 7, 3], "texture": "#1"},
				"up": {"uv": [3.5, 7, 3, 5], "texture": "#1"},
				"down": {"uv": [5.5, 3, 5, 5], "texture": "#1"}
			}
		},
		{
			"from": [13.575, 11.95, 2.5],
			"to": [14.575, 12.95, 3.5],
			"faces": {
				"north": {"uv": [5, 7, 5.5, 7.5], "texture": "#1"},
				"east": {"uv": [7, 5, 7.5, 5.5], "texture": "#1"},
				"south": {"uv": [5.5, 7, 6, 7.5], "texture": "#1"},
				"west": {"uv": [6, 7, 6.5, 7.5], "texture": "#1"},
				"up": {"uv": [7, 7.5, 6.5, 7], "texture": "#1"},
				"down": {"uv": [7.5, 6.5, 7, 7], "texture": "#1"}
			}
		},
		{
			"from": [13.575, 11.95, -2.5],
			"to": [14.575, 12.95, -1.5],
			"faces": {
				"north": {"uv": [7, 7, 7.5, 7.5], "texture": "#1"},
				"east": {"uv": [7.5, 0, 8, 0.5], "texture": "#1"},
				"south": {"uv": [0.5, 7.5, 1, 8], "texture": "#1"},
				"west": {"uv": [7.5, 0.5, 8, 1], "texture": "#1"},
				"up": {"uv": [1.5, 8, 1, 7.5], "texture": "#1"},
				"down": {"uv": [8, 1, 7.5, 1.5], "texture": "#1"}
			}
		},
		{
			"from": [14.575, 11.95, 2.5],
			"to": [15.575, 12.95, 3.5],
			"faces": {
				"north": {"uv": [7.5, 1.5, 8, 2], "texture": "#1"},
				"east": {"uv": [2.5, 7.5, 3, 8], "texture": "#1"},
				"south": {"uv": [7.5, 2.5, 8, 3], "texture": "#1"},
				"west": {"uv": [3, 7.5, 3.5, 8], "texture": "#1"},
				"up": {"uv": [8, 3.5, 7.5, 3], "texture": "#1"},
				"down": {"uv": [4, 7.5, 3.5, 8], "texture": "#1"}
			}
		},
		{
			"from": [15.575, 11.95, -1.5],
			"to": [16.575, 12.95, 2.5],
			"faces": {
				"north": {"uv": [7.5, 3.5, 8, 4], "texture": "#1"},
				"east": {"uv": [3.5, 5, 5.5, 5.5], "texture": "#1"},
				"south": {"uv": [4, 7.5, 4.5, 8], "texture": "#1"},
				"west": {"uv": [5.5, 3, 7.5, 3.5], "texture": "#1"},
				"up": {"uv": [4, 7.5, 3.5, 5.5], "texture": "#1"},
				"down": {"uv": [6, 3.5, 5.5, 5.5], "texture": "#1"}
			}
		},
		{
			"from": [16.575, 11.95, -0.5],
			"to": [17.575, 12.95, 1.5],
			"faces": {
				"north": {"uv": [7.5, 4, 8, 4.5], "texture": "#1"},
				"east": {"uv": [6.5, 5.5, 7.5, 6], "texture": "#1"},
				"south": {"uv": [4.5, 7.5, 5, 8], "texture": "#1"},
				"west": {"uv": [6, 6.5, 7, 7], "texture": "#1"},
				"up": {"uv": [0.5, 8, 0, 7], "texture": "#1"},
				"down": {"uv": [7.5, 1, 7, 2], "texture": "#1"}
			}
		},
		{
			"from": [17.575, 11.95, -0.5],
			"to": [18.575, 12.95, 0.5],
			"faces": {
				"north": {"uv": [7.5, 4.5, 8, 5], "texture": "#1"},
				"east": {"uv": [5, 7.5, 5.5, 8], "texture": "#1"},
				"south": {"uv": [7.5, 5, 8, 5.5], "texture": "#1"},
				"west": {"uv": [5.5, 7.5, 6, 8], "texture": "#1"},
				"up": {"uv": [8, 6, 7.5, 5.5], "texture": "#1"},
				"down": {"uv": [6.5, 7.5, 6, 8], "texture": "#1"}
			}
		},
		{
			"from": [17.575, 11.95, -2.5],
			"to": [18.575, 12.95, -1.5],
			"faces": {
				"north": {"uv": [7.5, 6, 8, 6.5], "texture": "#1"},
				"east": {"uv": [6.5, 7.5, 7, 8], "texture": "#1"},
				"south": {"uv": [7.5, 6.5, 8, 7], "texture": "#1"},
				"west": {"uv": [7, 7.5, 7.5, 8], "texture": "#1"},
				"up": {"uv": [8, 7.5, 7.5, 7], "texture": "#1"},
				"down": {"uv": [8, 7.5, 7.5, 8], "texture": "#1"}
			}
		},
		{
			"from": [18.575, 11.95, 0.5],
			"to": [19.575, 12.95, 1.5],
			"faces": {
				"north": {"uv": [0, 8, 0.5, 8.5], "texture": "#1"},
				"east": {"uv": [8, 0, 8.5, 0.5], "texture": "#1"},
				"south": {"uv": [0.5, 8, 1, 8.5], "texture": "#1"},
				"west": {"uv": [8, 0.5, 8.5, 1], "texture": "#1"},
				"up": {"uv": [1.5, 8.5, 1, 8], "texture": "#1"},
				"down": {"uv": [8.5, 1, 8, 1.5], "texture": "#1"}
			}
		},
		{
			"from": [16.575, 11.95, -3.5],
			"to": [17.575, 12.95, -2.5],
			"faces": {
				"north": {"uv": [1.5, 8, 2, 8.5], "texture": "#1"},
				"east": {"uv": [8, 1.5, 8.5, 2], "texture": "#1"},
				"south": {"uv": [2, 8, 2.5, 8.5], "texture": "#1"},
				"west": {"uv": [8, 2, 8.5, 2.5], "texture": "#1"},
				"up": {"uv": [3, 8.5, 2.5, 8], "texture": "#1"},
				"down": {"uv": [8.5, 2.5, 8, 3], "texture": "#1"}
			}
		},
		{
			"from": [16.575, 11.95, 2.5],
			"to": [17.575, 12.95, 3.5],
			"faces": {
				"north": {"uv": [3, 8, 3.5, 8.5], "texture": "#1"},
				"east": {"uv": [8, 3, 8.5, 3.5], "texture": "#1"},
				"south": {"uv": [3.5, 8, 4, 8.5], "texture": "#1"},
				"west": {"uv": [8, 3.5, 8.5, 4], "texture": "#1"},
				"up": {"uv": [4.5, 8.5, 4, 8], "texture": "#1"},
				"down": {"uv": [8.5, 4, 8, 4.5], "texture": "#1"}
			}
		},
		{
			"from": [17.575, 11.95, 2.5],
			"to": [18.575, 12.95, 3.5],
			"faces": {
				"north": {"uv": [4.5, 8, 5, 8.5], "texture": "#1"},
				"east": {"uv": [8, 4.5, 8.5, 5], "texture": "#1"},
				"south": {"uv": [5, 8, 5.5, 8.5], "texture": "#1"},
				"west": {"uv": [8, 5, 8.5, 5.5], "texture": "#1"},
				"up": {"uv": [6, 8.5, 5.5, 8], "texture": "#1"},
				"down": {"uv": [8.5, 5.5, 8, 6], "texture": "#1"}
			}
		},
		{
			"from": [20.575, 11.95, -0.5],
			"to": [21.575, 12.95, 0.5],
			"faces": {
				"north": {"uv": [6, 8, 6.5, 8.5], "texture": "#1"},
				"east": {"uv": [8, 6, 8.5, 6.5], "texture": "#1"},
				"south": {"uv": [6.5, 8, 7, 8.5], "texture": "#1"},
				"west": {"uv": [8, 6.5, 8.5, 7], "texture": "#1"},
				"up": {"uv": [7.5, 8.5, 7, 8], "texture": "#1"},
				"down": {"uv": [8.5, 7, 8, 7.5], "texture": "#1"}
			}
		},
		{
			"from": [19.575, 11.95, -1.5],
			"to": [20.575, 12.95, -0.5],
			"faces": {
				"north": {"uv": [7.5, 8, 8, 8.5], "texture": "#1"},
				"east": {"uv": [8, 7.5, 8.5, 8], "texture": "#1"},
				"south": {"uv": [8, 8, 8.5, 8.5], "texture": "#1"},
				"west": {"uv": [0, 8.5, 0.5, 9], "texture": "#1"},
				"up": {"uv": [9, 0.5, 8.5, 0], "texture": "#1"},
				"down": {"uv": [1, 8.5, 0.5, 9], "texture": "#1"}
			}
		},
		{
			"from": [19.575, 11.95, 3.5],
			"to": [20.575, 12.95, 4.5],
			"faces": {
				"north": {"uv": [8.5, 0.5, 9, 1], "texture": "#1"},
				"east": {"uv": [1, 8.5, 1.5, 9], "texture": "#1"},
				"south": {"uv": [8.5, 1, 9, 1.5], "texture": "#1"},
				"west": {"uv": [1.5, 8.5, 2, 9], "texture": "#1"},
				"up": {"uv": [9, 2, 8.5, 1.5], "texture": "#1"},
				"down": {"uv": [2.5, 8.5, 2, 9], "texture": "#1"}
			}
		},
		{
			"from": [14.575, 11.95, -2.5],
			"to": [15.575, 12.95, -1.5],
			"faces": {
				"north": {"uv": [8.5, 2, 9, 2.5], "texture": "#1"},
				"east": {"uv": [2.5, 8.5, 3, 9], "texture": "#1"},
				"south": {"uv": [8.5, 2.5, 9, 3], "texture": "#1"},
				"west": {"uv": [3, 8.5, 3.5, 9], "texture": "#1"},
				"up": {"uv": [9, 3.5, 8.5, 3], "texture": "#1"},
				"down": {"uv": [4, 8.5, 3.5, 9], "texture": "#1"}
			}
		},
		{
			"from": [11.575, 11.45, -2.5],
			"to": [13.575, 13.45, -1.5],
			"faces": {
				"north": {"uv": [4, 5.5, 5, 6.5], "texture": "#1"},
				"east": {"uv": [1.5, 7, 2, 8], "texture": "#1"},
				"south": {"uv": [5, 5.5, 6, 6.5], "texture": "#1"},
				"west": {"uv": [2, 7, 2.5, 8], "texture": "#1"},
				"up": {"uv": [7.5, 6.5, 6.5, 6], "texture": "#1"},
				"down": {"uv": [8, 2, 7, 2.5], "texture": "#1"}
			}
		}
	],
	"display": {
		"thirdperson_righthand": {
			"rotation": [35, 90, 0],
			"translation": [5.75, 3.5, 0.5],
			"scale": [0.75, 0.75, 0.75]
		},
		"thirdperson_lefthand": {
			"rotation": [-60, 90, 0],
			"translation": [5.75, 3.5, 0.25],
			"scale": [0.75, 0.75, 0.75]
		},
		"firstperson_righthand": {
			"rotation": [-30, -90, 0],
			"translation": [0.25, -0.75, -7.75],
			"scale": [1.5, 1.5, 1.5]
		},
		"firstperson_lefthand": {
			"rotation": [60, -90, 0],
			"translation": [0.25, -0.75, -7.75],
			"scale": [1.5, 1.5, 1.5]
		},
		"ground": {
			"rotation": [180, 0, 0]
		},
		"gui": {
			"translation": [-0.5, 0.25, 0],
			"scale": [0.6, 0.6, 0.6]
		},
		"head": {
			"rotation": [0, 0, -90],
			"translation": [-10.75, 11, 7.75]
		},
		"fixed": {
			"rotation": [0, -90, 0],
			"translation": [-15, -9.75, -7.5],
			"scale": [2, 2, 2]
		}
	},
	"groups": [
		{
			"name": "diamond_sword",
			"origin": [8, 8, 8],
			"color": 0,
			"children": [0, 1, 2, 3, 4, 5, 6, 7, 8, 9, 10, 11, 12, 13, 14, 15, 16, 17, 18]
		},
		{
			"name": "group",
			"origin": [0, 0, 0],
			"color": 0,
			"children": [19, 20, 21, 22, 23, 24, 25, 26, 27, 28, 29, 30, 31, 32, 33, 34, 35, 36, 37, 38, 39, 40, 41]
		}
	]
}