{
	"credit": "Made with Blockbench",
	"texture_size": [128, 128],
	"textures": {
		"1": "ozdoby:item/hvezda"
	},
	"elements": [
		{
			"from": [7, -16, 7],
			"to": [9, 32, 9],
			"rotation": {"angle": 0, "axis": "z", "origin": [8, 8, 8]},
			"faces": {
				"north": {"uv": [4, 5.25, 4.25, 11.25], "texture": "#1"},
				"east": {"uv": [2.75, 5.5, 3, 11.5], "texture": "#1"},
				"south": {"uv": [3, 5.5, 3.25, 11.5], "texture": "#1"},
				"west": {"uv": [0, 6, 0.25, 12], "texture": "#1"},
				"up": {"uv": [2.5, 3.25, 2.25, 3], "texture": "#1"},
				"down": {"uv": [2.75, 3, 2.5, 3.25], "texture": "#1"}
			}
		},
		{
			"from": [7, -5, 7],
			"to": [9, 27, 9],
			"rotation": {"angle": 45, "axis": "z", "origin": [8, 11, 8]},
			"faces": {
				"north": {"uv": [0.75, 6, 1, 10], "texture": "#1"},
				"east": {"uv": [4.875, 7, 5.125, 11], "texture": "#1"},
				"south": {"uv": [2, 7.75, 2.25, 11.75], "texture": "#1"},
				"west": {"uv": [2.25, 7.75, 2.5, 11.75], "texture": "#1"},
				"up": {"uv": [3, 3.25, 2.75, 3], "texture": "#1"},
				"down": {"uv": [2.25, 5, 2, 5.25], "texture": "#1"}
			}
		},
		{
			"from": [-8, 10, 7],
			"to": [24, 12, 9],
			"rotation": {"angle": 45, "axis": "z", "origin": [8, 11, 8]},
			"faces": {
				"north": {"uv": [7.75, 4.75, 11.75, 5], "texture": "#1"},
				"east": {"uv": [2, 5.25, 2.25, 5.5], "texture": "#1"},
				"south": {"uv": [6.75, 8, 10.75, 8.25], "texture": "#1"},
				"west": {"uv": [9.75, 5.75, 10, 6], "texture": "#1"},
				"up": {"uv": [10.75, 8.5, 6.75, 8.25], "texture": "#1"},
				"down": {"uv": [12.5, 0.5, 8.5, 0.75], "texture": "#1"}
			}
		},
		{
			"from": [-11, 10, 7],
			"to": [27, 12, 9],
			"rotation": {"angle": 0, "axis": "z", "origin": [8, 11, 8]},
			"faces": {
				"north": {"uv": [7.75, 3.75, 12.5, 4], "texture": "#1"},
				"east": {"uv": [9.75, 7.75, 10, 8], "texture": "#1"},
				"south": {"uv": [7.75, 4, 12.5, 4.25], "texture": "#1"},
				"west": {"uv": [10, 3.5, 10.25, 3.75], "texture": "#1"},
				"up": {"uv": [12.5, 4.5, 7.75, 4.25], "texture": "#1"},
				"down": {"uv": [12.5, 4.5, 7.75, 4.75], "texture": "#1"}
			}
		},
		{
			"from": [6, -5, 6],
			"to": [10, 27, 10],
			"rotation": {"angle": 0, "axis": "y", "origin": [8, 4, 8]},
			"faces": {
				"north": {"uv": [1, 4, 1.5, 8], "texture": "#1"},
				"east": {"uv": [1.5, 4, 2, 8], "texture": "#1"},
				"south": {"uv": [4.25, 1, 4.75, 5], "texture": "#1"},
				"west": {"uv": [4.75, 1, 5.25, 5], "texture": "#1"},
				"up": {"uv": [10.5, 3, 10, 2.5], "texture": "#1"},
				"down": {"uv": [10.5, 3, 10, 3.5], "texture": "#1"}
			}
		},
		{
			"from": [6, -1, 6],
			"to": [10, 23, 10],
			"rotation": {"angle": 45, "axis": "z", "origin": [8, 11, 8]},
			"faces": {
				"north": {"uv": [0.25, 6, 0.75, 9], "texture": "#1"},
				"east": {"uv": [5.25, 6.5, 5.75, 9.5], "texture": "#1"},
				"south": {"uv": [5.75, 6.5, 6.25, 9.5], "texture": "#1"},
				"west": {"uv": [6.25, 6.5, 6.75, 9.5], "texture": "#1"},
				"up": {"uv": [10.25, 0.5, 9.75, 0], "texture": "#1"},
				"down": {"uv": [10.25, 6.25, 9.75, 6.75], "texture": "#1"}
			}
		},
		{
			"from": [-6, 9, 6],
			"to": [22, 13, 10],
			"rotation": {"angle": 0, "axis": "z", "origin": [8, 11, 8]},
			"faces": {
				"north": {"uv": [5.25, 5, 8.75, 5.5], "texture": "#1"},
				"east": {"uv": [9.75, 6.75, 10.25, 7.25], "texture": "#1"},
				"south": {"uv": [5.25, 5.5, 8.75, 6], "texture": "#1"},
				"west": {"uv": [9.75, 7.25, 10.25, 7.75], "texture": "#1"},
				"up": {"uv": [8.75, 6.5, 5.25, 6], "texture": "#1"},
				"down": {"uv": [9.75, 0, 6.25, 0.5], "texture": "#1"}
			}
		},
		{
			"from": [-4, 9, 6],
			"to": [20, 13, 10],
			"rotation": {"angle": 45, "axis": "z", "origin": [8, 11, 8]},
			"faces": {
				"north": {"uv": [6.75, 6.5, 9.75, 7], "texture": "#1"},
				"east": {"uv": [9.75, 8.5, 10.25, 9], "texture": "#1"},
				"south": {"uv": [6.75, 7, 9.75, 7.5], "texture": "#1"},
				"west": {"uv": [9.75, 9, 10.25, 9.5], "texture": "#1"},
				"up": {"uv": [9.75, 8, 6.75, 7.5], "texture": "#1"},
				"down": {"uv": [10.75, 2, 7.75, 2.5], "texture": "#1"}
			}
		},
		{
			"from": [5, -1, 5],
			"to": [11, 23, 11],
			"rotation": {"angle": 0, "axis": "y", "origin": [8, 4, 8]},
			"faces": {
				"north": {"uv": [0, 0, 0.75, 3], "texture": "#1"},
				"east": {"uv": [0.75, 0, 1.5, 3], "texture": "#1"},
				"south": {"uv": [1.5, 0, 2.25, 3], "texture": "#1"},
				"west": {"uv": [2.25, 0, 3, 3], "texture": "#1"},
				"up": {"uv": [1.75, 9.75, 1, 9], "texture": "#1"},
				"down": {"uv": [10.25, 0.75, 9.5, 1.5], "texture": "#1"}
			}
		},
		{
			"from": [5, 2, 5.5],
			"to": [11, 20, 10.5],
			"rotation": {"angle": 45, "axis": "z", "origin": [8, 11, 8]},
			"faces": {
				"north": {"uv": [3.25, 5.25, 4, 7.5], "texture": "#1"},
				"east": {"uv": [4.25, 7, 4.875, 9.25], "texture": "#1"},
				"south": {"uv": [2, 5.5, 2.75, 7.75], "texture": "#1"},
				"west": {"uv": [3.25, 7.5, 3.875, 9.75], "texture": "#1"},
				"up": {"uv": [10.375, 10.125, 9.625, 9.5], "texture": "#1"},
				"down": {"uv": [1.75, 9.75, 1, 10.375], "texture": "#1"}
			}
		},
		{
			"from": [-2, 8, 5.25],
			"to": [18, 14, 10.75],
			"rotation": {"angle": 0, "axis": "z", "origin": [8, 11, 8]},
			"faces": {
				"north": {"uv": [5.25, 2, 7.75, 2.75], "texture": "#1"},
				"east": {"uv": [5.125, 9.5, 5.875, 10.25], "texture": "#1"},
				"south": {"uv": [5.25, 2.75, 7.75, 3.5], "texture": "#1"},
				"west": {"uv": [5.875, 9.5, 6.625, 10.25], "texture": "#1"},
				"up": {"uv": [7.75, 4.25, 5.25, 3.5], "texture": "#1"},
				"down": {"uv": [7.75, 4.25, 5.25, 5], "texture": "#1"}
			}
		},
		{
			"from": [-1, 8, 5.5],
			"to": [17, 14, 10.5],
			"rotation": {"angle": 45, "axis": "z", "origin": [8, 11, 8]},
			"faces": {
				"north": {"uv": [6.25, 0.5, 8.5, 1.25], "texture": "#1"},
				"east": {"uv": [3.25, 9.75, 3.875, 10.5], "texture": "#1"},
				"south": {"uv": [6.25, 1.25, 8.5, 2], "texture": "#1"},
				"west": {"uv": [9.75, 5, 10.375, 5.75], "texture": "#1"},
				"up": {"uv": [10, 3.125, 7.75, 2.5], "texture": "#1"},
				"down": {"uv": [10, 3.125, 7.75, 3.75], "texture": "#1"}
			}
		},
		{
			"from": [-0.75, 10, 3.975],
			"to": [16.8, 12, 12.025],
			"rotation": {"angle": 0, "axis": "y", "origin": [0, 3, 0]},
			"faces": {
				"north": {"uv": [8.5, 1.75, 10.75, 2], "texture": "#1"},
				"east": {"uv": [8.75, 6.25, 9.75, 6.5], "texture": "#1"},
				"south": {"uv": [8.75, 6, 11, 6.25], "texture": "#1"},
				"west": {"uv": [9.5, 1.5, 10.5, 1.75], "texture": "#1"},
				"up": {"uv": [2.25, 4, 0, 3], "texture": "#1"},
				"down": {"uv": [5.25, 0, 3, 1], "texture": "#1"}
			}
		},
		{
			"from": [7, 3, 4],
			"to": [9, 19, 12],
			"rotation": {"angle": -45, "axis": "z", "origin": [8, 11, 8]},
			"faces": {
				"north": {"uv": [1.75, 9, 2, 11], "texture": "#1"},
				"east": {"uv": [3.25, 3.25, 4.25, 5.25], "texture": "#1"},
				"south": {"uv": [8.875, 9.5, 9.125, 11.5], "texture": "#1"},
				"west": {"uv": [0, 4, 1, 6], "texture": "#1"},
				"up": {"uv": [2.25, 5, 2, 4], "texture": "#1"},
				"down": {"uv": [1, 10, 0.75, 11], "texture": "#1"}
			}
		},
		{
			"from": [7, 3, 4],
			"to": [9, 19, 12],
			"rotation": {"angle": 45, "axis": "z", "origin": [8, 11, 8]},
			"faces": {
				"north": {"uv": [9.125, 9.5, 9.375, 11.5], "texture": "#1"},
				"east": {"uv": [4.25, 5, 5.25, 7], "texture": "#1"},
				"south": {"uv": [9.375, 9.5, 9.625, 11.5], "texture": "#1"},
				"west": {"uv": [5.25, 0, 6.25, 2], "texture": "#1"},
				"up": {"uv": [2.75, 11, 2.5, 10], "texture": "#1"},
				"down": {"uv": [6.875, 10, 6.625, 11], "texture": "#1"}
			}
		},
		{
			"from": [7, 2, 3.975],
			"to": [9, 20, 12.025],
			"rotation": {"angle": 0, "axis": "z", "origin": [8, 11, 8]},
			"faces": {
				"north": {"uv": [4, 1, 4.25, 3.25], "texture": "#1"},
				"east": {"uv": [3, 1, 4, 3.25], "texture": "#1"},
				"south": {"uv": [2.5, 7.75, 2.75, 10], "texture": "#1"},
				"west": {"uv": [2.25, 3.25, 3.25, 5.5], "texture": "#1"},
				"up": {"uv": [7.125, 11, 6.875, 10], "texture": "#1"},
				"down": {"uv": [7.375, 10, 7.125, 11], "texture": "#1"}
			}
		},
		{
			"from": [4, 7, 3.925],
			"to": [12, 15, 12.1],
			"rotation": {"angle": 0, "axis": "y", "origin": [0, 3, 0]},
			"faces": {
				"north": {"uv": [1, 8, 2, 9], "texture": "#1"},
				"east": {"uv": [8.5, 0.75, 9.5, 1.75], "texture": "#1"},
				"south": {"uv": [6.75, 8.5, 7.75, 9.5], "texture": "#1"},
				"west": {"uv": [7.75, 8.5, 8.75, 9.5], "texture": "#1"},
				"up": {"uv": [9.75, 6, 8.75, 5], "texture": "#1"},
				"down": {"uv": [9.75, 8.5, 8.75, 9.5], "texture": "#1"}
			}
		},
		{
			"from": [6, 9, 3.4],
			"to": [10, 13, 12.575],
			"rotation": {"angle": 45, "axis": "z", "origin": [8, 11, 8.0125]},
			"faces": {
				"north": {"uv": [7.375, 10, 7.875, 10.5], "texture": "#1"},
				"east": {"uv": [6.625, 9.5, 7.75, 10], "texture": "#1"},
				"south": {"uv": [7.875, 10, 8.375, 10.5], "texture": "#1"},
				"west": {"uv": [7.75, 9.5, 8.875, 10], "texture": "#1"},
				"up": {"uv": [0.75, 10.125, 0.25, 9], "texture": "#1"},
				"down": {"uv": [4.75, 9.25, 4.25, 10.375], "texture": "#1"}
			}
		}
	],
	"display": {
		"thirdperson_righthand": {
			"translation": [0, 2.75, 0],
			"scale": [0.25, 0.25, 0.25]
		},
		"thirdperson_lefthand": {
			"translation": [0, 2.75, 0],
			"scale": [0.25, 0.25, 0.25]
		},
		"firstperson_righthand": {
			"translation": [3.25, 2.75, 0],
			"scale": [0.25, 0.25, 0.25]
		},
		"firstperson_lefthand": {
			"translation": [3.25, 2.75, 0],
			"scale": [0.25, 0.25, 0.25]
		},
		"ground": {
			"scale": [0.35, 0.35, 0.35]
		},
		"gui": {
			"rotation": [25, 25, 0],
			"translation": [0, 0.25, 0],
			"scale": [0.3, 0.3, 0.3]
		},
		"head": {
			"translation": [0, 63.75, 0],
			"scale": [4, 4, 4]
		},
		"fixed": {
			"scale": [0.4, 0.4, 0.4]
		}
	}
}