{
	"credit": "Made with Blockbench",
	"texture_size": [64, 64],
	"textures": {
		"0": "ozdoby:item/stromek",
		"6": "ozdoby:item/ozdoby",
		"particle": "ozdoby:item/stromek"
	},
	"elements": [
		{
			"from": [6, -16, 7],
			"to": [10, -12, 9],
			"rotation": {"angle": 0, "axis": "y", "origin": [8, -14, 8]},
			"faces": {
				"north": {"uv": [12.625, 0.875, 13.125, 1.375], "texture": "#0"},
				"east": {"uv": [3.625, 6, 3.875, 6.5], "texture": "#0"},
				"south": {"uv": [12.625, 1.375, 13.125, 1.875], "texture": "#0"},
				"west": {"uv": [5, 9.5, 5.25, 10], "texture": "#0"},
				"up": {"uv": [7.25, 2.875, 6.75, 2.625], "texture": "#0"},
				"down": {"uv": [8.375, 0.625, 7.875, 0.875], "texture": "#0"}
			}
		},
		{
			"from": [7, -16, 6],
			"to": [9, -12, 7],
			"rotation": {"angle": 0, "axis": "y", "origin": [0, -25, 0]},
			"faces": {
				"north": {"uv": [5.25, 12.375, 5.5, 12.875], "texture": "#0"},
				"east": {"uv": [4.875, 6.5, 5, 7], "texture": "#0"},
				"south": {"uv": [3, 12.875, 3.25, 13.375], "texture": "#0"},
				"west": {"uv": [4.875, 7, 5, 7.5], "texture": "#0"},
				"up": {"uv": [7.75, 2.875, 7.5, 2.75], "texture": "#0"},
				"down": {"uv": [1.75, 7.875, 1.5, 8], "texture": "#0"}
			}
		},
		{
			"from": [7, -16, 9],
			"to": [9, -12, 10],
			"rotation": {"angle": 0, "axis": "y", "origin": [0, -25, 0]},
			"faces": {
				"north": {"uv": [9.625, 12.875, 9.875, 13.375], "texture": "#0"},
				"east": {"uv": [4.875, 7.5, 5, 8], "texture": "#0"},
				"south": {"uv": [9.875, 12.875, 10.125, 13.375], "texture": "#0"},
				"west": {"uv": [9.375, 10.875, 9.5, 11.375], "texture": "#0"},
				"up": {"uv": [2, 8, 1.75, 7.875], "texture": "#0"},
				"down": {"uv": [8.125, 4, 7.875, 4.125], "texture": "#0"}
			}
		},
		{
			"from": [12, -10.5, 0],
			"to": [21, -5.5, 16],
			"rotation": {"angle": -22.5, "axis": "z", "origin": [15.5, -7.5, 8]},
			"faces": {
				"north": {"uv": [10.75, 2.125, 11.875, 2.75], "texture": "#0"},
				"east": {"uv": [5.875, 2.875, 7.875, 3.5], "texture": "#0"},
				"south": {"uv": [10.75, 3.75, 11.875, 4.375], "texture": "#0"},
				"west": {"uv": [5.875, 3.5, 7.875, 4.125], "texture": "#0"},
				"up": {"uv": [3.875, 2, 2.75, 0], "texture": "#0"},
				"down": {"uv": [3.875, 2, 2.75, 4], "texture": "#0"}
			}
		},
		{
			"from": [0, -10.5, -5],
			"to": [16, -5.5, 4],
			"rotation": {"angle": -22.5, "axis": "x", "origin": [8, -7.5, 0.5]},
			"faces": {
				"north": {"uv": [7, 4.125, 9, 4.75], "texture": "#0"},
				"east": {"uv": [10.75, 4.375, 11.875, 5], "texture": "#0"},
				"south": {"uv": [7, 4.75, 9, 5.375], "texture": "#0"},
				"west": {"uv": [5, 10.75, 6.125, 11.375], "texture": "#0"},
				"up": {"uv": [5.875, 1.125, 3.875, 0], "texture": "#0"},
				"down": {"uv": [5.875, 1.125, 3.875, 2.25], "texture": "#0"}
			}
		},
		{
			"from": [0, -10.5, 12],
			"to": [16, -5.5, 21],
			"rotation": {"angle": 22.5, "axis": "x", "origin": [8, -7.5, 15.5]},
			"faces": {
				"north": {"uv": [7, 5.375, 9, 6], "texture": "#0"},
				"east": {"uv": [10.75, 5, 11.875, 5.625], "texture": "#0"},
				"south": {"uv": [7.25, 6, 9.25, 6.625], "texture": "#0"},
				"west": {"uv": [10.75, 8.25, 11.875, 8.875], "texture": "#0"},
				"up": {"uv": [5.875, 3.375, 3.875, 2.25], "texture": "#0"},
				"down": {"uv": [5.875, 3.375, 3.875, 4.5], "texture": "#0"}
			}
		},
		{
			"from": [-5, -10.5, 0],
			"to": [4, -5.5, 16],
			"rotation": {"angle": 22.5, "axis": "z", "origin": [0.5, -7.5, 8]},
			"faces": {
				"north": {"uv": [10.75, 8.875, 11.875, 9.5], "texture": "#0"},
				"east": {"uv": [7.25, 6.625, 9.25, 7.25], "texture": "#0"},
				"south": {"uv": [10.75, 9.5, 11.875, 10.125], "texture": "#0"},
				"west": {"uv": [7.25, 7.25, 9.25, 7.875], "texture": "#0"},
				"up": {"uv": [3.875, 6, 2.75, 4], "texture": "#0"},
				"down": {"uv": [5, 4.5, 3.875, 6.5], "texture": "#0"}
			}
		},
		{
			"from": [5, -12, 9],
			"to": [11, -7, 23],
			"rotation": {"angle": -45, "axis": "y", "origin": [8, -11, 8]},
			"faces": {
				"north": {"uv": [6.5, 11.375, 7.25, 12], "texture": "#0"},
				"east": {"uv": [3.5, 8.25, 5.25, 8.875], "texture": "#0"},
				"south": {"uv": [11.5, 11.375, 12.25, 12], "texture": "#0"},
				"west": {"uv": [7.25, 8.5, 9, 9.125], "texture": "#0"},
				"up": {"uv": [6.5, 8, 5.75, 6.25], "texture": "#0"},
				"down": {"uv": [0.75, 6.375, 0, 8.125], "texture": "#0"}
			}
		},
		{
			"from": [5, -12, -7],
			"to": [11, -7, 7],
			"rotation": {"angle": -45, "axis": "y", "origin": [8, -11, 8]},
			"faces": {
				"north": {"uv": [0, 11.625, 0.75, 12.25], "texture": "#0"},
				"east": {"uv": [0, 8.625, 1.75, 9.25], "texture": "#0"},
				"south": {"uv": [3.5, 11.75, 4.25, 12.375], "texture": "#0"},
				"west": {"uv": [1.75, 8.625, 3.5, 9.25], "texture": "#0"},
				"up": {"uv": [1.5, 8.125, 0.75, 6.375], "texture": "#0"},
				"down": {"uv": [4.375, 6.5, 3.625, 8.25], "texture": "#0"}
			}
		},
		{
			"from": [5, -12, 9],
			"to": [11, -7, 22],
			"rotation": {"angle": 45, "axis": "y", "origin": [8, -11, 8]},
			"faces": {
				"north": {"uv": [11.875, 1.875, 12.625, 2.5], "texture": "#0"},
				"east": {"uv": [9.25, 6.5, 10.875, 7.125], "texture": "#0"},
				"south": {"uv": [2.5, 11.875, 3.25, 12.5], "texture": "#0"},
				"west": {"uv": [9.25, 7.125, 10.875, 7.75], "texture": "#0"},
				"up": {"uv": [6.5, 9.625, 5.75, 8], "texture": "#0"},
				"down": {"uv": [7.25, 8, 6.5, 9.625], "texture": "#0"}
			}
		},
		{
			"from": [5, -12, -7],
			"to": [11, -7, 7],
			"rotation": {"angle": 45, "axis": "y", "origin": [8, -11, 8]},
			"faces": {
				"north": {"uv": [11.875, 2.5, 12.625, 3.125], "texture": "#0"},
				"east": {"uv": [3.5, 8.875, 5.25, 9.5], "texture": "#0"},
				"south": {"uv": [11.875, 3.125, 12.625, 3.75], "texture": "#0"},
				"west": {"uv": [9, 4, 10.75, 4.625], "texture": "#0"},
				"up": {"uv": [7.25, 8, 6.5, 6.25], "texture": "#0"},
				"down": {"uv": [7.5, 0.875, 6.75, 2.625], "texture": "#0"}
			}
		},
		{
			"from": [-3, -11.9, -3],
			"to": [19, -11.9, 19],
			"rotation": {"angle": 0, "axis": "y", "origin": [8, -11.9, 8]},
			"faces": {
				"north": {"uv": [0, 0, 2.75, 0], "texture": "#0"},
				"east": {"uv": [0, 0, 2.75, 0], "texture": "#0"},
				"south": {"uv": [0, 0, 2.75, 0], "texture": "#0"},
				"west": {"uv": [0, 0, 2.75, 0], "texture": "#0"},
				"up": {"uv": [2.75, 2.75, 0, 0], "texture": "#0"},
				"down": {"uv": [2.75, 2.75, 0, 5.5], "texture": "#0"}
			}
		},
		{
			"from": [13, -5.5, 0],
			"to": [19, -0.5, 16],
			"rotation": {"angle": -22.5, "axis": "z", "origin": [15.5, -2.5, 8]},
			"faces": {
				"north": {"uv": [11.875, 3.75, 12.625, 4.375], "texture": "#0"},
				"east": {"uv": [7.5, 0.875, 9.5, 1.5], "texture": "#0"},
				"south": {"uv": [11.875, 4.375, 12.625, 5], "texture": "#0"},
				"west": {"uv": [7.5, 1.5, 9.5, 2.125], "texture": "#0"},
				"up": {"uv": [3.625, 8, 2.875, 6], "texture": "#0"},
				"down": {"uv": [5.75, 6.25, 5, 8.25], "texture": "#0"}
			}
		},
		{
			"from": [0, -5.5, -3],
			"to": [16, -0.5, 4],
			"rotation": {"angle": -22.5, "axis": "x", "origin": [8, -2.5, 0.5]},
			"faces": {
				"north": {"uv": [7.5, 2.125, 9.5, 2.75], "texture": "#0"},
				"east": {"uv": [0, 11, 0.875, 11.625], "texture": "#0"},
				"south": {"uv": [7.875, 0, 9.875, 0.625], "texture": "#0"},
				"west": {"uv": [11, 5.625, 11.875, 6.25], "texture": "#0"},
				"up": {"uv": [7, 5.375, 5, 4.5], "texture": "#0"},
				"down": {"uv": [7, 5.375, 5, 6.25], "texture": "#0"}
			}
		},
		{
			"from": [0, -5.5, 12],
			"to": [16, -0.5, 19],
			"rotation": {"angle": 22.5, "axis": "x", "origin": [8, -2.5, 15.5]},
			"faces": {
				"north": {"uv": [7.875, 2.75, 9.875, 3.375], "texture": "#0"},
				"east": {"uv": [11, 7.5, 11.875, 8.125], "texture": "#0"},
				"south": {"uv": [7.875, 3.375, 9.875, 4], "texture": "#0"},
				"west": {"uv": [11.125, 0, 12, 0.625], "texture": "#0"},
				"up": {"uv": [2, 6.375, 0, 5.5], "texture": "#0"},
				"down": {"uv": [7.875, 0, 5.875, 0.875], "texture": "#0"}
			}
		},
		{
			"from": [-3, -5.5, 0],
			"to": [4, -0.5, 16],
			"rotation": {"angle": 22.5, "axis": "z", "origin": [0.5, -2.5, 8]},
			"faces": {
				"north": {"uv": [11.25, 0.625, 12.125, 1.25], "texture": "#0"},
				"east": {"uv": [7.25, 7.875, 9.25, 8.5], "texture": "#0"},
				"south": {"uv": [11.25, 1.25, 12.125, 1.875], "texture": "#0"},
				"west": {"uv": [1.5, 8, 3.5, 8.625], "texture": "#0"},
				"up": {"uv": [6.75, 2.875, 5.875, 0.875], "texture": "#0"},
				"down": {"uv": [2.875, 6, 2, 8], "texture": "#0"}
			}
		},
		{
			"from": [6, -6, 9],
			"to": [10, -2, 21],
			"rotation": {"angle": -45, "axis": "y", "origin": [8, -5, 8]},
			"faces": {
				"north": {"uv": [12.625, 1.875, 13.125, 2.375], "texture": "#0"},
				"east": {"uv": [0, 8.125, 1.5, 8.625], "texture": "#0"},
				"south": {"uv": [12.625, 2.375, 13.125, 2.875], "texture": "#0"},
				"west": {"uv": [9.875, 2.75, 11.375, 3.25], "texture": "#0"},
				"up": {"uv": [2, 7.875, 1.5, 6.375], "texture": "#0"},
				"down": {"uv": [5, 9.5, 4.5, 11], "texture": "#0"}
			}
		},
		{
			"from": [6, -6, -5],
			"to": [10, -2, 7],
			"rotation": {"angle": -45, "axis": "y", "origin": [8, -5, 8]},
			"faces": {
				"north": {"uv": [12.625, 2.875, 13.125, 3.375], "texture": "#0"},
				"east": {"uv": [9.875, 3.25, 11.375, 3.75], "texture": "#0"},
				"south": {"uv": [12.625, 3.375, 13.125, 3.875], "texture": "#0"},
				"west": {"uv": [5, 10.25, 6.5, 10.75], "texture": "#0"},
				"up": {"uv": [3, 11.375, 2.5, 9.875], "texture": "#0"},
				"down": {"uv": [3.5, 9.875, 3, 11.375], "texture": "#0"}
			}
		},
		{
			"from": [6, -6, 9],
			"to": [10, -2, 21],
			"rotation": {"angle": 45, "axis": "y", "origin": [8, -5, 8]},
			"faces": {
				"north": {"uv": [12.625, 3.875, 13.125, 4.375], "texture": "#0"},
				"east": {"uv": [6.5, 10.375, 8, 10.875], "texture": "#0"},
				"south": {"uv": [12.625, 4.375, 13.125, 4.875], "texture": "#0"},
				"west": {"uv": [8, 10.375, 9.5, 10.875], "texture": "#0"},
				"up": {"uv": [10, 11.875, 9.5, 10.375], "texture": "#0"},
				"down": {"uv": [10.5, 10.375, 10, 11.875], "texture": "#0"}
			}
		},
		{
			"from": [6, -6, -5],
			"to": [10, -2, 7],
			"rotation": {"angle": 45, "axis": "y", "origin": [8, -5, 8]},
			"faces": {
				"north": {"uv": [12.625, 6.5, 13.125, 7], "texture": "#0"},
				"east": {"uv": [0, 10.5, 1.5, 11], "texture": "#0"},
				"south": {"uv": [11.25, 12.625, 11.75, 13.125], "texture": "#0"},
				"west": {"uv": [10.5, 10.375, 12, 10.875], "texture": "#0"},
				"up": {"uv": [2, 12, 1.5, 10.5], "texture": "#0"},
				"down": {"uv": [2.5, 10.5, 2, 12], "texture": "#0"}
			}
		},
		{
			"from": [1, 0.11209, 11.92284],
			"to": [15, 5.11209, 15.92284],
			"rotation": {"angle": 22.5, "axis": "x", "origin": [8, 2.61209, 13.92284]},
			"faces": {
				"north": {"uv": [9, 4.625, 10.75, 5.25], "texture": "#0"},
				"east": {"uv": [11.375, 12, 11.875, 12.625], "texture": "#0"},
				"south": {"uv": [9, 5.25, 10.75, 5.875], "texture": "#0"},
				"west": {"uv": [11.875, 12, 12.375, 12.625], "texture": "#0"},
				"up": {"uv": [11, 8.25, 9.25, 7.75], "texture": "#0"},
				"down": {"uv": [11.25, 0.625, 9.5, 1.125], "texture": "#0"}
			}
		},
		{
			"from": [0, -0.5, 1],
			"to": [4, 4.5, 15],
			"rotation": {"angle": 22.5, "axis": "z", "origin": [0.5, 2.5, 8]},
			"faces": {
				"north": {"uv": [12.125, 0.5, 12.625, 1.125], "texture": "#0"},
				"east": {"uv": [9, 8.5, 10.75, 9.125], "texture": "#0"},
				"south": {"uv": [12.125, 1.125, 12.625, 1.75], "texture": "#0"},
				"west": {"uv": [7.25, 9.125, 9, 9.75], "texture": "#0"},
				"up": {"uv": [4.875, 8.25, 4.375, 6.5], "texture": "#0"},
				"down": {"uv": [5.75, 8.25, 5.25, 10], "texture": "#0"}
			}
		},
		{
			"from": [7, 1, 9],
			"to": [9, 4, 18.25],
			"rotation": {"angle": -45, "axis": "y", "origin": [8, 2, 8]},
			"faces": {
				"north": {"uv": [3.25, 13, 3.5, 13.375], "texture": "#0"},
				"east": {"uv": [5.875, 4.125, 7, 4.5], "texture": "#0"},
				"south": {"uv": [13, 4.875, 13.25, 5.25], "texture": "#0"},
				"west": {"uv": [11.75, 10.875, 12.875, 11.25], "texture": "#0"},
				"up": {"uv": [3.5, 13, 3.25, 11.875], "texture": "#0"},
				"down": {"uv": [2.5, 12, 2.25, 13.125], "texture": "#0"}
			}
		},
		{
			"from": [7, 1, -2.25],
			"to": [9, 4, 7],
			"rotation": {"angle": -45, "axis": "y", "origin": [8, 2, 8]},
			"faces": {
				"north": {"uv": [13, 5.25, 13.25, 5.625], "texture": "#0"},
				"east": {"uv": [11.875, 5, 13, 5.375], "texture": "#0"},
				"south": {"uv": [13, 5.625, 13.25, 6], "texture": "#0"},
				"west": {"uv": [11.875, 5.375, 13, 5.75], "texture": "#0"},
				"up": {"uv": [5, 13.125, 4.75, 12], "texture": "#0"},
				"down": {"uv": [0.75, 12.25, 0.5, 13.375], "texture": "#0"}
			}
		},
		{
			"from": [7, 1, 9],
			"to": [9, 4, 18.25],
			"rotation": {"angle": 45, "axis": "y", "origin": [8, 2, 8]},
			"faces": {
				"north": {"uv": [13, 6, 13.25, 6.375], "texture": "#0"},
				"east": {"uv": [11.875, 5.75, 13, 6.125], "texture": "#0"},
				"south": {"uv": [13, 7.375, 13.25, 7.75], "texture": "#0"},
				"west": {"uv": [11.875, 6.125, 13, 6.5], "texture": "#0"},
				"up": {"uv": [3.75, 13.5, 3.5, 12.375], "texture": "#0"},
				"down": {"uv": [4, 12.375, 3.75, 13.5], "texture": "#0"}
			}
		},
		{
			"from": [7, 1, -2.25],
			"to": [9, 4, 7],
			"rotation": {"angle": 45, "axis": "y", "origin": [8, 2, 8]},
			"faces": {
				"north": {"uv": [13, 7.75, 13.25, 8.125], "texture": "#0"},
				"east": {"uv": [11.875, 7.5, 13, 7.875], "texture": "#0"},
				"south": {"uv": [13, 11.125, 13.25, 11.5], "texture": "#0"},
				"west": {"uv": [11.875, 7.875, 13, 8.25], "texture": "#0"},
				"up": {"uv": [4.25, 13.5, 4, 12.375], "texture": "#0"},
				"down": {"uv": [5.25, 12.375, 5, 13.5], "texture": "#0"}
			}
		},
		{
			"from": [1, -0.5, 0],
			"to": [15, 4.5, 4],
			"rotation": {"angle": -22.5, "axis": "x", "origin": [8, 2.5, 0.5]},
			"faces": {
				"north": {"uv": [9, 9.125, 10.75, 9.75], "texture": "#0"},
				"east": {"uv": [12.125, 6.5, 12.625, 7.125], "texture": "#0"},
				"south": {"uv": [0, 9.25, 1.75, 9.875], "texture": "#0"},
				"west": {"uv": [7.25, 12.125, 7.75, 12.75], "texture": "#0"},
				"up": {"uv": [11.25, 1.625, 9.5, 1.125], "texture": "#0"},
				"down": {"uv": [11.25, 1.625, 9.5, 2.125], "texture": "#0"}
			}
		},
		{
			"from": [11.92284, 0.11209, 1],
			"to": [15.92284, 5.11209, 15],
			"rotation": {"angle": -22.5, "axis": "z", "origin": [13.92284, 2.61209, 8]},
			"faces": {
				"north": {"uv": [7.75, 12.125, 8.25, 12.75], "texture": "#0"},
				"east": {"uv": [1.75, 9.25, 3.5, 9.875], "texture": "#0"},
				"south": {"uv": [8.25, 12.125, 8.75, 12.75], "texture": "#0"},
				"west": {"uv": [9.25, 5.875, 11, 6.5], "texture": "#0"},
				"up": {"uv": [4, 11.25, 3.5, 9.5], "texture": "#0"},
				"down": {"uv": [4.5, 9.5, 4, 11.25], "texture": "#0"}
			}
		},
		{
			"from": [3, 3.5, 1],
			"to": [13, 8.5, 5],
			"rotation": {"angle": -22.5, "axis": "x", "origin": [8, 6.5, 0.5]},
			"faces": {
				"north": {"uv": [9.5, 2.125, 10.75, 2.75], "texture": "#0"},
				"east": {"uv": [8.75, 12.125, 9.25, 12.75], "texture": "#0"},
				"south": {"uv": [5.75, 9.625, 7, 10.25], "texture": "#0"},
				"west": {"uv": [0, 12.25, 0.5, 12.875], "texture": "#0"},
				"up": {"uv": [7.375, 11.375, 6.125, 10.875], "texture": "#0"},
				"down": {"uv": [12.125, 6.5, 10.875, 7], "texture": "#0"}
			}
		},
		{
			"from": [1, 3.5, 3],
			"to": [5, 8.5, 13],
			"rotation": {"angle": 22.5, "axis": "z", "origin": [0.5, 6.5, 8]},
			"faces": {
				"north": {"uv": [5.5, 12.25, 6, 12.875], "texture": "#0"},
				"east": {"uv": [7, 9.75, 8.25, 10.375], "texture": "#0"},
				"south": {"uv": [6, 12.25, 6.5, 12.875], "texture": "#0"},
				"west": {"uv": [8.25, 9.75, 9.5, 10.375], "texture": "#0"},
				"up": {"uv": [7.875, 12.125, 7.375, 10.875], "texture": "#0"},
				"down": {"uv": [8.375, 10.875, 7.875, 12.125], "texture": "#0"}
			}
		},
		{
			"from": [3, 4.11209, 10.92284],
			"to": [13, 9.11209, 14.92284],
			"rotation": {"angle": 22.5, "axis": "x", "origin": [8, 6.61209, 13.92284]},
			"faces": {
				"north": {"uv": [9.5, 9.75, 10.75, 10.375], "texture": "#0"},
				"east": {"uv": [9.25, 12.25, 9.75, 12.875], "texture": "#0"},
				"south": {"uv": [0, 9.875, 1.25, 10.5], "texture": "#0"},
				"west": {"uv": [9.75, 12.25, 10.25, 12.875], "texture": "#0"},
				"up": {"uv": [12.125, 7.5, 10.875, 7], "texture": "#0"},
				"down": {"uv": [11.75, 10.875, 10.5, 11.375], "texture": "#0"}
			}
		},
		{
			"from": [10.92284, 4.11209, 3],
			"to": [14.92284, 9.11209, 13],
			"rotation": {"angle": -22.5, "axis": "z", "origin": [13.92284, 6.61209, 8]},
			"faces": {
				"north": {"uv": [10.25, 12.25, 10.75, 12.875], "texture": "#0"},
				"east": {"uv": [9.875, 0, 11.125, 0.625], "texture": "#0"},
				"south": {"uv": [10.75, 12.25, 11.25, 12.875], "texture": "#0"},
				"west": {"uv": [1.25, 9.875, 2.5, 10.5], "texture": "#0"},
				"up": {"uv": [8.875, 12.125, 8.375, 10.875], "texture": "#0"},
				"down": {"uv": [9.375, 10.875, 8.875, 12.125], "texture": "#0"}
			}
		},
		{
			"from": [9.92284, 9.11209, 4],
			"to": [13.92284, 12.11209, 12],
			"rotation": {"angle": -22.5, "axis": "z", "origin": [13.92284, 11.61209, 8]},
			"faces": {
				"north": {"uv": [8.25, 12.75, 8.75, 13.125], "texture": "#0"},
				"east": {"uv": [5.5, 11.875, 6.5, 12.25], "texture": "#0"},
				"south": {"uv": [8.75, 12.75, 9.25, 13.125], "texture": "#0"},
				"west": {"uv": [11.875, 8.25, 12.875, 8.625], "texture": "#0"},
				"up": {"uv": [1.375, 12, 0.875, 11], "texture": "#0"},
				"down": {"uv": [5, 11, 4.5, 12], "texture": "#0"}
			}
		},
		{
			"from": [4, 8.5, 2],
			"to": [12, 11.5, 6],
			"rotation": {"angle": -22.5, "axis": "x", "origin": [8, 11.5, 0.5]},
			"faces": {
				"north": {"uv": [11.875, 8.625, 12.875, 9], "texture": "#0"},
				"east": {"uv": [12.75, 10.125, 13.25, 10.5], "texture": "#0"},
				"south": {"uv": [11.875, 9, 12.875, 9.375], "texture": "#0"},
				"west": {"uv": [12.75, 10.5, 13.25, 10.875], "texture": "#0"},
				"up": {"uv": [4.5, 11.75, 3.5, 11.25], "texture": "#0"},
				"down": {"uv": [3.5, 11.375, 2.5, 11.875], "texture": "#0"}
			}
		},
		{
			"from": [2.3076, 9.95357, 4],
			"to": [6.3076, 12.95357, 12],
			"rotation": {"angle": 22.5, "axis": "z", "origin": [4.3076, 11.45357, 8]},
			"faces": {
				"north": {"uv": [12.25, 12.75, 12.75, 13.125], "texture": "#0"},
				"east": {"uv": [9.375, 11.875, 10.375, 12.25], "texture": "#0"},
				"south": {"uv": [12.75, 12.75, 13.25, 13.125], "texture": "#0"},
				"west": {"uv": [11.875, 9.375, 12.875, 9.75], "texture": "#0"},
				"up": {"uv": [11.875, 3.75, 11.375, 2.75], "texture": "#0"},
				"down": {"uv": [5.5, 11.375, 5, 12.375], "texture": "#0"}
			}
		},
		{
			"from": [4, 9.11209, 9.92284],
			"to": [12, 12.11209, 13.92284],
			"rotation": {"angle": 22.5, "axis": "x", "origin": [8, 11.61209, 13.92284]},
			"faces": {
				"north": {"uv": [11.875, 9.75, 12.875, 10.125], "texture": "#0"},
				"east": {"uv": [0, 12.875, 0.5, 13.25], "texture": "#0"},
				"south": {"uv": [10.375, 11.875, 11.375, 12.25], "texture": "#0"},
				"west": {"uv": [2.5, 12.875, 3, 13.25], "texture": "#0"},
				"up": {"uv": [6.5, 11.875, 5.5, 11.375], "texture": "#0"},
				"down": {"uv": [11.5, 11.375, 10.5, 11.875], "texture": "#0"}
			}
		},
		{
			"from": [8.92284, 12.11209, 5],
			"to": [12.92284, 15.11209, 11],
			"rotation": {"angle": -22.5, "axis": "z", "origin": [13.92284, 14.61209, 8]},
			"faces": {
				"north": {"uv": [5.25, 12.875, 5.75, 13.25], "texture": "#0"},
				"east": {"uv": [12.125, 7.125, 12.875, 7.5], "texture": "#0"},
				"south": {"uv": [5.75, 12.875, 6.25, 13.25], "texture": "#0"},
				"west": {"uv": [12.25, 11.25, 13, 11.625], "texture": "#0"},
				"up": {"uv": [1.25, 12.75, 0.75, 12], "texture": "#0"},
				"down": {"uv": [1.75, 12, 1.25, 12.75], "texture": "#0"}
			}
		},
		{
			"from": [5, 12.11209, 8.92284],
			"to": [11, 15.11209, 12.92284],
			"rotation": {"angle": 22.5, "axis": "x", "origin": [8, 14.61209, 13.92284]},
			"faces": {
				"north": {"uv": [12.25, 11.625, 13, 12], "texture": "#0"},
				"east": {"uv": [6.25, 12.875, 6.75, 13.25], "texture": "#0"},
				"south": {"uv": [12.375, 12, 13.125, 12.375], "texture": "#0"},
				"west": {"uv": [6.75, 12.875, 7.25, 13.25], "texture": "#0"},
				"up": {"uv": [2.75, 6, 2, 5.5], "texture": "#0"},
				"down": {"uv": [12.75, 0, 12, 0.5], "texture": "#0"}
			}
		},
		{
			"from": [3.3076, 12.95357, 5],
			"to": [7.3076, 15.95357, 11],
			"rotation": {"angle": 22.5, "axis": "z", "origin": [4.3076, 14.45357, 8]},
			"faces": {
				"north": {"uv": [12.875, 7, 13.375, 7.375], "texture": "#0"},
				"east": {"uv": [12.375, 12.375, 13.125, 12.75], "texture": "#0"},
				"south": {"uv": [12.875, 8.25, 13.375, 8.625], "texture": "#0"},
				"west": {"uv": [2.5, 12.5, 3.25, 12.875], "texture": "#0"},
				"up": {"uv": [2.25, 12.75, 1.75, 12], "texture": "#0"},
				"down": {"uv": [4.75, 12, 4.25, 12.75], "texture": "#0"}
			}
		},
		{
			"from": [5, 11.5, 3],
			"to": [11, 14.5, 7],
			"rotation": {"angle": -22.5, "axis": "x", "origin": [8, 14.5, 0.5]},
			"faces": {
				"north": {"uv": [6.5, 12.5, 7.25, 12.875], "texture": "#0"},
				"east": {"uv": [12.875, 8.625, 13.375, 9], "texture": "#0"},
				"south": {"uv": [12.625, 0.5, 13.375, 0.875], "texture": "#0"},
				"west": {"uv": [12.875, 9, 13.375, 9.375], "texture": "#0"},
				"up": {"uv": [7.25, 12.5, 6.5, 12], "texture": "#0"},
				"down": {"uv": [12.75, 10.125, 12, 10.625], "texture": "#0"}
			}
		},
		{
			"from": [6, 15.11209, 7.92284],
			"to": [10, 17.11209, 11.92284],
			"rotation": {"angle": 22.5, "axis": "x", "origin": [8, 17.61209, 13.92284]},
			"faces": {
				"north": {"uv": [8.375, 0.625, 8.875, 0.875], "texture": "#0"},
				"east": {"uv": [8.875, 0.625, 9.375, 0.875], "texture": "#0"},
				"south": {"uv": [9.25, 8.25, 9.75, 8.5], "texture": "#0"},
				"west": {"uv": [9.75, 8.25, 10.25, 8.5], "texture": "#0"},
				"up": {"uv": [12.25, 13.125, 11.75, 12.625], "texture": "#0"},
				"down": {"uv": [13.25, 0, 12.75, 0.5], "texture": "#0"}
			}
		},
		{
			"from": [4.3076, 15.95357, 6],
			"to": [8.3076, 17.95357, 10],
			"rotation": {"angle": 22.5, "axis": "z", "origin": [4.3076, 17.45357, 8]},
			"faces": {
				"north": {"uv": [9.875, 3.75, 10.375, 4], "texture": "#0"},
				"east": {"uv": [5, 10, 5.5, 10.25], "texture": "#0"},
				"south": {"uv": [10.25, 8.25, 10.75, 8.5], "texture": "#0"},
				"west": {"uv": [10.75, 10.125, 11.25, 10.375], "texture": "#0"},
				"up": {"uv": [1.25, 13.25, 0.75, 12.75], "texture": "#0"},
				"down": {"uv": [1.75, 12.75, 1.25, 13.25], "texture": "#0"}
			}
		},
		{
			"from": [6, 14.5, 4],
			"to": [10, 16.5, 8],
			"rotation": {"angle": -22.5, "axis": "x", "origin": [8, 17.5, 0.5]},
			"faces": {
				"north": {"uv": [11, 6.25, 11.5, 6.5], "texture": "#0"},
				"east": {"uv": [11.25, 1.875, 11.75, 2.125], "texture": "#0"},
				"south": {"uv": [11.25, 10.125, 11.75, 10.375], "texture": "#0"},
				"west": {"uv": [12, 10.625, 12.5, 10.875], "texture": "#0"},
				"up": {"uv": [2.25, 13.25, 1.75, 12.75], "texture": "#0"},
				"down": {"uv": [4.75, 12.75, 4.25, 13.25], "texture": "#0"}
			}
		},
		{
			"from": [7.92284, 15.11209, 6],
			"to": [11.92284, 17.11209, 10],
			"rotation": {"angle": -22.5, "axis": "z", "origin": [13.92284, 17.61209, 8]},
			"faces": {
				"north": {"uv": [12.875, 9.75, 13.375, 10], "texture": "#0"},
				"east": {"uv": [10.125, 12.875, 10.625, 13.125], "texture": "#0"},
				"south": {"uv": [10.625, 12.875, 11.125, 13.125], "texture": "#0"},
				"west": {"uv": [12.875, 10.875, 13.375, 11.125], "texture": "#0"},
				"up": {"uv": [7.75, 13.25, 7.25, 12.75], "texture": "#0"},
				"down": {"uv": [8.25, 12.75, 7.75, 13.25], "texture": "#0"}
			}
		},
		{
			"from": [6.5, 18, 6.5],
			"to": [9.5, 20, 9.5],
			"rotation": {"angle": 0, "axis": "y", "origin": [8, 19.5, 8]},
			"faces": {
				"north": {"uv": [10.375, 3.75, 10.75, 4], "texture": "#0"},
				"east": {"uv": [11.5, 6.25, 11.875, 6.5], "texture": "#0"},
				"south": {"uv": [13, 11.5, 13.375, 11.75], "texture": "#0"},
				"west": {"uv": [13, 11.75, 13.375, 12], "texture": "#0"},
				"up": {"uv": [9.625, 13.25, 9.25, 12.875], "texture": "#0"},
				"down": {"uv": [13.25, 9.375, 12.875, 9.75], "texture": "#0"}
			}
		},
		{
			"from": [7.25, 20, 7.25],
			"to": [8.75, 21, 8.75],
			"rotation": {"angle": 0, "axis": "y", "origin": [8, 19.5, 8]},
			"faces": {
				"north": {"uv": [8.125, 4, 8.375, 4.125], "texture": "#0"},
				"east": {"uv": [8.375, 4, 8.625, 4.125], "texture": "#0"},
				"south": {"uv": [8.625, 4, 8.875, 4.125], "texture": "#0"},
				"west": {"uv": [9, 5.875, 9.25, 6], "texture": "#0"},
				"up": {"uv": [7.25, 6.25, 7, 6], "texture": "#0"},
				"down": {"uv": [7.5, 2.625, 7.25, 2.875], "texture": "#0"}
			}
		},
		{
			"from": [7.75, 21, 7.75],
			"to": [8.25, 25.5, 8.25],
			"rotation": {"angle": 0, "axis": "y", "origin": [8, 19.5, 8]},
			"faces": {
				"north": {"uv": [6.25, 6.75, 6.5, 8], "texture": "#6"},
				"east": {"uv": [6.5, 7, 6.75, 8.25], "texture": "#6"},
				"south": {"uv": [6.75, 7, 7, 8.25], "texture": "#6"},
				"west": {"uv": [7, 7, 7.25, 8.25], "texture": "#6"},
				"up": {"uv": [2.75, 4.25, 2.5, 4], "texture": "#6"},
				"down": {"uv": [4.25, 5.25, 4, 5.5], "texture": "#6"}
			}
		},
		{
			"from": [7.65, 22, 7.65],
			"to": [8.35, 25, 8.35],
			"rotation": {"angle": 0, "axis": "y", "origin": [8, 19.5, 8]},
			"faces": {
				"north": {"uv": [0, 8.75, 0.25, 9.5], "texture": "#6"},
				"east": {"uv": [0.25, 8.75, 0.5, 9.5], "texture": "#6"},
				"south": {"uv": [0.5, 8.75, 0.75, 9.5], "texture": "#6"},
				"west": {"uv": [0.75, 8.75, 1, 9.5], "texture": "#6"},
				"up": {"uv": [3, 6, 2.75, 5.75], "texture": "#6"},
				"down": {"uv": [6.25, 0.5, 6, 0.75], "texture": "#6"}
			}
		},
		{
			"from": [6.25, 23.45, 7.775],
			"to": [9.75, 23.9, 8.225],
			"rotation": {"angle": 0, "axis": "y", "origin": [8, 23.375, 8]},
			"faces": {
				"north": {"uv": [7, 5.75, 8, 6], "texture": "#6"},
				"east": {"uv": [6, 1.75, 6.25, 2], "texture": "#6"},
				"south": {"uv": [7.25, 1, 8.25, 1.25], "texture": "#6"},
				"west": {"uv": [1.5, 6.25, 1.75, 6.5], "texture": "#6"},
				"up": {"uv": [8.25, 1.5, 7.25, 1.25], "texture": "#6"},
				"down": {"uv": [2.5, 7.25, 1.5, 7.5], "texture": "#6"}
			}
		},
		{
			"from": [6.65, 23.325, 7.675],
			"to": [9.35, 24.025, 8.325],
			"rotation": {"angle": 0, "axis": "y", "origin": [8, 23.375, 8]},
			"faces": {
				"north": {"uv": [8.75, 1, 9.5, 1.25], "texture": "#6"},
				"east": {"uv": [4.75, 6.5, 5, 6.75], "texture": "#6"},
				"south": {"uv": [8.75, 1.25, 9.5, 1.5], "texture": "#6"},
				"west": {"uv": [7.5, 5.5, 7.75, 5.75], "texture": "#6"},
				"up": {"uv": [9.5, 1.75, 8.75, 1.5], "texture": "#6"},
				"down": {"uv": [9.5, 1.75, 8.75, 2], "texture": "#6"}
			}
		},
		{
			"from": [6.5, 23.45, 7.775],
			"to": [9.5, 23.9, 8.225],
			"rotation": {"angle": 45, "axis": "z", "origin": [8, 23.675, 8]},
			"faces": {
				"north": {"uv": [8.75, 2, 9.5, 2.25], "texture": "#6"},
				"east": {"uv": [7.75, 5.5, 8, 5.75], "texture": "#6"},
				"south": {"uv": [8.75, 2.25, 9.5, 2.5], "texture": "#6"},
				"west": {"uv": [8.25, 8, 8.5, 8.25], "texture": "#6"},
				"up": {"uv": [9.5, 2.75, 8.75, 2.5], "texture": "#6"},
				"down": {"uv": [9.5, 2.75, 8.75, 3], "texture": "#6"}
			}
		},
		{
			"from": [6.9, 23.325, 7.7],
			"to": [9.1, 24.025, 8.275],
			"rotation": {"angle": 45, "axis": "z", "origin": [8, 23.675, 8]},
			"faces": {
				"north": {"uv": [1, 5.5, 1.5, 5.75], "texture": "#6"},
				"east": {"uv": [8.75, 4.5, 9, 4.75], "texture": "#6"},
				"south": {"uv": [5.5, 1.25, 6, 1.5], "texture": "#6"},
				"west": {"uv": [8.75, 4.75, 9, 5], "texture": "#6"},
				"up": {"uv": [6.25, 5.5, 5.75, 5.25], "texture": "#6"},
				"down": {"uv": [6.75, 2.25, 6.25, 2.5], "texture": "#6"}
			}
		},
		{
			"from": [7.775, 22.175, 7.775],
			"to": [8.225, 25.175, 8.225],
			"rotation": {"angle": 45, "axis": "z", "origin": [8, 23.675, 7.99375]},
			"faces": {
				"north": {"uv": [1, 8.75, 1.25, 9.5], "texture": "#6"},
				"east": {"uv": [1.25, 8.75, 1.5, 9.5], "texture": "#6"},
				"south": {"uv": [2.5, 8.75, 2.75, 9.5], "texture": "#6"},
				"west": {"uv": [2.75, 8.75, 3, 9.5], "texture": "#6"},
				"up": {"uv": [9, 6.25, 8.75, 6], "texture": "#6"},
				"down": {"uv": [9, 6.25, 8.75, 6.5], "texture": "#6"}
			}
		},
		{
			"from": [7.65, 22.575, 7.7],
			"to": [8.35, 24.775, 8.275],
			"rotation": {"angle": 45, "axis": "z", "origin": [8, 23.675, 7.99375]},
			"faces": {
				"north": {"uv": [6, 7.5, 6.25, 8], "texture": "#6"},
				"east": {"uv": [8.75, 3, 9, 3.5], "texture": "#6"},
				"south": {"uv": [8.75, 3.5, 9, 4], "texture": "#6"},
				"west": {"uv": [8.75, 4, 9, 4.5], "texture": "#6"},
				"up": {"uv": [6.75, 9, 6.5, 8.75], "texture": "#6"},
				"down": {"uv": [9, 6.5, 8.75, 6.75], "texture": "#6"}
			}
		},
		{
			"from": [7.9, 21.875, 7.9],
			"to": [8.1, 25.475, 8.1],
			"rotation": {"angle": 45, "axis": "z", "origin": [8, 23.675, 7.99375]},
			"faces": {
				"north": {"uv": [0, 7.25, 0.25, 8.25], "texture": "#6"},
				"east": {"uv": [0.25, 7.25, 0.5, 8.25], "texture": "#6"},
				"south": {"uv": [2.5, 7.25, 2.75, 8.25], "texture": "#6"},
				"west": {"uv": [2.75, 7.25, 3, 8.25], "texture": "#6"},
				"up": {"uv": [7, 9, 6.75, 8.75], "texture": "#6"},
				"down": {"uv": [9, 6.75, 8.75, 7], "texture": "#6"}
			}
		},
		{
			"from": [6.25, 23.55, 7.875],
			"to": [9.75, 23.8, 8.125],
			"rotation": {"angle": 45, "axis": "z", "origin": [8, 23.675, 8]},
			"faces": {
				"north": {"uv": [7.25, 1.5, 8.25, 1.75], "texture": "#6"},
				"east": {"uv": [7, 8.75, 7.25, 9], "texture": "#6"},
				"south": {"uv": [7.25, 2.25, 8.25, 2.5], "texture": "#6"},
				"west": {"uv": [8.75, 7, 9, 7.25], "texture": "#6"},
				"up": {"uv": [8.25, 2.75, 7.25, 2.5], "texture": "#6"},
				"down": {"uv": [8.25, 2.75, 7.25, 3], "texture": "#6"}
			}
		},
		{
			"from": [6, 23.55, 7.875],
			"to": [10, 23.8, 8.125],
			"rotation": {"angle": 0, "axis": "y", "origin": [8, 23.375, 8]},
			"faces": {
				"north": {"uv": [3, 7.25, 4, 7.5], "texture": "#6"},
				"east": {"uv": [7.25, 8.75, 7.5, 9], "texture": "#6"},
				"south": {"uv": [7.25, 6, 8.25, 6.25], "texture": "#6"},
				"west": {"uv": [8.75, 7.25, 9, 7.5], "texture": "#6"},
				"up": {"uv": [8.25, 6.5, 7.25, 6.25], "texture": "#6"},
				"down": {"uv": [8.25, 6.5, 7.25, 6.75], "texture": "#6"}
			}
		},
		{
			"from": [7.85, 25.5, 7.85],
			"to": [8.15, 25.75, 8.15],
			"rotation": {"angle": 0, "axis": "y", "origin": [8, 19.5, 8]},
			"faces": {
				"north": {"uv": [7.5, 8.75, 7.75, 9], "texture": "#6"},
				"east": {"uv": [8.75, 7.5, 9, 7.75], "texture": "#6"},
				"south": {"uv": [7.75, 8.75, 8, 9], "texture": "#6"},
				"west": {"uv": [8.75, 7.75, 9, 8], "texture": "#6"},
				"up": {"uv": [8.25, 9, 8, 8.75], "texture": "#6"},
				"down": {"uv": [8.5, 8.75, 8.25, 9], "texture": "#6"}
			}
		},
		{
			"from": [7.9, 25.75, 7.9],
			"to": [8.1, 26, 8.1],
			"rotation": {"angle": 0, "axis": "y", "origin": [8, 19.5, 8]},
			"faces": {
				"north": {"uv": [9, 0, 9.25, 0.25], "texture": "#6"},
				"east": {"uv": [9, 0.25, 9.25, 0.5], "texture": "#6"},
				"south": {"uv": [9, 0.5, 9.25, 0.75], "texture": "#6"},
				"west": {"uv": [9, 0.75, 9.25, 1], "texture": "#6"},
				"up": {"uv": [1.75, 9.25, 1.5, 9], "texture": "#6"},
				"down": {"uv": [2, 9, 1.75, 9.25], "texture": "#6"}
			}
		},
		{
			"from": [10.25, 4.25, 15.25],
			"to": [12.25, 7.25, 17.25],
			"rotation": {"angle": 45, "axis": "y", "origin": [11.25, 5.75, 16.25]},
			"faces": {
				"north": {"uv": [0, 0, 0.5, 0.75], "texture": "#6"},
				"east": {"uv": [0.5, 0, 1, 0.75], "texture": "#6"},
				"south": {"uv": [0, 0.75, 0.5, 1.5], "texture": "#6"},
				"west": {"uv": [0.5, 0.75, 1, 1.5], "texture": "#6"},
				"up": {"uv": [7.75, 7.25, 7.25, 6.75], "texture": "#6"},
				"down": {"uv": [7.75, 7.25, 7.25, 7.75], "texture": "#6"}
			}
		},
		{
			"from": [9.75, 4.75, 15.25],
			"to": [12.75, 6.75, 17.25],
			"rotation": {"angle": 45, "axis": "y", "origin": [11.25, 5.75, 16.25]},
			"faces": {
				"north": {"uv": [1, 0, 1.75, 0.5], "texture": "#6"},
				"east": {"uv": [7.5, 0, 8, 0.5], "texture": "#6"},
				"south": {"uv": [1, 0.5, 1.75, 1], "texture": "#6"},
				"west": {"uv": [7.5, 0.5, 8, 1], "texture": "#6"},
				"up": {"uv": [1.75, 1.5, 1, 1], "texture": "#6"},
				"down": {"uv": [0.75, 1.5, 0, 2], "texture": "#6"}
			}
		},
		{
			"from": [10.25, 4.75, 14.75],
			"to": [12.25, 6.75, 17.75],
			"rotation": {"angle": 45, "axis": "y", "origin": [11.25, 5.75, 16.25]},
			"faces": {
				"north": {"uv": [1.5, 7.5, 2, 8], "texture": "#6"},
				"east": {"uv": [0.75, 1.5, 1.5, 2], "texture": "#6"},
				"south": {"uv": [2, 7.5, 2.5, 8], "texture": "#6"},
				"west": {"uv": [1.5, 1.5, 2.25, 2], "texture": "#6"},
				"up": {"uv": [2.25, 0.75, 1.75, 0], "texture": "#6"},
				"down": {"uv": [2.25, 0.75, 1.75, 1.5], "texture": "#6"}
			}
		},
		{
			"from": [17, 0.25, 7.25],
			"to": [19, 3.25, 9.25],
			"rotation": {"angle": -22.5, "axis": "y", "origin": [17.25, 1.75, 5.25]},
			"faces": {
				"north": {"uv": [0, 2, 0.5, 2.75], "texture": "#6"},
				"east": {"uv": [0.5, 2, 1, 2.75], "texture": "#6"},
				"south": {"uv": [1, 2, 1.5, 2.75], "texture": "#6"},
				"west": {"uv": [1.5, 2, 2, 2.75], "texture": "#6"},
				"up": {"uv": [3.5, 8, 3, 7.5], "texture": "#6"},
				"down": {"uv": [4, 7.5, 3.5, 8], "texture": "#6"}
			}
		},
		{
			"from": [16.5, 0.75, 7.25],
			"to": [19.5, 2.75, 9.25],
			"rotation": {"angle": -22.5, "axis": "y", "origin": [17.25, 1.75, 5.25]},
			"faces": {
				"north": {"uv": [2, 2, 2.75, 2.5], "texture": "#6"},
				"east": {"uv": [4, 7.5, 4.5, 8], "texture": "#6"},
				"south": {"uv": [2.25, 0, 3, 0.5], "texture": "#6"},
				"west": {"uv": [4.5, 7.5, 5, 8], "texture": "#6"},
				"up": {"uv": [3, 1, 2.25, 0.5], "texture": "#6"},
				"down": {"uv": [3, 1, 2.25, 1.5], "texture": "#6"}
			}
		},
		{
			"from": [17, 0.75, 6.75],
			"to": [19, 2.75, 9.75],
			"rotation": {"angle": -22.5, "axis": "y", "origin": [17.25, 1.75, 5.25]},
			"faces": {
				"north": {"uv": [5, 7.5, 5.5, 8], "texture": "#6"},
				"east": {"uv": [2.25, 1.5, 3, 2], "texture": "#6"},
				"south": {"uv": [7.5, 5, 8, 5.5], "texture": "#6"},
				"west": {"uv": [2, 2.5, 2.75, 3], "texture": "#6"},
				"up": {"uv": [0.5, 3.5, 0, 2.75], "texture": "#6"},
				"down": {"uv": [1, 2.75, 0.5, 3.5], "texture": "#6"}
			}
		},
		{
			"from": [5.25, 8.25, 0.25],
			"to": [7.25, 11.25, 2.25],
			"rotation": {"angle": 22.5, "axis": "y", "origin": [6.25, 9.75, 1.25]},
			"faces": {
				"north": {"uv": [1, 2.75, 1.5, 3.5], "texture": "#6"},
				"east": {"uv": [1.5, 2.75, 2, 3.5], "texture": "#6"},
				"south": {"uv": [2.75, 2, 3.25, 2.75], "texture": "#6"},
				"west": {"uv": [2.75, 2.75, 3.25, 3.5], "texture": "#6"},
				"up": {"uv": [6, 8, 5.5, 7.5], "texture": "#6"},
				"down": {"uv": [1, 7.75, 0.5, 8.25], "texture": "#6"}
			}
		},
		{
			"from": [4.75, 8.75, 0.25],
			"to": [7.75, 10.75, 2.25],
			"rotation": {"angle": 22.5, "axis": "y", "origin": [6.25, 9.75, 1.25]},
			"faces": {
				"north": {"uv": [3, 0, 3.75, 0.5], "texture": "#6"},
				"east": {"uv": [1, 7.75, 1.5, 8.25], "texture": "#6"},
				"south": {"uv": [3, 0.5, 3.75, 1], "texture": "#6"},
				"west": {"uv": [7.75, 1.75, 8.25, 2.25], "texture": "#6"},
				"up": {"uv": [3.75, 1.5, 3, 1], "texture": "#6"},
				"down": {"uv": [3.75, 1.5, 3, 2], "texture": "#6"}
			}
		},
		{
			"from": [5.25, 8.75, -0.25],
			"to": [7.25, 10.75, 2.75],
			"rotation": {"angle": 22.5, "axis": "y", "origin": [6.25, 9.75, 1.25]},
			"faces": {
				"north": {"uv": [7.75, 3, 8.25, 3.5], "texture": "#6"},
				"east": {"uv": [2, 3, 2.75, 3.5], "texture": "#6"},
				"south": {"uv": [7.75, 3.5, 8.25, 4], "texture": "#6"},
				"west": {"uv": [3.25, 2, 4, 2.5], "texture": "#6"},
				"up": {"uv": [3.75, 3.25, 3.25, 2.5], "texture": "#6"},
				"down": {"uv": [3.75, 3.25, 3.25, 4], "texture": "#6"}
			}
		},
		{
			"from": [-7.75, -5.75, 9.25],
			"to": [-5.75, -2.75, 11.25],
			"rotation": {"angle": 22.5, "axis": "y", "origin": [-4.75, -3.25, 5.25]},
			"faces": {
				"north": {"uv": [0, 3.5, 0.5, 4.25], "texture": "#6"},
				"east": {"uv": [0.5, 3.5, 1, 4.25], "texture": "#6"},
				"south": {"uv": [1, 3.5, 1.5, 4.25], "texture": "#6"},
				"west": {"uv": [1.5, 3.5, 2, 4.25], "texture": "#6"},
				"up": {"uv": [8.25, 4.5, 7.75, 4], "texture": "#6"},
				"down": {"uv": [8.25, 4.5, 7.75, 5], "texture": "#6"}
			}
		},
		{
			"from": [-8.25, -5.25, 9.25],
			"to": [-5.25, -3.25, 11.25],
			"rotation": {"angle": 22.5, "axis": "y", "origin": [-4.75, -3.25, 5.25]},
			"faces": {
				"north": {"uv": [2, 3.5, 2.75, 4], "texture": "#6"},
				"east": {"uv": [7.75, 6.75, 8.25, 7.25], "texture": "#6"},
				"south": {"uv": [3.75, 0, 4.5, 0.5], "texture": "#6"},
				"west": {"uv": [7.25, 7.75, 7.75, 8.25], "texture": "#6"},
				"up": {"uv": [4.5, 1, 3.75, 0.5], "texture": "#6"},
				"down": {"uv": [4.5, 1, 3.75, 1.5], "texture": "#6"}
			}
		},
		{
			"from": [-7.75, -5.25, 8.75],
			"to": [-5.75, -3.25, 11.75],
			"rotation": {"angle": 22.5, "axis": "y", "origin": [-4.75, -3.25, 5.25]},
			"faces": {
				"north": {"uv": [7.75, 7.25, 8.25, 7.75], "texture": "#6"},
				"east": {"uv": [3.75, 1.5, 4.5, 2], "texture": "#6"},
				"south": {"uv": [7.75, 7.75, 8.25, 8.25], "texture": "#6"},
				"west": {"uv": [3.75, 2.5, 4.5, 3], "texture": "#6"},
				"up": {"uv": [3.25, 4.25, 2.75, 3.5], "texture": "#6"},
				"down": {"uv": [4.25, 3, 3.75, 3.75], "texture": "#6"}
			}
		},
		{
			"from": [10.25, -6.75, -4.75],
			"to": [12.25, -3.75, -2.75],
			"rotation": {"angle": 22.5, "axis": "y", "origin": [11.25, -5.25, -3.75]},
			"faces": {
				"north": {"uv": [3.75, 3.75, 4.25, 4.5], "texture": "#6"},
				"east": {"uv": [2, 4, 2.5, 4.75], "texture": "#6"},
				"south": {"uv": [3.25, 4, 3.75, 4.75], "texture": "#6"},
				"west": {"uv": [0, 4.25, 0.5, 5], "texture": "#6"},
				"up": {"uv": [8.5, 0.5, 8, 0], "texture": "#6"},
				"down": {"uv": [8.5, 0.5, 8, 1], "texture": "#6"}
			}
		},
		{
			"from": [9.75, -6.25, -4.75],
			"to": [12.75, -4.25, -2.75],
			"rotation": {"angle": 22.5, "axis": "y", "origin": [11.25, -5.25, -3.75]},
			"faces": {
				"north": {"uv": [4, 2, 4.75, 2.5], "texture": "#6"},
				"east": {"uv": [1.5, 8, 2, 8.5], "texture": "#6"},
				"south": {"uv": [0.5, 4.25, 1.25, 4.75], "texture": "#6"},
				"west": {"uv": [2, 8, 2.5, 8.5], "texture": "#6"},
				"up": {"uv": [2, 4.75, 1.25, 4.25], "texture": "#6"},
				"down": {"uv": [3.25, 4.25, 2.5, 4.75], "texture": "#6"}
			}
		},
		{
			"from": [10.25, -6.25, -5.25],
			"to": [12.25, -4.25, -2.25],
			"rotation": {"angle": 22.5, "axis": "y", "origin": [11.25, -5.25, -3.75]},
			"faces": {
				"north": {"uv": [3, 8, 3.5, 8.5], "texture": "#6"},
				"east": {"uv": [4.25, 3, 5, 3.5], "texture": "#6"},
				"south": {"uv": [3.5, 8, 4, 8.5], "texture": "#6"},
				"west": {"uv": [4.25, 3.5, 5, 4], "texture": "#6"},
				"up": {"uv": [4.75, 4.75, 4.25, 4], "texture": "#6"},
				"down": {"uv": [5, 0, 4.5, 0.75], "texture": "#6"}
			}
		},
		{
			"from": [2.25, 9.25, 12.25],
			"to": [4.25, 12.25, 14.25],
			"rotation": {"angle": 22.5, "axis": "y", "origin": [3.25, 10.75, 13.25]},
			"faces": {
				"north": {"uv": [4.5, 0.75, 5, 1.5], "texture": "#6"},
				"east": {"uv": [3.75, 4.5, 4.25, 5.25], "texture": "#6"},
				"south": {"uv": [0.5, 4.75, 1, 5.5], "texture": "#6"},
				"west": {"uv": [1, 4.75, 1.5, 5.5], "texture": "#6"},
				"up": {"uv": [4.5, 8.5, 4, 8], "texture": "#6"},
				"down": {"uv": [5, 8, 4.5, 8.5], "texture": "#6"}
			}
		},
		{
			"from": [1.75, 9.75, 12.25],
			"to": [4.75, 11.75, 14.25],
			"rotation": {"angle": 22.5, "axis": "y", "origin": [3.25, 10.75, 13.25]},
			"faces": {
				"north": {"uv": [4.5, 1.5, 5.25, 2], "texture": "#6"},
				"east": {"uv": [5, 8, 5.5, 8.5], "texture": "#6"},
				"south": {"uv": [4.5, 2.5, 5.25, 3], "texture": "#6"},
				"west": {"uv": [8, 5, 8.5, 5.5], "texture": "#6"},
				"up": {"uv": [2.25, 5.25, 1.5, 4.75], "texture": "#6"},
				"down": {"uv": [5.5, 2, 4.75, 2.5], "texture": "#6"}
			}
		},
		{
			"from": [2.25, 9.75, 11.75],
			"to": [4.25, 11.75, 14.75],
			"rotation": {"angle": 22.5, "axis": "y", "origin": [3.25, 10.75, 13.25]},
			"faces": {
				"north": {"uv": [5.5, 8, 6, 8.5], "texture": "#6"},
				"east": {"uv": [2.25, 4.75, 3, 5.25], "texture": "#6"},
				"south": {"uv": [8, 5.5, 8.5, 6], "texture": "#6"},
				"west": {"uv": [3, 4.75, 3.75, 5.25], "texture": "#6"},
				"up": {"uv": [5.25, 4.75, 4.75, 4], "texture": "#6"},
				"down": {"uv": [4.75, 4.75, 4.25, 5.5], "texture": "#6"}
			}
		},
		{
			"from": [-1.75, 4.25, 3.25],
			"to": [0.25, 7.25, 5.25],
			"rotation": {"angle": 45, "axis": "y", "origin": [-0.75, 5.75, 3.25]},
			"faces": {
				"north": {"uv": [4.75, 4.75, 5.25, 5.5], "texture": "#6"},
				"east": {"uv": [0, 5, 0.5, 5.75], "texture": "#6"},
				"south": {"uv": [5, 0, 5.5, 0.75], "texture": "#6"},
				"west": {"uv": [5, 0.75, 5.5, 1.5], "texture": "#6"},
				"up": {"uv": [6.5, 8.5, 6, 8], "texture": "#6"},
				"down": {"uv": [0.5, 8.25, 0, 8.75], "texture": "#6"}
			}
		},
		{
			"from": [-2.25, 4.75, 3.25],
			"to": [0.75, 6.75, 5.25],
			"rotation": {"angle": 45, "axis": "y", "origin": [-0.75, 5.75, 3.25]},
			"faces": {
				"north": {"uv": [5, 3, 5.75, 3.5], "texture": "#6"},
				"east": {"uv": [0.5, 8.25, 1, 8.75], "texture": "#6"},
				"south": {"uv": [5, 3.5, 5.75, 4], "texture": "#6"},
				"west": {"uv": [1, 8.25, 1.5, 8.75], "texture": "#6"},
				"up": {"uv": [2.25, 5.75, 1.5, 5.25], "texture": "#6"},
				"down": {"uv": [6, 1.5, 5.25, 2], "texture": "#6"}
			}
		},
		{
			"from": [-1.75, 4.75, 2.75],
			"to": [0.25, 6.75, 5.75],
			"rotation": {"angle": 45, "axis": "y", "origin": [-0.75, 5.75, 3.25]},
			"faces": {
				"north": {"uv": [8.25, 1, 8.75, 1.5], "texture": "#6"},
				"east": {"uv": [2.25, 5.25, 3, 5.75], "texture": "#6"},
				"south": {"uv": [8.25, 1.5, 8.75, 2], "texture": "#6"},
				"west": {"uv": [5.25, 2.5, 6, 3], "texture": "#6"},
				"up": {"uv": [3.5, 6, 3, 5.25], "texture": "#6"},
				"down": {"uv": [4, 5.25, 3.5, 6], "texture": "#6"}
			}
		},
		{
			"from": [12.25, 13.25, 6.25],
			"to": [14.25, 16.25, 8.25],
			"rotation": {"angle": 22.5, "axis": "y", "origin": [13.25, 14.75, 7.25]},
			"faces": {
				"north": {"uv": [5.25, 4, 5.75, 4.75], "texture": "#6"},
				"east": {"uv": [5.25, 4.75, 5.75, 5.5], "texture": "#6"},
				"south": {"uv": [5.5, 0, 6, 0.75], "texture": "#6"},
				"west": {"uv": [0.5, 5.5, 1, 6.25], "texture": "#6"},
				"up": {"uv": [8.75, 2.5, 8.25, 2], "texture": "#6"},
				"down": {"uv": [3, 8.25, 2.5, 8.75], "texture": "#6"}
			}
		},
		{
			"from": [11.75, 13.75, 6.25],
			"to": [14.75, 15.75, 8.25],
			"rotation": {"angle": 22.5, "axis": "y", "origin": [13.25, 14.75, 7.25]},
			"faces": {
				"north": {"uv": [5.5, 0.75, 6.25, 1.25], "texture": "#6"},
				"east": {"uv": [8.25, 2.5, 8.75, 3], "texture": "#6"},
				"south": {"uv": [5.5, 2, 6.25, 2.5], "texture": "#6"},
				"west": {"uv": [8.25, 3, 8.75, 3.5], "texture": "#6"},
				"up": {"uv": [4.75, 6, 4, 5.5], "texture": "#6"},
				"down": {"uv": [5.5, 5.5, 4.75, 6], "texture": "#6"}
			}
		},
		{
			"from": [12.25, 13.75, 5.75],
			"to": [14.25, 15.75, 8.75],
			"rotation": {"angle": 22.5, "axis": "y", "origin": [13.25, 14.75, 7.25]},
			"faces": {
				"north": {"uv": [8.25, 3.5, 8.75, 4], "texture": "#6"},
				"east": {"uv": [5.5, 5.5, 6.25, 6], "texture": "#6"},
				"south": {"uv": [8.25, 4, 8.75, 4.5], "texture": "#6"},
				"west": {"uv": [1, 5.75, 1.75, 6.25], "texture": "#6"},
				"up": {"uv": [0.5, 6.5, 0, 5.75], "texture": "#6"},
				"down": {"uv": [2.25, 5.75, 1.75, 6.5], "texture": "#6"}
			}
		},
		{
			"from": [5.25, -6.75, 18.25],
			"to": [7.25, -3.75, 20.25],
			"rotation": {"angle": 45, "axis": "y", "origin": [6.25, -5.25, 19.25]},
			"faces": {
				"north": {"uv": [2.25, 5.75, 2.75, 6.5], "texture": "#6"},
				"east": {"uv": [5.75, 3, 6.25, 3.75], "texture": "#6"},
				"south": {"uv": [5.75, 3.75, 6.25, 4.5], "texture": "#6"},
				"west": {"uv": [5.75, 4.5, 6.25, 5.25], "texture": "#6"},
				"up": {"uv": [8.75, 5, 8.25, 4.5], "texture": "#6"},
				"down": {"uv": [8.75, 6, 8.25, 6.5], "texture": "#6"}
			}
		},
		{
			"from": [4.75, -6.25, 18.25],
			"to": [7.75, -4.25, 20.25],
			"rotation": {"angle": 45, "axis": "y", "origin": [6.25, -5.25, 19.25]},
			"faces": {
				"north": {"uv": [6, 0, 6.75, 0.5], "texture": "#6"},
				"east": {"uv": [6.5, 8.25, 7, 8.75], "texture": "#6"},
				"south": {"uv": [6, 1.25, 6.75, 1.75], "texture": "#6"},
				"west": {"uv": [8.25, 6.5, 8.75, 7], "texture": "#6"},
				"up": {"uv": [6.75, 3, 6, 2.5], "texture": "#6"},
				"down": {"uv": [3.5, 6, 2.75, 6.5], "texture": "#6"}
			}
		},
		{
			"from": [5.25, -6.25, 17.75],
			"to": [7.25, -4.25, 20.75],
			"rotation": {"angle": 45, "axis": "y", "origin": [6.25, -5.25, 19.25]},
			"faces": {
				"north": {"uv": [7, 8.25, 7.5, 8.75], "texture": "#6"},
				"east": {"uv": [3.5, 6, 4.25, 6.5], "texture": "#6"},
				"south": {"uv": [8.25, 7, 8.75, 7.5], "texture": "#6"},
				"west": {"uv": [4.25, 6, 5, 6.5], "texture": "#6"},
				"up": {"uv": [5.5, 6.75, 5, 6], "texture": "#6"},
				"down": {"uv": [6, 6, 5.5, 6.75], "texture": "#6"}
			}
		},
		{
			"from": [18.25, -6.75, 2.25],
			"to": [20.25, -3.75, 4.25],
			"rotation": {"angle": 45, "axis": "y", "origin": [19.25, -5.25, 3.25]},
			"faces": {
				"north": {"uv": [6, 6, 6.5, 6.75], "texture": "#6"},
				"east": {"uv": [0.5, 6.25, 1, 7], "texture": "#6"},
				"south": {"uv": [6.25, 0.5, 6.75, 1.25], "texture": "#6"},
				"west": {"uv": [1, 6.25, 1.5, 7], "texture": "#6"},
				"up": {"uv": [8, 8.75, 7.5, 8.25], "texture": "#6"},
				"down": {"uv": [8.75, 7.5, 8.25, 8], "texture": "#6"}
			}
		},
		{
			"from": [17.75, -6.25, 2.25],
			"to": [20.75, -4.25, 4.25],
			"rotation": {"angle": 45, "axis": "y", "origin": [19.25, -5.25, 3.25]},
			"faces": {
				"north": {"uv": [6.25, 1.75, 7, 2.25], "texture": "#6"},
				"east": {"uv": [8, 8.25, 8.5, 8.75], "texture": "#6"},
				"south": {"uv": [6.25, 3, 7, 3.5], "texture": "#6"},
				"west": {"uv": [8.5, 0, 9, 0.5], "texture": "#6"},
				"up": {"uv": [7, 4, 6.25, 3.5], "texture": "#6"},
				"down": {"uv": [7, 4, 6.25, 4.5], "texture": "#6"}
			}
		},
		{
			"from": [18.25, -6.25, 1.75],
			"to": [20.25, -4.25, 4.75],
			"rotation": {"angle": 45, "axis": "y", "origin": [19.25, -5.25, 3.25]},
			"faces": {
				"north": {"uv": [8.5, 0.5, 9, 1], "texture": "#6"},
				"east": {"uv": [6.25, 4.5, 7, 5], "texture": "#6"},
				"south": {"uv": [1.5, 8.5, 2, 9], "texture": "#6"},
				"west": {"uv": [6.25, 5, 7, 5.5], "texture": "#6"},
				"up": {"uv": [0.5, 7.25, 0, 6.5], "texture": "#6"},
				"down": {"uv": [2, 6.5, 1.5, 7.25], "texture": "#6"}
			}
		},
		{
			"from": [8.25, 11.25, 12.25],
			"to": [10.25, 14.25, 14.25],
			"rotation": {"angle": 22.5, "axis": "y", "origin": [9.25, 12.75, 13.25]},
			"faces": {
				"north": {"uv": [2, 6.5, 2.5, 7.25], "texture": "#6"},
				"east": {"uv": [2.5, 6.5, 3, 7.25], "texture": "#6"},
				"south": {"uv": [3, 6.5, 3.5, 7.25], "texture": "#6"},
				"west": {"uv": [3.5, 6.5, 4, 7.25], "texture": "#6"},
				"up": {"uv": [2.5, 9, 2, 8.5], "texture": "#6"},
				"down": {"uv": [3.5, 8.5, 3, 9], "texture": "#6"}
			}
		},
		{
			"from": [7.75, 11.75, 12.25],
			"to": [10.75, 13.75, 14.25],
			"rotation": {"angle": 22.5, "axis": "y", "origin": [9.25, 12.75, 13.25]},
			"faces": {
				"north": {"uv": [6.25, 5.5, 7, 6], "texture": "#6"},
				"east": {"uv": [3.5, 8.5, 4, 9], "texture": "#6"},
				"south": {"uv": [4, 6.5, 4.75, 7], "texture": "#6"},
				"west": {"uv": [4, 8.5, 4.5, 9], "texture": "#6"},
				"up": {"uv": [7.25, 6.5, 6.5, 6], "texture": "#6"},
				"down": {"uv": [7.25, 6.5, 6.5, 7], "texture": "#6"}
			}
		},
		{
			"from": [8.25, 11.75, 11.75],
			"to": [10.25, 13.75, 14.75],
			"rotation": {"angle": 22.5, "axis": "y", "origin": [9.25, 12.75, 13.25]},
			"faces": {
				"north": {"uv": [4.5, 8.5, 5, 9], "texture": "#6"},
				"east": {"uv": [6.75, 0, 7.5, 0.5], "texture": "#6"},
				"south": {"uv": [5, 8.5, 5.5, 9], "texture": "#6"},
				"west": {"uv": [6.75, 0.5, 7.5, 1], "texture": "#6"},
				"up": {"uv": [7.25, 1.75, 6.75, 1], "texture": "#6"},
				"down": {"uv": [7.25, 2.25, 6.75, 3], "texture": "#6"}
			}
		},
		{
			"from": [5.25, -0.75, -1.75],
			"to": [7.25, 2.25, 0.25],
			"rotation": {"angle": 0, "axis": "y", "origin": [8, -11, 8]},
			"faces": {
				"north": {"uv": [4.75, 6.75, 5.25, 7.5], "texture": "#6"},
				"east": {"uv": [5.25, 6.75, 5.75, 7.5], "texture": "#6"},
				"south": {"uv": [5.75, 6.75, 6.25, 7.5], "texture": "#6"},
				"west": {"uv": [0.5, 7, 1, 7.75], "texture": "#6"},
				"up": {"uv": [9, 5.5, 8.5, 5], "texture": "#6"},
				"down": {"uv": [6, 8.5, 5.5, 9], "texture": "#6"}
			}
		},
		{
			"from": [4.75, -0.25, -1.75],
			"to": [7.75, 1.75, 0.25],
			"rotation": {"angle": 0, "axis": "y", "origin": [6.5, 23, 1.5]},
			"faces": {
				"north": {"uv": [7, 1.75, 7.75, 2.25], "texture": "#6"},
				"east": {"uv": [8.5, 5.5, 9, 6], "texture": "#6"},
				"south": {"uv": [7, 3, 7.75, 3.5], "texture": "#6"},
				"west": {"uv": [6, 8.5, 6.5, 9], "texture": "#6"},
				"up": {"uv": [7.75, 4, 7, 3.5], "texture": "#6"},
				"down": {"uv": [4.75, 7, 4, 7.5], "texture": "#6"}
			}
		},
		{
			"from": [5.25, -0.25, -2.25],
			"to": [7.25, 1.75, 0.75],
			"rotation": {"angle": 0, "axis": "y", "origin": [6.5, 23, 1.5]},
			"faces": {
				"north": {"uv": [8.5, 8, 9, 8.5], "texture": "#6"},
				"east": {"uv": [7, 4, 7.75, 4.5], "texture": "#6"},
				"south": {"uv": [8.5, 8.5, 9, 9], "texture": "#6"},
				"west": {"uv": [7, 4.5, 7.75, 5], "texture": "#6"},
				"up": {"uv": [1.5, 7.75, 1, 7], "texture": "#6"},
				"down": {"uv": [7.5, 5, 7, 5.75], "texture": "#6"}
			}
		}
	],
	"display": {
		"thirdperson_righthand": {
			"rotation": [48, 0, 0],
			"translation": [-6, 7.25, 0],
			"scale": [0.75, 0.75, 0.75]
		},
		"thirdperson_lefthand": {
			"rotation": [48, 0, 0],
			"translation": [-6, 7.25, 0],
			"scale": [0.75, 0.75, 0.75]
		},
		"firstperson_righthand": {
			"translation": [3.25, 5.25, 0],
			"scale": [0.25, 0.25, 0.25]
		},
		"firstperson_lefthand": {
			"translation": [3.25, 5.25, 0],
			"scale": [0.25, 0.25, 0.25]
		},
		"ground": {
			"translation": [0, 6.25, 0],
			"scale": [0.4, 0.4, 0.4]
		},
		"gui": {
			"rotation": [0, -21, 0],
			"translation": [0, 1.25, 0],
			"scale": [0.35, 0.35, 0.35]
		},
		"head": {
			"translation": [0, 13.25, 0],
			"scale": [2.35, 2.35, 2.35]
		},
		"fixed": {
			"rotation": [-90, 0, 0],
			"translation": [0, 0, -47.75],
			"scale": [2, 2, 2]
		}
	},
	"groups": [
		{
			"name": "stromek",
			"origin": [8, 8, 8],
			"color": 0,
			"children": [
				{
					"name": "kmen",
					"origin": [0, 0, 0],
					"color": 0,
					"children": [0, 1, 2]
				},
				{
					"name": "jehlici",
					"origin": [8, 14, 8],
					"color": 0,
					"children": [
						{
							"name": "spodni vrstva",
							"origin": [0.5, 12.5, 8],
							"color": 0,
							"children": [3, 4, 5, 6, 7, 8, 9, 10, 11]
						},
						{
							"name": "druha vrstva",
							"origin": [8, 15, 8],
							"color": 0,
							"children": [12, 13, 14, 15, 16, 17, 18, 19]
						},
						{
							"name": "treti vrstva",
							"origin": [13.92284, 22.61209, 8],
							"color": 0,
							"children": [20, 21, 22, 23, 24, 25, 26, 27]
						},
						{
							"name": "4",
							"origin": [13.92284, 6.61209, 8],
							"color": 0,
							"children": [28, 29, 30, 31]
						},
						{
							"name": "5",
							"origin": [8, 11.61209, 13.92284],
							"color": 0,
							"children": [32, 33, 34, 35]
						},
						{
							"name": "6",
							"origin": [8, 14.5, 0.5],
							"color": 0,
							"children": [36, 37, 38, 39]
						},
						{
							"name": "vrsek",
							"origin": [8, 19.5, 8],
							"color": 0,
							"children": [40, 41, 42, 43, 44, 45]
						}
					]
				},
				{
					"name": "ozdoby",
					"origin": [8, 8, 8],
					"color": 0,
					"children": [
						{
							"name": "hvezda",
							"origin": [8, 8, 8],
							"color": 0,
							"children": [46, 47, 48, 49, 50, 51, 52, 53, 54, 55, 56, 57, 58]
						},
						{
							"name": "koule",
							"origin": [8, 8, 8],
							"color": 0,
							"children": [
								{
									"name": "koule",
									"origin": [8, 8, 8],
									"color": 0,
									"children": [59, 60, 61]
								},
								{
									"name": "koule",
									"origin": [8, 8, 8],
									"color": 0,
									"children": [62, 63, 64]
								},
								{
									"name": "koule",
									"origin": [8, 8, 8],
									"color": 0,
									"children": [65, 66, 67]
								},
								{
									"name": "koule",
									"origin": [8, 8, 8],
									"color": 0,
									"children": [68, 69, 70]
								},
								{
									"name": "koule",
									"origin": [8, 8, 8],
									"color": 0,
									"children": [71, 72, 73]
								},
								{
									"name": "koule",
									"origin": [8, 8, 8],
									"color": 0,
									"children": [74, 75, 76]
								},
								{
									"name": "koule",
									"origin": [8, 8, 8],
									"color": 0,
									"children": [77, 78, 79]
								},
								{
									"name": "koule",
									"origin": [8, 8, 8],
									"color": 0,
									"children": [80, 81, 82]
								},
								{
									"name": "koule",
									"origin": [8, 8, 8],
									"color": 0,
									"children": [83, 84, 85]
								},
								{
									"name": "koule",
									"origin": [8, 8, 8],
									"color": 0,
									"children": [86, 87, 88]
								},
								{
									"name": "koule",
									"origin": [8, 8, 8],
									"color": 0,
									"children": [89, 90, 91]
								},
								{
									"name": "koule",
									"origin": [8, 8, 8],
									"color": 0,
									"children": [92, 93, 94]
								}
							]
						}
					]
				}
			]
		}
	]
}