{
    "credit": "Made with Blockbench", 
    "texture_size": [
        64, 
        64
    ], 
    "textures": {
        "main": "postavicky:item/vcelka1"
    }, 
    "elements": [
        {
            "name": "left_wing", 
            "from": [ -2.5, 9, 6 ], 
            "to":   [ 6.5, 9, 12 ], 
            "rotation": { "angle": 0, "axis": "z", "origin": [6.5, 9, 9] }, 
            "faces": {
                "north": { "uv": [ 1.875, 3, 0.75, 3 ], "texture": "#main" }, 
                "east":  { "uv": [ 2.625, 3, 1.875, 3 ], "texture": "#main" }, 
                "south": { "uv": [ 3.75, 3, 2.625, 3 ], "texture": "#main" }, 
                "west":  { "uv": [ 0.75, 3, 0, 3 ], "texture": "#main" }, 
                "up":    { "uv": [ 0.75, 3, 1.875, 2.25 ], "texture": "#main" }, 
                "down":  { "uv": [ 1.875, 2.25, 3, 3 ], "texture": "#main" }
            }
        }, 
        {
            "name": "right_wing", 
            "from": [ 9.5, 9, 6 ], 
            "to":   [ 18.5, 9, 12 ], 
            "rotation": { "angle": 0, "axis": "z", "origin": [9.5, 9, 9] }, 
            "faces": {
                "north": { "uv": [ 0.75, 3, 1.875, 3 ], "texture": "#main" }, 
                "east":  { "uv": [ 0, 3, 0.75, 3 ], "texture": "#main" }, 
                "south": { "uv": [ 2.625, 3, 3.75, 3 ], "texture": "#main" }, 
                "west":  { "uv": [ 1.875, 3, 2.625, 3 ], "texture": "#main" }, 
                "up":    { "uv": [ 1.875, 3, 0.75, 2.25 ], "texture": "#main" }, 
                "down":  { "uv": [ 3, 2.25, 1.875, 3 ], "texture": "#main" }
            }
        }, 
        {
            "name": "front_legs", 
            "from": [ 6.5, 0, 7 ], 
            "to":   [ 9.5, 2, 7 ], 
            "faces": {
                "north": { "uv": [ 3.5, 0.125, 3.875, 0.375 ], "texture": "#main" }, 
                "east":  { "uv": [ 3.5, 0.125, 3.5, 0.375 ], "texture": "#main" }, 
                "south": { "uv": [ 3.875, 0.125, 4.25, 0.375 ], "texture": "#main" }, 
                "west":  { "uv": [ 3.875, 0.125, 3.875, 0.375 ], "texture": "#main" }, 
                "up":    { "uv": [ 3.875, 0.125, 3.5, 0.125 ], "texture": "#main" }, 
                "down":  { "uv": [ 4.25, 0.125, 3.875, 0.125 ], "texture": "#main" }
            }
        }, 
        {
            "name": "middle_legs", 
            "from": [ 5.5, 0, 9 ], 
            "to":   [ 10.5, 2, 9 ], 
            "faces": {
                "north": { "uv": [ 3.375, 0.375, 4, 0.625 ], "texture": "#main" }, 
                "east":  { "uv": [ 3.375, 0.375, 3.375, 0.625 ], "texture": "#main" }, 
                "south": { "uv": [ 4, 0.375, 4.625, 0.625 ], "texture": "#main" }, 
                "west":  { "uv": [ 4, 0.375, 4, 0.625 ], "texture": "#main" }, 
                "up":    { "uv": [ 4, 0.375, 3.375, 0.375 ], "texture": "#main" }, 
                "down":  { "uv": [ 4.625, 0.375, 4, 0.375 ], "texture": "#main" }
            }
        }, 
        {
            "name": "back_legs", 
            "from": [ 5.5, 0, 11 ], 
            "to":   [ 10.5, 2, 11 ], 
            "faces": {
                "north": { "uv": [ 3.375, 0.625, 4, 0.875 ], "texture": "#main" }, 
                "east":  { "uv": [ 3.375, 0.625, 3.375, 0.875 ], "texture": "#main" }, 
                "south": { "uv": [ 4, 0.625, 4.625, 0.875 ], "texture": "#main" }, 
                "west":  { "uv": [ 4, 0.625, 4, 0.875 ], "texture": "#main" }, 
                "up":    { "uv": [ 4, 0.625, 3.375, 0.625 ], "texture": "#main" }, 
                "down":  { "uv": [ 4.625, 0.625, 4, 0.625 ], "texture": "#main" }
            }
        }, 
        {
            "name": "left_antenna", 
            "from": [ 5.5, 7, 1 ], 
            "to":   [ 6.5, 9, 4 ], 
            "faces": {
                "north": { "uv": [ 0.625, 0.375, 0.75, 0.625 ], "texture": "#main" }, 
                "east":  { "uv": [ 0.25, 0.375, 0.625, 0.625 ], "texture": "#main" }, 
                "south": { "uv": [ 1.125, 0.375, 1.25, 0.625 ], "texture": "#main" }, 
                "west":  { "uv": [ 0.75, 0.375, 1.125, 0.625 ], "texture": "#main" }, 
                "up":    { "uv": [ 0.75, 0.375, 0.625, 0 ], "texture": "#main" }, 
                "down":  { "uv": [ 0.875, 0, 0.75, 0.375 ], "texture": "#main" }
            }
        }, 
        {
            "name": "stinger", 
            "from": [ 8, 5, 14 ], 
            "to":   [ 8, 6, 16 ], 
            "faces": {
                "north": { "uv": [ 3.25, 1.125, 3.25, 1.25 ], "texture": "#main" }, 
                "east":  { "uv": [ 3, 1.125, 3.25, 1.25 ], "texture": "#main" }, 
                "south": { "uv": [ 3.5, 1.125, 3.5, 1.25 ], "texture": "#main" }, 
                "west":  { "uv": [ 3.25, 1.125, 3.5, 1.25 ], "texture": "#main" }, 
                "up":    { "uv": [ 3.25, 1.125, 3.25, 0.875 ], "texture": "#main" }, 
                "down":  { "uv": [ 3.25, 0.875, 3.25, 1.125 ], "texture": "#main" }
            }
        }, 
        {
            "name": "right_antenna", 
            "from": [ 9.5, 7, 1 ], 
            "to":   [ 10.5, 9, 4 ], 
            "faces": {
                "north": { "uv": [ 0.625, 0.75, 0.75, 1 ], "texture": "#main" }, 
                "east":  { "uv": [ 0.25, 0.75, 0.625, 1 ], "texture": "#main" }, 
                "south": { "uv": [ 1.125, 0.75, 1.25, 1 ], "texture": "#main" }, 
                "west":  { "uv": [ 0.75, 0.75, 1.125, 1 ], "texture": "#main" }, 
                "up":    { "uv": [ 0.75, 0.75, 0.625, 0.375 ], "texture": "#main" }, 
                "down":  { "uv": [ 0.875, 0.375, 0.75, 0.75 ], "texture": "#main" }
            }
        }, 
        {
            "name": "torso", 
            "from": [ 4.5, 2, 4 ], 
            "to":   [ 11.5, 9, 14 ], 
            "faces": {
                "north": { "uv": [ 1.25, 1.25, 2.125, 2.125 ], "texture": "#main" }, 
                "east":  { "uv": [ 0, 1.25, 1.25, 2.125 ], "texture": "#main" }, 
                "south": { "uv": [ 3.375, 1.25, 4.25, 2.125 ], "texture": "#main" }, 
                "west":  { "uv": [ 2.125, 1.25, 3.375, 2.125 ], "texture": "#main" }, 
                "up":    { "uv": [ 2.125, 1.25, 1.25, 0 ], "texture": "#main" }, 
                "down":  { "uv": [ 3, 0, 2.125, 1.25 ], "texture": "#main" }
            }
        }, 
        {
            "name": "left_wing", 
            "from": [ -2.5, 9, 6 ], 
            "to":   [ 6.5, 9, 12 ], 
            "rotation": { "angle": -22.5, "axis": "z", "origin": [6.5, 9, 9] }, 
            "faces": {
                "north": { "uv": [ 9.875, 3, 8.75, 3 ], "texture": "#main" }, 
                "east":  { "uv": [ 10.625, 3, 9.875, 3 ], "texture": "#main" }, 
                "south": { "uv": [ 11.75, 3, 10.625, 3 ], "texture": "#main" }, 
                "west":  { "uv": [ 8.75, 3, 8, 3 ], "texture": "#main" }, 
                "up":    { "uv": [ 8.75, 3, 9.875, 2.25 ], "texture": "#main" }, 
                "down":  { "uv": [ 9.875, 2.25, 11, 3 ], "texture": "#main" }
            }
        }, 
        {
            "name": "right_wing", 
            "from": [ 9.5, 9, 6 ], 
            "to":   [ 18.5, 9, 12 ], 
            "rotation": { "angle": 22.5, "axis": "z", "origin": [9.5, 9, 9] }, 
            "faces": {
                "north": { "uv": [ 8.75, 3, 9.875, 3 ], "texture": "#main" }, 
                "east":  { "uv": [ 8, 3, 8.75, 3 ], "texture": "#main" }, 
                "south": { "uv": [ 10.625, 3, 11.75, 3 ], "texture": "#main" }, 
                "west":  { "uv": [ 9.875, 3, 10.625, 3 ], "texture": "#main" }, 
                "up":    { "uv": [ 9.875, 3, 8.75, 2.25 ], "texture": "#main" }, 
                "down":  { "uv": [ 11, 2.25, 9.875, 3 ], "texture": "#main" }
            }
        }, 
        {
            "name": "front_legs", 
            "from": [ 6.5, 0, 7 ], 
            "to":   [ 9.5, 2, 7 ], 
            "faces": {
                "north": { "uv": [ 11.5, 0.125, 11.875, 0.375 ], "texture": "#main" }, 
                "east":  { "uv": [ 11.5, 0.125, 11.5, 0.375 ], "texture": "#main" }, 
                "south": { "uv": [ 11.875, 0.125, 12.25, 0.375 ], "texture": "#main" }, 
                "west":  { "uv": [ 11.875, 0.125, 11.875, 0.375 ], "texture": "#main" }, 
                "up":    { "uv": [ 11.875, 0.125, 11.5, 0.125 ], "texture": "#main" }, 
                "down":  { "uv": [ 12.25, 0.125, 11.875, 0.125 ], "texture": "#main" }
            }
        }, 
        {
            "name": "middle_legs", 
            "from": [ 5.5, 0, 9 ], 
            "to":   [ 10.5, 2, 9 ], 
            "faces": {
                "north": { "uv": [ 11.375, 0.375, 12, 0.625 ], "texture": "#main" }, 
                "east":  { "uv": [ 11.375, 0.375, 11.375, 0.625 ], "texture": "#main" }, 
                "south": { "uv": [ 12, 0.375, 12.625, 0.625 ], "texture": "#main" }, 
                "west":  { "uv": [ 12, 0.375, 12, 0.625 ], "texture": "#main" }, 
                "up":    { "uv": [ 12, 0.375, 11.375, 0.375 ], "texture": "#main" }, 
                "down":  { "uv": [ 12.625, 0.375, 12, 0.375 ], "texture": "#main" }
            }
        }, 
        {
            "name": "back_legs", 
            "from": [ 5.5, 0, 11 ], 
            "to":   [ 10.5, 2, 11 ], 
            "faces": {
                "north": { "uv": [ 11.375, 0.625, 12, 0.875 ], "texture": "#main" }, 
                "east":  { "uv": [ 11.375, 0.625, 11.375, 0.875 ], "texture": "#main" }, 
                "south": { "uv": [ 12, 0.625, 12.625, 0.875 ], "texture": "#main" }, 
                "west":  { "uv": [ 12, 0.625, 12, 0.875 ], "texture": "#main" }, 
                "up":    { "uv": [ 12, 0.625, 11.375, 0.625 ], "texture": "#main" }, 
                "down":  { "uv": [ 12.625, 0.625, 12, 0.625 ], "texture": "#main" }
            }
        }, 
        {
            "name": "left_antenna", 
            "from": [ 5.5, 7, 1 ], 
            "to":   [ 6.5, 9, 4 ], 
            "faces": {
                "north": { "uv": [ 8.625, 0.375, 8.75, 0.625 ], "texture": "#main" }, 
                "east":  { "uv": [ 8.25, 0.375, 8.625, 0.625 ], "texture": "#main" }, 
                "south": { "uv": [ 9.125, 0.375, 9.25, 0.625 ], "texture": "#main" }, 
                "west":  { "uv": [ 8.75, 0.375, 9.125, 0.625 ], "texture": "#main" }, 
                "up":    { "uv": [ 8.75, 0.375, 8.625, 0 ], "texture": "#main" }, 
                "down":  { "uv": [ 8.875, 0, 8.75, 0.375 ], "texture": "#main" }
            }
        }, 
        {
            "name": "stinger", 
            "from": [ 8, 5, 14 ], 
            "to":   [ 8, 6, 16 ], 
            "faces": {
                "north": { "uv": [ 11.25, 1.125, 11.25, 1.25 ], "texture": "#main" }, 
                "east":  { "uv": [ 11, 1.125, 11.25, 1.25 ], "texture": "#main" }, 
                "south": { "uv": [ 11.5, 1.125, 11.5, 1.25 ], "texture": "#main" }, 
                "west":  { "uv": [ 11.25, 1.125, 11.5, 1.25 ], "texture": "#main" }, 
                "up":    { "uv": [ 11.25, 1.125, 11.25, 0.875 ], "texture": "#main" }, 
                "down":  { "uv": [ 11.25, 0.875, 11.25, 1.125 ], "texture": "#main" }
            }
        }, 
        {
            "name": "right_antenna", 
            "from": [ 9.5, 7, 1 ], 
            "to":   [ 10.5, 9, 4 ], 
            "faces": {
                "north": { "uv": [ 8.625, 0.75, 8.75, 1 ], "texture": "#main" }, 
                "east":  { "uv": [ 8.25, 0.75, 8.625, 1 ], "texture": "#main" }, 
                "south": { "uv": [ 9.125, 0.75, 9.25, 1 ], "texture": "#main" }, 
                "west":  { "uv": [ 8.75, 0.75, 9.125, 1 ], "texture": "#main" }, 
                "up":    { "uv": [ 8.75, 0.75, 8.625, 0.375 ], "texture": "#main" }, 
                "down":  { "uv": [ 8.875, 0.375, 8.75, 0.75 ], "texture": "#main" }
            }
        }, 
        {
            "name": "torso", 
            "from": [ 4.5, 2, 4 ], 
            "to":   [ 11.5, 9, 14 ], 
            "faces": {
                "north": { "uv": [ 9.25, 1.25, 10.125, 2.125 ], "texture": "#main" }, 
                "east":  { "uv": [ 8, 1.25, 9.25, 2.125 ], "texture": "#main" }, 
                "south": { "uv": [ 11.375, 1.25, 12.25, 2.125 ], "texture": "#main" }, 
                "west":  { "uv": [ 10.125, 1.25, 11.375, 2.125 ], "texture": "#main" }, 
                "up":    { "uv": [ 10.125, 1.25, 9.25, 0 ], "texture": "#main" }, 
                "down":  { "uv": [ 11, 0, 10.125, 1.25 ], "texture": "#main" }
            }
        }, 
        {
            "name": "left_wing", 
            "from": [ -2.5, 9, 6 ], 
            "to":   [ 6.5, 9, 12 ], 
            "rotation": { "angle": 22.5, "axis": "z", "origin": [6.5, 9, 9] }, 
            "faces": {
                "north": { "uv": [ 1.875, 11, 0.75, 11 ], "texture": "#main" }, 
                "east":  { "uv": [ 2.625, 11, 1.875, 11 ], "texture": "#main" }, 
                "south": { "uv": [ 3.75, 11, 2.625, 11 ], "texture": "#main" }, 
                "west":  { "uv": [ 0.75, 11, 0, 11 ], "texture": "#main" }, 
                "up":    { "uv": [ 0.75, 11, 1.875, 10.25 ], "texture": "#main" }, 
                "down":  { "uv": [ 1.875, 10.25, 3, 11 ], "texture": "#main" }
            }
        }, 
        {
            "name": "right_wing", 
            "from": [ 9.5, 9, 6 ], 
            "to":   [ 18.5, 9, 12 ], 
            "rotation": { "angle": -22.5, "axis": "z", "origin": [9.5, 9, 9] }, 
            "faces": {
                "north": { "uv": [ 0.75, 11, 1.875, 11 ], "texture": "#main" }, 
                "east":  { "uv": [ 0, 11, 0.75, 11 ], "texture": "#main" }, 
                "south": { "uv": [ 2.625, 11, 3.75, 11 ], "texture": "#main" }, 
                "west":  { "uv": [ 1.875, 11, 2.625, 11 ], "texture": "#main" }, 
                "up":    { "uv": [ 1.875, 11, 0.75, 10.25 ], "texture": "#main" }, 
                "down":  { "uv": [ 3, 10.25, 1.875, 11 ], "texture": "#main" }
            }
        }, 
        {
            "name": "front_legs", 
            "from": [ 6.5, 0, 7 ], 
            "to":   [ 9.5, 2, 7 ], 
            "faces": {
                "north": { "uv": [ 3.5, 8.125, 3.875, 8.375 ], "texture": "#main" }, 
                "east":  { "uv": [ 3.5, 8.125, 3.5, 8.375 ], "texture": "#main" }, 
                "south": { "uv": [ 3.875, 8.125, 4.25, 8.375 ], "texture": "#main" }, 
                "west":  { "uv": [ 3.875, 8.125, 3.875, 8.375 ], "texture": "#main" }, 
                "up":    { "uv": [ 3.875, 8.125, 3.5, 8.125 ], "texture": "#main" }, 
                "down":  { "uv": [ 4.25, 8.125, 3.875, 8.125 ], "texture": "#main" }
            }
        }, 
        {
            "name": "middle_legs", 
            "from": [ 5.5, 0, 9 ], 
            "to":   [ 10.5, 2, 9 ], 
            "faces": {
                "north": { "uv": [ 3.375, 8.375, 4, 8.625 ], "texture": "#main" }, 
                "east":  { "uv": [ 3.375, 8.375, 3.375, 8.625 ], "texture": "#main" }, 
                "south": { "uv": [ 4, 8.375, 4.625, 8.625 ], "texture": "#main" }, 
                "west":  { "uv": [ 4, 8.375, 4, 8.625 ], "texture": "#main" }, 
                "up":    { "uv": [ 4, 8.375, 3.375, 8.375 ], "texture": "#main" }, 
                "down":  { "uv": [ 4.625, 8.375, 4, 8.375 ], "texture": "#main" }
            }
        }, 
        {
            "name": "back_legs", 
            "from": [ 5.5, 0, 11 ], 
            "to":   [ 10.5, 2, 11 ], 
            "faces": {
                "north": { "uv": [ 3.375, 8.625, 4, 8.875 ], "texture": "#main" }, 
                "east":  { "uv": [ 3.375, 8.625, 3.375, 8.875 ], "texture": "#main" }, 
                "south": { "uv": [ 4, 8.625, 4.625, 8.875 ], "texture": "#main" }, 
                "west":  { "uv": [ 4, 8.625, 4, 8.875 ], "texture": "#main" }, 
                "up":    { "uv": [ 4, 8.625, 3.375, 8.625 ], "texture": "#main" }, 
                "down":  { "uv": [ 4.625, 8.625, 4, 8.625 ], "texture": "#main" }
            }
        }, 
        {
            "name": "left_antenna", 
            "from": [ 5.5, 7, 1 ], 
            "to":   [ 6.5, 9, 4 ], 
            "faces": {
                "north": { "uv": [ 0.625, 8.375, 0.75, 8.625 ], "texture": "#main" }, 
                "east":  { "uv": [ 0.25, 8.375, 0.625, 8.625 ], "texture": "#main" }, 
                "south": { "uv": [ 1.125, 8.375, 1.25, 8.625 ], "texture": "#main" }, 
                "west":  { "uv": [ 0.75, 8.375, 1.125, 8.625 ], "texture": "#main" }, 
                "up":    { "uv": [ 0.75, 8.375, 0.625, 8 ], "texture": "#main" }, 
                "down":  { "uv": [ 0.875, 8, 0.75, 8.375 ], "texture": "#main" }
            }
        }, 
        {
            "name": "stinger", 
            "from": [ 8, 5, 14 ], 
            "to":   [ 8, 6, 16 ], 
            "faces": {
                "north": { "uv": [ 3.25, 9.125, 3.25, 9.25 ], "texture": "#main" }, 
                "east":  { "uv": [ 3, 9.125, 3.25, 9.25 ], "texture": "#main" }, 
                "south": { "uv": [ 3.5, 9.125, 3.5, 9.25 ], "texture": "#main" }, 
                "west":  { "uv": [ 3.25, 9.125, 3.5, 9.25 ], "texture": "#main" }, 
                "up":    { "uv": [ 3.25, 9.125, 3.25, 8.875 ], "texture": "#main" }, 
                "down":  { "uv": [ 3.25, 8.875, 3.25, 9.125 ], "texture": "#main" }
            }
        }, 
        {
            "name": "right_antenna", 
            "from": [ 9.5, 7, 1 ], 
            "to":   [ 10.5, 9, 4 ], 
            "faces": {
                "north": { "uv": [ 0.625, 8.75, 0.75, 9 ], "texture": "#main" }, 
                "east":  { "uv": [ 0.25, 8.75, 0.625, 9 ], "texture": "#main" }, 
                "south": { "uv": [ 1.125, 8.75, 1.25, 9 ], "texture": "#main" }, 
                "west":  { "uv": [ 0.75, 8.75, 1.125, 9 ], "texture": "#main" }, 
                "up":    { "uv": [ 0.75, 8.75, 0.625, 8.375 ], "texture": "#main" }, 
                "down":  { "uv": [ 0.875, 8.375, 0.75, 8.75 ], "texture": "#main" }
            }
        }, 
        {
            "name": "torso", 
            "from": [ 4.5, 2, 4 ], 
            "to":   [ 11.5, 9, 14 ], 
            "faces": {
                "north": { "uv": [ 1.25, 9.25, 2.125, 10.125 ], "texture": "#main" }, 
                "east":  { "uv": [ 0, 9.25, 1.25, 10.125 ], "texture": "#main" }, 
                "south": { "uv": [ 3.375, 9.25, 4.25, 10.125 ], "texture": "#main" }, 
                "west":  { "uv": [ 2.125, 9.25, 3.375, 10.125 ], "texture": "#main" }, 
                "up":    { "uv": [ 2.125, 9.25, 1.25, 8 ], "texture": "#main" }, 
                "down":  { "uv": [ 3, 8, 2.125, 9.25 ], "texture": "#main" }
            }
        }
    ], 
    "display": {
        "thirdperson_righthand": {
            "rotation": [ 67, 0, 0 ], 
            "translation": [ 2.5, 1.25, 15 ], 
            "scale": [ 0.5, 0.5, 0.5 ]
        }, 
        "thirdperson_lefthand": {
            "rotation": [ 67, 0, 0 ], 
            "translation": [ 2.5, 1.25, 15 ], 
            "scale": [ 0.5, 0.5, 0.5 ]
        }, 
        "firstperson_righthand": {
            "rotation": [ -10, 141, 1 ], 
            "translation": [ -2.75, 6.25, 4.5 ], 
            "scale": [ 0.3, 0.3, 0.3 ]
        }, 
        "firstperson_lefthand": {
            "rotation": [ -10, 141, 1 ], 
            "translation": [ -2.75, 6.25, 4.5 ], 
            "scale": [ 0.3, 0.3, 0.3 ]
        }, 
        "ground": {
            "translation": [ 0, 4, 0 ]
        }, 
        "gui": {
            "rotation": [ 17, 155, 0 ], 
            "translation": [ -0.75, 2, 0 ]
        }, 
        "head": {
            "translation": [ 0.75, 14.75, 0 ]
        }, 
        "fixed": {
            "rotation": [ -90, 0, 0 ], 
            "translation": [ 1, 0, -12.5 ], 
            "scale": [ 1.5, 1.5, 1.5 ]
        }
    }, 
    "__comment": "Model animated using Fizzy's model animator - http://fizzy81.github.io/animated-models/"
}