{
	"credit": "Made with Blockbench",
	"texture_size": [32, 32],
	"textures": {
		"0": "postavicky:item/desert"
	},
	"elements": [
		{
			"name": "head",
			"from": [6, 12, 8],
			"to": [10, 17, 12],
			"rotation": {"angle": 0, "axis": "y", "origin": [8, 0, 10]},
			"faces": {
				"north": {"uv": [2, 2, 4, 4.5], "texture": "#0"},
				"east": {"uv": [0, 2, 2, 4.5], "texture": "#0"},
				"south": {"uv": [6, 2, 8, 4.5], "texture": "#0"},
				"west": {"uv": [4, 2, 6, 4.5], "texture": "#0"},
				"up": {"uv": [4, 2, 2, 0], "texture": "#0"},
				"down": {"uv": [6, 0, 4, 2], "texture": "#0"}
			}
		},
		{
			"name": "nose",
			"from": [7.5, 11.5, 7],
			"to": [8.5, 13.5, 8],
			"rotation": {"angle": 0, "axis": "y", "origin": [8, 0, 10]},
			"faces": {
				"north": {"uv": [7, 0.5, 7.5, 1.5], "texture": "#0"},
				"east": {"uv": [6.5, 0.5, 7, 1.5], "texture": "#0"},
				"south": {"uv": [8, 0.5, 8.5, 1.5], "texture": "#0"},
				"west": {"uv": [7.5, 0.5, 8, 1.5], "texture": "#0"},
				"up": {"uv": [7.5, 0.5, 7, 0], "texture": "#0"},
				"down": {"uv": [8, 0, 7.5, 0.5], "texture": "#0"}
			}
		},
		{
			"name": "headwear",
			"from": [5.745, 11.745, 7.745],
			"to": [10.255, 17.255, 12.255],
			"rotation": {"angle": 0, "axis": "y", "origin": [8, 0, 10]},
			"faces": {
				"north": {"uv": [10, 2, 12, 4.5], "texture": "#0"},
				"east": {"uv": [8, 2, 10, 4.5], "texture": "#0"},
				"south": {"uv": [14, 2, 16, 4.5], "texture": "#0"},
				"west": {"uv": [12, 2, 14, 4.5], "texture": "#0"},
				"up": {"uv": [12, 2, 10, 0], "texture": "#0"},
				"down": {"uv": [14, 0, 12, 2], "texture": "#0"}
			}
		},
		{
			"name": "body",
			"from": [6, 6, 8.5],
			"to": [10, 12, 11.5],
			"rotation": {"angle": 0, "axis": "y", "origin": [8, 0, 10]},
			"faces": {
				"north": {"uv": [5.5, 6.5, 7.5, 9.5], "texture": "#0"},
				"east": {"uv": [4, 6.5, 5.5, 9.5], "texture": "#0"},
				"south": {"uv": [9, 6.5, 11, 9.5], "texture": "#0"},
				"west": {"uv": [7.5, 6.5, 9, 9.5], "texture": "#0"},
				"up": {"uv": [7.5, 6.5, 5.5, 5], "texture": "#0"},
				"down": {"uv": [9.5, 5, 7.5, 6.5], "texture": "#0"}
			}
		},
		{
			"name": "bodywear",
			"from": [5.75, 1.75, 8.25],
			"to": [10.25, 12.25, 11.75],
			"rotation": {"angle": 0, "axis": "y", "origin": [8, 0, 10]},
			"faces": {
				"north": {"uv": [1.5, 11, 3.5, 16], "texture": "#0"},
				"east": {"uv": [0, 11, 1.5, 16], "texture": "#0"},
				"south": {"uv": [5, 11, 7, 16], "texture": "#0"},
				"west": {"uv": [3.5, 11, 5, 16], "texture": "#0"},
				"up": {"uv": [3.5, 11, 1.5, 9.5], "texture": "#0"},
				"down": {"uv": [5.5, 9.5, 3.5, 11], "texture": "#0"}
			}
		},
		{
			"name": "arms",
			"from": [6, 7.025, 8.475],
			"to": [10, 9.025, 10.475],
			"rotation": {"angle": 45, "axis": "x", "origin": [12, 10.525, 9.475]},
			"faces": {
				"north": {"uv": [11, 10.5, 13, 11.5], "texture": "#0"},
				"east": {"uv": [10, 10.5, 11, 11.5], "texture": "#0"},
				"south": {"uv": [14, 10.5, 16, 11.5], "texture": "#0"},
				"west": {"uv": [13, 10.5, 14, 11.5], "texture": "#0"},
				"up": {"uv": [13, 10.5, 11, 9.5], "texture": "#0"},
				"down": {"uv": [15, 9.5, 13, 10.5], "texture": "#0"}
			}
		},
		{
			"name": "arms",
			"from": [10, 7.025, 8.475],
			"to": [12, 11.025, 10.475],
			"rotation": {"angle": 45, "axis": "x", "origin": [12, 10.525, 9.475]},
			"faces": {
				"north": {"uv": [12, 6.5, 13, 8.5], "texture": "#0"},
				"east": {"uv": [11, 6.5, 12, 8.5], "texture": "#0"},
				"south": {"uv": [14, 6.5, 15, 8.5], "texture": "#0"},
				"west": {"uv": [13, 6.5, 14, 8.5], "texture": "#0"},
				"up": {"uv": [13, 6.5, 12, 5.5], "texture": "#0"},
				"down": {"uv": [14, 5.5, 13, 6.5], "texture": "#0"}
			}
		},
		{
			"name": "mirrored",
			"from": [4, 7.025, 8.475],
			"to": [6, 11.025, 10.475],
			"rotation": {"angle": 45, "axis": "x", "origin": [12, 10.525, 9.475]},
			"faces": {
				"north": {"uv": [13, 6.5, 12, 8.5], "texture": "#0"},
				"east": {"uv": [14, 6.5, 13, 8.5], "texture": "#0"},
				"south": {"uv": [15, 6.5, 14, 8.5], "texture": "#0"},
				"west": {"uv": [12, 6.5, 11, 8.5], "texture": "#0"},
				"up": {"uv": [12, 6.5, 13, 5.5], "texture": "#0"},
				"down": {"uv": [13, 5.5, 14, 6.5], "texture": "#0"}
			}
		},
		{
			"name": "right_leg",
			"from": [8, 0, 9],
			"to": [10, 6, 11],
			"rotation": {"angle": 0, "axis": "y", "origin": [8, 0, 10]},
			"faces": {
				"north": {"uv": [1, 6.5, 2, 9.5], "texture": "#0"},
				"east": {"uv": [0, 6.5, 1, 9.5], "texture": "#0"},
				"south": {"uv": [3, 6.5, 4, 9.5], "texture": "#0"},
				"west": {"uv": [2, 6.5, 3, 9.5], "texture": "#0"},
				"up": {"uv": [2, 6.5, 1, 5.5], "texture": "#0"},
				"down": {"uv": [3, 5.5, 2, 6.5], "texture": "#0"}
			}
		},
		{
			"name": "left_leg",
			"from": [6, 0, 9],
			"to": [8, 6, 11],
			"rotation": {"angle": 0, "axis": "y", "origin": [8, 0, 10]},
			"faces": {
				"north": {"uv": [1, 6.5, 2, 9.5], "texture": "#0"},
				"east": {"uv": [0, 6.5, 1, 9.5], "texture": "#0"},
				"south": {"uv": [3, 6.5, 4, 9.5], "texture": "#0"},
				"west": {"uv": [2, 6.5, 3, 9.5], "texture": "#0"},
				"up": {"uv": [2, 6.5, 1, 5.5], "texture": "#0"},
				"down": {"uv": [3, 5.5, 2, 6.5], "texture": "#0"}
			}
		}
	],
	"display": {
		"thirdperson_righthand": {
			"rotation": [30, 0, 0],
			"translation": [0, 1, 0.25],
			"scale": [0.5, 0.5, 0.5]
		},
		"thirdperson_lefthand": {
			"rotation": [30, 0, 0],
			"translation": [0, 1, 0.25],
			"scale": [0.5, 0.5, 0.5]
		},
		"firstperson_righthand": {
			"rotation": [0, 104, 0],
			"translation": [2.5, 1.25, 0.25],
			"scale": [0.5, 0.5, 0.5]
		},
		"firstperson_lefthand": {
			"rotation": [0, 104, 0],
			"translation": [2.5, 1.25, 0.25],
			"scale": [0.5, 0.5, 0.5]
		},
		"ground": {
			"translation": [0, 2.75, 0],
			"scale": [0.75, 0.75, 0.75]
		},
		"gui": {
			"rotation": [20, 150, 0],
			"translation": [0, -0.75, 0],
			"scale": [0.75, 0.75, 0.75]
		},
		"head": {
			"translation": [0.25, -19.75, -6.5],
			"scale": [3.25, 3.25, 3.25]
		},
		"fixed": {
			"translation": [0, -0.75, -5.25]
		}
	}
}