{
	"credit": "Made with Blockbench",
	"texture_size": [64, 64],
	"textures": {
		"0": "postavicky:item/wither_textura",
		"particle": "postavicky:item/wither_textura"
	},
	"elements": [
		{
			"name": "head1",
			"from": [4, 20, 2],
			"to": [12, 28, 10],
			"rotation": {"angle": 0, "axis": "y", "origin": [8, 24, 6]},
			"faces": {
				"north": {"uv": [2, 2, 4, 4], "texture": "#0"},
				"east": {"uv": [0, 2, 2, 4], "texture": "#0"},
				"south": {"uv": [6, 2, 8, 4], "texture": "#0"},
				"west": {"uv": [4, 2, 6, 4], "texture": "#0"},
				"up": {"uv": [4, 2, 2, 0], "texture": "#0"},
				"down": {"uv": [6, 0, 4, 2], "texture": "#0"}
			}
		},
		{
			"name": "head2",
			"from": [14, 18, 2],
			"to": [20, 24, 8],
			"rotation": {"angle": 0, "axis": "y", "origin": [8, 14.46526, 6.51696]},
			"faces": {
				"north": {"uv": [9.5, 1.5, 11, 3], "texture": "#0"},
				"east": {"uv": [8, 1.5, 9.5, 3], "texture": "#0"},
				"south": {"uv": [12.5, 1.5, 14, 3], "texture": "#0"},
				"west": {"uv": [11, 1.5, 12.5, 3], "texture": "#0"},
				"up": {"uv": [11, 1.5, 9.5, 0], "texture": "#0"},
				"down": {"uv": [12.5, 0, 11, 1.5], "texture": "#0"}
			}
		},
		{
			"name": "head3",
			"from": [-4, 18, 2],
			"to": [2, 24, 8],
			"rotation": {"angle": 0, "axis": "y", "origin": [8, 14.46526, 6.51696]},
			"faces": {
				"north": {"uv": [9.5, 1.5, 11, 3], "texture": "#0"},
				"east": {"uv": [8, 1.5, 9.5, 3], "texture": "#0"},
				"south": {"uv": [12.5, 1.5, 14, 3], "texture": "#0"},
				"west": {"uv": [11, 1.5, 12.5, 3], "texture": "#0"},
				"up": {"uv": [11, 1.5, 9.5, 0], "texture": "#0"},
				"down": {"uv": [12.5, 0, 11, 1.5], "texture": "#0"}
			}
		},
		{
			"name": "body1",
			"from": [-2, 17.1, 5.5],
			"to": [18, 20.1, 8.5],
			"rotation": {"angle": 0, "axis": "y", "origin": [8, 18.6, 7]},
			"faces": {
				"north": {"uv": [0.75, 4.75, 5.75, 5.5], "texture": "#0"},
				"east": {"uv": [0, 4.75, 0.75, 5.5], "texture": "#0"},
				"south": {"uv": [6.5, 4.75, 11.5, 5.5], "texture": "#0"},
				"west": {"uv": [5.75, 4.75, 6.5, 5.5], "texture": "#0"},
				"up": {"uv": [5.75, 4.75, 0.75, 4], "texture": "#0"},
				"down": {"uv": [10.75, 4, 5.75, 4.75], "texture": "#0"}
			}
		},
		{
			"name": "body2",
			"from": [6.5, 7.1, 5.5],
			"to": [9.5, 17.1, 8.5],
			"rotation": {"angle": 0, "axis": "x", "origin": [8, 12.1, 7]},
			"faces": {
				"north": {"uv": [0.75, 6.25, 1.5, 8.75], "texture": "#0"},
				"east": {"uv": [0, 6.25, 0.75, 8.75], "texture": "#0"},
				"south": {"uv": [2.25, 6.25, 3, 8.75], "texture": "#0"},
				"west": {"uv": [1.5, 6.25, 2.25, 8.75], "texture": "#0"},
				"up": {"uv": [1.5, 6.25, 0.75, 5.5], "texture": "#0"},
				"down": {"uv": [2.25, 5.5, 1.5, 6.25], "texture": "#0"}
			}
		},
		{
			"name": "body2",
			"from": [2.5, 13.6, 6],
			"to": [13.5, 15.6, 8],
			"rotation": {"angle": 0, "axis": "x", "origin": [8, 9.76526, 7.51696]},
			"faces": {
				"north": {"uv": [6.5, 6, 9.25, 6.5], "texture": "#0"},
				"east": {"uv": [6, 6, 6.5, 6.5], "texture": "#0"},
				"south": {"uv": [9.75, 6, 12.5, 6.5], "texture": "#0"},
				"west": {"uv": [9.25, 6, 9.75, 6.5], "texture": "#0"},
				"up": {"uv": [9.25, 6, 6.5, 5.5], "texture": "#0"},
				"down": {"uv": [12, 5.5, 9.25, 6], "texture": "#0"}
			}
		},
		{
			"name": "body2",
			"from": [2.5, 11.1, 6],
			"to": [13.5, 13.1, 8],
			"rotation": {"angle": 0, "axis": "x", "origin": [8, 9.76526, 7.51696]},
			"faces": {
				"north": {"uv": [6.5, 6, 9.25, 6.5], "texture": "#0"},
				"east": {"uv": [6, 6, 6.5, 6.5], "texture": "#0"},
				"south": {"uv": [9.75, 6, 12.5, 6.5], "texture": "#0"},
				"west": {"uv": [9.25, 6, 9.75, 6.5], "texture": "#0"},
				"up": {"uv": [9.25, 6, 6.5, 5.5], "texture": "#0"},
				"down": {"uv": [12, 5.5, 9.25, 6], "texture": "#0"}
			}
		},
		{
			"name": "body2",
			"from": [2.5, 8.6, 6],
			"to": [13.5, 10.6, 8],
			"rotation": {"angle": 0, "axis": "x", "origin": [8, 9.76526, 7.51696]},
			"faces": {
				"north": {"uv": [6.5, 6, 9.25, 6.5], "texture": "#0"},
				"east": {"uv": [6, 6, 6.5, 6.5], "texture": "#0"},
				"south": {"uv": [9.75, 6, 12.5, 6.5], "texture": "#0"},
				"west": {"uv": [9.25, 6, 9.75, 6.5], "texture": "#0"},
				"up": {"uv": [9.25, 6, 6.5, 5.5], "texture": "#0"},
				"down": {"uv": [12, 5.5, 9.25, 6], "texture": "#0"}
			}
		},
		{
			"name": "body3",
			"from": [6.5, 1.93052, 6.53393],
			"to": [9.5, 7.93052, 9.53393],
			"rotation": {"angle": -22.5, "axis": "x", "origin": [8, 4.93052, 8.03393]},
			"faces": {
				"north": {"uv": [3.75, 6.25, 4.5, 7.75], "texture": "#0"},
				"east": {"uv": [3, 6.25, 3.75, 7.75], "texture": "#0"},
				"south": {"uv": [5.25, 6.25, 6, 7.75], "texture": "#0"},
				"west": {"uv": [4.5, 6.25, 5.25, 7.75], "texture": "#0"},
				"up": {"uv": [4.5, 6.25, 3.75, 5.5], "texture": "#0"},
				"down": {"uv": [5.25, 5.5, 4.5, 6.25], "texture": "#0"}
			}
		}
	],
	"display": {
		"thirdperson_righthand": {
			"rotation": [41, 0, 0],
			"translation": [0, -0.75, 0],
			"scale": [0.3, 0.3, 0.3]
		},
		"thirdperson_lefthand": {
			"rotation": [41, 0, 0],
			"translation": [0, -0.75, 0],
			"scale": [0.3, 0.3, 0.3]
		},
		"firstperson_righthand": {
			"rotation": [0, 110, 0],
			"translation": [0.5, 0, 0],
			"scale": [0.4, 0.4, 0.4]
		},
		"firstperson_lefthand": {
			"rotation": [0, 110, 0],
			"translation": [0.5, 0, 0],
			"scale": [0.4, 0.4, 0.4]
		},
		"ground": {
			"scale": [0.5, 0.5, 0.5]
		},
		"gui": {
			"rotation": [14, 156, 0],
			"translation": [0.5, -3.25, 0],
			"scale": [0.5, 0.5, 0.5]
		},
		"head": {
			"translation": [0, -21.75, -2.5],
			"scale": [3, 3, 3]
		},
		"fixed": {
			"translation": [0, 0, -1.5],
			"scale": [0.7, 0.7, 0.7]
		}
	}
}