{
  "krtek": 						{"sounds": ["songy:docasny/krtek" 					]},
  "hrnec_song": 				{"sounds": ["songy:docasny/hrnec_song" 				]},
  "jirkova_blbost": 			{"sounds": ["songy:docasny/jirkova_blbost" 			]},
  "matkulova_blbost": 			{"sounds": ["songy:docasny/matkulova_blbost" 		]},
  "sunsetz": 					{"sounds": ["songy:trvaly/sunsetz" 					]},
  "ava": 						{"sounds": ["songy:trvaly/ava" 						]},
  "amerika": 					{"sounds": ["songy:docasny/amerika" 				]},
  "flowers": 					{"sounds": ["songy:docasny/flowers" 				]},
  "knee_socks":					{"sounds": ["songy:docasny/knee_socks" 				]},
  "snap_out_of_it": 	 		{"sounds": ["songy:docasny/snap_out_of_it" 			]},
  "softcore": 					{"sounds": ["songy:docasny/softcore" 				]},
  "still_feel":  				{"sounds": ["songy:docasny/still_feel" 				]},
  "houby_houbicky":          	{"sounds": ["songy:docasny/houby_houbicky" 	        ]},
  "franc_ennemy":          		{"sounds": ["songy:docasny/ennemie" 	      		]},
  
  
  
  
    "item.brute_shield.use":{
        "category": "player",
        "subtitle":"sound.siscu.piglin_shield",
        "sounds": [
			"siscu_se:item/golden_shield/block"
        ]
    },
	"item.amethyst_shield.gather_vibrations":{
        "category": "player",
        "subtitle":"sound.siscu.gather_vibrations",
        "sounds": [
            "block/amethyst/resonate1"
        ]
    },
	"item.amethyst_shield.charge_up":{
        "category": "player",
        "subtitle":"sound.siscu.charge_up",
        "sounds": [
            "block/respawn_anchor/charge1"
        ]
    },
	"item.light_sensor.switch":{
        "category": "player",
        "subtitle":"sound.siscu.light_sensor",
        "sounds": [
            "item/spyglass/use"
        ]
    },
	"block.shutters.sound":{
        "category": "block",
        "subtitle":"sound.siscu.shutters_action",
        "sounds": [
            "entity/painting/place1",
            "entity/painting/place2",
            "entity/painting/place3",
            "entity/painting/place4"
        ]
    },
	"entity.boat.boat_banner_place":{
        "category": "block",
        "subtitle":"sound.siscu.boat_banner_place",
        "sounds": [
			{
			"name": "block/stem/break1",
			"pitch": 1.1,
			"volume": 0.8
			},
			{
			"name": "block/stem/break2",
			"pitch": 1.1,
			"volume": 0.8
			},
			{
			"name": "block/stem/break3",
			"pitch": 1.1,
			"volume": 0.8
			},
			{
			"name": "block/stem/break4",
			"pitch": 1.1,
			"volume": 0.8
			},
			{
			"name": "block/stem/break5",
			"pitch": 1.1,
			"volume": 0.8
			},
			{
			"name": "block/stem/break6",
			"pitch": 1.1,
			"volume": 0.8
			}
		]
    },
	"entity.boat.boat_banner_break":{
        "category": "block",
        "subtitle":"sound.siscu.boat_banner_break",
        "sounds": [
			"entity/itemframe/break1",
			"entity/itemframe/break2",
			"entity/itemframe/break3"
		]
    },
	"item.mirage_bottle.deploy":{
        "category": "player",
        "subtitle":"sound.siscu.mirage_bottle_deploy",
        "sounds": [
			"block/trial_spawner/spawn_item_begin1",
			"block/trial_spawner/spawn_item_begin2",
			"block/trial_spawner/spawn_item_begin3"
		]
    },
	"item.mirage_bottle.update":{
        "category": "player",
        "subtitle":"sound.siscu.mirage_bottle_update",
        "sounds": [
			"block/trial_spawner/spawn_item1",
			"block/trial_spawner/spawn_item2",
			"block/trial_spawner/spawn_item3"
		]
    },
	"item.mirage_bottle.retrieve":{
        "category": "player",
        "subtitle":"sound.siscu.mirage_bottle_retrieve",
        "sounds": [
			"item/bottle/fill_dragonbreath1",
			"item/bottle/fill_dragonbreath2"
		]
    },
	"item.broth.scoop_bowl":{
        "category": "player",
        "subtitle":"sound.siscu.broth_bowl_scoop",
        "sounds": [
			"mob/mooshroom/milk1",
			"mob/mooshroom/milk2",
			"mob/mooshroom/milk3"
		]
    },
	"block.broth.ready":{
        "category": "block",
        "subtitle":"sound.siscu.broth_ready",
        "sounds": [
			"liquid/lava"
		]
    },
	"block.broth.simmer":{
        "category": "block",
        "subtitle":"sound.siscu.broth_simmer",
        "sounds": [
			"liquid/lava"
		]
    }
  
}