{
    "credit": "Made with Blockbench", 
    "texture_size": [
        32, 
        32
    ], 
    "textures": {
        "main": "postavicky:item/vex1"
    }, 
    "elements": [
        {
            "name": "head", 
            "from": [ 5.5, 6, 5.5 ], 
            "to":   [ 10.5, 11, 10.5 ], 
            "faces": {
                "north": { "uv": [ 1.25, 1.25, 2.5, 2.5 ], "texture": "#main" }, 
                "east":  { "uv": [ 0, 1.25, 1.25, 2.5 ], "texture": "#main" }, 
                "south": { "uv": [ 3.75, 1.25, 5, 2.5 ], "texture": "#main" }, 
                "west":  { "uv": [ 2.5, 1.25, 3.75, 2.5 ], "texture": "#main" }, 
                "up":    { "uv": [ 2.5, 1.25, 1.25, 0 ], "texture": "#main" }, 
                "down":  { "uv": [ 3.75, 0, 2.5, 1.25 ], "texture": "#main" }
            }
        }, 
        {
            "name": "body", 
            "from": [ 6.5, 2, 7 ], 
            "to":   [ 9.5, 6, 9 ], 
            "faces": {
                "north": { "uv": [ 0.5, 3, 1.25, 4 ], "texture": "#main" }, 
                "east":  { "uv": [ 0, 3, 0.5, 4 ], "texture": "#main" }, 
                "south": { "uv": [ 1.75, 3, 2.5, 4 ], "texture": "#main" }, 
                "west":  { "uv": [ 1.25, 3, 1.75, 4 ], "texture": "#main" }, 
                "up":    { "uv": [ 1.25, 3, 0.5, 2.5 ], "texture": "#main" }, 
                "down":  { "uv": [ 2, 2.5, 1.25, 3 ], "texture": "#main" }
            }
        }, 
        {
            "name": "body", 
            "from": [ 6.7, 0.2, 7.2 ], 
            "to":   [ 9.3, 4.8, 8.8 ], 
            "faces": {
                "north": { "uv": [ 0.5, 4.5, 1.25, 5.75 ], "texture": "#main" }, 
                "east":  { "uv": [ 0, 4.5, 0.5, 5.75 ], "texture": "#main" }, 
                "south": { "uv": [ 1.75, 4.5, 2.5, 5.75 ], "texture": "#main" }, 
                "west":  { "uv": [ 1.25, 4.5, 1.75, 5.75 ], "texture": "#main" }, 
                "up":    { "uv": [ 1.25, 4.5, 0.5, 4 ], "texture": "#main" }, 
                "down":  { "uv": [ 2, 4, 1.25, 4.5 ], "texture": "#main" }
            }
        }, 
        {
            "name": "right_arm", 
            "from": [ 9.5, 2, 7 ], 
            "to":   [ 11.5, 6, 9 ], 
            "rotation": { "angle": 22.5, "axis": "z", "origin": [10.5, 5, 8] }, 
            "faces": {
                "north": { "uv": [ 6.25, 0.5, 6.75, 1.5 ], "texture": "#main" }, 
                "east":  { "uv": [ 5.75, 0.5, 6.25, 1.5 ], "texture": "#main" }, 
                "south": { "uv": [ 6.75, 0.5, 7.25, 1.5 ], "texture": "#main" }, 
                "west":  { "uv": [ 6.75, 0.5, 7.25, 1.5 ], "texture": "#main" }, 
                "up":    { "uv": [ 6.75, 0.5, 6.25, 0 ], "texture": "#main" }, 
                "down":  { "uv": [ 6.75, 0, 6.25, 0.5 ], "texture": "#main" }
            }
        }, 
        {
            "name": "left_arm", 
            "from": [ 4.5, 2, 7 ], 
            "to":   [ 6.5, 6, 9 ], 
            "rotation": { "angle": -22.5, "axis": "z", "origin": [5.5, 5, 8] }, 
            "faces": {
                "north": { "uv": [ 6.25, 2, 6.75, 3 ], "texture": "#main" }, 
                "east":  { "uv": [ 5.75, 2, 6.25, 3 ], "texture": "#main" }, 
                "south": { "uv": [ 6.75, 2, 7.25, 3 ], "texture": "#main" }, 
                "west":  { "uv": [ 6.75, 2, 7.25, 3 ], "texture": "#main" }, 
                "up":    { "uv": [ 6.75, 2, 6.25, 1.5 ], "texture": "#main" }, 
                "down":  { "uv": [ 6.75, 1.5, 6.25, 2 ], "texture": "#main" }
            }
        }, 
        {
            "name": "left_wing", 
            "from": [ 0, 0, 8.5 ], 
            "to":   [ 8, 5, 8.5 ], 
            "rotation": { "angle": 22.5, "axis": "y", "origin": [8, 2.5, 9] }, 
            "faces": {
                "north": { "uv": [ 4, 5.5, 6, 6.75 ], "texture": "#main" }, 
                "east":  { "uv": [ 6, 5.5, 6, 6.75 ], "texture": "#main" }, 
                "south": { "uv": [ 4, 5.5, 6, 6.75 ], "texture": "#main" }, 
                "west":  { "uv": [ 8, 5.5, 8, 6.75 ], "texture": "#main" }, 
                "up":    { "uv": [ 6, 5.5, 6, 3.5 ], "rotation":90, "texture": "#main" }, 
                "down":  { "uv": [ 6, 3.5, 6, 5.5 ], "rotation":270, "texture": "#main" }
            }
        }, 
        {
            "name": "right_wing", 
            "from": [ 8, 0, 8.5 ], 
            "to":   [ 16, 5, 8.5 ], 
            "rotation": { "angle": -22.5, "axis": "y", "origin": [8, 2.5, 9] }, 
            "faces": {
                "north": { "uv": [ 4, 5.5, 6, 6.75 ], "texture": "#main" }, 
                "east":  { "uv": [ 8, 5.5, 8, 6.75 ], "texture": "#main" }, 
                "south": { "uv": [ 6, 5.5, 4, 6.75 ], "texture": "#main" }, 
                "west":  { "uv": [ 6, 5.5, 6, 6.75 ], "texture": "#main" }, 
                "up":    { "uv": [ 6, 5.5, 6, 3.5 ], "rotation":270, "texture": "#main" }, 
                "down":  { "uv": [ 6, 3.5, 6, 5.5 ], "rotation":90, "texture": "#main" }
            }
        }, 
        {
            "name": "head", 
            "from": [ 5.5, 6, 5.5 ], 
            "to":   [ 10.5, 11, 10.5 ], 
            "faces": {
                "north": { "uv": [ 9.25, 1.25, 10.5, 2.5 ], "texture": "#main" }, 
                "east":  { "uv": [ 8, 1.25, 9.25, 2.5 ], "texture": "#main" }, 
                "south": { "uv": [ 11.75, 1.25, 13, 2.5 ], "texture": "#main" }, 
                "west":  { "uv": [ 10.5, 1.25, 11.75, 2.5 ], "texture": "#main" }, 
                "up":    { "uv": [ 10.5, 1.25, 9.25, 0 ], "texture": "#main" }, 
                "down":  { "uv": [ 11.75, 0, 10.5, 1.25 ], "texture": "#main" }
            }
        }, 
        {
            "name": "body", 
            "from": [ 6.5, 2, 7 ], 
            "to":   [ 9.5, 6, 9 ], 
            "faces": {
                "north": { "uv": [ 8.5, 3, 9.25, 4 ], "texture": "#main" }, 
                "east":  { "uv": [ 8, 3, 8.5, 4 ], "texture": "#main" }, 
                "south": { "uv": [ 9.75, 3, 10.5, 4 ], "texture": "#main" }, 
                "west":  { "uv": [ 9.25, 3, 9.75, 4 ], "texture": "#main" }, 
                "up":    { "uv": [ 9.25, 3, 8.5, 2.5 ], "texture": "#main" }, 
                "down":  { "uv": [ 10, 2.5, 9.25, 3 ], "texture": "#main" }
            }
        }, 
        {
            "name": "body", 
            "from": [ 6.7, 0.2, 7.2 ], 
            "to":   [ 9.3, 4.8, 8.8 ], 
            "faces": {
                "north": { "uv": [ 8.5, 4.5, 9.25, 5.75 ], "texture": "#main" }, 
                "east":  { "uv": [ 8, 4.5, 8.5, 5.75 ], "texture": "#main" }, 
                "south": { "uv": [ 9.75, 4.5, 10.5, 5.75 ], "texture": "#main" }, 
                "west":  { "uv": [ 9.25, 4.5, 9.75, 5.75 ], "texture": "#main" }, 
                "up":    { "uv": [ 9.25, 4.5, 8.5, 4 ], "texture": "#main" }, 
                "down":  { "uv": [ 10, 4, 9.25, 4.5 ], "texture": "#main" }
            }
        }, 
        {
            "name": "right_arm", 
            "from": [ 9.5, 2, 7 ], 
            "to":   [ 11.5, 6, 9 ], 
            "rotation": { "angle": 22.5, "axis": "z", "origin": [10.5, 5, 8] }, 
            "faces": {
                "north": { "uv": [ 14.25, 0.5, 14.75, 1.5 ], "texture": "#main" }, 
                "east":  { "uv": [ 13.75, 0.5, 14.25, 1.5 ], "texture": "#main" }, 
                "south": { "uv": [ 14.75, 0.5, 15.25, 1.5 ], "texture": "#main" }, 
                "west":  { "uv": [ 14.75, 0.5, 15.25, 1.5 ], "texture": "#main" }, 
                "up":    { "uv": [ 14.75, 0.5, 14.25, 0 ], "texture": "#main" }, 
                "down":  { "uv": [ 14.75, 0, 14.25, 0.5 ], "texture": "#main" }
            }
        }, 
        {
            "name": "left_arm", 
            "from": [ 4.5, 2, 7 ], 
            "to":   [ 6.5, 6, 9 ], 
            "rotation": { "angle": -22.5, "axis": "z", "origin": [5.5, 5, 8] }, 
            "faces": {
                "north": { "uv": [ 14.25, 2, 14.75, 3 ], "texture": "#main" }, 
                "east":  { "uv": [ 13.75, 2, 14.25, 3 ], "texture": "#main" }, 
                "south": { "uv": [ 14.75, 2, 15.25, 3 ], "texture": "#main" }, 
                "west":  { "uv": [ 14.75, 2, 15.25, 3 ], "texture": "#main" }, 
                "up":    { "uv": [ 14.75, 2, 14.25, 1.5 ], "texture": "#main" }, 
                "down":  { "uv": [ 14.75, 1.5, 14.25, 2 ], "texture": "#main" }
            }
        }, 
        {
            "name": "left_wing", 
            "from": [ 0, 0, 8.5 ], 
            "to":   [ 8, 5, 8.5 ], 
            "rotation": { "angle": 45, "axis": "y", "origin": [8, 2.5, 9] }, 
            "faces": {
                "north": { "uv": [ 12, 5.5, 14, 6.75 ], "texture": "#main" }, 
                "east":  { "uv": [ 14, 5.5, 14, 6.75 ], "texture": "#main" }, 
                "south": { "uv": [ 12, 5.5, 14, 6.75 ], "texture": "#main" }, 
                "west":  { "uv": [ 16, 5.5, 16, 6.75 ], "texture": "#main" }, 
                "up":    { "uv": [ 14, 5.5, 14, 3.5 ], "rotation":90, "texture": "#main" }, 
                "down":  { "uv": [ 14, 3.5, 14, 5.5 ], "rotation":270, "texture": "#main" }
            }
        }, 
        {
            "name": "right_wing", 
            "from": [ 8, 0, 8.5 ], 
            "to":   [ 16, 5, 8.5 ], 
            "rotation": { "angle": -45, "axis": "y", "origin": [8, 2.5, 9] }, 
            "faces": {
                "north": { "uv": [ 12, 5.5, 14, 6.75 ], "texture": "#main" }, 
                "east":  { "uv": [ 16, 5.5, 16, 6.75 ], "texture": "#main" }, 
                "south": { "uv": [ 14, 5.5, 12, 6.75 ], "texture": "#main" }, 
                "west":  { "uv": [ 14, 5.5, 14, 6.75 ], "texture": "#main" }, 
                "up":    { "uv": [ 14, 5.5, 14, 3.5 ], "rotation":270, "texture": "#main" }, 
                "down":  { "uv": [ 14, 3.5, 14, 5.5 ], "rotation":90, "texture": "#main" }
            }
        }, 
        {
            "name": "head", 
            "from": [ 5.5, 6, 5.5 ], 
            "to":   [ 10.5, 11, 10.5 ], 
            "faces": {
                "north": { "uv": [ 1.25, 9.25, 2.5, 10.5 ], "texture": "#main" }, 
                "east":  { "uv": [ 0, 9.25, 1.25, 10.5 ], "texture": "#main" }, 
                "south": { "uv": [ 3.75, 9.25, 5, 10.5 ], "texture": "#main" }, 
                "west":  { "uv": [ 2.5, 9.25, 3.75, 10.5 ], "texture": "#main" }, 
                "up":    { "uv": [ 2.5, 9.25, 1.25, 8 ], "texture": "#main" }, 
                "down":  { "uv": [ 3.75, 8, 2.5, 9.25 ], "texture": "#main" }
            }
        }, 
        {
            "name": "body", 
            "from": [ 6.5, 2, 7 ], 
            "to":   [ 9.5, 6, 9 ], 
            "faces": {
                "north": { "uv": [ 0.5, 11, 1.25, 12 ], "texture": "#main" }, 
                "east":  { "uv": [ 0, 11, 0.5, 12 ], "texture": "#main" }, 
                "south": { "uv": [ 1.75, 11, 2.5, 12 ], "texture": "#main" }, 
                "west":  { "uv": [ 1.25, 11, 1.75, 12 ], "texture": "#main" }, 
                "up":    { "uv": [ 1.25, 11, 0.5, 10.5 ], "texture": "#main" }, 
                "down":  { "uv": [ 2, 10.5, 1.25, 11 ], "texture": "#main" }
            }
        }, 
        {
            "name": "body", 
            "from": [ 6.7, 0.2, 7.2 ], 
            "to":   [ 9.3, 4.8, 8.8 ], 
            "faces": {
                "north": { "uv": [ 0.5, 12.5, 1.25, 13.75 ], "texture": "#main" }, 
                "east":  { "uv": [ 0, 12.5, 0.5, 13.75 ], "texture": "#main" }, 
                "south": { "uv": [ 1.75, 12.5, 2.5, 13.75 ], "texture": "#main" }, 
                "west":  { "uv": [ 1.25, 12.5, 1.75, 13.75 ], "texture": "#main" }, 
                "up":    { "uv": [ 1.25, 12.5, 0.5, 12 ], "texture": "#main" }, 
                "down":  { "uv": [ 2, 12, 1.25, 12.5 ], "texture": "#main" }
            }
        }, 
        {
            "name": "right_arm", 
            "from": [ 9.5, 2, 7 ], 
            "to":   [ 11.5, 6, 9 ], 
            "rotation": { "angle": 22.5, "axis": "z", "origin": [10.5, 5, 8] }, 
            "faces": {
                "north": { "uv": [ 6.25, 8.5, 6.75, 9.5 ], "texture": "#main" }, 
                "east":  { "uv": [ 5.75, 8.5, 6.25, 9.5 ], "texture": "#main" }, 
                "south": { "uv": [ 6.75, 8.5, 7.25, 9.5 ], "texture": "#main" }, 
                "west":  { "uv": [ 6.75, 8.5, 7.25, 9.5 ], "texture": "#main" }, 
                "up":    { "uv": [ 6.75, 8.5, 6.25, 8 ], "texture": "#main" }, 
                "down":  { "uv": [ 6.75, 8, 6.25, 8.5 ], "texture": "#main" }
            }
        }, 
        {
            "name": "left_arm", 
            "from": [ 4.5, 2, 7 ], 
            "to":   [ 6.5, 6, 9 ], 
            "rotation": { "angle": -22.5, "axis": "z", "origin": [5.5, 5, 8] }, 
            "faces": {
                "north": { "uv": [ 6.25, 10, 6.75, 11 ], "texture": "#main" }, 
                "east":  { "uv": [ 5.75, 10, 6.25, 11 ], "texture": "#main" }, 
                "south": { "uv": [ 6.75, 10, 7.25, 11 ], "texture": "#main" }, 
                "west":  { "uv": [ 6.75, 10, 7.25, 11 ], "texture": "#main" }, 
                "up":    { "uv": [ 6.75, 10, 6.25, 9.5 ], "texture": "#main" }, 
                "down":  { "uv": [ 6.75, 9.5, 6.25, 10 ], "texture": "#main" }
            }
        }, 
        {
            "name": "left_wing", 
            "from": [ 7.5, 0, 9 ], 
            "to":   [ 7.5, 5, 17 ], 
            "rotation": { "angle": -22.5, "axis": "y", "origin": [8, 2.5, 9] }, 
            "faces": {
                "north": { "uv": [ 6, 13.5, 6, 14.75 ], "texture": "#main" }, 
                "east":  { "uv": [ 4, 13.5, 6, 14.75 ], "texture": "#main" }, 
                "south": { "uv": [ 8, 13.5, 8, 14.75 ], "texture": "#main" }, 
                "west":  { "uv": [ 4, 13.5, 6, 14.75 ], "texture": "#main" }, 
                "up":    { "uv": [ 6, 13.5, 6, 11.5 ], "texture": "#main" }, 
                "down":  { "uv": [ 6, 11.5, 6, 13.5 ], "texture": "#main" }
            }
        }, 
        {
            "name": "right_wing", 
            "from": [ 8.5, 0, 9 ], 
            "to":   [ 8.5, 5, 17 ], 
            "rotation": { "angle": 22.5, "axis": "y", "origin": [8, 2.5, 9] }, 
            "faces": {
                "north": { "uv": [ 6, 13.5, 6, 14.75 ], "texture": "#main" }, 
                "east":  { "uv": [ 4, 13.5, 6, 14.75 ], "texture": "#main" }, 
                "south": { "uv": [ 8, 13.5, 8, 14.75 ], "texture": "#main" }, 
                "west":  { "uv": [ 6, 13.5, 4, 14.75 ], "texture": "#main" }, 
                "up":    { "uv": [ 6, 13.5, 6, 11.5 ], "texture": "#main" }, 
                "down":  { "uv": [ 6, 11.5, 6, 13.5 ], "texture": "#main" }
            }
        }, 
        {
            "name": "head", 
            "from": [ 5.5, 6, 5.5 ], 
            "to":   [ 10.5, 11, 10.5 ], 
            "faces": {
                "north": { "uv": [ 9.25, 9.25, 10.5, 10.5 ], "texture": "#main" }, 
                "east":  { "uv": [ 8, 9.25, 9.25, 10.5 ], "texture": "#main" }, 
                "south": { "uv": [ 11.75, 9.25, 13, 10.5 ], "texture": "#main" }, 
                "west":  { "uv": [ 10.5, 9.25, 11.75, 10.5 ], "texture": "#main" }, 
                "up":    { "uv": [ 10.5, 9.25, 9.25, 8 ], "texture": "#main" }, 
                "down":  { "uv": [ 11.75, 8, 10.5, 9.25 ], "texture": "#main" }
            }
        }, 
        {
            "name": "body", 
            "from": [ 6.5, 2, 7 ], 
            "to":   [ 9.5, 6, 9 ], 
            "faces": {
                "north": { "uv": [ 8.5, 11, 9.25, 12 ], "texture": "#main" }, 
                "east":  { "uv": [ 8, 11, 8.5, 12 ], "texture": "#main" }, 
                "south": { "uv": [ 9.75, 11, 10.5, 12 ], "texture": "#main" }, 
                "west":  { "uv": [ 9.25, 11, 9.75, 12 ], "texture": "#main" }, 
                "up":    { "uv": [ 9.25, 11, 8.5, 10.5 ], "texture": "#main" }, 
                "down":  { "uv": [ 10, 10.5, 9.25, 11 ], "texture": "#main" }
            }
        }, 
        {
            "name": "body", 
            "from": [ 6.7, 0.2, 7.2 ], 
            "to":   [ 9.3, 4.8, 8.8 ], 
            "faces": {
                "north": { "uv": [ 8.5, 12.5, 9.25, 13.75 ], "texture": "#main" }, 
                "east":  { "uv": [ 8, 12.5, 8.5, 13.75 ], "texture": "#main" }, 
                "south": { "uv": [ 9.75, 12.5, 10.5, 13.75 ], "texture": "#main" }, 
                "west":  { "uv": [ 9.25, 12.5, 9.75, 13.75 ], "texture": "#main" }, 
                "up":    { "uv": [ 9.25, 12.5, 8.5, 12 ], "texture": "#main" }, 
                "down":  { "uv": [ 10, 12, 9.25, 12.5 ], "texture": "#main" }
            }
        }, 
        {
            "name": "right_arm", 
            "from": [ 9.5, 2, 7 ], 
            "to":   [ 11.5, 6, 9 ], 
            "rotation": { "angle": 22.5, "axis": "z", "origin": [10.5, 5, 8] }, 
            "faces": {
                "north": { "uv": [ 14.25, 8.5, 14.75, 9.5 ], "texture": "#main" }, 
                "east":  { "uv": [ 13.75, 8.5, 14.25, 9.5 ], "texture": "#main" }, 
                "south": { "uv": [ 14.75, 8.5, 15.25, 9.5 ], "texture": "#main" }, 
                "west":  { "uv": [ 14.75, 8.5, 15.25, 9.5 ], "texture": "#main" }, 
                "up":    { "uv": [ 14.75, 8.5, 14.25, 8 ], "texture": "#main" }, 
                "down":  { "uv": [ 14.75, 8, 14.25, 8.5 ], "texture": "#main" }
            }
        }, 
        {
            "name": "left_arm", 
            "from": [ 4.5, 2, 7 ], 
            "to":   [ 6.5, 6, 9 ], 
            "rotation": { "angle": -22.5, "axis": "z", "origin": [5.5, 5, 8] }, 
            "faces": {
                "north": { "uv": [ 14.25, 10, 14.75, 11 ], "texture": "#main" }, 
                "east":  { "uv": [ 13.75, 10, 14.25, 11 ], "texture": "#main" }, 
                "south": { "uv": [ 14.75, 10, 15.25, 11 ], "texture": "#main" }, 
                "west":  { "uv": [ 14.75, 10, 15.25, 11 ], "texture": "#main" }, 
                "up":    { "uv": [ 14.75, 10, 14.25, 9.5 ], "texture": "#main" }, 
                "down":  { "uv": [ 14.75, 9.5, 14.25, 10 ], "texture": "#main" }
            }
        }, 
        {
            "name": "left_wing", 
            "from": [ 7.5, 0, 9 ], 
            "to":   [ 7.5, 5, 17 ], 
            "rotation": { "angle": 0, "axis": "y", "origin": [8, 2.5, 9] }, 
            "faces": {
                "north": { "uv": [ 14, 13.5, 14, 14.75 ], "texture": "#main" }, 
                "east":  { "uv": [ 12, 13.5, 14, 14.75 ], "texture": "#main" }, 
                "south": { "uv": [ 16, 13.5, 16, 14.75 ], "texture": "#main" }, 
                "west":  { "uv": [ 12, 13.5, 14, 14.75 ], "texture": "#main" }, 
                "up":    { "uv": [ 14, 13.5, 14, 11.5 ], "texture": "#main" }, 
                "down":  { "uv": [ 14, 11.5, 14, 13.5 ], "texture": "#main" }
            }
        }, 
        {
            "name": "right_wing", 
            "from": [ 8.5, 0, 9 ], 
            "to":   [ 8.5, 5, 17 ], 
            "rotation": { "angle": 0, "axis": "y", "origin": [8, 2.5, 9] }, 
            "faces": {
                "north": { "uv": [ 14, 13.5, 14, 14.75 ], "texture": "#main" }, 
                "east":  { "uv": [ 12, 13.5, 14, 14.75 ], "texture": "#main" }, 
                "south": { "uv": [ 16, 13.5, 16, 14.75 ], "texture": "#main" }, 
                "west":  { "uv": [ 14, 13.5, 12, 14.75 ], "texture": "#main" }, 
                "up":    { "uv": [ 14, 13.5, 14, 11.5 ], "texture": "#main" }, 
                "down":  { "uv": [ 14, 11.5, 14, 13.5 ], "texture": "#main" }
            }
        }
    ], 
    "display": {
        "thirdperson_righthand": {
            "rotation": [ 45, 0, 0 ], 
            "translation": [ 0, 1, 1 ], 
            "scale": [ 0.5, 0.5, 0.5 ]
        }, 
        "thirdperson_lefthand": {
            "rotation": [ 45, 0, 0 ], 
            "translation": [ 0, 1, 1 ], 
            "scale": [ 0.5, 0.5, 0.5 ]
        }, 
        "firstperson_righthand": {
            "rotation": [ 0, 110, 0 ], 
            "translation": [ 2, 4.75, 0 ], 
            "scale": [ 0.75, 0.75, 0.75 ]
        }, 
        "firstperson_lefthand": {
            "rotation": [ 0, 110, 0 ], 
            "translation": [ 2, 4.75, 0 ], 
            "scale": [ 0.75, 0.75, 0.75 ]
        }, 
        "ground": {
            "translation": [ 0, 5, 0 ]
        }, 
        "gui": {
            "rotation": [ 20, 150, 0 ], 
            "translation": [ -1, 2, 0 ]
        }, 
        "head": {
            "translation": [ 0, 15, 0 ]
        }, 
        "fixed": {
            "rotation": [ -90, 0, 0 ], 
            "translation": [ 0, 0, -9 ]
        }
    }, 
    "__comment": "Model animated using Fizzy's model animator - http://fizzy81.github.io/animated-models/"
}