{
	"credit": "Made with Blockbench",
	"texture_size": [64, 64],
	"textures": {
		"0": "postavicky:item/bee",
		"particle": "postavicky:item/bee"
	},
	"elements": [
		{
			"name": "left_wing",
			"from": [-3.5, 9.05, 5],
			"to": [5.5, 9.05, 11],
			"faces": {
				"north": {"uv": [3.75, 6, 1.5, 6], "texture": "#0"},
				"east": {"uv": [5.25, 6, 3.75, 6], "texture": "#0"},
				"south": {"uv": [7.5, 6, 5.25, 6], "texture": "#0"},
				"west": {"uv": [1.5, 6, 0, 6], "texture": "#0"},
				"up": {"uv": [1.5, 6, 3.75, 4.5], "texture": "#0"},
				"down": {"uv": [3.75, 4.5, 6, 6], "texture": "#0"}
			}
		},
		{
			"name": "right_wing",
			"from": [8.5, 9.05, 5],
			"to": [17.5, 9.05, 11],
			"faces": {
				"north": {"uv": [1.5, 6, 3.75, 6], "texture": "#0"},
				"east": {"uv": [0, 6, 1.5, 6], "texture": "#0"},
				"south": {"uv": [5.25, 6, 7.5, 6], "texture": "#0"},
				"west": {"uv": [3.75, 6, 5.25, 6], "texture": "#0"},
				"up": {"uv": [3.75, 6, 1.5, 4.5], "texture": "#0"},
				"down": {"uv": [6, 4.5, 3.75, 6], "texture": "#0"}
			}
		},
		{
			"name": "front_legs",
			"from": [5.5, 0, 6],
			"to": [8.5, 2, 6],
			"faces": {
				"north": {"uv": [7, 0.25, 7.75, 0.75], "texture": "#0"},
				"east": {"uv": [7, 0.25, 7, 0.75], "texture": "#0"},
				"south": {"uv": [7.75, 0.25, 8.5, 0.75], "texture": "#0"},
				"west": {"uv": [7.75, 0.25, 7.75, 0.75], "texture": "#0"},
				"up": {"uv": [7.75, 0.25, 7, 0.25], "texture": "#0"},
				"down": {"uv": [8.5, 0.25, 7.75, 0.25], "texture": "#0"}
			}
		},
		{
			"name": "middle_legs",
			"from": [4.5, 0, 8],
			"to": [9.5, 2, 8],
			"faces": {
				"north": {"uv": [6.75, 0.75, 8, 1.25], "texture": "#0"},
				"east": {"uv": [6.75, 0.75, 6.75, 1.25], "texture": "#0"},
				"south": {"uv": [8, 0.75, 9.25, 1.25], "texture": "#0"},
				"west": {"uv": [8, 0.75, 8, 1.25], "texture": "#0"},
				"up": {"uv": [8, 0.75, 6.75, 0.75], "texture": "#0"},
				"down": {"uv": [9.25, 0.75, 8, 0.75], "texture": "#0"}
			}
		},
		{
			"name": "back_legs",
			"from": [4.5, 0, 10],
			"to": [9.5, 2, 10],
			"faces": {
				"north": {"uv": [6.75, 1.25, 8, 1.75], "texture": "#0"},
				"east": {"uv": [6.75, 1.25, 6.75, 1.75], "texture": "#0"},
				"south": {"uv": [8, 1.25, 9.25, 1.75], "texture": "#0"},
				"west": {"uv": [8, 1.25, 8, 1.75], "texture": "#0"},
				"up": {"uv": [8, 1.25, 6.75, 1.25], "texture": "#0"},
				"down": {"uv": [9.25, 1.25, 8, 1.25], "texture": "#0"}
			}
		},
		{
			"name": "left_antenna",
			"from": [4.5, 7, 0],
			"to": [5.5, 9, 3],
			"faces": {
				"north": {"uv": [1.25, 0.75, 1.5, 1.25], "texture": "#0"},
				"east": {"uv": [0.5, 0.75, 1.25, 1.25], "texture": "#0"},
				"south": {"uv": [2.25, 0.75, 2.5, 1.25], "texture": "#0"},
				"west": {"uv": [1.5, 0.75, 2.25, 1.25], "texture": "#0"},
				"up": {"uv": [1.5, 0.75, 1.25, 0], "texture": "#0"},
				"down": {"uv": [1.75, 0, 1.5, 0.75], "texture": "#0"}
			}
		},
		{
			"name": "stinger",
			"from": [7, 5, 13],
			"to": [7, 6, 15],
			"faces": {
				"north": {"uv": [6.5, 2.25, 6.5, 2.5], "texture": "#0"},
				"east": {"uv": [6, 2.25, 6.5, 2.5], "texture": "#0"},
				"south": {"uv": [7, 2.25, 7, 2.5], "texture": "#0"},
				"west": {"uv": [6.5, 2.25, 7, 2.5], "texture": "#0"},
				"up": {"uv": [6.5, 2.25, 6.5, 1.75], "texture": "#0"},
				"down": {"uv": [6.5, 1.75, 6.5, 2.25], "texture": "#0"}
			}
		},
		{
			"name": "right_antenna",
			"from": [8.5, 7, 0],
			"to": [9.5, 9, 3],
			"faces": {
				"north": {"uv": [1.25, 1.5, 1.5, 2], "texture": "#0"},
				"east": {"uv": [0.5, 1.5, 1.25, 2], "texture": "#0"},
				"south": {"uv": [2.25, 1.5, 2.5, 2], "texture": "#0"},
				"west": {"uv": [1.5, 1.5, 2.25, 2], "texture": "#0"},
				"up": {"uv": [1.5, 1.5, 1.25, 0.75], "texture": "#0"},
				"down": {"uv": [1.75, 0.75, 1.5, 1.5], "texture": "#0"}
			}
		},
		{
			"name": "torso",
			"from": [3.5, 2, 3],
			"to": [10.5, 9, 13],
			"faces": {
				"north": {"uv": [2.5, 2.5, 4.25, 4.25], "texture": "#0"},
				"east": {"uv": [0, 2.5, 2.5, 4.25], "texture": "#0"},
				"south": {"uv": [6.75, 2.5, 8.5, 4.25], "texture": "#0"},
				"west": {"uv": [4.25, 2.5, 6.75, 4.25], "texture": "#0"},
				"up": {"uv": [4.25, 2.5, 2.5, 0], "texture": "#0"},
				"down": {"uv": [6, 0, 4.25, 2.5], "texture": "#0"}
			}
		}
	],
	"display": {
		"thirdperson_righthand": {
			"rotation": [67, 0, 0],
			"translation": [2.5, 1.25, 15],
			"scale": [0.5, 0.5, 0.5]
		},
		"thirdperson_lefthand": {
			"rotation": [67, 0, 0],
			"translation": [2.5, 1.25, 15],
			"scale": [0.5, 0.5, 0.5]
		},
		"firstperson_righthand": {
			"rotation": [-10, 141, 1],
			"translation": [-2.75, 6.25, 4.5],
			"scale": [0.3, 0.3, 0.3]
		},
		"firstperson_lefthand": {
			"rotation": [-10, 141, 1],
			"translation": [-2.75, 6.25, 4.5],
			"scale": [0.3, 0.3, 0.3]
		},
		"gui": {
			"rotation": [17, 155, 0],
			"translation": [-0.75, 2, 0]
		},
		"head": {
			"translation": [0.75, 14.75, 0]
		},
		"fixed": {
			"rotation": [-90, 0, 0],
			"translation": [1, 0, -12.5],
			"scale": [1.5, 1.5, 1.5]
		}
	}
}