{
	"credit": "Made with Blockbench",
	"texture_size": [128, 128],
	"textures": {
		"0": "postavicky:item/warden",
		"particle": "postavicky:item/warden"
	},
	"elements": [
		{
			"name": "left_ribcage",
			"from": [-1, -5, 0.9],
			"to": [8, 16, 0.9],
			"faces": {
				"north": {"uv": [12.375, 1.375, 11.25, 4], "texture": "#0"},
				"east": {"uv": [12.375, 1.375, 12.375, 4], "texture": "#0"},
				"south": {"uv": [13.5, 1.375, 12.375, 4], "texture": "#0"},
				"west": {"uv": [11.25, 1.375, 11.25, 4], "texture": "#0"},
				"up": {"uv": [11.25, 1.375, 12.375, 1.375], "texture": "#0"},
				"down": {"uv": [12.375, 1.375, 13.5, 1.375], "texture": "#0"}
			}
		},
		{
			"name": "head",
			"from": [0, 16, 0],
			"to": [16, 32, 10],
			"faces": {
				"north": {"uv": [1.25, 5.25, 3.25, 7.25], "texture": "#0"},
				"east": {"uv": [0, 5.25, 1.25, 7.25], "texture": "#0"},
				"south": {"uv": [4.5, 5.25, 6.5, 7.25], "texture": "#0"},
				"west": {"uv": [3.25, 5.25, 4.5, 7.25], "texture": "#0"},
				"up": {"uv": [3.25, 5.25, 1.25, 4], "texture": "#0"},
				"down": {"uv": [5.25, 4, 3.25, 5.25], "texture": "#0"}
			}
		},
		{
			"name": "left_tendril",
			"from": [-16, 22, 5],
			"to": [0, 32, 5],
			"faces": {
				"north": {"uv": [7.25, 0.75, 9.25, 2], "texture": "#0"},
				"east": {"uv": [7.25, 0.75, 7.25, 2], "texture": "#0"},
				"south": {"uv": [9.25, 0.75, 11.25, 2], "texture": "#0"},
				"west": {"uv": [9.25, 0.75, 9.25, 2], "texture": "#0"},
				"up": {"uv": [9.25, 0.75, 7.25, 0.75], "texture": "#0"},
				"down": {"uv": [11.25, 0.75, 9.25, 0.75], "texture": "#0"}
			}
		},
		{
			"name": "right_tendril",
			"from": [16, 22, 5],
			"to": [32, 32, 5],
			"faces": {
				"north": {"uv": [6.5, 4.75, 8.5, 6], "texture": "#0"},
				"east": {"uv": [6.5, 4.75, 6.5, 6], "texture": "#0"},
				"south": {"uv": [8.5, 4.75, 10.5, 6], "texture": "#0"},
				"west": {"uv": [8.5, 4.75, 8.5, 6], "texture": "#0"},
				"up": {"uv": [8.5, 4.75, 6.5, 4.75], "texture": "#0"},
				"down": {"uv": [10.5, 4.75, 8.5, 4.75], "texture": "#0"}
			}
		},
		{
			"name": "torso",
			"from": [-1, -5, 1],
			"to": [17, 16, 12],
			"faces": {
				"north": {"uv": [1.375, 1.375, 3.625, 4], "texture": "#0"},
				"east": {"uv": [0, 1.375, 1.375, 4], "texture": "#0"},
				"south": {"uv": [5, 1.375, 7.25, 4], "texture": "#0"},
				"west": {"uv": [3.625, 1.375, 5, 4], "texture": "#0"},
				"up": {"uv": [3.625, 1.375, 1.375, 0], "texture": "#0"},
				"down": {"uv": [5.875, 0, 3.625, 1.375], "texture": "#0"}
			}
		},
		{
			"name": "right_ribcage",
			"from": [8, -5, 0.9],
			"to": [17, 16, 0.9],
			"faces": {
				"north": {"uv": [11.25, 1.375, 12.375, 4], "texture": "#0"},
				"east": {"uv": [11.25, 1.375, 11.25, 4], "texture": "#0"},
				"south": {"uv": [12.375, 1.375, 13.5, 4], "texture": "#0"},
				"west": {"uv": [12.375, 1.375, 12.375, 4], "texture": "#0"},
				"up": {"uv": [12.375, 1.375, 11.25, 1.375], "texture": "#0"},
				"down": {"uv": [13.5, 1.375, 12.375, 1.375], "texture": "#0"}
			}
		},
		{
			"name": "left_arm",
			"from": [-9, -12, 2],
			"to": [-1, 16, 10],
			"faces": {
				"north": {"uv": [1, 8.25, 2, 11.75], "texture": "#0"},
				"east": {"uv": [0, 8.25, 1, 11.75], "texture": "#0"},
				"south": {"uv": [3, 8.25, 4, 11.75], "texture": "#0"},
				"west": {"uv": [2, 8.25, 3, 11.75], "texture": "#0"},
				"up": {"uv": [2, 8.25, 1, 7.25], "texture": "#0"},
				"down": {"uv": [3, 7.25, 2, 8.25], "texture": "#0"}
			}
		},
		{
			"name": "left_leg",
			"from": [-1.1, -16, 2],
			"to": [4.9, -3, 8],
			"faces": {
				"north": {"uv": [10.25, 10.25, 11, 11.875], "texture": "#0"},
				"east": {"uv": [9.5, 10.25, 10.25, 11.875], "texture": "#0"},
				"south": {"uv": [11.75, 10.25, 12.5, 11.875], "texture": "#0"},
				"west": {"uv": [11, 10.25, 11.75, 11.875], "texture": "#0"},
				"up": {"uv": [11, 10.25, 10.25, 9.5], "texture": "#0"},
				"down": {"uv": [11.75, 9.5, 11, 10.25], "texture": "#0"}
			}
		},
		{
			"name": "right_leg",
			"from": [11.1, -16, 2],
			"to": [17.1, -3, 8],
			"faces": {
				"north": {"uv": [10.25, 6.75, 11, 8.375], "texture": "#0"},
				"east": {"uv": [9.5, 6.75, 10.25, 8.375], "texture": "#0"},
				"south": {"uv": [11.75, 6.75, 12.5, 8.375], "texture": "#0"},
				"west": {"uv": [11, 6.75, 11.75, 8.375], "texture": "#0"},
				"up": {"uv": [11, 6.75, 10.25, 6], "texture": "#0"},
				"down": {"uv": [11.75, 6, 11, 6.75], "texture": "#0"}
			}
		},
		{
			"name": "right_arm",
			"from": [17, -12, 2],
			"to": [25, 16, 10],
			"faces": {
				"north": {"uv": [6.5, 7.25, 7.5, 10.75], "texture": "#0"},
				"east": {"uv": [5.5, 7.25, 6.5, 10.75], "texture": "#0"},
				"south": {"uv": [8.5, 7.25, 9.5, 10.75], "texture": "#0"},
				"west": {"uv": [7.5, 7.25, 8.5, 10.75], "texture": "#0"},
				"up": {"uv": [7.5, 7.25, 6.5, 6.25], "texture": "#0"},
				"down": {"uv": [8.5, 6.25, 7.5, 7.25], "texture": "#0"}
			}
		}
	],
	"display": {
		"thirdperson_righthand": {
			"rotation": [40, 0, 0],
			"translation": [0, 0.75, 1.25],
			"scale": [0.2, 0.2, 0.2]
		},
		"thirdperson_lefthand": {
			"rotation": [40, 0, 0],
			"translation": [0, 0.75, 1.25],
			"scale": [0.2, 0.2, 0.2]
		},
		"firstperson_righthand": {
			"rotation": [0, 120, 0],
			"translation": [2.25, 3.25, 0],
			"scale": [0.3, 0.3, 0.3]
		},
		"firstperson_lefthand": {
			"rotation": [0, 120, 0],
			"translation": [2.25, 3.25, 0],
			"scale": [0.3, 0.3, 0.3]
		},
		"ground": {
			"scale": [0.2, 0.2, 0.2]
		},
		"gui": {
			"rotation": [0, 180, 0],
			"scale": [0.3, 0.3, 0.3]
		},
		"head": {
			"translation": [1.5, -4.5, 0],
			"scale": [1.7, 1.7, 1.7]
		},
		"fixed": {
			"rotation": [-90, 0, 0],
			"translation": [0, 0, -23.25]
		}
	}
}